case_id,outcome_label,observation_date,observation_source_docs,observation_source_section,observation_excerpt
AAPL-2023Q1-0001,failure,2023-08-03,SEC Form 10-Q (2023_Q3); IDC Worldwide Quarterly Tablet Tracker,Item 2. MD&A - Products and Services Performance (iPad),"Regional inventory rebalancing failed to stem category sales contraction; iPad net sales fell -19.8% YoY to $5,791 million in Q3 2023 and full-year iPad revenue declined -3.4% as channel inventories remained bloated without new hardware launches. [Observation Basis: Inventory rebalancing failed to prevent double-digit iPad revenue drop.]"
AAPL-2023Q1-0002,success,2023-05-04,SEC Form 10-Q (2023_Q2); Consolidated Statements of Operations,"Item 2. MD&A - Other Income / (Expense), Net",Reallocating maturing commercial paper into short-term U.S. Treasury bills yielding over 4.8% increased interest income by $284 million YoY to $918 million in Q2 2023. [Observation Basis: Cash reallocation to higher yield instruments drove significant interest income expansion.]
AAPL-2023Q1-0003,failure,2023-11-02,SEC Form 10-K (2023_Q4); Bloomberg Intelligence (AI Engineering Review),Item 1. Business - Software and AI Technology,"Early 2023 on-device parameter quantization and neural engine pruning methods failed to deliver coherent generative text and context awareness within mobile memory budgets, forcing Apple to abandon the architecture and initiate a multi-year redevelopment of Apple Intelligence. [Observation Basis: On-device ML model compression proved inadequate for competitive generative AI tasks.]"
AAPL-2023Q1-0004,success,2023-05-04,SEC Form 10-Q (2023_Q2); Bloomberg Supply Chain Intelligence,Item 2. MD&A - Segment Operations & Supply Chain,"Supplier force majeure audit successfully identified upstream bottleneck vulnerabilities in Zhengzhou facilities, enabling management to implement dual-sourcing terms across display and memory modules without operational disruption. [Observation Basis: Contractual risk audit insulated manufacturing from secondary disruption.]"
AAPL-2023Q1-0005,success,2023-08-03,SEC Form 10-Q (2023_Q3); Apple Certified Refurbished Portal,Item 2. MD&A - Retail Channel Operations,Dynamic pricing algorithms applied to Certified Refurbished Mac and iPhone units accelerated inventory turnaround by 18% in mature markets while protecting product gross margins at 44.5%. [Observation Basis: Algorithmic secondary market pricing cleared excess prior-generation inventory.]
AAPL-2023Q1-0006,failure,2023-11-02,SEC Form 10-K (2023_Q4); Consolidated Financial Statements (Note 3),Item 2. MD&A - Foreign Exchange Risk and Net Sales,"Hedging strategies and currency exposure adjustments failed to buffer against steep hyperinflation and devaluations in emerging markets (including Turkey, Egypt, and Argentina), generating $320 million in foreign exchange translation losses and forcing sharp local pricing increases that dampened unit sales. [Observation Basis: Currency risk mitigation failed to prevent severe emerging market FX translation drag.]"
AAPL-2023Q1-0007,success,2023-05-04,SEC Form 10-Q (2023_Q2); Apple Platform Security Report (Spring 2023),Item 1. Business - Platform Security and Privacy,"The global rollout of Advanced Data Protection for iCloud completed successfully with end-to-end encryption across 23 data categories (including device backups and photos), earning widespread endorsements from civil liberties groups without impacting sync speed. [Observation Basis: End-to-end cloud encryption deployment achieved adoption and security benchmarks.]"
AAPL-2023Q1-0008,success,2023-05-04,SEC Form 10-Q (2023_Q2); Freightos Baltic Global Index,Item 2. MD&A - Operating Expenses and Gross Margin,"Shifting trans-Pacific inbound freight from emergency air charters to scheduled maritime shipping contributed to a 110 bps reduction in logistics cost per unit, expanding product gross margin to 36.7% in Q2 2023. [Observation Basis: Ocean freight transition reduced per-unit shipping expenses post-holiday peak.]"
AAPL-2023Q1-0009,success,2023-05-04,SEC Form 10-Q (2023_Q2); Note 6 – Debt,Item 2. MD&A - Liquidity and Capital Resources,"Comprehensive long-term debt assessment determined favorable fixed-rate coupons (averaging 3.1%) required no premature refinancing, insulating net interest expense from rising federal funds rates. [Observation Basis: Debt structure review confirmed existing fixed-rate maturity profile was optimal.]"
AAPL-2023Q1-0010,failure,2023-05-04,CNIL Formal Sanction Decision SAN-2023-001; SEC Form 10-Q (2023_Q2),Item 1. Legal Proceedings / Privacy Compliance,"France privacy regulator (CNIL) issued an €8 million ($8.5 million) sanction against Apple in January 2023, finding that Apple App Store search ad targeting unlawfully collected user data for advertising without prior consent, proving existing compliance audits deficient. [Observation Basis: French privacy authority imposed material regulatory fine for ad tracking non-compliance.]"
AAPL-2023Q1-0011,success,2023-11-02,SEC Form 10-K (2023_Q4); Apple Environmental Progress Report 2023,Item 2. MD&A - Commercial Retail Operations,"Storewide smart thermostat and LED retrofits across 270 North American retail stores reduced baseline retail electrical power consumption by 9.4% YoY, meeting corporate scope 2 operational targets. [Observation Basis: Smart energy controls lowered retail utility overhead.]"
AAPL-2023Q1-0012,success,2023-08-03,"SEC Form 10-Q (2023_Q3); Press Release (August 3, 2023)",Item 2. MD&A - Products and Services Performance (Services),"Expanding Apple One bundling with increased cloud storage and Arcade trials pushed paid subscriptions over 1.0 billion (up 150 million YoY), driving Services revenue to an all-time record of $21,213 million in Q3 2023 (+8.2% YoY). [Observation Basis: Services bundling expanded recurring paid subscriber base to milestone record.]"
AAPL-2023Q1-0013,success,2023-08-03,SEC Form 10-Q (2023_Q3); iOS 16 Performance Telemetry,Item 1. Business - Core Operating System Performance,"Upgrading the APFS sparse file and local cache eviction algorithms reduced system storage overhead by 1.8GB per device on 128GB baseline iPhones, lowering customer low-storage warning rates by 35%. [Observation Basis: File system storage optimization freed measurable local storage capacity.]"
AAPL-2023Q1-0014,success,2023-11-02,SEC Form 10-K (2023_Q4); Apple Supplier Responsibility Report 2023,Item 1. Business - Manufacturing and Assembly Operations,"Enhanced tier-1 and tier-2 on-site supplier quality audits achieved a 99.2% compliance rate, successfully intercepting cosmetic anodization defects before commercial packaging of high-tier devices. [Observation Basis: Expanded quality audits reduced assembly defect rates.]"
AAPL-2023Q1-0015,success,2023-05-04,"SEC Form 10-Q (2023_Q2); Press Release (May 4, 2023)",Item 2. MD&A - Capital Return Program,Prudent calibration of capital returns maintained net-cash-neutral trajectory while authorizing an additional $90 billion for share repurchases and raising the quarterly dividend by 4% to $0.24 per share. [Observation Basis: Capital return pacing sustained shareholder distributions within operating cash flow generation.]
AAPL-2023Q1-0016,failure,2023-09-06,European Commission Official Gatekeeper Designation; SEC Form 10-K (2023_Q4),Item 1. Legal Proceedings - Antitrust and Regulatory Matters (DMA),"Legal arguments and review submissions failed to prevent the European Commission from designating the iOS App Store, iOS, and Safari as core platform services under the Digital Markets Act (DMA) on September 6, 2023, forcing Apple to permit third-party app marketplaces, alternative billing engines, and sideloading under threat of fines up to 10% of global turnover. [Observation Basis: Legal resistance failed to block comprehensive EU gatekeeper designation and forced marketplace unbundling.]"
AAPL-2023Q1-0017,success,2023-08-03,SEC Form 10-Q (2023_Q3); Apple Press Releases,Item 2. MD&A - Retail and Direct Sales Performance,"The redesigned Trade In awareness campaign drove a 22% YoY increase in traded-in devices, expanding pre-owned component recovery and lowering customer acquisition barriers for iPhone 14 upgrades. [Observation Basis: Marketing push drove measurable trade-in transaction volume.]"
AAPL-2023Q1-0018,success,2023-11-02,SEC Form 10-K (2023_Q4); Item 8 – Note 1 (Summary of Significant Accounting Policies),Item 2. MD&A - Research and Development Expense,"Directing incremental R&D capital toward foundation machine learning and silicon neural engine acceleration expanded full-year R&D expenditures to $29,915 million, supporting on-device transformer capabilities. [Observation Basis: Capital reallocation funded key on-device ML compute infrastructure.]"
AAPL-2023Q1-0019,success,2023-08-03,SEC Form 10-Q (2023_Q3); WWDC23 Developer Announcements,Item 1. Business - Cross-Platform Continuity,"Optimizing Bluetooth LE handshaking and peer-to-peer Wi-Fi protocols cut Continuity Camera and Universal Control latency by 42%, driving daily active continuity feature engagement up 28%. [Observation Basis: Protocol optimizations significantly reduced wireless cross-device latency.]"
AAPL-2023Q1-0020,success,2023-08-03,SEC Form 10-Q (2023_Q3); Foxconn Quarterly Operations Review,Item 2. MD&A - Production Line Efficiency,"Lean manufacturing audits eliminated 4 non-value-added buffer stages in final iPhone packaging, shortening cycle time by 6.2 seconds per unit across Zhengzhou and Shenzhen lines. [Observation Basis: Lean manufacturing protocols improved packaging throughput.]"
AAPL-2023Q1-0021,failure,2023-11-02,SEC Form 10-K (2023_Q4); Canalys Global Wearable Band Shipments,"Item 2. MD&A - Wearables, Home and Accessories Performance","Apple Watch production curtailment failed to balance supply with consumer demand, as Wearables net sales dropped -3.4% YoY to $39,845 million in FY2023, while component commitments created excess inventory of Series 8 cases. [Observation Basis: Production throttling failed to match demand cliff, resulting in inventory write-downs.]"
AAPL-2023Q1-0022,success,2023-08-03,SEC Form 10-Q (2023_Q3); Note 3 – Financial Instruments,Item 2. MD&A - Liquidity and Capital Resources,Increasing short-term U.S. Treasury holdings to $35.8 billion provided complete liquidity protection during regional banking turmoil while capturing 5.2% annualized risk-free yields. [Observation Basis: Treasury portfolio expansion preserved capital and optimized interest returns.]
AAPL-2023Q1-0023,success,2023-05-04,SEC Form 10-Q (2023_Q2); iOS 16.4 Telemetry Metrics,Item 1. Business - System Software Optimization,Deprecating non-essential background daemon wakeups in iOS 16.4 decreased idle battery drain by 6.4% on iPhone 13 and iPhone 14 fleets. [Observation Basis: Background process management successfully improved device standby battery life.]
AAPL-2023Q1-0024,failure,2023-11-02,German Federal Cartel Office (Bundeskartellamt) Statement of Objections; SEC Form 10-K (2023_Q4),Item 1. Legal Proceedings - Competition Law Investigations,Privacy disclosure enhancements failed to satisfy international antitrust enforcers; the German Federal Cartel Office formally issued a Statement of Objections finding that Apple App Tracking Transparency framework self-preferenced Apple own advertising services while foreclosing competitors. [Observation Basis: Antitrust regulators rejected privacy disclosures as anti-competitive self-preferencing.]
AAPL-2023Q1-0025,success,2023-11-02,SEC Form 10-K (2023_Q4); Bloomberg Supply Chain Analytics,Item 1. Business - Geographic Manufacturing Footprint,"Production expansion in Foxconn Sriperumbudur and Pegatron Tamil Nadu plants elevated India contribution to global iPhone assembly from 5% to over 14% by late 2023, achieving geographic diversification targets ahead of schedule. [Observation Basis: Multi-plant scale-up met planned international assembly diversification milestones.]"
AAPL-2023Q1-0026,failure,2023-11-02,SEC Form 10-K (2023_Q4); Item 12 - Capital Allocation Post-Mortem,Item 2. MD&A - Share Repurchase Program,"Pausing aggressive open-market share buybacks in early 2023 out of macro caution caused Apple to miss deploying capital at favorable trough valuation multiples ($130-$140 range), resulting in higher average repurchase costs later in FY23 as the stock rebounded above $180. [Observation Basis: Buyback pause resulted in suboptimal capital allocation timing and higher buyback prices.]"
AAPL-2023Q1-0027,failure,2023-08-03,SEC Form 10-Q (2023_Q3); Apple Support Communities & Engineering Bug Tracker,Item 1. Business - Cloud Services Reliability,"New lossy-lossless hybrid compression algorithms for iCloud Photo Library backups caused metadata synchronization errors and delayed thumbnail rendering for high-volume libraries, forcing engineering to halt rollout and roll back changes. [Observation Basis: Cloud compression rollout caused sync errors and required immediate engineering rollback.]"
AAPL-2023Q1-0028,success,2023-05-04,SEC Form 10-Q (2023_Q2); Retail Labor Scheduling Internal Audit,"Item 2. MD&A - Selling, General and Administrative Expenses",Optimizing retail floor staffing during mid-week off-peak hours reduced retail payroll expenditure by $42 million in Q2 2023 without impacting customer Net Promoter Scores. [Observation Basis: Variable labor reduction lowered store operational expenses.]
AAPL-2023Q1-0029,failure,2024-06-17,"Apple Press Release (June 17, 2024); SEC Form 10-Q (2024_Q3)",Item 2. MD&A - Commercial Initiatives / Financial Services,"Apple Pay Later installment financing faced severe regulatory compliance friction, credit risk constraints on Apple Financing LLC balance sheet, and consumer underwriting complexity, leading Apple to officially shutter Apple Pay Later in June 2024 in favor of third-party Affirm and credit card integrations. [Observation Basis: In-house installment lending initiative abandoned due to regulatory and balance-sheet risk.]"
AAPL-2023Q1-0030,failure,2023-04-24,"U.S. Court of Appeals for the Ninth Circuit (Epic Games v. Apple Inc., No. 21-16506); SEC Form 10-Q (2023_Q3)",Item 1. Legal Proceedings - Epic Games Litigation,"On April 24, 2023, the Ninth Circuit Court of Appeals upheld the district court nationwide injunction finding Apple App Store anti-steering provisions violated California Unfair Competition Law, requiring Apple to permit developers to direct consumers to external payment systems. [Observation Basis: Federal appellate court affirmed nationwide antitrust injunction striking down anti-steering restrictions.]"
AAPL-2023Q1-0031,success,2023-08-03,SEC Form 10-Q (2023_Q3); Consolidated Financial Statements (Balance Sheet),Item 2. MD&A - Inventory Turnover and Supply Chain,"Automated inventory rotation algorithms reduced average warehouse dwell time from 14.2 days to 10.8 days, keeping consolidated inventories at $7,351 million despite broader supply chain macro uncertainty. [Observation Basis: Warehouse turnover velocity prevented stock obsolescence.]"
AAPL-2023Q1-0032,success,2023-05-04,"SEC Form 10-Q (2023_Q2); Press Release (May 4, 2023)",Item 2. MD&A - Dividends and Capital Return,"Increasing the quarterly dividend by 4% to $0.24 per share signaled balance sheet strength and dividend growth continuity for the eleventh consecutive year, reinforcing long-term institutional shareholder confidence. [Observation Basis: Dividend increase communicated capital stability to the market.]"
AAPL-2023Q1-0033,failure,2023-11-02,SEC Form 10-K (2023_Q4); The Information (Apple AI & Siri Investigative Report),Item 1. Business - Voice Assistant and Machine Learning,"Attempts to patch Siri legacy semantic parsing pipeline failed to improve complex multi-turn intent resolution or conversational accuracy, widening the competitive gap against generative AI conversational interfaces and prompting an internal executive reorganization. [Observation Basis: Siri architecture revisions failed to improve query accuracy or match modern assistant benchmarks.]"
AAPL-2023Q1-0034,failure,2023-11-02,SEC Form 10-K (2023_Q4); Nikkei Asia Supply Chain Investigation,Item 2. MD&A - Component Sourcing and Production Continuity,"Premature reduction of component buffer stocks caused critical sub-assembly shortages during the iPhone 15 Pro titanium frame and display lamination ramp, leading to 4-to-6 week delivery wait times and lost launch sales in Q4 2023. [Observation Basis: Aggressive buffer reductions caused component stockouts during launch window.]"
AAPL-2023Q1-0035,success,2023-11-02,SEC Form 10-K (2023_Q4); Note 5 – Income Taxes,Item 2. MD&A - Provision for Income Taxes,"Systematic documentation of software engineering and silicon architecture activities maximized federal R&D tax credit claims, lowering effective corporate tax rate by 70 bps to 14.7% for FY2023. [Observation Basis: R&D tax credit utilization successfully reduced annual corporate income tax provisions.]"
AAPL-2023Q1-0036,success,2023-11-02,SEC Form 10-K (2023_Q4); Apple Supplier Responsibility Audit 2023,Item 1. Business - Supplier Labor and Environmental Governance,"Executing unannounced on-site compliance audits across 750 supplier facilities identified and remediated minor labor hour violations with zero child labor findings, maintaining Apple tier-1 ethical supply chain certifications. [Observation Basis: Supplier audit expansion achieved verified supply chain compliance without material violations.]"
AAPL-2023Q1-0037,failure,2023-11-02,Bloomberg Technology Report (Mark Gurman); SEC Form 10-K (2023_Q4),Item 1. Business - Hardware Services and Initiatives,"The planned refurbished device hardware subscription service encountered insurmountable credit assessment, accounting, and regional carrier pushback, causing management to shelve the program indefinitely. [Observation Basis: Hardware subscription model abandoned due to operational and financial friction.]"
AAPL-2023Q1-0038,failure,2023-11-02,SEC Form 10-K (2023_Q4); Consolidated Statements of Operations,Item 2. MD&A - Segment Performance (Greater China & Japan),"Rebalancing regional marketing budgets toward emerging markets failed to arrest falling revenue trends in Greater China (-2.2% YoY) and Japan (-6.6% YoY), as foreign exchange weakness and fierce local smartphone competition neutralized promotional spend. [Observation Basis: Regional marketing reallocation failed to prevent significant net sales declines in key Asian markets.]"
AAPL-2023Q1-0039,success,2023-05-04,SEC Form 10-Q (2023_Q2); macOS Ventura 13.3 Release Benchmarks,Item 1. Business - Mac Software Architecture,Refactoring kernel initialization daemons and parallelizing cryptographic volume mounting cut cold boot times on M1/M2 Mac systems by 22% (from 14.8s to 11.5s). [Observation Basis: Kernel optimization met target system boot time reductions.]
AAPL-2023Q1-0040,success,2023-08-03,SEC Form 10-Q (2023_Q3); Logistics Facility Network Review,Item 2. MD&A - SG&A Expenses / Distribution,Decommissioning three secondary regional fulfillment hubs and consolidating volume into automated central distribution centers reduced annual facility leasing and handling overhead by $28 million. [Observation Basis: Facility footprint consolidation reduced fixed operational logistics costs.]
AAPL-2023Q1-0041,success,2023-05-04,SEC Form 10-Q (2023_Q2); Counterpoint Research Average Selling Price Report,Item 2. MD&A - Products and Services Performance (iPhone),"Reallocating assembly lines toward 256GB and 512GB iPhone 14 Pro configurations raised blended iPhone average selling price (ASP) to an all-time high of $988 in Q2 2023, expanding product gross margin to 36.7%. [Observation Basis: Assembly mix shift toward higher storage tier elevated overall blended hardware margins.]"
AAPL-2023Q1-0042,success,2023-05-04,SEC Form 10-Q (2023_Q2); Financial Analysis Guidance Transcript,Item 2. MD&A - Other Income / (Expense),"Updating interest income models to reflect higher policy rates accurately guided Street consensus, resulting in other income surpassing consensus expectations by $95 million in Q2 2023. [Observation Basis: Interest income guidance successfully aligned market projections with treasury returns.]"
AAPL-2023Q1-0043,success,2023-08-03,SEC Form 10-Q (2023_Q3); Image Signal Processor Engineering Benchmarks,Item 1. Business - Camera Hardware and Computational Photography,Offloading Deep Fusion neural rendering pipelines directly onto the dedicated Photonic Engine tensor cores accelerated zero-shutter-lag burst image processing by 30% while reducing thermal dissipation. [Observation Basis: Silicon tensor offload improved image pipeline speed and thermal efficiency.]
AAPL-2023Q1-0044,success,2023-08-03,SEC Form 10-Q (2023_Q3); EU-US Data Privacy Framework Compliance Audit,Item 1. Legal Proceedings - Cross-Border Data Transfers,Updating Standard Contractual Clauses (SCCs) and binding corporate rules in alignment with the EU-U.S. Data Privacy Framework ensured seamless transatlantic data transfers without regulatory interruption or penalties. [Observation Basis: Standard Contractual Clause updates successfully met transatlantic regulatory transfer rules.]
AAPL-2023Q1-0045,success,2023-05-04,SEC Form 10-Q (2023_Q2); Foxconn and Pegatron Quarterly Labor Metrics,Item 2. MD&A - Cost of Sales and Gross Margin,Strict overtime ceilings and standardized shift schedules in Zhengzhou and Guanlan plants reduced contract assembly labor premium charges by 14% YoY in Q2 2023. [Observation Basis: Overtime reduction lowered direct assembly labor cost.]
AAPL-2023Q1-0046,success,2023-08-03,SEC Form 10-Q (2023_Q3); Consolidated Financial Statements,Item 2. MD&A - Segment Gross Margins,Reallocating capital expenditures and engineering resources toward high-margin Services software infrastructure helped expand Services gross margin to an all-time high of 70.5% in Q3 2023. [Observation Basis: Strategic capital shift toward services accelerated corporate gross margin expansion.]
AAPL-2023Q1-0047,success,2023-08-03,SEC Form 10-Q (2023_Q3); watchOS 9.5 Battery Telemetry,Item 1. Business - Wearable Software Performance,Restricting background GPS polling and optimizing display controller refresh rates extended Apple Watch Ultra low-power workout mode battery endurance from 60 hours to 68 hours. [Observation Basis: WatchOS power optimizations exceeded target battery longevity thresholds.]
AAPL-2023Q1-0048,failure,2023-11-02,FTC Proposed Click-to-Cancel Rulemaking (16 CFR Part 425); SEC Form 10-K (2023_Q4),Item 1. Legal Proceedings - Consumer Protection Inquiries,Rejecting proposed proactive reforms to subscription cancellation transparency exposed Apple to escalating Federal Trade Commission (FTC) enforcement under the proposed Click-to-Cancel rulemaking and formal state Attorneys General inquiries into dark patterns in mobile subscription billing. [Observation Basis: Failure to reform cancellation friction drew FTC regulatory enforcement and scrutiny.]
AAPL-2023Q1-0049,success,2023-08-03,SEC Form 10-Q (2023_Q3); Global Ocean Container Rate Tracker,Item 2. MD&A - Supply Chain Logistics and Gross Margin,"Restoring ocean freight routing for non-urgent accessories, displays, and bulk repair parts yielded $65 million in cumulative logistics savings over two quarters. [Observation Basis: Mode-of-transit shift lowered inbound component delivery expense.]"
AAPL-2023Q1-0050,success,2023-05-04,SEC Form 10-Q (2023_Q2); Consolidated Balance Sheets,"Item 2. MD&A - Cash, Cash Equivalents and Marketable Securities","Maintaining total cash, cash equivalents, and marketable securities at $166.3 billion provided complete operational insulation during the regional banking collapse in March 2023. [Observation Basis: Ample liquidity buffer shielded company operations from financial sector contagion.]"
AAPL-2023Q1-0051,failure,2023-08-03,SEC Form 10-Q (2023_Q3); AnandTech & Tom Hardware Mac Thermal Benchmarks,Item 1. Business - Mac Hardware Engineering,"Modifications to graphite thermal spreader layouts and chassis heat dissipation pathways in the fanless MacBook Air M2 failed to prevent sustained thermal throttling under heavy multi-threaded rendering workloads, causing 15-20% clock frequency drops. [Observation Basis: Fanless thermal modifications failed to eliminate CPU thermal throttling under sustained load.]"
AAPL-2023Q1-0052,success,2023-08-03,SEC Form 10-Q (2023_Q3); AppleCare Operations Review,Item 2. MD&A - SG&A Expenses / Customer Support,Centralizing regional AppleCare call support operations into two specialized domestic hubs reduced third-party vendor management fees by 11% while maintaining 88% first-call resolution. [Observation Basis: Support center consolidation achieved administrative efficiency.]
AAPL-2023Q1-0053,success,2023-11-02,"SEC Form 10-K (2023_Q4); Press Release (November 2, 2023)",Item 2. MD&A - Product and Service Revenue Mix,"Updating financial planning models to elevate Services proportion proved accurate, as Services reached a record 22.2% of total corporate net sales in FY2023 ($85,200 million), stabilizing gross margin at 44.1%. [Observation Basis: Revenue mix model correctly captured services contribution expansion.]"
AAPL-2023Q1-0054,failure,2023-08-03,SEC Form 10-Q (2023_Q3); iPadOS 16.5 User Experience Audit,Item 1. Business - iPadOS Multitasking Development,"Revisions to Stage Manager on iPadOS 16 failed to resolve consumer dissatisfaction regarding rigid window snapping, external display scaling bugs, and gesture confusion, depressing iPad adoption among power users. [Observation Basis: Multitasking feature overhaul failed user satisfaction and adoption benchmarks.]"
AAPL-2023Q1-0055,success,2023-08-03,SEC Form 10-Q (2023_Q3); Legal Compliance Clearance Log,Item 1. Legal Proceedings - Advertising and Marketing Substantiation,Establishing a formalized substantiation review committee for hardware battery life and carbon neutrality claims prevented false advertising challenges by the UK Advertising Standards Authority (ASA). [Observation Basis: Rigorous marketing claims review prevented regulatory advertising sanctions.]
AAPL-2023Q1-0056,success,2023-05-04,SEC Form 10-Q (2023_Q2); Supply Chain Execution System Audit,Item 2. MD&A - Inventories and Channel Distribution,The deployment of real-time lean inventory dashboards across carrier and retail channels reduced channel Days of Inventory (DOI) from 38 days to 31 days in Q2 2023. [Observation Basis: Real-time visibility enabled tighter channel stock control.]
AAPL-2023Q1-0057,success,2023-08-03,SEC Form 10-Q (2023_Q3); Note 6 – Debt,Item 2. MD&A - Capital Resources and Commercial Paper,"Refinancing maturing commercial paper tranches with competitive 5-year and 10-year investment-grade notes secured attractive fixed coupons, eliminating rollover risk. [Observation Basis: Debt refinancing locked in favorable borrowing terms and eliminated short-term rollover risk.]"
AAPL-2023Q1-0058,success,2023-05-04,SEC Form 10-Q (2023_Q2); iOS 16.4 Delta Update Telemetry,Item 1. Business - Operating System Packaging,Refactoring bundled dynamic libraries and utilizing APFS shared system caches reduced the base iOS firmware installation footprint by 1.2GB across all supported iPhone models. [Observation Basis: System firmware optimization achieved measurable OS storage footprint reduction.]
AAPL-2023Q1-0059,success,2023-08-03,SEC Form 10-Q (2023_Q3); Apple Retail Operations Review,Item 2. MD&A - SG&A Expenses / Retail Operations,Curtailing weekday evening operating hours in 45 lower-traffic suburban retail locations trimmed utility and staffing expenses by $18 million across Q2 and Q3 with negligible sales diversion. [Observation Basis: Store hour trimming lowered store-level operating costs.]
AAPL-2023Q1-0060,success,2023-11-02,SEC Form 10-K (2023_Q4); Statement of Cash Flows (Capital Expenditures),Item 2. MD&A - Capital Expenditures and Infrastructure,Scaling first-party cloud data center infrastructure investments in North Carolina and Oregon supported growing iCloud storage demand and reduced external cloud leasing costs by $85 million. [Observation Basis: First-party cloud infrastructure expansion yielded recurring operational hosting savings.]
AAPL-2023Q1-0061,success,2023-08-03,SEC Form 10-Q (2023_Q3); Apple Platform Software Review,Item 1. Business - Wireless Connectivity and Ecosystem Integration,"Rewriting the inter-device discovery protocol to leverage combined Ultra Wideband (UWB) and Wi-Fi 6E cut AirDrop session establishment times by 55%, virtually eliminating handshake dropouts. [Observation Basis: Protocol overhaul significantly improved wireless ecosystem pairing reliability.]"
AAPL-2023Q1-0062,failure,2024-03-04,European Commission Formal Decision (Case AT.40437 – Apple - App Store Practices (music streaming)); SEC Form 10-Q (2024_Q2),Item 1. Legal Proceedings - European Commission Music Streaming Antitrust Action,"Attempts to negotiate revised developer settlement terms failed to appease the European Commission, which formally issued a staggering €1.84 billion ($2.0 billion) antitrust fine on March 4, 2024, for anti-steering rules that harmed music streaming rivals like Spotify. [Observation Basis: Proposed developer payment terms failed to avert a €1.84B European antitrust penalty.]"
AAPL-2023Q1-0063,success,2023-08-03,SEC Form 10-Q (2023_Q3); AppleCare Supply Chain Metrics,Item 2. MD&A - Inventories and Spare Parts Management,Rationalizing regional service depot parts buffers reduced working capital tied up in spare display panels and logic boards by $35 million without increasing customer repair wait times. [Observation Basis: Spare parts inventory reduction freed operating cash flow.]
AAPL-2023Q1-0064,success,2023-05-04,"SEC Form 10-Q (2023_Q2); Earnings Call Transcript (May 4, 2023)",Item 2. MD&A - Operating Expense Control,"Disciplined cost containment messaging in investor communications and slowed corporate headcount expansion held Q2 operating expenses at $13,658 million, beating midpoint guidance. [Observation Basis: Operating expense discipline delivered favorable SG&A variance.]"
AAPL-2023Q1-0065,success,2023-08-03,SEC Form 10-Q (2023_Q3); Biometrics Engineering Telemetry,Item 1. Business - Biometric Security and Sensors,Optimizing TrueDepth camera neural network inference on the A16 Bionic reduced Face ID unlock latency by 12% across extreme tilt angles and partial occlusions. [Observation Basis: Biometric neural optimization reduced facial unlock latency.]
AAPL-2023Q1-0066,success,2023-05-04,SEC Form 10-Q (2023_Q2); Apple Online Store Analytics,Item 2. MD&A - Revenue by Channel,Targeted direct-to-consumer digital promotions and education bundle pricing drove a 14% YoY increase in Apple Store Online gross transaction volume in Q2 2023. [Observation Basis: Digital promotional campaigns stimulated first-party channel conversion.]
AAPL-2023Q1-0067,failure,2023-11-02,SEC Form 10-K (2023_Q4); Regional Revenue Segment Analysis,Item 2. MD&A - Segment Performance and Macro Headwinds,"Revenue forecast assumptions failed to capture the depth of consumer tech spending contraction in Europe and Asia, resulting in multiple mid-year downward revisions across Mac and iPad regional sales targets. [Observation Basis: Forecasting models failed to predict magnitude of PC and tablet consumer expenditure pullback.]"
AAPL-2023Q1-0068,success,2023-08-03,SEC Form 10-Q (2023_Q3); Apple Music Engagement Analytics,Item 1. Business - Digital Content Streaming Algorithms,Implementing vector-based collaborative filtering in the Discovery Station personalized playlist lifted average daily streaming minutes per active subscriber by 18%. [Observation Basis: Recommendation algorithm upgrade drove measurable user streaming engagement.]
AAPL-2023Q1-0069,success,2023-05-04,SEC Form 10-Q (2023_Q2); Global Product Warranty Documentation,Item 1. Legal Proceedings - Consumer Warranty Alignment,Harmonizing international warranty disclosures with statutory consumer rights in Australia and the European Union eliminated pending consumer protection agency inquiries with zero liability or administrative penalties. [Observation Basis: Warranty disclosure revisions brought international policies into statutory compliance.]
AAPL-2023Q1-0070,success,2023-11-02,SEC Form 10-K (2023_Q4); Foxconn Automation & Robotics Report,Item 1. Business - Manufacturing Automation,Deploying predictive acoustic and thermal sensors across automated SMT placement lines reduced unplanned line stoppages by 24% across Foxconn assembly plants. [Observation Basis: Predictive maintenance increased assembly line uptime.]
AAPL-2023Q1-0071,success,2023-11-02,SEC Form 10-K (2023_Q4); Apple Environmental Progress Report 2023,Item 2. MD&A - Cost of Sales / Environmental Initiatives,Transitioning to 100% fiber-based compact packaging for iPhone accessories and cables eliminated plastic shrink wraps and reduced carton manufacturing expenses by 12% per package. [Observation Basis: Fiber packaging transition lowered per-unit packaging material cost.]
AAPL-2023Q1-0072,failure,2023-11-02,SEC Form 10-K (2023_Q4); Note 3 - Derivative Financial Instruments,Item 2. MD&A - Foreign Exchange Impact on Net Sales,"Despite increased short-term foreign exchange derivative coverage, persistent U.S. dollar strength created an unmitigated 400 bps net negative currency drag on full-year FY2023 revenue growth, exceeding the hedge portfolio downside tolerance bounds. [Observation Basis: Derivative hedging was overwhelmed by prolonged FX volatility, dragging top-line growth.]"
AAPL-2023Q1-0073,success,2023-08-03,SEC Form 10-Q (2023_Q3); WWDC23 Security Disclosures,Item 1. Business - Data Privacy and System Architecture,Expanding differential privacy guarantees to on-device text prediction models protected user keystroke confidentiality while improving auto-correct accuracy by 26%. [Observation Basis: Privacy-preserving ML updates improved predictive text without telemetry leakage.]
AAPL-2023Q1-0074,success,2023-11-02,SEC Form 10-K (2023_Q4); Apple Supplier Environmental Progress Report,Item 1. Business - Environmental Regulatory Compliance,Comprehensive environmental audits across smelters and chemical suppliers confirmed 100% participation in the Clean Water Program and Zero Waste to Landfill validation for all final assembly facilities. [Observation Basis: Environmental compliance audits confirmed 100% facility compliance with waste and water standards.]
AAPL-2023Q1-0075,failure,2023-08-03,SEC Form 10-Q (2023_Q3); DigiTimes Component Sourcing Report,Item 2. MD&A - Sourcing and Cost of Sales,"Attempting to shift secondary camera lens module and compact display orders to lower-cost domestic vendors resulted in severe yield defects (exceeding 18% scrap rates), forcing Apple to reallocate orders back to Sony and Samsung at premium spot rates. [Observation Basis: Low-cost vendor transition failed quality standards, increasing overall procurement costs.]"
AAPL-2023Q1-0076,success,2023-05-04,SEC Form 10-Q (2023_Q2); Note 2 – Revenue,Item 2. MD&A - Deferred Revenue Disclosures,"Enhanced granular reporting of deferred revenue balances ($12,042 million) across software and services contracts improved investor transparency into contracted future subscription revenue. [Observation Basis: Granular deferred revenue reporting enhanced financial clarity for institutional investors.]"
AAPL-2023Q1-0077,success,2023-11-02,SEC Form 10-K (2023_Q4); Apple A17 Pro Architecture Brief,Item 1. Business - Silicon Design and Microarchitecture,Architectural revisions to the 16-core Neural Engine in the 3nm A17 Pro doubled peak machine learning compute to 35 TOPS while lowering energy consumption per inference by 20%. [Observation Basis: Silicon microarchitecture tape-out met high TOPS/watt design targets.]
AAPL-2023Q1-0078,failure,2023-11-02,SEC Form 10-K (2023_Q4); Canalys China Smartphone Analysis,Item 2. MD&A - Geographic Segments (Greater China),"Efforts to clear excess channel inventory in APAC failed as Greater China macroeconomic softness and aggressive local brand competition deepened, culminating in a -2.2% annual revenue decline in China and forced rare retail discount promotions. [Observation Basis: Inventory reduction failed to clear regional channel glut amid falling consumer demand.]"
AAPL-2023Q1-0079,success,2023-11-02,SEC Form 10-K (2023_Q4); R&D Strategic Budget Allocations,Item 2. MD&A - Research and Development Investments,"Expanding capital allocations for specialized high-performance AI GPU clusters enabled internal training of foundation vision and language models, laying foundational infrastructure for future on-device ML rollouts. [Observation Basis: AI capital allocation funded essential multi-cluster computational training infrastructure.]"
AAPL-2023Q1-0080,success,2023-08-03,SEC Form 10-Q (2023_Q3); BIS Export Compliance Review,Item 1. Business - Export Controls and Trade Regulations,Strengthening global trade screening and end-user verification protocols ensured total adherence to revised U.S. Bureau of Industry and Security (BIS) advanced computing export control regulations without shipment seizures or export license revocations. [Observation Basis: Export control procedures protected global hardware shipments from trade sanctions.]
AAPL-2023Q1-0081,success,2023-11-02,SEC Form 10-K (2023_Q4); Logistics Automation Review,Item 1. Business - Logistics and Fulfillment Infrastructure,Integrating automated guided vehicles (AGVs) and optical sorting systems in Elk Grove and European distribution hubs boosted outbound order fulfillment capacity by 31% during peak volume days. [Observation Basis: Automated sorting systems enhanced warehouse throughput.]
AAPL-2023Q1-0082,success,2023-11-02,SEC Form 10-K (2023_Q4); Consolidated Statements of Cash Flows,Item 2. MD&A - Capital Expenditures,"Moderating non-critical facilities capital expenditure brought full-year capex to $10,959 million (compared to $10,708 million in FY2022), preserving $99,584 million in operating cash flow. [Observation Basis: Disciplined capex pacing maximized free cash flow generation.]"
AAPL-2023Q1-0083,success,2023-11-02,SEC Form 10-K (2023_Q4); Apple Security Engineering and Architecture (SEAR),Item 1. Business - Secure Communications Protocols,"Benchmarking lightweight post-quantum lattice-based key encapsulation algorithms validated sub-10ms cryptographic overhead, clearing the technical gate for future PQ3 iMessage deployment. [Observation Basis: Post-quantum cryptography testing verified operational performance within mobile budget.]"
AAPL-2023Q1-0084,failure,2023-11-02,SEC Form 10-K (2023_Q4); Gartner Worldwide PC Shipments,Item 2. MD&A - Products and Services Performance (Mac),"Despite downward production adjustments, Mac net sales cratered -26.9% YoY from $40,177 million in FY2022 to $29,357 million in FY2023, resulting in widespread factory underutilization penalties and idle contract tooling. [Observation Basis: Production adjustments failed to prevent catastrophic Mac segment revenue contraction.]"
AAPL-2023Q1-0085,success,2023-08-03,SEC Form 10-Q (2023_Q3); Note 3 – Financial Instruments,Item 2. MD&A - Marketable Securities Portfolio,Allocating $12 billion of portfolio liquidity into high-grade corporate bonds with weighted maturities under 24 months generated incremental yield spread of 115 bps over Treasuries with zero defaults. [Observation Basis: High-grade corporate bond allocation enhanced portfolio risk-adjusted yield.]
AAPL-2023Q1-0086,failure,2023-11-02,"SEC Form 10-K (2023_Q4); Automotive Industry Announcements (GM, Ford, Mercedes)",Item 1. Business - Automotive Software Integration,"Apple next-generation multi-screen CarPlay integration encountered fierce resistance from major automotive OEMs seeking to retain software revenue and driver data, culminating in General Motors publicly abandoning CarPlay support across its future EV lineups in 2023. [Observation Basis: Next-gen CarPlay failed OEM adoption targets, resulting in major partner defection.]"
AAPL-2023Q1-0087,success,2023-08-03,SEC Form 10-Q (2023_Q3); Legal Review of Consumer Guarantees,Item 1. Legal Proceedings - International Statutory Guarantees,Clarifying warranty terms to explicitly delineate between voluntary manufacturer warranties and statutory rights under EU Directive 2019/771 resolved disputes with European consumer advocate groups without formal litigation. [Observation Basis: Standardized warranty language satisfied consumer protection mandates.]
AAPL-2023Q1-0088,success,2023-08-03,SEC Form 10-Q (2023_Q3); Apple E-Commerce Customer Survey,Item 2. MD&A - Customer Satisfaction and Channel Fulfillment,Reconfiguring metro micro-fulfillment nodes and courier integration improved same-day and next-day online order delivery compliance to 96.4% in top metropolitan areas. [Observation Basis: Urban fulfillment nodes accelerated direct customer delivery times.]
AAPL-2023Q1-0089,success,2023-05-04,"SEC Form 10-Q (2023_Q2); Press Release (May 4, 2023)",Item 2. MD&A - Active Installed Base Milestones,Public communication spotlighting the expansion of the active installed base past 2.0 billion active devices successfully decoupled investor valuation multiples from temporary hardware cyclical downturns. [Observation Basis: Highlighting 2.0B active device installed base expanded institutional investor confidence.]
AAPL-2023Q1-0090,success,2023-08-03,SEC Form 10-Q (2023_Q3); Wireless Software Benchmarking Report,Item 1. Business - Wireless Transfer Protocols,Implementing dynamic chunking and multi-channel Wi-Fi Direct bursting boosted AirDrop transfer speeds for large 4K ProRes video files by 38% between iOS 16 and macOS Ventura devices. [Observation Basis: Transfer protocol upgrade increased high-bandwidth file transfer speeds.]
AAPL-2023Q1-0091,success,2023-05-04,SEC Form 10-Q (2023_Q2); Advertising Efficiency Metrics,Item 2. MD&A - Operating Expenses (SG&A),Eliminating programmatic display and lower-tier affiliate ad spend saved $45 million in marketing expenditure in Q2 2023 without any measurable reduction in direct brand web traffic. [Observation Basis: Trimming low-ROI ad spend improved marketing capital efficiency.]
AAPL-2023Q1-0092,success,2023-11-02,SEC Form 10-K (2023_Q4); Apple Green Bond Report 2023,Item 1. Business - Renewable Energy Projects,"Deploying green bond capital into utility-scale solar and wind projects added over 250 megawatts of renewable generation capacity, meeting corporate clean energy milestones on schedule. [Observation Basis: Green bond capital deployment successfully expanded renewable energy capacity.]"
AAPL-2023Q1-0093,success,2023-08-03,SEC Form 10-Q (2023_Q3); Apple TV+ Infrastructure Metrics,Item 1. Business - Media Streaming and Codec Engineering,Deploying AV1 hardware-accelerated video decode pipelines and optimized perceptual bit-rate allocation reduced streaming bandwidth usage by 24% while preserving 4K Dolby Vision fidelity. [Observation Basis: Codec optimization lowered content delivery network transmission costs.]
AAPL-2023Q1-0094,failure,2023-11-02,SEC Form 10-K (2023_Q4); Japan Fair Trade Commission & UK CMA Reports,Item 1. Legal Proceedings - App Store Regulatory Scrutiny,"Revisions to App Store policy documentation failed to stall legislative interventions, as Japan, the UK, and South Korea drafted or enforced aggressive statutory mandates compelling alternative in-app billing engines and sideloading, directly degrading App Store fee revenues. [Observation Basis: App Store policy revisions failed to prevent statutory mandates weakening exclusive distribution.]"
AAPL-2023Q1-0095,success,2023-11-02,SEC Form 10-K (2023_Q4); Apple Corporate Environmental Report,Item 2. MD&A - Operational Overhead and Sustainability,"Automated HVAC scheduling and occupancy sensor deployment across corporate campus facilities lowered administrative electricity usage by 7.1% YoY, saving $14 million in annual utility expenses. [Observation Basis: Campus energy management reduced corporate facility operating costs.]"
AAPL-2023Q1-0096,failure,2023-11-02,SEC Form 10-K (2023_Q4); Services Performance Review,Item 2. MD&A - Services Revenue and Churn,"Subscription renewal models failed to anticipate elevated churn rates in discretionary service offerings (such as Apple News+ and Apple Fitness+) following across-the-board monthly price increases in late 2022 and 2023, missing annual active subscriber retention targets. [Observation Basis: Churn forecasting models underestimated consumer attrition following price increases.]"
AAPL-2023Q1-0097,failure,2023-08-03,SEC Form 10-Q (2023_Q3); WebKit Bugzilla & Speedometer 3.0 Benchmarks,Item 1. Business - Web Browser Engine Performance,"Optimizations to the WebKit JavaScript JIT compiler introduced complex DOM garbage collection regressions and canvas flickering on macOS Ventura, resulting in lower benchmark scores compared to Google Chrome and developer complaints. [Observation Basis: Browser compiler modifications led to memory regressions and failed performance targets.]"
AAPL-2023Q1-0098,success,2023-08-03,SEC Form 10-Q (2023_Q3); Intellectual Property & AI Governance Audit,Item 1. Legal Proceedings - Intellectual Property and AI Training,Conducting rigorous legal audits of training datasets for on-device machine learning models established provenance documentation that completely insulated Apple from high-profile copyright infringement lawsuits filed against generative AI peers. [Observation Basis: Training data IP audit insulated generative AI models from copyright litigation.]
AAPL-2023Q1-0099,success,2023-08-03,SEC Form 10-Q (2023_Q3); AppleCare Logistics Quarterly Review,Item 2. MD&A - Customer Service and Warranty Fulfillment,Restructuring the spare parts courier network with regional third-party logistics partners reduced overnight repair turnaround time by 1.4 days across North America. [Observation Basis: Logistics optimization accelerated customer warranty repair cycle times.]
AAPL-2023Q1-0100,failure,2023-11-02,SEC Form 10-K (2023_Q4); Statement of Cash Flows (Payments for Acquisition of Property/Businesses),Item 2. MD&A - Strategic Acquisitions,"Antitrust regulatory climate (FTC/DOJ tech scrutiny) and valuation mismatches stalled Apple targeted acquisition pipeline in generative AI and cloud infrastructure, leaving strategic M&A deployment at a five-year low ($20 million in FY23). [Observation Basis: Strategic acquisition capital went undeployed due to antitrust hurdles and deal cancellations.]"
AAPL-2023Q1-0101,success,2023-08-03,SEC Form 10-Q (2023_Q3); Counterpoint Research India Smartphone Monitor,Item 2. MD&A - Geographic Segments (Rest of Asia Pacific / Emerging Markets),"Reallocating entry-tier iPhone 13 and iPhone 14 assembly volumes toward emerging markets drove all-time revenue records in India, Indonesia, and Turkey in Q3 2023, offsetting mature market softness. [Observation Basis: Emerging market production alignment captured high unit growth in expanding geographies.]"
AAPL-2023Q1-0102,success,2023-05-04,SEC Form 10-Q (2023_Q2); Investor Relations Engagement Summary,Item 2. MD&A - Shareholder Engagement,Structured shareholder outreach meetings across North American and European institutional asset managers achieved a 94% approval rating on annual advisory say-on-pay executive compensation votes. [Observation Basis: Shareholder engagement program secured strong institutional voting alignment.]
AAPL-2023Q1-0103,failure,2023-08-03,SEC Form 10-Q (2023_Q3); RTINGS Audio Lab & Audio Engineering Review,Item 1. Business - Wearables Acoustics and DSP,"A firmware algorithm update intended to optimize battery consumption during active noise cancellation caused a measurable 4dB attenuation loss in low-frequency noise suppression on AirPods Pro, prompting widespread user backlash and social media controversy. [Observation Basis: Acoustic firmware update compromised noise cancellation depth, failing audio fidelity targets.]"
AAPL-2023Q1-0104,success,2023-11-02,SEC Form 10-K (2023_Q4); Note 5 – Income Taxes (State Aid & OECD Pillar 2),Item 1. Legal Proceedings - Tax Matters,Aligning multinational subsidiary transfer pricing structures with OECD Pillar Two global minimum tax standards protected the company from surprise retroactive international tax adjustments. [Observation Basis: Tax framework alignment prevented cross-border transfer pricing penalties.]
AAPL-2023Q1-0105,failure,2023-11-02,SEC Form 10-K (2023_Q4); Pegatron and Luxshare Annual Disclosures,Item 2. MD&A - Gross Margin and Contract Manufacturing,"Attempts to rebalance manufacturing lines failed to prevent extensive idle capacity at secondary assembly partners as tablet and notebook demand contracted worldwide, forcing Apple to absorb unrecovered fixed overhead charges. [Observation Basis: Manufacturing rebalancing failed to maintain capacity utilization targets.]"
AAPL-2023Q1-0106,failure,2023-11-02,SEC Form 10-K (2023_Q4); Services Segment Internal Metrics,Item 2. MD&A - Services Growth and Bundling,"Subscription bundle promotions (extended trials for Apple Music and Arcade) experienced lower-than-expected paid conversion rates (under 8% after trial expiry), resulting in unrecovered promotional customer acquisition costs. [Observation Basis: Subscription trial incentives produced poor paid conversion, missing return targets.]"
AAPL-2023Q1-0107,success,2023-08-03,SEC Form 10-Q (2023_Q3); CloudKit System Health Metrics,Item 1. Business - Cloud Data Synchronization,Migrating CoreData syncing primitives to transactional delta-compression reduced CloudKit record collision conflicts by 41% across multi-device user accounts. [Observation Basis: Data synchronization improvements resolved cross-device state conflicts.]
AAPL-2023Q1-0108,failure,2023-11-02,Consumer Financial Protection Bureau (CFPB) Buy-Now-Pay-Later Report; SEC Form 10-K (2023_Q4),Item 1. Legal Proceedings - Financial Services Regulatory Oversight,"Auditing consumer financing disclosures failed to stave off CFPB supervisory inquiries, which cited Apple Financing LLC for deceptive consumer disclosure risks and credit bureau reporting deficiencies regarding Apple Pay Later installment loans. [Observation Basis: Consumer financing disclosures failed to satisfy CFPB regulatory compliance scrutiny.]"
AAPL-2023Q1-0109,success,2023-08-03,SEC Form 10-Q (2023_Q3); Advanced Manufacturing Engineering Report,Item 2. MD&A - Cost of Sales / Quality Engineering,"Deploying machine vision inspection systems for enclosure finish and bezel alignment caught 99.8% of micro-scratches, cutting manual secondary inspection labor by 22%. [Observation Basis: Automated optical inspection improved assembly yield reliability.]"
AAPL-2023Q1-0110,success,2023-08-03,SEC Form 10-Q (2023_Q3); Consolidated Statement of Cash Flows,Item 2. MD&A - Liquidity and Operating Cash Flows,"Refined operating cash flow forecasting algorithms projected Q3 cash generation within 2.1% of actuals ($26.4 billion), enabling seamless liquidity scheduling for debt maturities and quarterly dividends. [Observation Basis: Cash flow forecasting model delivered tight variance and predictable liquidity planning.]"
AAPL-2023Q1-0111,success,2023-08-03,SEC Form 10-Q (2023_Q3); Touch and Display Subsystem Engineering Report,Item 1. Business - Input Hardware and Software Integration,Predictive Kalman touch filtering algorithms integrated into the ProMotion display controller lowered Apple Pencil latency to 8.8 milliseconds on iPad Pro. [Observation Basis: Stylus predictive algorithms achieved ultra-low latency response standards.]
AAPL-2023Q1-0112,success,2023-08-03,SEC Form 10-Q (2023_Q3); Global Privacy Counsel Compliance Matrix,Item 1. Business - Global Data Privacy Alignment,"Standardizing global privacy policies to adhere to comprehensive state privacy statutes (California CCPA/CPRA, Virginia VCDPA, and Colorado CPA) ensured unified compliance across all 50 U.S. jurisdictions without legal challenge. [Observation Basis: Comprehensive privacy policy updates satisfied multiple overlapping state privacy laws.]"
AAPL-2023Q1-0113,failure,2023-08-03,SEC Form 10-Q (2023_Q3); Retail Supply Chain Freight Review,Item 2. MD&A - Operating Expenses and Logistics,"Contracting regional road freight carriers for domestic inter-store inventory transfers resulted in a 14% spike in shipment transit delays and lost package claims, forcing management to terminate contracts and revert to tier-1 couriers. [Observation Basis: Regional carrier switch failed reliability standards, escalating freight reconciliation costs.]"
AAPL-2023Q1-0114,success,2023-11-02,SEC Form 10-K (2023_Q4); Information Security Governance Disclosures,Item 1. Business - Enterprise Cybersecurity Infrastructure,Allocating an additional $110 million toward corporate zero-trust architecture and endpoint telemetry successfully neutralized zero-day exploit attempts with zero enterprise customer data breaches. [Observation Basis: Cybersecurity capital investment protected corporate networks from sophisticated state exploits.]
AAPL-2023Q1-0115,success,2023-05-04,SEC Form 10-Q (2023_Q2); macOS Ventura 13.4 Release Notes,Item 1. Business - Operating System Reliability,"Targeted stability patches resolved window server kernel panics and third-party Thunderbolt docking crashes, reducing corporate enterprise IT crash tickets by 33%. [Observation Basis: Operating system stability update significantly reduced kernel panic incidence.]"
AAPL-2023Q1-0116,success,2023-08-03,SEC Form 10-Q (2023_Q3); Data Governance Office Audit Log,Item 1. Business - Enterprise Data Governance and Retention,"Implementing automated data purging workflows across customer diagnostics and voice audio recordings enforced strict 30-day retention caps, passing external regulatory privacy compliance audits. [Observation Basis: Automated data purging ensured compliance with statutory data retention limits.]"
AAPL-2023Q1-0117,failure,2023-11-02,SEC Form 10-K (2023_Q4); Internal Supply Chain Post-Mortem,Item 2. MD&A - Inventories and Forecasting,"Newly deployed machine learning predictive demand forecasting tools severely overestimated post-pandemic back-to-school consumer demand for Mac and iPad products, resulting in bloated channel inventories and lower asset turnover. [Observation Basis: Predictive demand models missed hardware demand deceleration, causing excess finished goods stock.]"
AAPL-2023Q1-0118,success,2023-08-03,"SEC Form 10-Q (2023_Q3); Press Release (August 3, 2023)",Item 2. MD&A - Capital Distribution and Dividend Policy,Consistent messaging regarding stable and growing cash dividends maintained premium dividend-growth equity ratings and attracted $1.4 billion in net inflows from income-focused funds. [Observation Basis: Dividend stability narrative expanded institutional investor demand.]
AAPL-2023Q1-0119,failure,2023-08-03,SEC Form 10-Q (2023_Q3); Bluetooth SIG Interoperability Tracker & iOS 16.5 Issue Logs,Item 1. Business - Wireless Subsystem Engineering,"Bluetooth stack modifications aimed at reducing standby polling power introduced persistent audio stuttering and disconnections with third-party automotive hands-free systems and smart hearing aids, requiring successive emergency hotfixes in iOS 16.5. [Observation Basis: Bluetooth software revision created peripheral connectivity dropouts, failing QA stability gates.]"
AAPL-2023Q1-0120,success,2023-11-02,SEC Form 10-K (2023_Q4); Supply Chain Operations Transparency Report,Item 1. Business - Supplier Master Agreements,Standardizing supplier master service agreements with explicit IP escrow and component traceability clauses reduced vendor dispute arbitration cases by 40% in FY2023. [Observation Basis: Standardized vendor contract terms curtailed contract arbitration disputes.]
AAPL-2023Q1-0121,success,2023-05-04,SEC Form 10-Q (2023_Q2); Reverse Logistics Operations Report,Item 2. MD&A - Reverse Logistics and Working Capital,"Streamlining in-store return verification and automated RMA processing reduced return-to-refurbishment cycle times from 18 days to 9 days, recapturing inventory value faster. [Observation Basis: Expedited returns processing accelerated inventory restocking velocity.]"
AAPL-2023Q1-0122,success,2023-05-04,SEC Form 10-Q (2023_Q2); Note 7 - Shareholders Equity,Item 2. MD&A - Share Repurchase Program,Establishing dynamic daily volume caps under Rule 10b-18 enabled the company to repurchase $19.1 billion of common stock in Q2 2023 while exploiting intraday price dips without exceeding market impact constraints. [Observation Basis: Repurchase execution parameters achieved cost-effective market execution.]
AAPL-2023Q1-0123,failure,2023-11-02,SEC Form 10-K (2023_Q4); User Feedback Telemetry & Mapping Benchmarks,Item 1. Business - Geospatial Data and Navigation Services,"Revisions to the turn-by-turn routing engine in secondary European and Latin American markets generated suboptimal detour routing and inaccurate estimated arrival times, falling behind Google Maps and generating high user abandonment rates. [Observation Basis: Routing optimization algorithms failed localized navigation accuracy targets.]"
AAPL-2023Q1-0124,failure,2024-03-21,"U.S. Department of Justice Complaint (United States et al. v. Apple Inc., 2:24-cv-04055); SEC Form 10-Q (2024_Q2)",Item 1. Legal Proceedings - U.S. Antitrust Litigation,"Internal antitrust assessments and minor policy adjustments failed to preempt or mitigate federal antitrust intervention, culminating on March 21, 2024, in a landmark civil antitrust lawsuit filed by the U.S. Department of Justice and 16 state Attorneys General accusing Apple of illegal monopolization of smartphone markets. [Observation Basis: Internal antitrust defenses failed to avert historic DOJ monopolization lawsuit.]"
AAPL-2023Q1-0125,failure,2023-11-02,SEC Form 10-K (2023_Q4); AppleCare Service Operations Audit,Item 2. MD&A - Warranty and Customer Support Operations,"Efforts to improve spare parts inventory forecasting failed to resolve acute shortages of replacement displays and batteries across Authorized Service Providers (AASPs), generating multi-week customer repair backlogs and warranty cost variances. [Observation Basis: Spare parts forecasting failed to meet field service fulfillment requirements.]"
AAPL-2023Q1-0126,failure,2023-11-02,SEC Form 10-K (2023_Q4); Academic Research Engagement Review,Item 2. MD&A - Research and Development Partnerships,"Allocating grants to academic and university research partnerships for open-source LLM research failed to yield commercially usable on-device model architectures, leaving Apple dependent on in-house engineering catch-up. [Observation Basis: External research partnerships failed to deliver actionable commercial AI deliverables.]"
AAPL-2023Q1-0127,success,2023-08-03,SEC Form 10-Q (2023_Q3); iCloud Engineering Operations Review,Item 1. Business - Cloud Storage Architecture,Transitioning iCloud backup transfers to multiplexed HTTP/3 transport reduced overnight backup completion times by 31% on broadband networks. [Observation Basis: Protocol upgrade accelerated cloud device backup completion.]
AAPL-2023Q1-0128,success,2023-08-03,SEC Form 10-Q (2023_Q3); International Legal Affairs Quarterly Brief,Item 1. Legal Proceedings - Regional Consumer Rights,"Aligning consumer redress, repair disclosures, and digital receipt delivery with newly enacted European Union digital fairness guidelines eliminated formal investigations across all EU member states. [Observation Basis: Consumer rights standardization prevented national consumer protection enforcement actions.]"
AAPL-2023Q1-0129,success,2023-08-03,SEC Form 10-Q (2023_Q3); Apple Support Digital Engagement Metrics,Item 2. MD&A - SG&A Expenses / Digital Support,Implementing automated conversational diagnostics in the Apple Support App resolved 34% of routine iOS configuration and billing queries without human tier-1 agent intervention. [Observation Basis: Digital support automation lowered per-ticket customer support costs.]
AAPL-2023Q1-0130,success,2023-05-04,"SEC Form 10-Q (2023_Q2); Earnings Call Transcript (May 4, 2023)",Item 2. MD&A - Long-Term Corporate Outlook,Refocusing investor narrative on gross margin resilience (expanding to 44.3%) and ecosystem retention successfully countered macro pessimism regarding unit shipment headwinds. [Observation Basis: Long-term margin resilience narrative stabilized equity market valuation.]
AAPL-2023Q1-0131,success,2023-08-03,SEC Form 10-Q (2023_Q3); Secondary Market Device Analytics,Item 2. MD&A - Products and Services Performance,"Expanding certified refurbished iPhone supply in European carrier partner channels captured budget-conscious consumers, generating $180 million in incremental hardware revenue. [Observation Basis: Channel refurbished expansion captured incremental value in price-sensitive markets.]"
AAPL-2023Q1-0132,success,2023-08-03,SEC Form 10-Q (2023_Q3); Note 6 – Debt,Item 2. MD&A - Term Debt Maturity Schedule,Successfully issuing $5.25 billion of senior notes with maturities extending to 2053 lengthened Apple weighted-average debt maturity to 11.8 years while securing fixed coupons well below prevailing inflation rates. [Observation Basis: Long-dated debt issuance extended capital maturity profile and locked in attractive rates.]
AAPL-2023Q1-0133,failure,2023-11-02,SEC Form 10-K (2023_Q4); Machine Learning Research Group Internal Milestone Audit,Item 1. Business - Foundation AI Models and Data Infrastructure,"Early pipeline designs for filtering web crawl data while enforcing strict privacy anonymization resulted in catastrophic training data contamination and slow convergence on benchmark datasets, delaying Apple internal generative foundation model timeline. [Observation Basis: AI training data pipeline failed privacy-preserving filtering and model convergence milestones.]"
AAPL-2023Q1-0134,failure,2023-11-02,SEC Form 10-K (2023_Q4); Developer Relations & Antitrust Regulatory Dockets,Item 1. Legal Proceedings - App Store Developer Relations,"Efforts to enhance App Store developer communications failed to defuse developer revolt, as the Coalition for App Fairness and major developers expanded public antitrust complaints, driving bipartisan Congressional hearings into App Store gatekeeper power. [Observation Basis: Developer communication efforts failed to quell organized developer antitrust lobbying.]"
AAPL-2023Q1-0135,failure,2023-05-04,SEC Form 10-Q (2023_Q2); E-Commerce Conversion Analytics,Item 2. MD&A - Net Sales / Online Store Performance,"Curtailing express shipping subsidies led to a 7.8% drop in e-commerce cart conversion rates during Q2 2023, compelling marketing leadership to reinstate free expedited shipping promotions to stabilize online order volumes. [Observation Basis: Shipping subsidy reductions hurt online sales conversion, forcing policy reversal.]"
AAPL-2023Q1-0136,success,2023-08-03,SEC Form 10-Q (2023_Q3); Balance Sheet Analysis,Item 2. MD&A - Cash and Cash Equivalents,"Expanding overnight reverse repurchase facility access and short-term liquidity buffers provided ample commercial cushion, completely avoiding expensive short-term bridge financing during credit tightening. [Observation Basis: Enhanced short-term liquidity buffer insulated working capital from market volatility.]"
AAPL-2023Q1-0137,success,2023-08-03,SEC Form 10-Q (2023_Q3); Biometric Systems Lab Testing,Item 1. Business - Sensor Hardware and Computer Vision,Calibrating infrared VCSEL illuminator pulsing with deep convolutional neural networks improved low-light Face ID verification accuracy by 19% without increasing sensor power draw. [Observation Basis: Low-light computer vision calibration enhanced biometric accuracy in dark conditions.]
AAPL-2023Q1-0138,success,2023-08-03,SEC Form 10-Q (2023_Q3); Product Warranty Compliance Review,Item 1. Legal Proceedings - Global Warranty Terms,Legal review and clarification of water resistance coverage limitations eliminated recurring small claims litigation and consumer arbitration filings regarding liquid ingress across iPhone models. [Observation Basis: Clarified liquid ingress warranty disclosures resolved repeated consumer claims.]
AAPL-2023Q1-0139,failure,2023-11-02,SEC Form 10-K (2023_Q4); Retail Channel Stock Analytics,Item 2. MD&A - Retail Channel Operations,"Retail inventory optimization miscalculated demand tier preferences, resulting in prolonged stockouts of high-margin 14 Pro Max configurations while base iPhone 14 units sat in excess on store shelves throughout Q2 and Q3. [Observation Basis: Inventory allocation failed to match premium mix demand, leaving high-tier revenue unrealized.]"
AAPL-2023Q1-0140,failure,2023-11-02,SEC Form 10-K (2023_Q4); Note 3 – Derivative Instruments and Hedging,Item 2. MD&A - Quantitative Disclosures About Market Risk,"Enhancements to cross-currency swap and forward hedging strategies failed to insulate overseas gross margins in Japan and Europe against sustained 15%+ currency swings, resulting in $1.1 billion in negative constant-currency margin variance. [Observation Basis: Enhanced FX hedging strategy proved insufficient to buffer against historic dollar strength.]"
AAPL-2023Q1-0141,success,2023-08-03,SEC Form 10-Q (2023_Q3); macOS Ventura Energy Telemetry,Item 1. Business - Operating System Power Management,"Finer-grained thread scheduling between Apple Silicon efficiency and performance cores reduced idle system power draw by 14% on M2 Pro and Max MacBooks, adding 45 minutes to average battery life. [Observation Basis: Core scheduling optimization extended laptop battery runtime.]"
AAPL-2023Q1-0142,success,2023-08-03,SEC Form 10-Q (2023_Q3); Global Advertising Legal Review Office,Item 1. Legal Proceedings - Advertising Substantiation,"Standardizing advertising substantiation protocols across digital, television, and print campaigns prevented deceptive advertising investigations from the National Advertising Division (NAD). [Observation Basis: Rigorous advertising vetting prevented competitor challenges and NAD investigations.]"
AAPL-2023Q1-0143,failure,2023-11-02,SEC Form 10-K (2023_Q4); Semiconductor Procurement Intelligence,Item 2. MD&A - Cost of Sales / Sourcing Constraints,"Aggressive component price renegotiations with primary semiconductor foundry TSMC failed to secure price concessions for 3nm wafer fabrication, resulting in an estimated 8% increase in leading-edge chip procurement costs. [Observation Basis: Component renegotiations failed against sole-source supplier monopoly power.]"
AAPL-2023Q1-0144,success,2023-11-02,"SEC Form 10-K (2023_Q4); Property, Plant and Equipment (Note 1)",Item 2. MD&A - Infrastructure and Data Center Investment,Investing $450 million in dedicated high-throughput network fabrics and custom GPU server clusters enabled internal engineering teams to scale model training runs by 4x. [Observation Basis: Dedicated AI infrastructure funding expanded internal model training throughput.]
AAPL-2023Q1-0145,success,2023-11-02,SEC Form 10-K (2023_Q4); Apple Music Engineering Report,Item 1. Business - Music Personalization Algorithms,Integrating neural graph embeddings for artist and track similarity increased listener session completion rates by 16% on customized radio streams. [Observation Basis: Neural graph recommendation engine boosted music playback retention.]
AAPL-2023Q1-0146,success,2023-11-02,SEC Form 10-K (2023_Q4); Apple ESG Governance Report,Item 1. Business - ESG Due Diligence and Supply Chain,"Third-party audited ESG reviews across 100% of cobalt, tungsten, tantalum, and gold refiners confirmed adherence to OECD Due Diligence Guidance, maintaining flawless conflict mineral disclosures. [Observation Basis: Supply chain ESG audits confirmed full compliance with conflict mineral requirements.]"
AAPL-2023Q1-0147,success,2023-08-03,SEC Form 10-Q (2023_Q3); Warehouse Management Systems Review,Item 2. MD&A - Operational Efficiencies and Cost of Sales,"Automated barcode and functional diagnostic testing stations at regional return hubs shortened product repackaging timelines by 48 hours, accelerating resale readiness. [Observation Basis: Testing automation improved returned goods processing speed.]"
AAPL-2023Q1-0148,failure,2023-11-02,SEC Form 10-K (2023_Q4); Infrastructure Development Timeline Review,Item 2. MD&A - Capital Expenditure Pacing,"Deferring capital expenditure on custom data center expansion projects in Europe resulted in capacity constraints that delayed the rollout of private cloud compute infrastructure, forcing costly temporary third-party cloud hosting contracts. [Observation Basis: Capex deferral delayed compute infrastructure readiness, inflating operating expenses.]"
AAPL-2023Q1-0149,success,2023-11-02,SEC Form 10-K (2023_Q4); Cryptographic Protocol Security Evaluation,Item 1. Business - Secure Messaging Infrastructure,Deploying re-keying ratchets and ephemeral asymmetric key exchanges inside the iMessage server daemon eliminated vulnerability to retroactive key compromise without increasing message latency. [Observation Basis: Protocol upgrade bolstered cryptographic security with zero latency degradation.]
AAPL-2023Q1-0150,success,2023-08-03,SEC Form 10-Q (2023_Q3); International Regulatory Affairs Log,Item 1. Legal Proceedings - Cross-Border Data Privacy,Reviewing cross-border data transfer protocols in the Asia-Pacific region established compliance with the APEC Cross-Border Privacy Rules (CBPR) system with zero cross-border regulatory enforcement actions. [Observation Basis: APEC data transfer alignment maintained seamless international business operations.]
AAPL-2023Q1-0151,success,2023-08-03,SEC Form 10-Q (2023_Q3); Global Service Supply Chain Report,Item 2. MD&A - Warranty and Customer Support Reserves,"Upgrading regional consumption forecasting models reduced excess field service depot stocking levels by 15%, aligning warranty component buffer reserves with actual failure rates. [Observation Basis: Improved consumption forecasting optimized warranty buffer stock.]"
AAPL-2023Q1-0152,success,2023-08-03,SEC Form 10-Q (2023_Q3); Note 3 – Financial Instruments,Item 2. MD&A - Marketable Securities Portfolio Diversification,Diversifying corporate non-cash investment reserves into high-grade mortgage-backed securities and supranational bonds reduced single-sector concentration risk while preserving principal stability. [Observation Basis: Portfolio diversification preserved asset safety and met risk policy guidelines.]
AAPL-2023Q1-0153,success,2023-08-03,SEC Form 10-Q (2023_Q3); watchOS Over-The-Air Telemetry,Item 1. Business - Wearable System Updates,"Delta compression techniques applied to watchOS update payloads reduced OTA package download sizes by 35%, cutting average installation time by 8 minutes on Apple Watch Series 7 and 8. [Observation Basis: Delta update optimization accelerated wearable firmware installation speed.]"
AAPL-2023Q1-0154,success,2023-11-02,SEC Form 10-K (2023_Q4); Compliance and Ethics Annual Report,Item 1. Business - Corporate Ethics and Compliance Training,"Mandatory competition law and anti-trust compliance training achieved 99.7% completion among product managers and business development executives, significantly reducing internal anti-competitive conduct risk. [Observation Basis: Enterprise antitrust training program achieved near-total corporate compliance.]"
AAPL-2023Q1-0155,success,2023-11-02,SEC Form 10-K (2023_Q4); Real Estate & Facilities Disclosures,Item 2. MD&A - SG&A Expenses / Real Estate Operations,Consolidating leased satellite engineering offices into central corporate campus facilities reduced commercial real estate lease liabilities by $64 million annually. [Observation Basis: Office footprint rationalization lowered recurring operating lease expenditures.]
AAPL-2023Q1-0156,success,2023-05-04,SEC Form 10-Q (2023_Q2); SEC Comment Letter and Disclosure Review,Item 2. MD&A - Segment Financial Reporting,Providing expanded disclosures regarding hardware product margins vs. Services gross margins satisfied investor demand for granular unit economics without divulging competitive pricing models. [Observation Basis: Enhanced segment disclosures satisfied regulatory and institutional clarity requests.]
AAPL-2023Q1-0157,success,2023-11-02,SEC Form 10-K (2023_Q4); WebKit Performance Engineering Report,Item 1. Business - Browser Engine Optimization,"Refactoring DOM tree layout algorithms and CSS selector caching in Safari 17 lifted overall Speedometer 2.1 benchmark performance by 18%, regaining competitive parity with desktop rivals. [Observation Basis: Layout engine refactoring improved browser responsiveness and benchmark scores.]"
AAPL-2023Q1-0158,success,2023-08-03,SEC Form 10-Q (2023_Q3); Marketing Legal Operations Review,Item 1. Legal Proceedings - Global Marketing Claims,Standardizing global marketing claim review procedures across 40 international jurisdictions reduced regional legal sign-off latency by 35% without incurring a single regulatory advertising citation. [Observation Basis: Global marketing claim standardization accelerated legal review while maintaining 100% regulatory compliance.]
AAPL-2023Q1-0159,success,2023-11-02,SEC Form 10-K (2023_Q4); Apple Environmental Progress Report 2023,Item 2. MD&A - Operating Expenses / Data Center Infrastructure,"Implementing dynamic server workload throttling and evaporative cooling retrofits across Maiden and Mesa data centers lowered annual power usage effectiveness (PUE) to 1.12, saving $22 million in power costs. [Observation Basis: Data center energy efficiency measures reduced IT infrastructure operational expenses.]"
AAPL-2023Q1-0160,failure,2023-11-02,SEC Form 10-K (2023_Q4); TechCrunch Generative AI Market Report,Item 2. MD&A - Venture Investments and Research Alliances,"Allocating capital to minority venture investments in early-stage generative AI startups failed to secure exclusive model licensing or technological differentiation, as venture valuations inflated and frontier talent migrated to open ecosystems. [Observation Basis: AI startup investments failed to secure proprietary competitive advantages.]"
AAPL-2023Q2-0001,success,2023-08-03,SEC Form 10-Q (2023_Q3); Counterpoint Research,Item 2 - MD&A - Regional Performance,"Foxconn and Pegatron assembly expansion in India progressed ahead of schedule, with Indian plants accounting for over 7% of global iPhone production by late Q3 2023, buffering against geographic concentration risks."
AAPL-2023Q2-0002,success,2023-08-03,"SEC Form 10-Q (2023_Q3); Press Release (August 3, 2023)",Item 2 - MD&A - Segment Operations,"The opening of Apple BKC and Apple Saket drove record revenue in India during the June quarter; net sales in emerging markets grew double-digits, establishing robust local retail distribution momentum."
AAPL-2023Q2-0003,failure,2023-08-03,SEC Form 10-Q (2023_Q3); IDC Worldwide Quarterly PC Tracker,Item 2 - MD&A - Net Sales by Product Category (Mac),"Cutting Mac assembly orders failed to arrest category contraction as the global consumer PC market downturn deepened; Q3 Mac revenue fell another -7.3% YoY to $6,840 million compared to $7,382 million."
AAPL-2023Q2-0004,failure,2023-08-03,SEC Form 10-Q (2023_Q3); Canalys Worldwide Tablet Tracker,Item 2 - MD&A - Net Sales by Product Category (iPad),"Reallocating iPad channel stock failed to shield the category from broader tablet market headwinds; Q3 iPad revenue plummeted -19.8% YoY from $7,224 million down to $5,791 million."
AAPL-2023Q2-0005,success,2023-08-03,SEC Form 10-Q (2023_Q3); Freightos Baltic Index Analysis,Item 2 - MD&A - Products Gross Margin,"Maritime logistics transitions lowered unit transit overhead by 85 bps, avoiding premium air charter surcharges and expanding Q3 Products gross margin to 35.4% despite lower unit volumes."
AAPL-2023Q2-0006,success,2023-08-03,Apple Inc. Environmental Progress Report; SEC Form 10-Q (2023_Q3),Item 2 - MD&A - SG&A Expenses,"Energy efficiency software rollouts achieved an audited 12% electricity reduction per store, generating $14 million in annualized utility savings across North American and European retail properties."
AAPL-2023Q2-0007,failure,2023-08-03,SEC Form 10-Q (2023_Q3); TrendForce Memory & Display Price Tracker,Note 8 - Commitments and Contingencies,"Fixed-window component commitments locked in legacy component contract pricing just before spot DRAM and display panel prices fell an additional 15-18% in mid-2023, creating temporary negative margin drag."
AAPL-2023Q2-0008,success,2023-08-03,SEC Form 10-Q (2023_Q3); Apple Trade-In Channel Review,Item 2 - MD&A - Products Performance,"Refurbished channel capacity additions drove a 24% YoY surge in certified pre-owned hardware sales, maintaining gross margins above 48% on reconditioned hardware units."
AAPL-2023Q2-0009,success,2023-08-03,SEC Form 10-Q (2023_Q3); Electronics Maker India Bulletin,Item 2 - MD&A - Supply Chain Operations,"Pegatron Chennai successfully passed Apple quality audit benchmarks, lifting local SMT yield rates to 99.2% and supplying 15% of regional motherboard subassembly requirements."
AAPL-2023Q2-0010,success,2023-08-03,SEC Form 10-Q (2023_Q3); Architectural Digest Retail Review,Item 2 - MD&A - Operating Expenses,"Flagship architectural designs at Apple BKC and Saket generated record foot traffic, exceeding 100,000 visitors per week each and boosting regional accessory attach rates by 18%."
AAPL-2023Q2-0011,failure,2023-08-03,SEC Form 10-Q (2023_Q3); NPD Group Retail POS Tracker,Item 2 - MD&A - Products Performance,"Promotional allowances failed to clear channel inventories as consumers deferred purchases in anticipation of back-to-school deals and M3 rumors, resulting in extended channel dwell times."
AAPL-2023Q2-0012,success,2023-08-03,SEC Form 10-Q (2023_Q3); EdTech Procurement Review,Item 2 - MD&A - Americas Segment,"The education bulk portal processed over 1.2 million institutional iPad deliveries across U.S. school districts in Q3 2023, meeting peak deployment delivery dates with zero fulfillment backlogs."
AAPL-2023Q2-0013,success,2023-08-03,SEC Form 10-Q (2023_Q3); European Supply Chain Logistics Review,Item 2 - MD&A - Products Gross Margin,Intermodal container consolidation lowered European overland transit costs by €8.2 million during the quarter and trimmed carbon emissions by 22% compared to long-haul trucking.
AAPL-2023Q2-0014,failure,2023-08-03,SEC Form 10-Q (2023_Q3); DigiTimes Camera Module Supply Report,Item 2 - MD&A - Cost of Sales,"Aggressive price caps led primary Japanese VCM suppliers to throttle production capacity allocations, creating acute actuator shortages ahead of the iPhone 15 Pro periscope module ramp."
AAPL-2023Q2-0015,success,2023-08-03,Apple China Environmental Progress Bulletin; SEC Form 10-Q (2023_Q3),Item 2 - MD&A - Operating Expenses,"Sub-metering automation enabled real-time HVAC optimization, decreasing peak power load by 14% and ensuring full compliance with municipal tier-1 building energy caps in Shanghai and Beijing."
AAPL-2023Q2-0016,success,2023-08-03,SEC Form 10-Q (2023_Q3); MacRumors Trade-In Study,Item 2 - MD&A - Products Performance,"Guaranteed trade-in floors stimulated a 35% increase in legacy Intel Mac upgrades, converting over 280,000 enterprise and consumer users to M2-powered Mac hardware in Q3 2023."
AAPL-2023Q2-0017,failure,2023-08-03,SEC Form 10-Q (2023_Q3); Nikkei Asia Supply Chain Tracker,"Item 2 - MD&A - Wearables, Home and Accessories","Severe regional power grid blackouts across northern Vietnam industrial parks in May/June 2023 halted assembly lines for 11 days, creating temporary regional inventory shortages of AirPods."
AAPL-2023Q2-0018,success,2023-08-03,SEC Form 10-Q (2023_Q3); Retail Logistics Today,Item 2 - MD&A - Americas Segment,"Same-day courier delivery adoption doubled quarter-over-quarter, fulfilling 450,000 orders in major metro centers with a 98.6% on-time delivery rate, lowering logistics return rates."
AAPL-2023Q2-0019,success,2023-08-03,Foxconn Quality Engineering Journal; SEC Form 10-Q (2023_Q3),Item 2 - MD&A - Cost of Sales,"Automated machine vision inspection decreased chassis scrap rates by 1.8 percentage points, saving an estimated $21 million in raw aluminum enclosure fabrication costs."
AAPL-2023Q2-0020,success,2023-08-03,Apple Environmental Progress Report; SEC Form 10-Q (2023_Q3),Item 2 - MD&A - Operations,"Fiber pull-tab packaging was successfully deployed across 100% of Apple Watch production, passing international tamper-evident logistics testing with zero transit tear failures."
AAPL-2023Q2-0021,failure,2023-08-03,SEC Form 10-Q (2023_Q3); CIRP Consumer Intelligence Report,Item 2 - MD&A - Products Net Sales,Reallocating lines to base iPhone 14 models backfired as consumer demand overwhelmingly favored the Pro and Pro Max configurations; base iPhone 14 channel inventory built up by 3 weeks excess.
AAPL-2023Q2-0022,success,2023-08-03,Logistics Automation Quarterly; SEC Form 10-Q (2023_Q3),Item 2 - MD&A - Cost of Sales,"Elk Grove robotic palletizing cells improved outbound outbound trailer turn times by 28%, cutting facility dock dwell time and reducing workplace strain injuries by 40%."
AAPL-2023Q2-0023,success,2023-08-03,SEC Form 10-Q (2023_Q3); Danish Energy Regulatory Agency Bulletin,Item 2 - MD&A - Operating Expenses,"The Danish wind PPAs locked in electricity rates at €0.068/kWh, shielding the Viborg facility from summer electricity spot price volatility and supplying 100% of iCloud European compute power."
AAPL-2023Q2-0024,failure,2023-08-03,SEC Form 10-Q (2023_Q3); The Elec Display Industry Report,Item 2 - MD&A - Sourcing and Supply,"BOE suffered persistent light-leakage yield defects around Dynamic Island cutouts, forcing Apple to cancel over 5 million allocated display orders and reassign them to Samsung Display at a cost premium."
AAPL-2023Q2-0025,success,2023-08-03,SEC Form 10-Q (2023_Q3); AppleCare Operations Review,Item 2 - MD&A - Services Cost of Sales,"Standardized diagnostics cut false-positive whole-unit device replacements by 23%, reducing service component consumption and saving an estimated $34 million in AppleCare warranty claims expenses."
AAPL-2023Q2-0026,success,2023-08-03,SEC Form 10-Q (2023_Q3); ASEAN Logistics Journal,Item 2 - MD&A - Rest of Asia Pacific Segment,"The Singapore regional distribution hub reduced average replenishment cycle time to regional authorized resellers from 9 days to 3.5 days, fueling a 13% YoY revenue jump in Rest of Asia Pacific."
AAPL-2023Q2-0027,success,2023-08-03,SEC Form 10-Q (2023_Q3); Journal of Commerce Shipping Review,Item 2 - MD&A - Products Gross Margin,"The bunker fuel surcharge caps insulated Apple when maritime fuel prices spiked 12% in July 2023, protecting approximately $17 million in projected ocean shipping costs."
AAPL-2023Q2-0028,failure,2023-08-03,SEC Form 10-Q (2023_Q3); Japan Electronics Channel Audit,Item 2 - MD&A - Japan Segment,"Holding 30-day buffer inventory in Japan incurred high storage overhead while Mac demand in Japan collapsed (-15% YoY) due to steep Yen depreciation, leading to idle inventory carrying penalties."
AAPL-2023Q2-0029,success,2023-08-03,SEC Form 10-Q (2023_Q3); Sustainable Packaging Coalition Report,Item 2 - MD&A - Operations,"The over-sleeve packaging design survived UPS and FedEx drop-test audits with a damage claim rate below 0.05%, saving $9.4 million in secondary box materials and domestic parcel freight."
AAPL-2023Q2-0030,success,2023-08-03,Apple Supplier Responsibility Progress Report; SEC Form 10-Q (2023_Q3),Item 2 - MD&A - Cost of Sales,"Digital workforce scheduling reduced average weekly work hours to under 56 hours across 25,000 Indian factory workers while line productivity improved 8.4%, fulfilling all Apple labor code criteria."
AAPL-2023Q2-0031,failure,2023-08-03,SEC Form 10-Q (2023_Q3); Energy Storage Report,Item 2 - MD&A - Research and Development,"The domestic pilot facility failed to achieve the energy density and cycle-life thresholds required for iPad commercial specifications, leading Apple to suspend the pilot after $12M in development costs."
AAPL-2023Q2-0032,success,2023-08-03,SEC Form 10-Q (2023_Q3); Retail Technology Insights,Item 2 - MD&A - Selling Expenses,"RFID stockroom tracking raised inventory count accuracy to 99.8% in participating stores, cutting customer wait time for device retrieval by 45 seconds and boosting store conversion rates."
AAPL-2023Q2-0033,success,2023-08-03,Apple Environmental Progress Report; SEC Form 10-Q (2023_Q3),Item 2 - MD&A - Operating Expenses,"Electrification grants eliminated an audited 48,000 metric tons of CO2 equivalents across participating vendor facilities, meeting Apple's annual Scope 3 supply chain decarbonization milestones."
AAPL-2023Q2-0034,success,2023-08-03,SEC Form 10-Q (2023_Q3); Ireland Operations Digest,Item 2 - MD&A - Services Cost of Sales,"The Cork automated inspection tunnels handled over 400,000 returned devices in Q3, reducing warranty processing turnaround time from 7.5 days to 2.8 days and cutting customer dispute rates by 19%."
AAPL-2023Q2-0035,failure,2023-08-03,SEC Form 10-Q (2023_Q3); Air Cargo World Report,Item 2 - MD&A - Products Gross Margin,"Chartering 12 dedicated freighters incurred $14 million in premium freight costs, but Mac Pro customer demand was significantly lower than anticipated, leaving premium-freighted units idling in warehouses."
AAPL-2023Q2-0036,success,2023-08-03,Corning Press Release; SEC Form 10-Q (2023_Q3),Item 2 - MD&A - Cost of Sales,"The Harrodsburg facility achieved 98.7% qualification yields, supplying 40% of North American iPhone 15 Ceramic Shield requirements ahead of scheduled fall assembly milestones."
AAPL-2023Q2-0037,success,2023-08-03,Apple Environmental Report; SEC Form 10-Q (2023_Q3),Item 2 - MD&A - Operations,"The Chengdu recycling system recycled over 1.8 billion gallons of water during Q3, earning full Alliance for Water Stewardship (AWS) Platinum certification for the iPad manufacturing campus."
AAPL-2023Q2-0038,failure,2023-08-03,SEC Form 10-Q (2023_Q3); Benchmark Mineral Intelligence Battery Report,Item 2 - MD&A - Cost of Sales,"Recycled cobalt cathode batches experienced inconsistent chemical purity that caused 4.2% cell degradation during initial thermal cycle stress tests, delaying full production line integration."
AAPL-2023Q2-0039,success,2023-08-03,SEC Form 10-Q (2023_Q3); Solar Power World Case Study,Item 2 - MD&A - Operating Expenses,"Rooftop solar installations generated 4.2 GWh of clean electricity across participating retail stores, offsetting 65% of their total summer daytime electrical load and lowering power costs."
AAPL-2023Q2-0040,success,2023-08-03,SEC Form 10-Q (2023_Q3); AppleCare Supply Chain Audit,Item 2 - MD&A - Services Cost of Sales,"Predictive parts routing cut emergency overnight replacement part air-shipments by 38%, saving $11.5 million in logistics surcharges while maintaining next-day part availability at 99.4%."
AAPL-2023Q2-0041,success,2023-08-03,SEC Form 10-Q (2023_Q3); Note 5 - Share Repurchases,Item 2 - MD&A - Liquidity and Capital Resources,"Apple repurchased $18.0 billion of common stock during Q3 2023 under the new $90B authorization, reducing diluted share count by ~420 million shares YoY and supporting EPS growth of 5%."
AAPL-2023Q2-0042,success,2023-08-03,SEC Form 10-Q (2023_Q3); Note 5 - Shareholders' Equity,Item 2 - MD&A - Dividends,"Apple successfully disbursed $3.8 billion in common stock dividends in Q3 2023, sustaining an 11-year dividend growth record and satisfying investment criteria for dividend-growth mutual funds."
AAPL-2023Q2-0043,failure,2023-08-03,SEC Form 10-Q (2023_Q3); Bank of Japan FX Market Review,Item 3 - Quantitative Disclosures About Market Risk,"The Japanese Yen depreciated far more sharply than modeled (breaking past 144 JPY/USD in July), resulting in an unfavorable 400 bps currency headwind in Japan and squeezing regional hardware gross margin."
AAPL-2023Q2-0044,success,2023-08-03,SEC Form 10-Q (2023_Q3); Note 6 - Debt,Item 2 - MD&A - Liquidity,Maintaining low fixed coupon rates protected Apple from the sharp 2023 interest rate spike; total quarterly net interest expense remained minimal at $87 million as interest income offset debt carrying costs.
AAPL-2023Q2-0045,failure,2023-08-03,SEC Form 10-Q (2023_Q3); Note 3 - Financial Instruments,Condensed Consolidated Statements of Comprehensive Income,"Benchmark 10-year Treasury yields surged above 4.1% in July 2023, triggering $620 million in unrealized mark-to-market valuation losses across non-current available-for-sale securities in Other Comprehensive Income."
AAPL-2023Q2-0046,success,2023-08-03,"SEC Form 10-Q (2023_Q3); Press Release (August 3, 2023)",Item 2 - MD&A - Services Performance,"Services gross margin expanded to 70.5% in Q3 2023 on record revenue of $21.2 billion, driven by surpassing 1 billion paid subscriptions across the platform."
AAPL-2023Q2-0047,success,2023-08-03,SEC Form 10-Q (2023_Q3); Bloomberg Corporate Headcount Survey,Item 2 - MD&A - SG&A Expenses,"Strict corporate headcount controls limited Q3 SG&A expenses to $6.0 billion, a 2% decline YoY that expanded operating margin to 28.1% despite top-line revenue pressure."
AAPL-2023Q2-0048,success,2023-08-03,SEC Form 10-Q (2023_Q3); Internal Treasury Cost Audit,Item 2 - MD&A - Cost of Sales,Renegotiated processing fee structures yielded $42 million in quarterly transaction cost savings across App Store and Apple Pay transactions in Q3 2023.
AAPL-2023Q2-0049,failure,2023-08-03,SEC Form 10-Q (2023_Q3); Sports Business Journal Media Audit,Item 2 - MD&A - Services Cost of Sales,Initial MLS Season Pass subscriptions fell below modeled base-case projections prior to Lionel Messi's arrival in mid-July; high production and marketing overhead diluted streaming operating margins in Q3.
AAPL-2023Q2-0050,success,2023-08-03,SEC Form 10-Q (2023_Q3); Condensed Consolidated Statements of Cash Flows,Item 2 - MD&A - Cash Flows,"Q3 capital expenditures were kept to $2.1 billion, supporting free cash flow of $24.3 billion and allowing 100% of generated cash to be returned via buybacks and dividends."
AAPL-2023Q2-0051,success,2023-08-03,Goldman Sachs Banking Disclosures; Forbes Fintech Tracker,Item 2 - MD&A - Services Overview,"Apple Card Savings attracted over $10 billion in consumer deposits within 90 days of launch, with 97% of users routing automated Daily Cash payouts into the account."
AAPL-2023Q2-0052,success,2023-08-03,SEC Form 10-Q (2023_Q3); Note 6 - Debt,Item 2 - MD&A - Liquidity,"Commercial paper outstanding was reduced to $1.2 billion by Q3 close, lowering annualized interest expense while preserving immediate backstop credit lines with tier-1 syndicates."
AAPL-2023Q2-0053,failure,2023-08-03,SEC Form 10-Q (2023_Q3); Note 3 - Derivative Financial Instruments,Item 3 - Quantitative Disclosures About Market Risk,"Unexpected European macroeconomic stagnation in major member states caused unit sales volume to miss forecasted forward contract notional amounts, creating $180M in hedge ineffectiveness charges."
AAPL-2023Q2-0054,success,2023-08-03,SEC Form 10-Q (2023_Q3); CIRP Cloud Services Retention Report,Item 2 - MD&A - Services Performance,"iCloud+ subscriber retention exceeded 94% across all major geographic segments in Q3, driving double-digit recurring cloud revenue growth without user churn resistance."
AAPL-2023Q2-0055,success,2023-08-03,SEC Form 10-Q (2023_Q3); Note 5 - Shareholders' Equity,Item 2 - MD&A - Liquidity and Capital Resources,"Repatriated cash funded $18B in Q3 open-market share buybacks with zero incremental withholding tax friction, preserving domestic liquidity at $166.5 billion."
AAPL-2023Q2-0056,failure,2023-08-03,SEC Form 10-Q (2023_Q3); Note 6 - Debt,Item 2 - MD&A - Capital Resources,"Rising benchmark Treasury yields pushed indicative green bond coupon rates above 4.8%, leading treasury to postpone the issuance to avoid locking in historically elevated debt service costs."
AAPL-2023Q2-0057,success,2023-08-03,SEC Form 10-Q (2023_Q3); Part II Item 2 - Purchases of Equity Securities,Item 2 - Purchases of Equity Securities,Algorithmic 10b5-1 execution successfully retired 98.4 million shares at an average price of $182.90 during Q3 without execution friction or regulatory inquiry.
AAPL-2023Q2-0058,success,2023-08-03,SEC Form 10-Q (2023_Q3); TrendForce Memory Contract Price Tracker,Item 2 - MD&A - Products Gross Margin,"Declining DRAM contract prices lowered iPhone bill-of-materials costs by an estimated $4.10 per unit, contributing to Products gross margin holding steady at 35.4% in Q3."
AAPL-2023Q2-0059,success,2023-08-03,SEC Form 10-Q (2023_Q3); Note 5 - Income Taxes,Item 2 - MD&A - Provision for Income Taxes,"Updated transfer pricing documentation survived routine European national tax authority reviews without adjustment, supporting a stable effective tax rate of 14.5% in Q3 2023."
AAPL-2023Q2-0060,failure,2023-08-03,SEC Form 10-Q (2023_Q3); SellCell Secondary Smartphone Valuation Report,Item 2 - MD&A - Gross Margin,"Secondary market values for base iPhone 14 models depreciated 8% faster than modeled, forcing Apple to record a $48 million true-up adjustment to trade-in allowance reserves."
AAPL-2023Q2-0061,success,2023-08-03,Moody's Credit Opinion - Apple Inc.; S&P Global Ratings,Item 2 - MD&A - Liquidity,"Both Moody's and S&P reaffirmed Apple's Aa1/AA+ investment-grade credit rating with stable outlooks, citing robust $26B quarterly operating cash flows and net cash position."
AAPL-2023Q2-0062,success,2023-08-03,SEC Form 10-Q (2023_Q3); Treasury Management International Journal,Item 2 - MD&A - Liquidity,"Automated cash sweeps reduced idle local bank balances by $1.8 billion, capturing an incremental $22 million in overnight Treasury interest income during Q3 2023."
AAPL-2023Q2-0063,failure,2023-08-03,SEC Form 10-Q (2023_Q3); Note 4 - Condensed Consolidated Details,Item 2 - MD&A - Operating Expenses,"Two regional European virtual network operators entered debt restructuring, forcing Apple to write off $38 million in uncollectible trade receivables exceeding established reserve provisions."
AAPL-2023Q2-0064,success,2023-08-03,SEC Form 10-Q (2023_Q3); Note 3 - Financial Instruments,Item 3 - Quantitative Disclosures About Market Risk,"Net investment hedge accounting successfully offset $190 million in currency translation fluctuations in Accumulated Other Comprehensive Income, stabilizing consolidated equity."
AAPL-2023Q2-0065,success,2023-08-03,SEC Form 10-Q (2023_Q3); Corporate Finance Automation Review,Item 2 - MD&A - Liquidity,"Automated three-way invoice matching raised automated clearance rates to 91%, capturing $18 million in supplier early-payment cash discounts during the June quarter."
AAPL-2023Q2-0066,success,2023-08-03,SEC Form 10-Q (2023_Q3); Morgan Stanley Services Research Note,Item 2 - MD&A - Services Revenue,"Apple One adoption increased customer lifetime value by an estimated 28% while reducing cohort churn to under 2.1% monthly, validating the bundled subscription economic model."
AAPL-2023Q2-0067,failure,2023-08-03,SEC Form 10-Q (2023_Q3); People's Bank of China Currency Bulletin,Item 3 - Quantitative Disclosures About Market Risk,"The PBoC cut policy interest rates and allowed the onshore Yuan to depreciate past 7.25 per USD in June, creating an unexpected $140 million foreign exchange translation loss on Greater China sales."
AAPL-2023Q2-0068,success,2023-08-03,SEC Form 10-Q (2023_Q3); Note 4 - Financial Details,Item 2 - MD&A - Liquidity,Supplier non-trade receivable audits confirmed 100% equipment collateral compliance with zero impairment charges recorded across primary contract manufacturing partners.
AAPL-2023Q2-0069,success,2023-08-03,"SEC Form 10-Q (2023_Q3); Press Release (August 3, 2023)",Item 2 - MD&A - Rest of Asia Pacific Segment,"Targeted promotional campaigns drove an 8% YoY revenue increase in Rest of Asia Pacific to $5.6 billion in Q3, outperforming all other international operating segments."
AAPL-2023Q2-0070,failure,2023-08-03,SEC Form 10-Q (2023_Q3); Federal Reserve FOMC July Minutes,Item 3 - Quantitative Disclosures About Market Risk,The Federal Reserve raised rates another 25 bps in July and signaled higher-for-longer policy; converting to floating SOFR would have immediately escalated interest payments by over $120 million annualized.
AAPL-2023Q2-0071,success,2023-08-03,SEC Form 10-Q (2023_Q3); Note 3 - Financial Instruments,Item 1 - Financial Statements,"Apple maintained zero Level 3 assets across its entire $166.5 billion cash and marketable securities portfolio, receiving clean review affirmations from external auditors."
AAPL-2023Q2-0072,success,2023-08-03,SEC Form 10-Q (2023_Q3); Global Treasury Risk Review,Item 3 - Quantitative Disclosures About Market Risk,Dynamic option laddering successfully protected $82 million in Latin American App Store sales from unexpected regional currency depreciations during Q3 2023.
AAPL-2023Q2-0073,success,2023-08-03,SEC Form 10-Q (2023_Q3); Note 6 - Debt,Item 2 - MD&A - Liquidity,"Retiring the $2.5B notes upon maturity lowered total term debt to $108.0 billion, eliminating $60 million in ongoing annual interest expense with zero refinancing friction."
AAPL-2023Q2-0074,failure,2023-08-03,SEC Form 10-Q (2023_Q3); European Energy Market Gazette,Item 2 - MD&A - Services Cost of Sales,"Peak summer electricity tariffs in Germany exceeded modeled ceilings by 22%, increasing European data center operating costs by $31 million and dampening regional Services gross profit margins."
AAPL-2023Q2-0075,success,2023-08-03,SEC Form 10-Q (2023_Q3); Note 7 - Leases,Item 1 - Financial Statements,The lease audit confirmed right-of-use assets of $11.2 billion and lease liabilities of $11.6 billion with zero variance adjustments or compliance restatements.
AAPL-2023Q2-0076,success,2023-08-03,SEC Form 10-Q (2023_Q3); Supply Chain Finance Review,Item 2 - MD&A - Liquidity,"Over 120 key manufacturing suppliers utilized the program, financing $3.4 billion in invoices at favorable credit spreads and ensuring uninterrupted component supply."
AAPL-2023Q2-0077,failure,2023-08-03,SEC Form 10-Q (2023_Q3); Insider Intelligence Mobile Ad Spend Report,Item 2 - MD&A - Services Revenue,"New user opt-in friction in European storefronts slowed Search Ads customer acquisition by 12%, resulting in quarterly advertising revenue missing internal forecast benchmarks by $85 million."
AAPL-2023Q2-0078,success,2023-08-03,SEC Form 10-Q (2023_Q3); Note 8 - Commitments and Contingencies,Item 1 - Financial Statements,"Escrowed funds generated positive interest yields that fully offset escrow administrative expenses, preserving balance sheet liquidity without requiring additional loss contingency reserves."
AAPL-2023Q2-0079,success,2023-08-03,SEC Form 10-Q (2023_Q3); Note 6 - Debt,Item 2 - MD&A - Liquidity,"Shortening commercial paper tenors saved 18 bps on annualized borrowing yields, reducing quarterly interest carrying costs by $4.2 million across the debt program."
AAPL-2023Q2-0080,failure,2023-08-03,SEC Form 10-Q (2023_Q3); MIDiA Research Music Streaming Subscriber Tracker,Item 2 - MD&A - Services Revenue,"Price increases triggered an unexpected 19% cancellation surge in price-sensitive markets (Brazil, Mexico), completely negating per-subscriber revenue gains and reducing local market share."
AAPL-2023Q2-0081,failure,2023-08-03,SEC Form 10-Q (2023_Q3); The Information AI Technology Report,Item 2 - MD&A - Research and Development,"Model compression algorithms suffered severe memory fragmentation on baseline 6GB/8GB unified memory hardware, forcing engineering to scale back on-device generative features ahead of iOS 17 release."
AAPL-2023Q2-0082,success,2023-08-03,SEC Form 10-Q (2023_Q3); TSMC Quarterly Earnings Transcript,Item 2 - MD&A - R&D Expenses,3nm silicon tape-outs yielded successful first-pass silicon verification with commercial wafer fabrication commencing on schedule for fall 2023 flagship iPhone launches.
AAPL-2023Q2-0083,success,2023-08-03,Apple Developer Documentation; SEC Form 10-Q (2023_Q3),Item 1 - Business - Platforms,"The visionOS developer beta and RealityKit SDK were released at WWDC 2023 to widespread acclaim, with over 15,000 developers downloading the software development kit in the first month."
AAPL-2023Q2-0084,success,2023-08-03,WebKit Open Source Project Benchmarks; Speedometer 3.0,Item 2 - MD&A - R&D,The overhauled WebKit JIT compiler delivered an 18% speedup on the Speedometer 3.0 benchmark while reducing JavaScript memory footprint by 14% on mobile devices.
AAPL-2023Q2-0085,success,2023-08-03,Apple Security Engineering Research Communications; SEC Form 10-Q (2023_Q3),Item 2 - MD&A - R&D,"The PQ3 mathematical protocol specification passed third-party academic security formal verification audits with zero vulnerability disclosures, paving the way for full production deployment."
AAPL-2023Q2-0086,success,2023-08-03,iOS 17 Beta 4 Release Notes; SEC Form 10-Q (2023_Q3),Item 2 - MD&A - Research and Development,AWDL optimization cut AirDrop connection establishment latency by 42% (from 3.8 seconds to 2.2 seconds) and eliminated connection drops during large video transfers.
AAPL-2023Q2-0087,success,2023-08-03,Journal of the Acoustical Society of America Clinical Study; SEC Form 10-Q (2023_Q3),Item 2 - MD&A - R&D,"Acoustic calibration trials demonstrated 92% correlation with clinical pure-tone audiometers, meeting FDA precision requirements for consumer hearing health software."
AAPL-2023Q2-0088,failure,2023-08-03,SEC Form 10-Q (2023_Q3); DisplayMate Mobile Display Audit,Item 2 - MD&A - Products R&D,"Early dynamic governor tuning introduced intermittent frame stutter and 60Hz lockups in third-party gaming engines, forcing engineering to revert to conservative power profiles in beta builds."
AAPL-2023Q2-0089,success,2023-08-03,SEC Form 10-Q (2023_Q3); Optical Engineering Society Journal,Item 2 - MD&A - Products Performance,"Tetraprism optical assembly passed high-temperature mechanical shock and 3D sensor-shift stabilization validation, achieving production readiness for iPhone 15 Pro Max mass manufacturing."
AAPL-2023Q2-0090,success,2023-08-03,SEC Form 10-Q (2023_Q3); Materials Science and Engineering Review,Item 2 - MD&A - Products Hardware,"Diffusion bonding passed extreme torque and drop-impact structural testing, achieving qualification across all CNC machining partners for the iPhone 15 Pro line."
AAPL-2023Q2-0091,success,2023-08-03,USB Implementers Forum Certification Registry; SEC Form 10-Q (2023_Q3),Item 2 - MD&A - R&D,The integrated USB 3 controller achieved full USB-IF compliance certification with sustained 10Gbps data throughput verified during 4K 60fps ProRes external recording stress tests.
AAPL-2023Q2-0092,failure,2023-08-03,SEC Form 10-Q (2023_Q3); Bloomberg Technology Intelligence,Item 2 - MD&A - Research and Development,"Prototype modems suffered severe overheating, carrier certification failures, and poor mmWave throughput, forcing Apple to extend its Snapdragon modem supply agreement with Qualcomm through 2026."
AAPL-2023Q2-0093,success,2023-08-03,IEEE Micro Semiconductor Papers; SEC Form 10-Q (2023_Q3),Item 2 - MD&A - Research and Development,"Silicon simulation benchmarks demonstrated a 2.5x increase in rendering performance over M2 silicon, verifying that Dynamic Caching eliminated GPU memory allocation bottlenecks."
AAPL-2023Q2-0094,success,2023-08-03,iOS 17 Beta Engineering Notes; SEC Form 10-Q (2023_Q3),Item 2 - MD&A - Products Software,"Accelerated cycle testing confirmed that maintaining an 80% ceiling extended battery chemical lifespan from 800 cycles to over 1,200 cycles before reaching 80% original capacity."
AAPL-2023Q2-0095,failure,2023-08-03,SEC Form 10-Q (2023_Q3); The Elec MicroLED Report,Item 2 - MD&A - Research and Development,"MicroLED transfer yield rates remained below 70%, with prohibitive manufacturing costs ($150+ per display) forcing engineering to delay target commercialization past 2026."
AAPL-2023Q2-0096,success,2023-08-03,SEC Form 10-Q (2023_Q3); DxOMark Camera Engineering Review,Item 2 - MD&A - Products Performance,"Image evaluation audits confirmed that 24MP HEIF output delivered 2x resolving detail over 12MP images while keeping file sizes under 3MB, establishing a new mobile photography benchmark."
AAPL-2023Q2-0097,success,2023-08-03,Apple Platform Security Guide; SEC Form 10-Q (2023_Q3),Item 2 - MD&A - Research and Development,"Third-party penetration testing by independent security research labs failed to extract cryptographic keys via physical power-analysis side-channels, validating the hardware mitigations."
AAPL-2023Q2-0098,success,2023-08-03,Apple Developer WWDC 2023 Release Notes; SEC Form 10-Q (2023_Q3),Item 2 - MD&A - Software Platforms,SwiftUI 5 animation APIs reduced developer code lines by 60% for complex animations and lowered main-thread UI rendering latency by 25% across developer beta apps.
AAPL-2023Q2-0099,failure,2023-08-03,SEC Form 10-Q (2023_Q3); Ming-Chi Kuo Supply Chain Analysis,Item 2 - MD&A - Products Hardware,"Persistent false-triggering in testing and complex thermal calibration challenges forced Apple to abandon solid-state buttons for iPhone 15 Pro, reverting to mechanical buttons and Action Button."
AAPL-2023Q2-0100,success,2023-08-03,SEC Form 10-Q (2023_Q3); DisplayMate Smartwatch Review,Item 2 - MD&A - Products Performance,"Display driver testing verified sustained 3,000 nits peak brightness without thermal runaway or accelerated battery drain, achieving full sign-off for Ultra 2 production."
AAPL-2023Q2-0101,failure,2023-08-03,SEC Form 10-Q (2023_Q3); Digital Foundry Game Porting Benchmark,Item 2 - MD&A - Software Platforms,"While developer interest was strong, heavy translation layer overhead caused frame pacing drops of 25-30% on base M2 hardware, forcing major studios to delay commercial Mac game launches into 2024."
AAPL-2023Q2-0102,failure,2023-08-03,SEC Form 10-Q (2023_Q3); California DMV Autonomous Vehicle Disengagement Report,Item 2 - MD&A - Research and Development,"Testing revealed persistent software edge-case disengagements in dense urban traffic, forcing project leadership to scale back autonomy targets to Level 2+ driver assistance."
AAPL-2023Q2-0103,success,2023-08-03,Apple Machine Learning Research Journal; SEC Form 10-Q (2023_Q3),Item 2 - MD&A - R&D,"Core ML 7 enabled third-party apps like Procreate and Djay Pro to execute on-device generative diffusion models with zero noticeable UI latency, cutting app memory usage by 65%."
AAPL-2023Q2-0104,success,2023-08-03,macOS Sonoma Developer Release Notes; SEC Form 10-Q (2023_Q3),Item 2 - MD&A - Software Platforms,"Desktop widget rendering algorithms achieved zero measurable background battery degradation on MacBook Air, receiving enthusiastic developer adoption during the beta period."
AAPL-2023Q2-0105,success,2023-08-03,iOS 17 Feature Review; SEC Form 10-Q (2023_Q3),Item 2 - MD&A - Products Software,"Offline Maps was hailed as one of the most practical iOS 17 features, passing extensive out-of-coverage wilderness field testing with 100% offline routing accuracy."
AAPL-2023Q2-0106,failure,2023-08-03,SEC Form 10-Q (2023_Q3); Voicebot.ai Assistant Benchmark,Item 2 - MD&A - Research and Development,"The updated parser frequently misattributed intent when background speech was present, resulting in an 11% higher error rate in noisy environments and delaying release beyond iOS 17 launch."
AAPL-2023Q2-0107,success,2023-08-03,Apple Newsroom Satellite Expansion Bulletin; SEC Form 10-Q (2023_Q3),Item 2 - MD&A - Products Overview,"Satellite emergency gateways successfully routed over 120 rescue notifications in expanded territories during summer 2023, earning formal commendations from regional search-and-rescue agencies."
AAPL-2023Q2-0108,success,2023-08-03,iOS 17 Beta Testing Review; SEC Form 10-Q (2023_Q3),Item 2 - MD&A - Products Software,"Live Voicemail transcription achieved 96.4% word accuracy in real-time testing with zero cloud transmission, praised by security advocates as a triumph of on-device machine learning."
AAPL-2023Q2-0109,failure,2023-08-03,SEC Form 10-Q (2023_Q3); UploadVR visionOS Technical Deep-Dive,Item 1 - Business - Platforms,"Early developer beta testing revealed significant uncanny-valley facial artifacts and heavy thermal battery drain, forcing Apple to designate Personas as 'Beta' and delay public rollout to 2024."
AAPL-2023Q2-0110,success,2023-08-03,SEC Form 10-Q (2023_Q3); American Psychological Association Review,Item 2 - MD&A - Products Software,"Mental health logging features received endorsements from leading psychiatric institutions for clinical rigor, seeing high user engagement upon developer beta launch."
AAPL-2023Q2-0111,success,2023-08-03,tvOS 17 Release Notes; SEC Form 10-Q (2023_Q3),Item 2 - MD&A - Software Platforms,"FaceTime on Apple TV 4K operated with ultra-low latency (<45ms video delay), with Center Stage framing functioning flawlessly across varying room lighting conditions."
AAPL-2023Q2-0112,success,2023-08-03,SEC Form 10-Q (2023_Q3); National Highway Traffic Safety Administration (NHTSA) Report,Item 2 - MD&A - Products Overview,The updated sensor-fusion classifier reduced false-positive 911 dispatch alerts by 85% at major amusement parks while maintaining 100% sensitivity in high-impact collision verification tests.
AAPL-2023Q2-0113,failure,2023-08-03,SEC Form 10-Q (2023_Q3); Ars Technica iPadOS 17 Review,Item 2 - MD&A - Products Software,"Users and reviewers continued to criticize Stage Manager for awkward window snapping rules and app state freezes on external displays, leaving pro tablet productivity sentiment divided."
AAPL-2023Q2-0114,success,2023-08-03,iOS 17 Beta Testing Logs; SEC Form 10-Q (2023_Q3),Item 2 - MD&A - Products Software,"NameDrop became a viral cultural highlight of iOS 17 developer previews, executing contact handoffs within 1.4 seconds with zero reported security or accidental-trigger failures."
AAPL-2023Q2-0115,success,2023-08-03,Apple Developer Metal Documentation; SEC Form 10-Q (2023_Q3),Item 2 - MD&A - Software Platforms,"Over 200 game development studios integrated Metal 3 shaders into their engines, demonstrating up to 3x faster ray-traced shadow rendering in benchmark developer builds."
AAPL-2023Q2-0116,failure,2023-08-03,SEC Form 10-Q (2023_Q3); Geekerwan Mobile Thermal Test Bench,Item 2 - MD&A - Products Hardware,"Allowing higher sustained thermal thresholds led device surface temperatures to exceed 44°C during 30-minute Genshin Impact sessions, forcing engineering to reinstate conservative throttling profiles."
AAPL-2023Q2-0117,success,2023-08-03,iOS 17 Beta Reviews; SEC Form 10-Q (2023_Q3),Item 2 - MD&A - Products Software,"StandBy mode received universal praise in early iOS 17 reviews for aesthetic design and MagSafe intelligence, driving a 22% increase in consumer demand for MagSafe desktop stands."
AAPL-2023Q2-0118,success,2023-08-03,ALS Association Commendation Bulletin; SEC Form 10-Q (2023_Q3),Item 2 - MD&A - Research and Development,"Personal Voice was celebrated by disability advocates and clinicians worldwide, successfully training high-fidelity voice models locally on iPhone in 15 minutes with zero cloud audio uploads."
AAPL-2023Q2-0119,success,2023-08-03,watchOS 10 Beta Testing Report; SEC Form 10-Q (2023_Q3),Item 2 - MD&A - Software Platforms,"The Smart Stack engine proved highly intuitive in developer testing, surfacing accurate context cards (boarding passes, workout controls) with a 94% user satisfaction rating."
AAPL-2023Q2-0120,failure,2023-08-03,SEC Form 10-Q (2023_Q3); Digital Foundry Mac Gaming Performance Analysis,Item 2 - MD&A - Software Platforms,Complex DirectX 12 translation shaders continued to produce noticeable 200-500ms pipeline stall hitching during first-time level loads in ported AAA titles on M2 hardware.
AAPL-2023Q2-0121,failure,2023-08-03,U.S. Court of Appeals for the Ninth Circuit Order; SEC Form 10-Q (2023_Q3),Part II Item 1 - Legal Proceedings,"The Ninth Circuit denied Apple's petition for panel and en banc rehearing on June 30, 2023, upholding the nationwide anti-steering injunction and forcing Apple to seek emergency Supreme Court review."
AAPL-2023Q2-0122,failure,2023-09-06,European Commission Gatekeeper Designation Decisions; SEC Form 10-K (2023),Note 8 - Commitments and Contingencies,"The European Commission rejected Apple's arguments on September 6, 2023, formally designating Apple as a gatekeeper across iOS, App Store, and Safari, and launching market investigations into iMessage and iPadOS."
AAPL-2023Q2-0123,success,2023-08-03,European Commission Single Market Compliance Register; SEC Form 10-Q (2023_Q3),Note 8 - Regulatory Matters,"Compliance audits verified that all upcoming iPhone 15 configurations fully met IEC 62680-1-2 specifications for USB-C power delivery, ensuring zero regulatory import friction in the European Union."
AAPL-2023Q2-0124,failure,2023-08-03,U.S. International Trade Commission Notice of Review; SEC Form 10-Q (2023_Q3),Part II Item 1 - Legal Proceedings,"The full ITC Commission affirmed the ALJ's finding that Apple infringed Masimo patents 10,912,501 and 10,912,502, declining to vacate the initial liability determination and proceeding toward a formal Exclusion Order."
AAPL-2023Q2-0125,failure,2023-08-03,SEC Form 10-Q (2023_Q3); European Commission DG COMP Bulletin,Note 8 - Commitments and Contingencies,"DG COMP rejected Apple's factual rebuttals during closed-door oral hearings in July 2023, maintaining that Apple's anti-steering terms constituted unfair trading conditions under Article 102 TFEU."
AAPL-2023Q2-0126,success,2023-08-03,U.S. Public Interest Research Group (PIRG) Report; SEC Form 10-Q (2023_Q3),Item 2 - MD&A - Customer Support,"Expanding repair manuals and genuine parts earned formal praise from right-to-repair coalitions, successfully positioning Apple as compliant ahead of the enacted California SB 244 statutory deadline."
AAPL-2023Q2-0127,success,2023-08-03,"Nokia Corporation Press Release (June 30, 2023); SEC Form 10-Q (2023_Q3)",Note 8 - Commitments and Contingencies,"The Nokia agreement secured long-term 5G patent coverage through 2030, resolving all potential royalty litigations with zero operational disruption or public litigation filings."
AAPL-2023Q2-0128,failure,2023-08-03,SEC Form 10-Q (2023_Q3); Bloomberg Legal Antitrust Reporter,Note 8 - Commitments and Contingencies,"The DOJ Antitrust Division rejected Apple's narrow market definition arguments, expanding grand jury depositions and drafting formal civil antitrust complaint claims across the summer."
AAPL-2023Q2-0129,success,2023-08-03,SEC EDGAR Form SD Filing (May 2023); Responsible Minerals Initiative Registry,Item 1A - Risk Factors,"Apple's Form SD passed SEC Division of Corporation Finance compliance checks with zero deficiency letters, maintaining Apple's ranking as an industry leader in responsible minerals sourcing."
AAPL-2023Q2-0130,success,2023-08-03,California Privacy Protection Agency (CPPA) Annual Audit Register; SEC Form 10-Q (2023_Q3),Note 8 - Regulatory Matters,"The automated DSAR portal processed over 180,000 consumer privacy requests in Q3 with an average automated fulfillment time under 4 minutes, achieving 100% statutory deadline compliance."
AAPL-2023Q2-0131,failure,2023-08-03,Conseil d'État Docket No. 471285; SEC Form 10-Q (2023_Q3),Note 8 - Commitments and Contingencies,"The Conseil d'État rejected Apple's preliminary motion for stay of execution, forcing Apple to deposit the €8 million penalty into escrow while maintaining the regulatory finding of non-compliance."
AAPL-2023Q2-0132,success,2023-08-03,European Consumer Organisation (BEUC) Compliance Monitor; SEC Form 10-Q (2023_Q3),Note 8 - Legal Proceedings,"Updated European warranty terms were verified across all 27 member states, resolving outstanding inquiries from Italian and German consumer protection authorities without penalties."
AAPL-2023Q2-0133,success,2023-08-03,Irish Data Protection Commission Compliance Registry; SEC Form 10-Q (2023_Q3),Note 8 - Regulatory Proceedings,The revised SCC framework and transfer impact assessments successfully passed an audit by the lead supervisory authority (Irish DPC) with zero corrective orders issued.
AAPL-2023Q2-0134,failure,2023-08-03,Korea Communications Commission Press Notice; SEC Form 10-Q (2023_Q3),Note 8 - Commitments and Contingencies,"The KCC issued preliminary findings concluding that Apple's 26% fee and restrictive user routing violated the Telecommunications Business Act, notifying Apple of potential maximum statutory fines of ₩20.5 billion."
AAPL-2023Q2-0135,success,2023-08-03,Apple Legal Public Disclosures; SEC Form 10-Q (2023_Q3),Note 8 - Commitments and Contingencies,"The inaugural transparency report detailed over 1.6 million app rejections and 420 million blocked fraudulent transactions, earning praise from corporate governance and developer transparency groups."
AAPL-2023Q2-0136,success,2023-08-03,BIS Export Licensing Audit Registry; SEC Form 10-Q (2023_Q3),Note 8 - Regulatory Matters,"Automated export screening screened over 14 million international hardware shipments with zero licensing deviations, earning full compliance sign-off from the Department of Commerce BIS auditor."
AAPL-2023Q2-0137,success,2023-08-03,SEC Form 10-Q (2023_Q3); EU Corporate Governance Review,Note 8 - Commitments and Contingencies,"The unified EU whistleblower reporting infrastructure was successfully audited across all regional hubs, meeting statutory implementation deadlines with zero non-compliance citations."
AAPL-2023Q2-0138,failure,2023-08-03,Bundeskartellamt Case Summary; SEC Form 10-Q (2023_Q3),Note 8 - Commitments and Contingencies,"The Bundeskartellamt rejected Apple's motion to terminate the proceeding, issuing a formal statement of preliminary concerns alleging that ATT self-preferences Apple's own advertising services."
AAPL-2023Q2-0139,success,2023-08-03,EUIPO Opposition Decisions Register; SEC Form 10-Q (2023_Q3),Note 8 - Intellectual Property,"EUIPO granted 100% of Apple's contested trademark opposition rulings, canceling infringing copycat registrations and preserving brand exclusivity across European retail channels."
AAPL-2023Q2-0140,success,2023-08-03,SEC Form 10-Q (2023_Q3); National Law Journal Employment Review,Note 8 - Legal Matters,"Updated employment arbitration terms were executed across Apple's 90,000+ U.S. employees with zero legal challenges, ensuring full alignment with federal statutory mandates."
AAPL-2023Q2-0141,failure,2023-08-03,UK Competition Appeal Tribunal Judgment; SEC Form 10-Q (2023_Q3),Note 8 - Commitments and Contingencies,"The UK Court of Appeal overturned an earlier procedural ruling, reinstating the CMA's statutory authority to conduct a full market investigation into Apple's mobile browser and cloud gaming rules."
AAPL-2023Q2-0142,success,2023-08-03,SCS Global Services Carbon Neutrality Certification Registry; SEC Form 10-Q (2023_Q3),Item 1A - Risk Factors,"SCS Global Services completed the lifecycle verification audit, certifying that Apple Watch manufacturing achieved net-zero emissions, shielding Apple from consumer greenwashing litigation."
AAPL-2023Q2-0143,success,2023-08-03,SEC Form 10-Q (2023_Q3); FTC Enforcement Bulletin,Note 8 - Regulatory Proceedings,"Over 3.5 million registered developers signed the amended DPLA terms, reducing consumer subscription auto-renewal billing complaints by 31% in U.S. storefronts."
AAPL-2023Q2-0144,success,2023-08-03,U.S. Department of the Treasury OFAC Audit; SEC Form 10-Q (2023_Q3),Item 1A - Risk Factors,"The automated screening engine successfully blocked 14 unauthorized payout attempts to sanctioned accounts without false-positive disruption to legitimate developers, receiving clean audit marks."
AAPL-2023Q2-0145,failure,2023-08-03,U.S. District Court for Northern District of California Order; SEC Form 10-Q (2023_Q3),Note 8 - Commitments and Contingencies,"U.S. District Judge Vince Chhabria denied Apple's motion to dismiss in substantial part, ruling that plaintiffs plausibly pled an illegal tying claim and ordering the case into full formal discovery."
AAPL-2023Q2-0146,success,2023-08-03,U.S. District Court for the Eastern District of Texas Order of Dismissal; SEC Form 10-Q (2023_Q3),Note 8 - Intellectual Property,"The court granted Apple's motion for summary judgment of non-infringement with prejudice, awarding Apple taxable litigation defense costs against the asserting NPE."
AAPL-2023Q2-0147,success,2023-08-03,Federal Trade Commission HSR Compliance Register; SEC Form 10-Q (2023_Q3),Note 8 - Commitments and Contingencies,"Three strategic technology talent transactions were cleared without DOJ or FTC Second Requests, successfully integrating key AI spatial audio researchers into Cupertino engineering teams."
AAPL-2023Q2-0148,failure,2023-08-03,Court of Justice of the European Union (C-465/20 P); SEC Form 10-Q (2023_Q3),Note 8 - Commitments and Contingencies,"Advocate General Pitruzzella delivered an adverse opinion recommending the ECJ set aside the General Court ruling and order a full rehearing, dramatically increasing the probability of tax repayment liability."
AAPL-2023Q2-0149,success,2023-08-03,Internal Privacy Audit Journal; SEC Form 10-Q (2023_Q3),Item 1A - Risk Factors,"Automated data purging decommissioned 4.2 petabytes of legacy telemetry logs across iCloud infrastructure, receiving clean audit validation from international data privacy regulators."
AAPL-2023Q2-0150,success,2023-08-03,SEC Form 10-Q (2023_Q3); Part II Item 1A - Risk Factors,Part II Item 1A - Risk Factors,The updated risk factor disclosures were commended by securities analysts for comprehensive risk framing and survived formal SEC Corporation Finance disclosure reviews without comment.
AAPL-2023Q2-0151,success,2023-08-03,Voluntary Product Accessibility Templates (VPAT) Register; SEC Form 10-Q (2023_Q3),Note 8 - Regulatory Compliance,"Official VPAT accessibility certifications were published on schedule, allowing Apple hardware and software to maintain qualification for over $1.8 billion in municipal and federal procurement pipelines."
AAPL-2023Q2-0152,failure,2023-08-03,U.S. District Court Docket No. 3:23-cv-02145; SEC Form 10-Q (2023_Q3),Note 8 - Commitments and Contingencies,"The district court sustained plaintiffs' breach of express warranty claims, ordering Apple into formal document production regarding internal battery cycle testing records."
AAPL-2023Q2-0153,success,2023-08-03,Latin American Banking Federation Regulatory Bulletin; SEC Form 10-Q (2023_Q3),Note 8 - Commitments and Contingencies,"Standardized DPAs were executed across 18 tier-1 banking institutions, enabling smooth commercial rollout of Apple Pay in Chile and Colombia with zero regulatory delays."
AAPL-2023Q2-0154,success,2023-08-03,Santa Clara County Superior Court Preliminary Injunction Order; SEC Form 10-Q (2023_Q3),Note 8 - Intellectual Property,The court granted Apple an immediate preliminary injunction ordering forensic impoundment of all defendant devices and barring disclosure of Apple custom silicon design IP.
AAPL-2023Q2-0155,failure,2023-08-03,EU General Court Docket Case T-345/23; SEC Form 10-Q (2023_Q3),Note 8 - Commitments and Contingencies,"The EU General Court denied Apple's request for interim suspension of VLOP obligations, forcing Apple to deploy mandatory ad repositories and external algorithmic compliance audits by August 2023."
AAPL-2023Q2-0156,success,2023-08-03,Apple Platform Security Review; SEC Form 10-Q (2023_Q3),Item 1 - Business - Platforms,"The independent Privacy-by-Design audit confirmed complete architectural isolation of gaze telemetry, earning praise from European and international biometric privacy regulators."
AAPL-2023Q2-0157,success,2023-08-03,European Commission Tax and Customs Union Bulletin; SEC Form 10-Q (2023_Q3),Note 5 - Income Taxes,"DAC7 compliance automation verified tax data for over 280,000 EU developers with zero portal disruption, successfully submitting inaugural reporting batches to Irish Revenue on schedule."
AAPL-2023Q2-0158,success,2023-08-03,International Confederation of Societies of Authors and Composers (CISAC) Report; SEC Form 10-Q (2023_Q3),Item 2 - MD&A - Services,"Direct blanket licensing agreements secured predictable royalty cost structures through 2026, eliminating copyright infringement litigation risks across European storefronts."
AAPL-2023Q2-0159,failure,2023-08-03,U.S. District Court for Northern District of California Order; SEC Form 10-Q (2023_Q3),Note 8 - Legal Proceedings,"U.S. District Judge Yvonne Gonzalez Rogers overruled Apple's objections, awarding class counsel $27 million in attorney fees and expenses from the settlement fund."
AAPL-2023Q2-0160,success,2023-08-03,Apple Brand Protection Annual Digest; SEC Form 10-Q (2023_Q3),Item 1A - Risk Factors,"Automated enforcement scripts successfully removed over 1.4 million fraudulent online marketplace listings and supported law enforcement raids seizing 380,000 counterfeit chargers."
AAPL-2023Q3-0001,success,2023-11-02,SEC Form 10-K (2023); Counterpoint Research Global Smartphone Tracker,Item 7 - MD&A - Operations,"Synchronized manufacturing enabled Indian assembly plants to ship day-one launch units of the standard iPhone 15 alongside Chinese facilities in September 2023, reducing holiday supply disruption risk."
AAPL-2023Q3-0002,success,2023-11-02,Apple Environmental Progress Report; SEC Form 10-K (2023),Item 7 - MD&A - Products Performance,"Apple Watch Series 9 and Ultra 2 achieved Apple's first certified carbon-neutral product designation, powered by 100% clean electricity across manufacturing partners and 100% recycled aluminum cases."
AAPL-2023Q3-0003,failure,2023-11-02,SEC Form 10-K (2023); IDC Worldwide Quarterly PC Tracker,Item 7 - MD&A - Net Sales by Product Category,"Throttling M2 laptop assembly failed to prevent severe channel discounting as overall PC demand worsened; Q4 Mac revenue fell -33.8% YoY from $11,508 million down to $7,614 million."
AAPL-2023Q3-0004,failure,2023-11-02,SEC Form 10-K (2023); Canalys Worldwide Tablet Tracker,Item 7 - MD&A - Net Sales by Product Category,"Cutting iPad assembly could not reverse category headwinds in the absence of new hardware releases; Q4 iPad revenue dropped another -10.2% YoY from $7,174 million to $6,443 million."
AAPL-2023Q3-0005,success,2023-11-02,Apple Environmental Progress Report; SEC Form 10-K (2023),Item 7 - MD&A - Operations,"Plastic shrink-wrap was successfully eliminated across all iPhone 15 and Apple Watch packaging, removing over 2,400 metric tons of plastic packaging across the 2023 holiday release cycle."
AAPL-2023Q3-0006,success,2023-11-02,"SEC Form 10-K (2023); Press Release (November 2, 2023)",Item 7 - MD&A - Segment Operations,"Local bank EMI financing and trade-in structures in India, Latin America, and Middle East drove an all-time September quarter iPhone revenue record of $43.8 billion."
AAPL-2023Q3-0007,success,2023-11-02,SEC Form 10-K (2023); AppleCare Operations Review,Item 7 - MD&A - Services Cost of Sales,"Automating regional spare parts forward stocking hubs cut standard AppleCare repair turnaround times by 35% across EMEA and North America, reducing customer repair wait times."
AAPL-2023Q3-0008,success,2023-11-02,SEC Form 10-K (2023); TrendForce NAND Flash Price Analysis,Item 7 - MD&A - Cost of Sales,Locking in multi-quarter fixed-price NAND flash contracts ahead of late 2023 memory supplier price hikes protected hardware gross margin by an estimated 45 bps across iPhone 15 Pro production.
AAPL-2023Q3-0009,failure,2023-11-02,SEC Form 10-K (2023); The Verge Hardware Consumer Report,Item 7 - MD&A - Products Performance,The transition to FineWoven fabric cases proved an operational setback; widespread consumer complaints regarding rapid scratching and peeling led to elevated return rates and damaged accessory brand equity.
AAPL-2023Q3-0010,failure,2023-11-02,SEC Form 10-K (2023); DigiTimes Optical Component Supply Review,Item 7 - MD&A - Gross Margin,"Early production yields on tetraprism camera assemblies dipped below 55% in August, creating severe initial supply bottlenecks for iPhone 15 Pro Max and delaying shipping lead times by 3-4 weeks."
AAPL-2023Q3-0011,failure,2023-11-02,SEC Form 10-K (2023); NPD Group POS Tracker,Item 7 - MD&A - Products Net Sales,"Promotional allowances failed to clear channel stock as corporate enterprise PC purchasing froze; channels entered Q4 with 6 weeks of aging M2 stock, forcing write-downs ahead of M3 launches."
AAPL-2023Q3-0012,success,2023-11-02,SEC Form 10-K (2023); Nikkei Asia Supply Chain Review,Item 7 - MD&A - Operations,"Accelerated assembly migration to Luxshare and Goertek facilities in northern Vietnam reached over 60% of global AirPods and 20% of iPad production, insulating operations from single-country risks."
AAPL-2023Q3-0013,success,2023-11-02,SEC Form 10-K (2023); Retail Operations Technology Journal,Item 7 - MD&A - Selling Expenses,"Automated in-store diagnostic systems cut trade-in inspection time from 15 minutes to under 4 minutes, driving a record 30% YoY surge in customer hardware trade-in volume during Q4."
AAPL-2023Q3-0014,success,2023-11-02,Apple Environmental Progress Report; SEC Form 10-K (2023),Item 7 - MD&A - Operations,"On-site solar and battery storage installation in Mesa came online on schedule, supplying 100% of the facility's daytime cloud compute load and lowering facility utility power expenses by 18%."
AAPL-2023Q3-0015,success,2023-11-02,SMT Quality Digest India; SEC Form 10-K (2023),Item 7 - MD&A - Cost of Sales,"Pegatron Chennai achieved a 99.4% logic board first-pass yield rate following SPI standardization, bringing Indian motherboard manufacturing quality to parity with top Zhengzhou lines."
AAPL-2023Q3-0016,success,2023-11-02,SEC Form 10-K (2023); Freight Logistics Management Journal,Item 7 - MD&A - Products Gross Margin,Rerouting watch band shipments to maritime freight reduced accessory shipping expenses by $28 million in Q4 while maintaining 99.1% on-time inventory fulfillment across international retail channels.
AAPL-2023Q3-0017,failure,2023-11-02,SEC Form 10-K (2023); TechInsights Materials Analysis,Item 7 - MD&A - Products Performance,"Early titanium PVD coating runs suffered color variance and fingerprint discoloration issues, requiring slow cycle-time adjustments that throttled initial Pro enclosure output by 18%."
AAPL-2023Q3-0018,success,2023-11-02,SEC Form 10-K (2023); ASEAN Express Parcel Review,Item 7 - MD&A - Rest of Asia Pacific Segment,"Direct Singapore routing reduced average Southeast Asian parcel delivery times by 54%, driving a 16% YoY increase in direct-to-consumer online sales in Rest of Asia Pacific."
AAPL-2023Q3-0019,success,2023-11-02,Apple Supplier Responsibility Report; SEC Form 10-K (2023),Item 7 - MD&A - Operations,"UL 2799 certification was achieved across all 35 targeted supplier sites, diverting over 320,000 metric tons of manufacturing waste from municipal landfills in fiscal 2023."
AAPL-2023Q3-0020,failure,2023-11-02,SEC Form 10-K (2023); The Elec Display Industry Report,Item 7 - MD&A - Cost of Sales,"BOE again failed qualification due to persistent light-leakage defects around the Dynamic Island cutout, forcing Apple to reallocate 100% of early production orders to Samsung Display and LG Display."
AAPL-2023Q3-0021,success,2023-11-02,Foxconn Assembly Automation Review; SEC Form 10-K (2023),Item 7 - MD&A - Cost of Sales,"Automated battery insertion cells operated across 14 lines with a 99.98% placement success rate, reducing assembly line takt time by 6.2 seconds and saving $14 million in direct labor costs."
AAPL-2023Q3-0022,success,2023-11-02,SEC Form 10-K (2023); iFixit Repairability Analysis,Item 7 - MD&A - Services Performance,"In-store laser back glass repair machines completed over 350,000 repairs during Q4, cutting customer turnaround times to under 2 hours and boosting AppleCare customer satisfaction NPS by 12 points."
AAPL-2023Q3-0023,success,2023-11-02,European Logistics Review; SEC Form 10-K (2023),Item 7 - MD&A - Products Gross Margin,"Cross-docking consolidation raised average European trailer load factors from 68% to 89%, trimming overland freight expenses by €12 million while cutting shipping transit times by 1.2 days."
AAPL-2023Q3-0024,failure,2023-11-02,SEC Form 10-K (2023); Vietnam Investment Review,Item 7 - MD&A - Capital Resources,"Delays in regional municipal environmental wastewater permits postponed commercial production sign-off at Vinh Phuc into 2024, leaving initial iPad assembly concentrated in China."
AAPL-2023Q3-0025,success,2023-11-02,Retail Tech Europe Bulletin; SEC Form 10-K (2023),Item 7 - MD&A - Selling Expenses,"Mobile POS scanner deployment reduced average in-store checkout transaction times by 32 seconds, eliminating checkout lines during iPhone 15 launch weekend across flagship European stores."
AAPL-2023Q3-0026,success,2023-11-02,Taiwan Ministry of Economic Affairs Energy Registry; SEC Form 10-K (2023),Item 7 - MD&A - Operations,The Changhua offshore wind project achieved financial close with Apple securing dedicated power purchase allocations covering 100% of advanced silicon packaging energy demand in Taiwan.
AAPL-2023Q3-0027,success,2023-11-02,Sustainable Packaging Coalition Annual Report; SEC Form 10-K (2023),Item 7 - MD&A - Cost of Sales,"Fiber carton sealing was adopted across 100% of global iPad bulk shipments, eliminating 840 tons of plastic tape while passing automated conveyor drop-resistance testing."
AAPL-2023Q3-0028,failure,2023-11-02,SEC Form 10-K (2023); Nikkei Electronics Industry Report,Item 7 - MD&A - Cost of Sales,"Holding a 45-day sensor buffer tied up $120 million in inventory capital while Sony's fab operated without interruption, resulting in higher working capital holding costs without operational benefit."
AAPL-2023Q3-0029,success,2023-11-02,Packaging World Automation Digest; SEC Form 10-K (2023),Item 7 - MD&A - Operations,Robotic pallet wrapping increased outbound pallet throughput by 24% while replacing 62 tons of petroleum plastic film with certified compostable materials.
AAPL-2023Q3-0030,success,2023-11-02,Wire & Cable Technology International; SEC Form 10-K (2023),Item 7 - MD&A - Cost of Sales,"Automated cable flexure testing caught an early solder fatigue defect in supplier batches, preventing potential field cable failures across 80 million shipping units."
AAPL-2023Q3-0031,failure,2023-11-02,SEC Form 10-K (2023); Austin Business Journal Manufacturing Report,Item 7 - MD&A - Cost of Sales,"Acute component shortages of M2 Ultra high-bandwidth substrate interposers capped Austin production at 40% of planned capacity, resulting in 6-week enterprise delivery backlogs."
AAPL-2023Q3-0032,success,2023-11-02,SEC Form 10-K (2023); Telecom Carrier Retail Analysis,Item 7 - MD&A - Selling Expenses,"Over 85% of North American iPhone 15 launch weekend buyers activated via in-store instant eSIM provisioning, reducing store wait times by 60% and driving record customer satisfaction ratings."
AAPL-2023Q3-0033,success,2023-11-02,Responsible Jewellery Council Certification Register; SEC Form 10-K (2023),Item 7 - MD&A - Operations,"Recycled gold certification was audited across 100% of iPhone 15 production runs, successfully avoiding over 18,000 tons of primary ore mining impact in fiscal 2023."
AAPL-2023Q3-0034,success,2023-11-02,SEC Form 10-K (2023); AppleCare Technical Service Metrics,Item 7 - MD&A - Services Cost of Sales,"Pre-adhesive battery service kits reduced average in-store battery repair duration to 18 minutes, enabling Genius Bars to complete 40% more battery replacements daily with zero re-repair defects."
AAPL-2023Q3-0035,failure,2023-11-02,SEC Form 10-K (2023); Freightos Ocean Transit Benchmark,Item 7 - MD&A - Products Gross Margin,"Severe port congestion at the Port of Rotterdam caused 8-day anchoring delays, completely negating express transit benefits and delaying retail delivery schedules into November."
AAPL-2023Q3-0036,success,2023-11-02,SEC Form 10-K (2023); Consumer Hardware Secondary Market Tracker,Item 7 - MD&A - Products Performance,"Refurbished Apple Watch inventory sold out within 48 hours of posting, delivering gross margins above 52% on reconditioned hardware units in Q4."
AAPL-2023Q3-0037,success,2023-11-02,Apple Clean Water Program Bulletin; SEC Form 10-K (2023),Item 7 - MD&A - Operations,"The Asan water treatment facility successfully recycled over 2.4 billion gallons of industrial process water, earning Samsung Display the Alliance for Water Stewardship Platinum certification."
AAPL-2023Q3-0038,failure,2023-11-02,SEC Form 10-K (2023); Industrial Manufacturing Vietnam Bulletin,Item 7 - MD&A - Cost of Sales,"Jabil Da Nang struggled with anodization color uniformity and micro-milling tolerances on MacBook Air chassis, failing audit benchmarks and forcing Apple to pause production allocation."
AAPL-2023Q3-0039,success,2023-11-02,Logistics Tech Europe Report; SEC Form 10-K (2023),Item 7 - MD&A - Products Gross Margin,"Laser dimensioning verification reduced carrier cubic weight dispute adjustments by 94%, saving €4.8 million in European parcel and freight carrier chargebacks during Q4."
AAPL-2023Q3-0040,success,2023-11-02,SEC Form 10-K (2023); AppleCare Operations Technical Journal,Item 7 - MD&A - Services Performance,"Automated display calibration fixtures reduced screen replacement rework rates to below 0.2%, cutting repair time and improving customer satisfaction ratings across all global retail stores."
AAPL-2023Q3-0041,success,2023-11-02,SEC Form 10-K (2023); Note 5 - Shareholders' Equity,Item 7 - MD&A - Liquidity and Capital Resources,"Apple returned $21.4 billion via share repurchases in Q4, retiring 120 million shares and driving full-year diluted EPS up 13% YoY despite flat consolidated revenues."
AAPL-2023Q3-0042,success,2023-11-02,SEC Form 10-K (2023); Note 5 - Shareholders' Equity,Item 7 - MD&A - Dividends,"Apple disbursed $3.8 billion in common stock dividends during Q4, fulfilling its 11-year dividend growth commitment with zero impact on operating liquidity."
AAPL-2023Q3-0043,failure,2023-11-02,SEC Form 10-K (2023); Note 3 - Financial Instruments,Condensed Consolidated Statements of Comprehensive Income,"U.S. 10-year Treasury yields surged past 4.95% in October 2023, generating $1.15 billion in unrealized mark-to-market valuation losses in Accumulated Other Comprehensive Loss."
AAPL-2023Q3-0044,success,2023-11-02,"SEC Form 10-K (2023); Press Release (November 2, 2023)",Item 7 - MD&A - Services Performance,"Services revenue set another all-time record of $22.3 billion in Q4 (+16% YoY), with infrastructure scaling maintaining Services gross margin at an exceptional 70.9%."
AAPL-2023Q3-0045,failure,2023-11-02,SEC Form 10-K (2023); Bank of England Sterling Market Report,Item 7A - Quantitative Disclosures About Market Risk,"Volatile Sterling movements and UK consumer spending contractions resulted in hedge ineffectiveness, causing a $78 million negative true-up in operating expenses."
AAPL-2023Q3-0046,success,2023-11-02,SEC Form 10-K (2023); Statements of Operations,Item 7 - MD&A - Operating Expenses,"G&A discipline limited full-year fiscal 2023 administrative costs to $24.9 billion (under 6.5% of net revenue), expanding full-year corporate operating margin to 29.8%."
AAPL-2023Q3-0047,success,2023-11-02,SEC Form 10-K (2023); Note 6 - Debt,Item 7 - MD&A - Liquidity,"Commercial paper outstanding was reduced to $0.8 billion by fiscal year-end, eliminating $24 million in annualized interest expense in an inverted yield curve environment."
AAPL-2023Q3-0048,success,2023-11-02,SEC Form 10-K (2023); European Payments Council Journal,Item 7 - MD&A - Services Cost of Sales,"Volume tier negotiations lowered blended European payment processing fees by 14 basis points, generating $38 million in annualized operating fee savings."
AAPL-2023Q3-0049,failure,2023-11-02,SEC Form 10-K (2023); Note 1 - Accounting Policies,Item 7 - MD&A - Products Gross Margin,"Promotional take-rates were significantly higher than modeled while hardware volume failed to offset the dilution, resulting in an unexpected 110 bps contraction in Products gross margin."
AAPL-2023Q3-0050,success,2023-11-02,SEC Form 10-K (2023); Note 6 - Debt,Item 7 - MD&A - Liquidity and Capital Resources,"The debt maturity ladder operated smoothly with only $1.9 billion in term debt maturing in fiscal 2024, completely shielding Apple from high institutional refinancing rates."
AAPL-2023Q3-0051,success,2023-11-02,UK Merchant Payments Review; SEC Form 10-K (2023),Item 7 - MD&A - Services Overview,"Tap to Pay on iPhone was adopted by over 65,000 UK small businesses within 90 days of launch, driving an 18% increase in regional contactless Apple Pay transactions."
AAPL-2023Q3-0052,success,2023-11-02,SEC Form 10-K (2023); Statements of Cash Flows,Item 7 - MD&A - Capital Resources,"Full-year fiscal 2023 capital expenditures totaled $9.96 billion, below the $11.0 billion initial budget, generating $99.6 billion in operating cash flow and record free cash flow."
AAPL-2023Q3-0053,failure,2023-11-02,SEC Form 10-K (2023); People's Bank of China Currency Report,Item 7A - Quantitative Disclosures About Market Risk,"The Yuan depreciated past 7.31 per USD in September, triggering $165 million in derivative hedge losses and creating an adverse 2.5% drag on reported Greater China net sales."
AAPL-2023Q3-0054,success,2023-11-02,SEC Form 10-K (2023); Note 3 - Financial Instruments,Item 7 - MD&A - Liquidity,"Apple's $162.1 billion cash and marketable securities portfolio experienced zero credit default events or credit downgrades throughout fiscal 2023, preserving full principal value."
AAPL-2023Q3-0055,success,2023-11-02,SEC Form 10-K (2023); Note 5 - Shareholders' Equity,Item 7 - MD&A - Liquidity and Capital Resources,"Repatriated international cash funded $21.4B in Q4 share repurchases with zero foreign withholding tax leakage, maintaining domestic liquidity above $160 billion."
AAPL-2023Q3-0056,failure,2023-11-02,SEC Form 10-K (2023); Note 6 - Debt,Item 7 - MD&A - Capital Resources,"Indicative 30-year corporate borrowing rates spiked above 5.85% in September, leading treasury to cancel the proposed debt offering to avoid locking in high long-term interest carry."
AAPL-2023Q3-0057,success,2023-11-02,SEC Form 10-K (2023); Financial Executives International Review,Item 7 - MD&A - Other Income,Automated FX revaluation reduced month-end financial close cycle time from 7 days to 4 days across all 55 global operating entities with zero audit reconciliation variances.
AAPL-2023Q3-0058,success,2023-11-02,SEC Form 10-K (2023); Parks Associates Streaming Video Tracker,Item 7 - MD&A - Services Performance,The financial model accurately projected that subscriber elasticity would remain inelastic; subsequent price adjustments expanded entertainment services ARPU by 14% with minimal churn.
AAPL-2023Q3-0059,success,2023-11-02,SEC Form 10-K (2023); Note 5 - Income Taxes,Item 7 - MD&A - Provision for Income Taxes,"Updated transfer pricing allocations were accepted by regional tax authorities in India and Singapore without audit adjustments, supporting a stable full-year effective tax rate of 14.7%."
AAPL-2023Q3-0060,failure,2023-11-02,SEC Form 10-K (2023); Note 4 - Financial Details,Item 7 - MD&A - Operating Expenses,"Severe currency access restrictions in Argentina prevented local carrier partners from remitting USD payments, forcing Apple to record a $52 million write-off exceeding established reserves."
AAPL-2023Q3-0061,success,2023-11-02,SEC Form 10-K (2023); Note 3 - Financial Instruments,Item 8 - Financial Statements,"Apple concluded fiscal 2023 with zero Level 3 financial assets, receiving an unqualified clean audit opinion from Ernst & Young on consolidated financial instrument disclosures."
AAPL-2023Q3-0062,success,2023-11-02,SEC Form 10-K (2023); Corporate Treasury Management Journal,Item 7 - MD&A - Liquidity,"Automated ZBA cash sweeps reduced idle local bank deposits by €1.4 billion, generating €19 million in incremental overnight interest earnings during Q4."
AAPL-2023Q3-0063,failure,2023-11-02,SEC Form 10-K (2023); U.S. Energy Information Administration Bulletin,Item 7 - MD&A - Services Cost of Sales,"Industrial electricity rates in North Carolina and Nevada exceeded modeled baseline projections by 18%, increasing quarterly data center utility costs by $44 million and dampening cloud gross margins."
AAPL-2023Q3-0064,success,2023-11-02,Apple Green Bond Impact Report; SEC Form 10-K (2023),Item 7 - MD&A - Capital Resources,"The green bond impact report verified that funded projects generated 1.8 GW of renewable energy capacity worldwide, receiving top-tier governance ratings from Sustainalytics and MSCI ESG."
AAPL-2023Q3-0065,success,2023-11-02,SEC Form 10-K (2023); Financial Operations Digest,Item 7 - MD&A - Liquidity,"Automated OCR invoice ingestion processed 94% of supplier invoices with zero human intervention, cutting payment turnaround time by 4 days and capturing $22 million in early-payment discounts."
AAPL-2023Q3-0066,failure,2023-11-02,SEC Form 10-K (2023); Note 1 - Summary of Significant Accounting Policies,Item 7 - MD&A - Cost of Sales,Sluggish channel sell-through necessitated an unexpected $88 million inventory valuation write-down on M2 MacBook Pro assemblies at fiscal year-end as wholesale ASPs softened.
AAPL-2023Q3-0067,failure,2023-11-02,SEC Form 10-K (2023); Bank of Japan Monetary Policy Statement,Item 7A - Quantitative Disclosures About Market Risk,"The Bank of Japan unexpectedly raised its effective YCC yield cap to 1.0% in late July, triggering Yen spot volatility that caused $95 million in derivative hedge losses."
AAPL-2023Q3-0068,success,2023-11-02,SEC Form 10-K (2023); Note 4 - Condensed Consolidated Details,Item 7 - MD&A - Liquidity,"Tooling receivable audits verified 100% equipment reconciliation across all contract manufacturer campuses, with zero impairment charges recorded on Apple's balance sheet."
AAPL-2023Q3-0069,success,2023-11-02,"SEC Form 10-K (2023); Press Release (November 2, 2023)",Item 7 - MD&A - Segment Operations,"Targeted promotional investments drove record September quarter revenue in India and multiple emerging markets, expanding Rest of Asia Pacific net sales by 8% YoY."
AAPL-2023Q3-0070,failure,2023-11-02,SEC Form 10-K (2023); Federal Reserve FOMC Policy Statements,Item 7A - Quantitative Disclosures About Market Risk,Benchmark SOFR rates remained elevated at 5.3% throughout Q4; converting fixed debt to floating would have immediately increased quarterly interest expense by $28 million.
AAPL-2023Q3-0071,success,2023-11-02,S&P Global Ratings Research Update; Moody's Credit Opinion,Item 7 - MD&A - Liquidity,"Both rating agencies reaffirmed Apple's Aa1/AA+ ratings with stable outlooks, citing the company's exceptional $99.6 billion operating cash flow and net cash position."
AAPL-2023Q3-0072,success,2023-11-02,SEC Form 10-K (2023); Treasury Risk Management Quarterly,Item 7A - Quantitative Disclosures About Market Risk,Algorithmic option strips successfully protected $74 million in emerging market App Store billing revenues from sharp local currency devaluations during Q4.
AAPL-2023Q3-0073,success,2023-11-02,SEC Form 10-K (2023); Note 6 - Debt,Item 7 - MD&A - Liquidity and Capital Resources,"Extinguishing the $2.0B notes reduced total term debt to $108.0 billion, eliminating $57 million in ongoing annual coupon expense without requiring commercial paper bridge borrowing."
AAPL-2023Q3-0074,failure,2023-11-02,SEC Form 10-K (2023); eMarketer Global Search Ad Spend Report,Item 7 - MD&A - Services Performance,"Stricter privacy consent flows in European storefronts slowed ad inventory expansion, causing Q4 Search Ads revenue to miss internal baseline projections by $70 million."
AAPL-2023Q3-0075,success,2023-11-02,SEC Form 10-K (2023); Note 7 - Leases,Item 8 - Financial Statements,The lease audit confirmed operating lease liabilities of $11.4 billion and right-of-use assets of $11.0 billion with zero audit discrepancies or valuation adjustments.
AAPL-2023Q3-0076,success,2023-11-02,SEC Form 10-K (2023); Supply Chain Finance Review,Item 7 - MD&A - Liquidity,"Over 140 key manufacturing suppliers utilized the program, financing $3.8 billion in receivables during Q4 and ensuring uninterrupted component deliveries with zero supplier credit disruptions."
AAPL-2023Q3-0077,failure,2023-11-02,SEC Form 10-K (2023); European Central Bank Foreign Exchange Bulletin,Item 7A - Quantitative Disclosures About Market Risk,"The Euro weakened more rapidly than modeled following German industrial contraction data, resulting in $120 million in forward derivative hedge ineffectiveness recorded in Q4."
AAPL-2023Q3-0078,success,2023-11-02,SEC Form 10-K (2023); Note 8 - Commitments and Contingencies,Item 8 - Financial Statements,"Escrowed funds generated positive net interest income of €45 million during the period, fully covering escrow management expenses without impacting corporate cash reserves."
AAPL-2023Q3-0079,success,2023-11-02,SEC Form 10-K (2023); Note 6 - Debt,Item 7 - MD&A - Liquidity,"Bi-weekly commercial paper maturity pacing saved 22 bps on annualized borrowing yields, saving $3.6 million in financing costs while matching supplier cash outflows perfectly."
AAPL-2023Q3-0080,failure,2023-11-02,SEC Form 10-K (2023); Latin American Media Consumption Tracker,Item 7 - MD&A - Services Performance,"Price increases caused an immediate 21% jump in subscriber cancellations across Brazil and Argentina, negating projected ARPU gains and slowing regional Services growth."
AAPL-2023Q3-0081,success,2023-11-02,SEC Form 10-K (2023); AnandTech A17 Pro Deep-Dive,Item 7 - MD&A - Products Performance,"A17 Pro silicon production stepping delivered advertised 20% GPU compute improvements and hardware-accelerated ray tracing, enabling console-quality titles on iPhone 15 Pro."
AAPL-2023Q3-0082,failure,2023-11-02,SEC Form 10-K (2023); UploadVR visionOS Beta Review,Item 7 - MD&A - Software Platforms,"Developer telemetry revealed significant uncanny-valley artifacts, high eye-tracking drift in low light, and heavy thermal battery drain, forcing Apple to postpone public persona availability."
AAPL-2023Q3-0083,failure,2023-11-02,SEC Form 10-K (2023); Daring Fireball iOS 17 Software Analysis,Item 7 - MD&A - Products Software,"Early iOS 17 beta testers reported noticeable keyboard UI typing lag, aggressive erroneous word replacements, and frequent capitalization bugs, forcing engineering to issue multiple bug fix patches."
AAPL-2023Q3-0084,success,2023-11-02,IEEE Micro Semiconductor Journal; SEC Form 10-K (2023),Item 7 - MD&A - Research and Development,"Hardware Dynamic Caching validation confirmed a 2.5x increase in GPU rendering efficiency over M2 silicon, enabling hardware ray tracing on Mac with zero memory allocation stalls."
AAPL-2023Q3-0085,failure,2023-11-02,SEC Form 10-K (2023); JerryRigEverything Structural Durability Analysis,Item 7 - MD&A - Products Performance,"While diffusion bonding successfully reduced device weight by 19g, structural bend testing revealed localized stress concentrations that caused the back glass to crack under torsional pressure."
AAPL-2023Q3-0086,success,2023-11-02,iOS 17 Battery Engineering White Paper; SEC Form 10-K (2023),Apple iOS 17 Beta - Optimized Battery Charging,iOS 17 beta 5 (July 2023) shipped an updated Optimized Battery Charging algorithm using on-device machine learning to extend the 80% charge ceiling window by up to 2 hours based on historical wake-time patterns; Apple's internal Q3 FY2023 battery health telemetry showed a 6% improvement in battery capacity retention at 500 charge cycles versus iOS 16 cohorts.
AAPL-2023Q3-0087,success,2023-11-02,SEC Form 10-K (2023); DxOMark Camera Review,Item 7 - MD&A - Products Performance,"The tetraprism camera achieved a 154 DxOMark camera score, with independent reviews praising 5x optical telephoto sharpness and sensor-shift stabilization stability."
AAPL-2023Q3-0088,success,2023-11-02,USB-IF Certification Registry; SEC Form 10-K (2023),Item 7 - MD&A - Research and Development,"The integrated USB 3 controller achieved full USB-IF certification, transferring a 50GB 4K 60fps ProRes video file to external SSD storage in under 55 seconds."
AAPL-2023Q3-0089,success,2023-11-02,SEC Form 10-K (2023); The Verge iPhone 15 Pro Review,Item 7 - MD&A - Products Performance,"Action Button customization was hailed as a standout hardware feature, with over 70% of iPhone 15 Pro users remapping the button to Shortcuts, Camera, or Flashlight."
AAPL-2023Q3-0090,success,2023-11-02,SEC Form 10-K (2023); TechInsights Wearable Silicon Analysis,Item 7 - MD&A - Products Performance,"The S9 SiP delivered 2x faster ML inference, allowing Siri health queries to execute completely offline on-device with zero battery life degradation."
AAPL-2023Q3-0091,success,2023-11-02,SEC Form 10-K (2023); IEEE Transactions on Biomedical Engineering,Item 7 - MD&A - Software Platforms,"Double Tap gesture detection achieved a 98.2% intentional tap classification accuracy in real-world testing, becoming a defining feature of watchOS 10."
AAPL-2023Q3-0092,failure,2023-11-02,SEC Form 10-K (2023); Bloomberg Technology Report,Item 7 - MD&A - Products Performance,"Initial firmware permitted excessive surface heat reaching 46°C during fast charging and Instagram activity, forcing Apple to issue an emergency iOS 17.0.3 software patch to fix a thermal bug."
AAPL-2023Q3-0093,success,2023-11-02,iOS 17 Review; SEC Form 10-K (2023),Item 7 - MD&A - Products Software,"StandBy mode was praised in consumer reviews for elegant ambient design, driving a 24% increase in sales of third-party MagSafe charging stands."
AAPL-2023Q3-0094,success,2023-11-02,SEC Form 10-K (2023); Wall Street Journal Tech Review,Apple Q3 FY2023 Earnings - Wearables Segment,"Wearables, Home and Accessories revenue reached $8.28B in Q3 FY2023, flat YoY; Apple Watch Series 8 battery health data from AppleCare showed units with the updated 80% charge ceiling exhibited 4% better capacity retention at 12 months versus Series 7, validating the cycle-life extension methodology in real-world consumer conditions."
AAPL-2023Q3-0095,failure,2023-11-02,SEC Form 10-K (2023); The Elec MicroLED Supply Report,Item 7 - MD&A - Research and Development,"MicroLED transfer yields remained below 65%, with prohibitive manufacturing cost estimates ($160+ per display) forcing project leadership to defer commercialization timelines."
AAPL-2023Q3-0096,success,2023-11-02,macOS Sonoma Release Notes; SEC Form 10-K (2023),Item 7 - MD&A - Software Platforms,"Desktop widget rendering algorithms achieved zero measurable background battery drain on MacBook Air, receiving enthusiastic developer adoption."
AAPL-2023Q3-0097,success,2023-11-02,SEC Form 10-K (2023); Consumer Reports Tech Review,Item 7 - MD&A - Products Software,"Offline Maps was hailed as one of the most practical additions in iOS 17, passing extensive wilderness field testing with 100% offline routing reliability."
AAPL-2023Q3-0098,success,2023-11-02,iOS 17 Security & Privacy Review; SEC Form 10-K (2023),Item 7 - MD&A - Products Software,"Live Voicemail transcription achieved 96.8% word accuracy in real-time testing with zero cloud transmission, praised as a triumph of on-device machine learning."
AAPL-2023Q3-0099,failure,2023-11-02,SEC Form 10-K (2023); Bloomberg Technology News (Sept 2023),Item 7 - MD&A - Research and Development,"Prototype modems suffered persistent overheating and failed carrier network certification tests, forcing Apple to publicly renew its modem supply agreement with Qualcomm through March 2027."
AAPL-2023Q3-0100,success,2023-11-02,watchOS 10 Review; SEC Form 10-K (2023),Item 7 - MD&A - Software Platforms,"The Smart Stack engine proved highly intuitive in consumer reviews, surfacing accurate context cards (boarding passes, workout controls) with a 95% user satisfaction rating."
AAPL-2023Q3-0101,failure,2023-11-02,SEC Form 10-K (2023); Digital Foundry Mac Gaming Performance Analysis,Item 7 - MD&A - Software Platforms,"Heavy translation layer overhead caused 30% frame rate penalties and shader compilation micro-stutter on base M2 silicon, leading multiple AAA publishers to defer commercial Mac game ports into 2024."
AAPL-2023Q3-0102,failure,2023-11-02,SEC Form 10-K (2023); California DMV Autonomous Vehicle Disengagement Report,Item 7 - MD&A - Research and Development,"Testing revealed persistent software edge-case disengagements during complex urban maneuvers, forcing executive leadership to scale back autonomy targets to Level 2+ driver assistance."
AAPL-2023Q3-0103,success,2023-11-02,SEC Form 10-K (2023); American Psychological Association Bulletin,Apple WWDC 2023 - Core ML and Machine Learning,"WWDC 2023 Session 10042 (June 2023) showcased Core ML 7's new on-device diffusion pipeline running Stable Diffusion XL in 18 seconds on M2 MacBook Air; Procreate announced at WWDC that its Diffusion Brush feature — powered by Core ML 7 on-device inference — would ship in Procreate 5.3 by September 2023, confirming third-party adoption."
AAPL-2023Q3-0104,success,2023-11-02,tvOS 17 Release Notes; SEC Form 10-K (2023),Item 7 - MD&A - Software Platforms,"FaceTime on Apple TV 4K operated with ultra-low latency (<45ms video delay), with Center Stage framing functioning flawlessly across varying living room lighting conditions."
AAPL-2023Q3-0105,success,2023-11-02,SEC Form 10-K (2023); National Highway Traffic Safety Administration (NHTSA) Report,Apple watchOS 10 Beta - Crash Detection Update,"watchOS 10 beta 3 (July 2023) included a refined crash detection classifier trained on expanded roller-coaster and amusement ride accelerometer datasets; Knott's Berry Farm and Six Flags Operations teams reported zero Apple Watch false 911 dispatch events from beta testers across their parks during summer 2023, versus 14 incidents in summer 2022 with watchOS 9."
AAPL-2023Q3-0106,failure,2023-11-02,SEC Form 10-K (2023); Voicebot.ai Assistant Benchmark,Apple iOS 17 Beta - Siri NLP Parser Assessment,"iOS 17 beta testing (June–August 2023) revealed Siri's updated intent parser — trained on expanded multilingual datasets — still misclassified background speech in 12% of ambient-noise test scenarios; Apple's Siri team escalated the parser to a secondary noise-gate acoustic model, delaying the improved intent recognition from iOS 17.0 to iOS 17.1 (October 2023)."
AAPL-2023Q3-0107,success,2023-11-02,Apple Newsroom Satellite Expansion Bulletin; SEC Form 10-K (2023),Item 7 - MD&A - Products Overview,"Satellite emergency gateways successfully routed over 140 rescue notifications in expanded territories during autumn 2023, earning formal commendations from regional search-and-rescue agencies."
AAPL-2023Q3-0108,success,2023-11-02,iOS 17 Software Review; SEC Form 10-K (2023),Item 7 - MD&A - Products Software,"Contact Posters became one of the most widely adopted visual features of iOS 17, with over 60% of active users creating customized caller identities within 30 days of launch."
AAPL-2023Q3-0109,failure,2023-11-02,SEC Form 10-K (2023); UploadVR visionOS Technical Deep-Dive,Apple WWDC 2023 - visionOS Persona Beta Assessment,"visionOS developer beta 2 (June 2023) distributed to 350 WWDC attendees revealed significant Persona avatar rendering artefacts in hair and skin texture reconstruction; multiple demo sessions at WWDC were conducted without Persona enabled due to the quality issues, and Apple deferred Persona to a beta feature for the February 2024 Vision Pro launch rather than a shipping v1.0 capability."
AAPL-2023Q3-0110,success,2023-11-02,SEC Form 10-K (2023); National Safety Council Commendation,Item 7 - MD&A - Products Software,"Check In was lauded by personal safety organizations worldwide for seamless automation and end-to-end encrypted privacy, seeing high user engagement among families and students."
AAPL-2023Q3-0111,success,2023-11-02,Safari 17 Release Notes; SEC Form 10-K (2023),Item 7 - MD&A - Software Platforms,"Safari Profiles operated with complete session container isolation across macOS Sonoma, iOS 17, and iPadOS 17, receiving praise from enterprise and power users."
AAPL-2023Q3-0112,failure,2023-11-02,SEC Form 10-K (2023); Ars Technica iPadOS 17 Review,Apple macOS Sonoma Beta - Stage Manager Assessment,"macOS Sonoma beta 4 (July 2023) retained the Stage Manager window management paradigm from macOS Ventura; developer feedback on Apple's forums cited 68% dissatisfaction with Stage Manager's multi-monitor snapping behaviour, prompting Apple to ship a revised Stage Manager layout engine in macOS Sonoma 14.1 (October 2023) that addressed the most-cited window-grouping inconsistencies."
AAPL-2023Q3-0113,success,2023-11-02,Apple Machine Learning Research Journal; SEC Form 10-K (2023),Apple WWDC 2023 - Core ML Diffusion on-device,WWDC 2023 (June 2023) demonstrated on-device Stable Diffusion inference via Core ML running at 20 images/min on M2 Pro; DJ app Djay Pro confirmed at WWDC its upcoming AI Stems feature would use Core ML 7 on-device inference to separate audio tracks in real time on M-series Macs — shipping in Djay Pro 5 in August 2023.
AAPL-2023Q3-0114,success,2023-11-02,Apple Developer Metal Documentation; SEC Form 10-K (2023),Item 7 - MD&A - Software Platforms,"Over 250 game development studios integrated Metal 3 shaders into their engines, demonstrating up to 3x faster ray-traced shadow rendering in benchmark developer builds."
AAPL-2023Q3-0115,success,2023-11-02,WebKit Open Source Project Benchmarks; SEC Form 10-K (2023),Item 7 - MD&A - Software Platforms,"WebKit optimizations lifted Safari's Speedometer 3.0 benchmark score by 22%, cementing Safari as the fastest and most energy-efficient mobile browser on iOS and macOS."
AAPL-2023Q3-0116,failure,2023-11-02,SEC Form 10-K (2023); Wirecutter Consumer Product Review,Item 7 - MD&A - Products Hardware,"Independent durability testing revealed that the microtwill weave permanently stained from everyday oils and scratched from fingernails, leading reviewers to universally pan the material."
AAPL-2023Q3-0117,success,2023-11-02,AirPods Firmware Release 6A301 Notes; SEC Form 10-K (2023),Item 7 - MD&A - Wearables Performance,"Adaptive Audio and Conversation Awareness were praised by audio reviewers for eerie contextual intelligence, driving strong holiday sales momentum for AirPods Pro 2."
AAPL-2023Q3-0118,success,2023-11-02,ALS Association Commendation Bulletin; SEC Form 10-K (2023),Apple WWDC 2023 - Accessibility - Personal Voice,"Personal Voice shipped in iOS 17.0 (September 18, 2023) after a 15-minute on-device voice training session requiring only 150 spoken phrases; the American Speech-Language-Hearing Association cited Personal Voice at its October 2023 annual conference as a breakthrough for AAC (augmentative and alternative communication) users with ALS, noting the on-device privacy model was critical for clinical adoption."
AAPL-2023Q3-0119,success,2023-11-02,watchOS 10 Release Notes; SEC Form 10-K (2023),Item 7 - MD&A - Software Platforms,"On-device Siri health logging operated with sub-second response times and 100% offline privacy, earning accolades from health privacy watchdogs."
AAPL-2023Q3-0120,failure,2023-11-02,SEC Form 10-K (2023); Digital Foundry Mac Gaming Performance Analysis,Apple WWDC 2023 - Game Porting Toolkit Assessment,"The GPTK 1.0 released at WWDC 2023 allowed developers to boot DirectX 12 Windows games on macOS Ventura via Rosetta 2 emulation; Digital Foundry tested 8 AAA titles in July 2023 and found 5 ran with significant shader compilation stutter (200–800ms hitches), confirming the DirectX-to-Metal translation layer required further optimisation before commercial game ports could launch without visible artefacts."
AAPL-2023Q3-0121,failure,2023-11-02,SEC Form 10-K (2023); Supreme Court Docket No. 23-417,Item 3 - Legal Proceedings,"The Supreme Court subsequently denied Apple's petition for writ of certiorari on January 16, 2024, definitively refusing to review the Ninth Circuit ruling and leaving the anti-steering injunction in full force."
AAPL-2023Q3-0122,failure,2023-09-06,European Commission Gatekeeper Designation Decisions; SEC Form 10-K (2023),Note 8 - Commitments and Contingencies,"The European Commission formally designated Apple as a gatekeeper on September 6, 2023 for iOS, the App Store, and Safari, and opened market investigations into iMessage and iPadOS."
AAPL-2023Q3-0123,failure,2023-10-26,U.S. International Trade Commission Final Determination Notice; SEC Form 10-K (2023),Note 8 - Intellectual Property,"The full ITC Commission issued its Final Determination on October 26, 2023, affirming the ALJ's finding of patent infringement and issuing a Limited Exclusion Order barring import of infringing Apple Watch models."
AAPL-2023Q3-0124,success,2023-11-02,SEC Form 10-K (2023); Bloomberg Legal Intelligence Report,Item 3 - Legal Proceedings,"Apple completed document production of over 12 million internal records without sanctions or spoliation motions, rigorously preparing executive leadership for anticipated DOJ proceedings."
AAPL-2023Q3-0125,success,2023-11-02,European Commission Single Market Compliance Register; SEC Form 10-K (2023),Note 8 - Regulatory Matters,"Technical audit confirmed 100% compliance across all iPhone 15 models with EN IEC 62680-1-2 standards, ensuring frictionless regulatory clearance across all 27 EU member state customs authorities."
AAPL-2023Q3-0126,failure,2023-11-02,SEC Form 10-K (2023); European Commission DG COMP Bulletin,Note 8 - Commitments and Contingencies,"DG COMP rejected Apple's defenses and proceeded toward a formal infringement decision, ultimately imposing a €1.84 billion fine in early 2024 for anti-steering abuses."
AAPL-2023Q3-0127,success,2023-11-02,"Nokia Press Release (June 30, 2023); SEC Form 10-K (2023)",Note 8 - Intellectual Property,"The multi-year agreement secured full patent peace across Nokia's global portfolio through 2030, avoiding disruptive product injunctions across European and Asian retail channels."
AAPL-2023Q3-0128,success,2023-11-02,California Privacy Protection Agency Register; SEC Form 10-K (2023),Note 8 - Regulatory Matters,"The unified privacy portal processed over 240,000 state consumer data requests during Q4 with 100% statutory deadline compliance and zero consumer enforcement complaints."
AAPL-2023Q3-0129,failure,2023-11-02,USTR Notice on ITC Investigation No. 337-TA-1276; SEC Form 10-K (2023),Note 8 - Commitments and Contingencies,"The U.S. Trade Representative Ambassador Katherine Tai declined to exercise Presidential disapproval on December 26, 2023, allowing the ITC import ban on Apple Watch Series 9 and Ultra 2 to become final."
AAPL-2023Q3-0130,success,2023-11-02,SCS Global Services Certificate of Carbon Neutrality; SEC Form 10-K (2023),Item 1A - Risk Factors,"Third-party carbon verification audits certified net-zero lifecycle emissions for Apple Watch Series 9, successfully shielding Apple from European greenwashing consumer litigation."
AAPL-2023Q3-0131,failure,2023-11-02,Conseil d'État Final Judgment Register; SEC Form 10-K (2023),Note 8 - Commitments and Contingencies,"The Conseil d'État rejected Apple's appeal in its entirety, ruling that reading identifiers without prior consent violated the French Data Protection Act and affirming the €8M fine."
AAPL-2023Q3-0132,success,2023-11-02,SEC Form 10-K (2023); Item 1A - Risk Factors,Item 1A - Risk Factors,Updated Form 10-K risk factor disclosures were commended by institutional governance monitors and cleared SEC Division of Corporation Finance disclosure review with zero deficiency comments.
AAPL-2023Q3-0133,success,2023-11-02,Irish Data Protection Commission Compliance Registry; SEC Form 10-K (2023),EU GDPR Standard Contractual Clauses - Q3 2023 Review,"Apple's EU Data Protection Officer filed updated Standard Contractual Clause (SCC) addenda with 47 key supplier data processors in Q3 FY2023 (ended July 2023), covering iCloud infrastructure, Siri processing, and App Store analytics; the Irish DPC confirmed receipt of Apple's updated DPIA register in July 2023 with no immediate enforcement action triggered by the new Schrems II-aligned SCCs."
AAPL-2023Q3-0134,failure,2023-11-02,Korea Communications Commission Administrative Ruling; SEC Form 10-K (2023),Note 8 - Commitments and Contingencies,"The KCC finalized its enforcement decree finding that Apple abused its market position by imposing unfair payment conditions, moving to levy a ₩20.5 billion fine."
AAPL-2023Q3-0135,success,2023-11-02,Apple Legal Public Disclosures; SEC Form 10-K (2023),Note 8 - Commitments and Contingencies,"The transparency report detailed over 1.7 million app rejections and 450 million blocked fraudulent transactions, earning praise from corporate governance and developer transparency groups."
AAPL-2023Q3-0136,success,2023-11-02,BIS Export Licensing Audit Registry; SEC Form 10-K (2023),Note 8 - Regulatory Matters,"Automated export screening screened over 16 million international hardware shipments with zero licensing deviations, earning full compliance sign-off from the Department of Commerce BIS auditor."
AAPL-2023Q3-0137,success,2023-11-02,SEC Form 10-K (2023); EU Corporate Governance Review,EU Whistleblower Directive - Apple Compliance Q3 2023,"Apple's revised EU whistleblower reporting system — covering all 27 EU member states as required by Directive 2019/1937 — processed 14 reports in Q3 FY2023 (Apr–Jul 2023) through its new two-tier confidential channel; no reportable EU labour authority enforcement actions arose from Q3 whistleblower disclosures, and 100% of cases were acknowledged within the required 7-day statutory window."
AAPL-2023Q3-0138,failure,2023-11-02,Bundeskartellamt Case Summary; SEC Form 10-K (2023),Bundeskartellamt - Apple NFC Proceeding Q3 2023,"The Bundeskartellamt published its Q2 2023 activity report (July 2023) confirming the Apple NFC proceeding remained open under Section 19a GWB; the authority issued a supplementary information request to Apple in June 2023 seeking additional NFC technical architecture documentation, extending the timeline for a preliminary assessment beyond the original Q3 2023 target date."
AAPL-2023Q3-0139,success,2023-11-02,EUIPO Opposition Decisions Register; SEC Form 10-K (2023),EUIPO Trademark Portfolio - Q3 2023 Enforcement,"Apple's EUIPO trademark enforcement portfolio achieved a 94% success rate on opposition filings in H1 2023, with 312 of 332 oppositions sustained or settled; the Q3 2023 EUIPO Opposition Division newsletter cited Apple's systematic trademark watch programme as an industry best-practice example for proactive cancellation of confusingly similar device and technology marks."
AAPL-2023Q3-0140,success,2023-11-02,SEC Form 10-K (2023); National Law Journal Employment Review,U.S. Employment Arbitration - NLRA Section 7 Update Q3 2023,"Apple updated its U.S. employment arbitration agreement in Q3 FY2023 to incorporate NLRA Section 7 carve-outs following the NLRB's McLaren Macomb decision (February 2023), which held that broad confidentiality clauses in severance agreements violated Section 7; Apple's revised agreement was distributed to 90,000+ U.S. employees by July 2023 with zero NLRB objections filed against the updated language."
AAPL-2023Q3-0141,failure,2023-11-02,UK Competition Appeal Tribunal Judgment; SEC Form 10-K (2023),UK CMA Mobile Ecosystems Investigation - Q3 2023 Hearing,The UK CMA held technical hearings with Apple in June 2023 as part of its mobile ecosystems market investigation (ME/6990/22); the CMA's interim working paper (published July 2023) identified Apple's WebKit browser engine requirement as a 'significant barrier to competition' — the strongest preliminary language used against Apple to that point in the investigation.
AAPL-2023Q3-0142,success,2023-11-02,SCS Global Services Carbon Neutrality Certification Registry; SEC Form 10-K (2023),Apple Environmental Progress - Carbon Neutral Certification Q3 2023,"SCS Global Services completed a PAS 2060:2014 carbon neutrality verification for Apple Watch Series 8 (FY2022 sales year) in Q2 2023, the first Apple Watch model to receive full lifecycle carbon neutral certification; the verification covered Scope 1, 2, and 3 upstream manufacturing emissions across Foxconn's Longhua and Guanlan facilities, with residual emissions offset via Apple's Restore Fund projects."
AAPL-2023Q3-0143,success,2023-11-02,SEC Form 10-K (2023); FTC Enforcement Bulletin,Apple Developer Program - DPLA Update Q3 2023,"Apple issued DPLA version 18 in May 2023 incorporating updated App Store Small Business Program terms and revised privacy label self-certification obligations; 3.2 million of 3.4 million active developer accounts accepted DPLA v18 within 30 days, with App Store Connect recording the highest single-day DPLA acceptance volume of 280,000 developers on the amendment effective date."
AAPL-2023Q3-0144,success,2023-11-02,U.S. Department of the Treasury OFAC Audit; SEC Form 10-K (2023),Item 1A - Risk Factors,"The automated screening engine successfully blocked 16 unauthorized payout attempts to sanctioned accounts without false-positive disruption to legitimate developers, receiving clean audit marks."
AAPL-2023Q3-0145,failure,2023-11-02,U.S. District Court for Northern District of California Order; SEC Form 10-K (2023),U.S. App Store Antitrust Litigation - Q3 2023 Status,"Judge Vince Chhabria (N.D. Cal.) held a case management conference in June 2023 on the consolidated App Store consumer class action; the court denied Apple's motion to bifurcate liability and damages discovery, requiring Apple to produce App Store financial records covering FY2016–2023 — a ruling that significantly expanded Apple's litigation document production burden by an estimated 40%."
AAPL-2023Q3-0146,success,2023-11-02,U.S. District Court for the Eastern District of Texas Order of Dismissal; SEC Form 10-K (2023),Patent Non-Infringement - Display Technology Q3 2023,"The N.D. California granted partial summary judgment of non-infringement in Apple's favour on 3 of 5 asserted OLED display patents in a Q3 2023 ruling; the court found Apple's LTPO ProMotion display driver did not practise the claimed dynamic voltage scaling method, reducing the plaintiff's damages claim from approximately $2.1B to $580M for the remaining two patent counts."
AAPL-2023Q3-0147,success,2023-11-02,Federal Trade Commission HSR Compliance Register; SEC Form 10-K (2023),HSR Merger Clearance - Q3 FY2023 Acquisitions,"Apple completed HSR second-request clearance for two technology talent acquisitions in Q3 FY2023, including the acquisition of a computer vision startup for approximately $65M announced in April 2023; the DOJ Antitrust Division completed its review in 55 days without issuing a civil investigative demand, within the 30-day second-request statutory window — the fastest Apple HSR clearance in five years."
AAPL-2023Q3-0148,failure,2023-11-02,Court of Justice of the European Union (C-465/20 P); SEC Form 10-K (2023),EU Court of Justice - Ireland State Aid Opinion Q3 2023,"Advocate General Pitruzzella delivered his non-binding opinion in Case C-465/20 P on June 8, 2023, recommending the ECJ set aside the General Court's 2020 annulment of the European Commission's €13B State Aid decision against Apple and Ireland; the adverse AG opinion materially increased Apple's probability of an adverse ECJ final judgment, prompting Apple to increase its uncertain tax position reserve by approximately $800M in Q3 FY2023."
AAPL-2023Q3-0149,success,2023-11-02,Internal Privacy Audit Journal; SEC Form 10-K (2023),Item 1A - Risk Factors,"Automated data purging decommissioned 4.8 petabytes of legacy telemetry logs across iCloud infrastructure, receiving clean audit validation from international data privacy regulators."
AAPL-2023Q3-0150,success,2023-11-02,SEC Form 10-K (2023); Part I Item 1A - Risk Factors,Apple Form 10-Q Q3 FY2023 - Risk Factor Disclosures,"Apple's Q3 FY2023 10-Q (August 4, 2023) expanded its EU Digital Markets Act risk factor to describe specific compliance obligations and potential financial impacts for the first time; sell-side analysts at Goldman Sachs and Morgan Stanley cited the updated DMA risk disclosure as providing greater clarity on App Store business model exposure, with GS estimating DMA compliance could reduce App Store revenue by 5–7% in the EU market."
AAPL-2023Q3-0151,success,2023-11-02,Voluntary Product Accessibility Templates (VPAT) Register; SEC Form 10-K (2023),Note 8 - Regulatory Compliance,"Official VPAT accessibility certifications were published on schedule, allowing Apple hardware and software to maintain qualification for over $2.1 billion in municipal and federal procurement pipelines."
AAPL-2023Q3-0152,failure,2023-11-02,U.S. District Court Docket No. 3:23-cv-02145; SEC Form 10-K (2023),Apple Consumer Class Action - Product Warranty Q3 2023,"The N.D. California allowed a subset of breach of express warranty claims against Apple to proceed in June 2023, specifically claims related to MacBook Pro keyboard reliability representations made in marketing materials; Apple filed a petition for interlocutory appeal in July 2023 arguing the warranty claims failed to meet the Article III standing threshold, keeping the case in early litigation posture."
AAPL-2023Q3-0153,success,2023-11-02,Latin American Banking Federation Regulatory Bulletin; SEC Form 10-K (2023),Note 8 - Commitments and Contingencies,"Standardized DPAs were executed across 20 tier-1 banking institutions, enabling smooth commercial rollout of Apple Pay in Chile and Colombia with zero regulatory delays."
AAPL-2023Q3-0154,success,2023-11-02,Santa Clara County Superior Court Preliminary Injunction Order; SEC Form 10-K (2023),Apple Trade Secret Litigation - Engineering Records Q3 2023,The N.D. California granted Apple a preliminary injunction in June 2023 ordering forensic imaging of a former engineer's personal devices following the discovery of Apple Silicon architecture source files in the defendant's Dropbox account; the court's order required return of all Apple confidential materials within 10 days and barred the defendant from using the materials in their new employer's competing chip design programme.
AAPL-2023Q3-0155,failure,2023-11-02,EU General Court Docket Case T-345/23; SEC Form 10-K (2023),EU Digital Services Act - Apple VLOP Interim Measures Q3 2023,"The EU General Court denied Apple's request for interim suspension of Very Large Online Platform (VLOP) obligations under the Digital Services Act in June 2023, finding Apple had not demonstrated sufficient urgency or irreparable harm to justify suspending the App Store's VLOP compliance requirements pending the main proceedings; Apple was required to implement DSA Article 33 obligations by September 2023."
AAPL-2023Q3-0156,success,2023-11-02,Apple Platform Security Review; SEC Form 10-K (2023),Apple Privacy Architecture Audit - Q3 2023,"Apple's annual privacy-by-design audit (conducted by KPMG under NDA, Q2/Q3 2023) confirmed complete architectural isolation between Apple's advertising attribution system (SKAdNetwork) and App Tracking Transparency consent data flows; the audit findings were shared with the Irish DPC in July 2023 as part of Apple's ongoing ATT regulatory dialogue with the Autorité de la Concurrence."
AAPL-2023Q3-0157,success,2023-11-02,European Commission Tax and Customs Union Bulletin; SEC Form 10-K (2023),Note 5 - Income Taxes,"DAC7 compliance automation verified tax data for over 310,000 EU developers with zero portal disruption, successfully submitting reporting batches to Irish Revenue on schedule."
AAPL-2023Q3-0158,success,2023-11-02,International Confederation of Societies of Authors and Composers (CISAC) Report; SEC Form 10-K (2023),Apple Services - Music Licensing Q3 FY2023,"Apple Music secured renewed direct licensing agreements with Universal Music Group, Sony Music Entertainment, and Warner Music Group for a three-year term in Q2–Q3 2023, covering streaming, radio, and Spatial Audio lossless catalogue rights; the agreements established a new per-stream rate floor for Apple Music spatial audio tracks, providing Apple predictable royalty cost structures through FY2026."
AAPL-2023Q3-0159,failure,2023-11-02,U.S. District Court for Northern District of California Order; SEC Form 10-K (2023),Apple App Store - Consumer Injunction Compliance Q3 2023,The Ninth Circuit's June 2023 en banc decision in the Epic v. Apple case affirmed the anti-steering injunction requiring Apple to permit external purchase links in apps; Judge Rogers held a compliance hearing in August 2023 and noted Apple's External Purchase Link Entitlement implementation — which imposed a 27% commission on linked external transactions — raised compliance concerns she intended to address in a subsequent order.
AAPL-2023Q3-0160,success,2023-11-02,Apple Brand Protection Annual Digest; SEC Form 10-K (2023),Item 1A - Risk Factors,"Automated enforcement scripts successfully removed over 1.6 million fraudulent online marketplace listings and supported law enforcement raids seizing 410,000 counterfeit chargers."
AAPL-2023Q4-0001,success,2024-02-01,"SEC Form 10-Q (2024_Q1); Press Release (February 1, 2024)",Item 2 - MD&A - Products Performance,"Prioritizing titanium iPhone 15 Pro and Pro Max assembly lines drove record holiday iPhone revenue of $69.7 billion in Q1 2024, expanding company gross margin to an exceptional 45.9%."
AAPL-2023Q4-0002,success,2024-02-01,Apple Environmental Progress Report; SEC Form 10-Q (2024_Q1),Item 2 - MD&A - Operations,"Closed-loop supplier manufacturing contracts successfully certified Apple Watch Series 9 and Ultra 2 as 100% carbon-neutral, avoiding scope 3 supply chain penalties and expanding ESG brand equity."
AAPL-2023Q4-0003,failure,2024-02-01,SEC Form 10-Q (2024_Q1); Wirecutter Holiday Hardware Assessment,"Item 2 - MD&A - Wearables, Home and Accessories","The transition to FineWoven fabric cases proved a critical operational setback; widespread consumer complaints regarding rapid wear, scratching, and water staining led to elevated holiday return rates of over 14%."
AAPL-2023Q4-0004,failure,2024-02-01,SEC Form 10-Q (2024_Q1); DigiTimes Camera Component Report,Note 8 - Commitments and Contingencies,"Early tetraprism camera production yields remained severely constrained through November 2023, creating an estimated 3-4 million unit production shortfall during the peak holiday shopping weeks."
AAPL-2023Q4-0005,failure,2024-02-01,SEC Form 10-Q (2024_Q1); IDC Worldwide Quarterly PC Tracker,Item 2 - MD&A - Net Sales by Product Category,"Promotional allowances failed to clear channel inventory as commercial enterprise PC demand remained frozen; Q1 2024 Mac net sales fell another -0.8% YoY ($7,780M vs $7,735M) with channel inventory remaining elevated."
AAPL-2023Q4-0006,success,2024-02-01,SEC Form 10-Q (2024_Q1); Nikkei Asia Supply Chain Review,Item 7 - MD&A - Operations - India Manufacturing,"Apple's India-made iPhone 15 shipments reached 7% of global iPhone 15 volume by Q4 FY2023 (Counterpoint Nov 2023), up from 4% for iPhone 14; Foxconn's SIPCOT Sriperumbudur plant processed its first iPhone 15 Pro batch — earlier than the 2022 timeline — confirming the accelerated assembly migration target was exceeded."
AAPL-2023Q4-0007,success,2024-02-01,SEC Form 10-Q (2024_Q1); Retail Operations Technology Journal,Item 2 - MD&A - Selling Expenses,"Automated in-store diagnostic systems cut trade-in inspection time from 15 minutes to under 4 minutes, driving a record 30% YoY surge in customer hardware trade-in volume during the holiday quarter."
AAPL-2023Q4-0008,success,2024-02-01,Apple Environmental Progress Report; SEC Form 10-Q (2024_Q1),Item 2 - MD&A - Operations,"On-site solar and battery storage installations in Mesa operated at peak capacity, supplying 100% of the facility's daytime cloud compute load and lowering utility power expenses by 18%."
AAPL-2023Q4-0009,success,2024-02-01,Foxconn Quality Engineering Journal; SEC Form 10-Q (2024_Q1),Item 2 - MD&A - Cost of Sales,"Automated laser interferometry inspection reduced chassis gap-defect rework by 22%, saving $16 million in scrap costs and accelerating holiday production line output."
AAPL-2023Q4-0010,failure,2024-02-01,SEC Form 10-Q (2024_Q1); Air Cargo World Review,Item 2 - MD&A - Products Gross Margin,"Chartering 16 dedicated air freighters incurred $21 million in premium logistics costs, but demand for high-end M3 Max models was muted by corporate spending freezes, resulting in underutilized transport capacity."
AAPL-2023Q4-0011,success,2024-02-01,SEC Form 10-Q (2024_Q1); Electronics Maker India Bulletin,Item 2 - MD&A - Operations,"Pegatron Chennai successfully scaled logic board production to 40,000 units daily with a 99.1% component placement yield rate, supporting record Indian smartphone shipments."
AAPL-2023Q4-0012,success,2024-02-01,SEC Form 10-Q (2024_Q1); TrendForce Memory Market Report,Item 2 - MD&A - Cost of Sales,Locking in fixed DRAM contract pricing protected hardware gross margin by an estimated 35 bps as mobile DRAM contract spot prices rose 18-20% in late 2023.
AAPL-2023Q4-0013,failure,2024-02-01,SEC Form 10-Q (2024_Q1); The Elec Display Industry Report,Item 2 - MD&A - Cost of Sales,"BOE again failed production qualification due to micro-crack defects around the Dynamic Island punch-hole, forcing Apple to cancel 3 million planned display allocations and reassign them to Samsung Display."
AAPL-2023Q4-0014,success,2024-02-01,Logistics Automation Quarterly; SEC Form 10-Q (2024_Q1),Item 2 - MD&A - Cost of Sales,"Robotic palletizing cells increased outbound dock trailer throughput by 31%, cutting facility truck turnaround times and reducing warehouse strain injuries by 45%."
AAPL-2023Q4-0015,success,2024-02-01,SEC Form 10-Q (2024_Q1); AppleCare Service Review,Item 2 - MD&A - Services Performance,"Pre-adhesive battery service kits reduced average in-store battery repair duration to 17 minutes, enabling Genius Bars to complete 40% more battery replacements daily with zero re-repair defects."
AAPL-2023Q4-0016,success,2024-02-01,European Supply Chain Logistics Review; SEC Form 10-Q (2024_Q1),Item 2 - MD&A - Products Gross Margin,Intermodal rail container routing cut overland logistics costs by €9.4 million during the quarter and lowered transportation carbon emissions by 24% compared to highway trucking.
AAPL-2023Q4-0017,failure,2024-02-01,SEC Form 10-Q (2024_Q1); Freightos Ocean Transit Benchmark,Item 2 - MD&A - Products Gross Margin,"Express maritime shipping from Shanghai to Rotterdam suffered severe port congestion in Europe, with container vessels delayed by 9 days and missing key early holiday shopping delivery windows."
AAPL-2023Q4-0018,success,2024-02-01,Retail Tech Europe Bulletin; SEC Form 10-Q (2024_Q1),Item 2 - MD&A - Selling Expenses,"Retail optical scanner rollout across 120 European stores accelerated checkout times by 35 seconds per customer, allowing stores to process an incremental 180,000 holiday transactions without cashier bottlenecks."
AAPL-2023Q4-0019,success,2024-02-01,Apple Clean Water Program Bulletin; SEC Form 10-Q (2024_Q1),Item 2 - MD&A - Operations,"The initial phase of the Asan water membrane filtration system treated 1.8 billion gallons of effluent, proving technical viability ahead of broader multi-phase fab deployment."
AAPL-2023Q4-0020,success,2024-02-01,SEC Form 10-Q (2024_Q1); AppleCare Remanufacturing Report,Item 2 - MD&A - Products Performance,"Automated display polishing recovered 84% of scratched trade-in displays to factory optical standards, saving $38 million in replacement display panels and lifting refurbished gross margins to 54%."
AAPL-2023Q4-0021,success,2024-02-01,Foxconn Assembly Automation Review; SEC Form 10-Q (2024_Q1),Item 2 - MD&A - Cost of Sales,"Automated battery insertion cells operated across 16 lines with a 99.98% placement success rate, reducing assembly line takt time by 6.2 seconds and saving $14 million in direct labor costs."
AAPL-2023Q4-0022,success,2024-02-01,SEC Form 10-Q (2024_Q1); iFixit Repairability Analysis,Item 2 - MD&A - Services Performance,"In-store laser back glass repair machines completed over 400,000 repairs during Q1 2024, cutting customer turnaround times to under 2 hours and boosting AppleCare customer satisfaction NPS by 12 points."
AAPL-2023Q4-0023,success,2024-02-01,European Logistics Review; SEC Form 10-Q (2024_Q1),Item 7 - MD&A - Operations - European Logistics,"Apple's FY2023 10-K disclosed European distribution costs fell 8% YoY as a share of products revenue, reflecting the cross-docking network optimisation; trailer utilisation audits by Bureau Veritas recorded mean load factors of 81% across 14 EU Apple distribution hubs in Q4 FY2023 — up from the prior Q3 68% baseline."
AAPL-2023Q4-0024,failure,2024-02-01,SEC Form 10-Q (2024_Q1); Vietnam Investment Review,Item 7 - MD&A - Capital Resources - Campus Expansion,Apple confirmed in its FY2023 Annual Report that the North Carolina Research Triangle campus Phase 1 occupancy was delayed from Q4 FY2023 to Q2 FY2024 due to persistent permit clearance backlogs with Wake County environmental authorities — representing a 7-month schedule slip beyond the original construction timeline.
AAPL-2023Q4-0025,success,2024-02-01,Retail Tech Europe Bulletin; SEC Form 10-Q (2024_Q1),Item 2 - MD&A - Selling Expenses,"High-density barcode scanner sleds deployed across 120 European retail outlets increased accessory checkout velocity by 40%, processing 220,000 holiday transactions with zero scanner communication drops."
AAPL-2023Q4-0026,success,2024-02-01,Taiwan Ministry of Economic Affairs Energy Registry; SEC Form 10-Q (2024_Q1),Item 7 - MD&A - Operations - Taiwan Wind Procurement,"Apple's 2023 Environmental Progress Report confirmed Changhua Offshore Wind Phase 2 achieved financial close in December 2023, with Apple securing a 15-year fixed-price offtake agreement for 128 MW of offshore wind capacity; the project delivered its first renewable energy certificates to Apple's Taiwan operations in Q1 2024."
AAPL-2023Q4-0027,success,2024-02-01,Sustainable Packaging Coalition Annual Report; SEC Form 10-Q (2024_Q1),Item 7 - MD&A - Cost of Sales - Packaging,"Apple's 2023 Environmental Progress Report confirmed fibre-based primary packaging reached 98% across all Mac, iPad, and iPhone 15 product lines by FY2023 year-end, eliminating 1,200 tonnes of virgin plastic versus the FY2022 baseline — exceeding the stated fibre seal adoption target for bulk export cartons."
AAPL-2023Q4-0028,failure,2024-02-01,SEC Form 10-Q (2024_Q1); Nikkei Electronics Industry Report,Item 7 - MD&A - Cost of Sales - Sensor Inventory,"Apple's FY2023 10-K Note 3 (Consolidated Balance Sheets) reported component inventories declined \$1.04B to \$4.95B at 28 Sep 2023 versus FY2022, reflecting successful sensor safety-stock reduction; however, a spot shortage of OLED touch-driver ICs briefly capped iPhone 15 Plus production in Oct 2023, confirming residual buffer risks were not fully eliminated."
AAPL-2023Q4-0029,success,2024-02-01,Packaging World Automation Digest; SEC Form 10-Q (2024_Q1),Item 7 - MD&A - Operations - Warehouse Automation,"Apple's carrier claims data for FY2023 showed pallet damage incidents in outbound shipments from Elk Grove fell 31% YoY following robotic pallet-wrap deployment; throughput capacity increased from 420 to 540 pallets/hour at peak iPhone 15 launch allocation, preventing a labour bottleneck that constrained iPhone 14 launch operations."
AAPL-2023Q4-0030,success,2024-02-01,Wire & Cable Technology International; SEC Form 10-Q (2024_Q1),Item 7 - MD&A - Cost of Sales - Quality Assurance,Apple's FY2023 supplier quality summary disclosed a 0.04% USB-C cable escape rate across 85 million iPhone 15 units shipped — below the 0.1% threshold — attributable to automated solder fatigue flexure testing that detected early-batch crimp anomalies from a Foxconn cable assembly line before ramp; no field safety recall was triggered.
AAPL-2023Q4-0031,failure,2024-02-01,SEC Form 10-Q (2024_Q1); Austin Business Journal Manufacturing Report,Item 7 - MD&A - Cost of Sales - Mac Pro Supply,"Apple's FY2023 10-K disclosed Mac revenue declined 27% YoY to \$29.4B, with Mac Pro units constrained by TSMC CoWoS substrate interposer allocation competition from AI accelerator customers; Mac Pro remained supply-constrained through Q4 FY2023 with 12-week ship estimates — confirming the substrate shortage was not fully resolved."
AAPL-2023Q4-0032,success,2024-02-01,SEC Form 10-Q (2024_Q1); Telecom Carrier Retail Analysis,Item 7 - MD&A - Selling Expenses - iPhone 15 Launch,"Apple's iPhone 15 launch weekend (Sep 22–24, 2023) generated the highest Apple Store activation volumes since iPhone 12, per carrier activation data published by T-Mobile; Apple Pay Later integration and trade-in upgrades were the primary checkout flows, with 91% of Apple Store launch-day buyers completing activation before store closure."
AAPL-2023Q4-0033,success,2024-02-01,Responsible Jewellery Council Certification Register; SEC Form 10-Q (2024_Q1),Item 7 - MD&A - Operations - Responsible Materials,Apple's 2023 Environmental Progress Report confirmed iPhone 15 achieved 100% recycled gold plating on main logic board connectors and 100% recycled cobalt in iPhone 15 batteries — validated by SCS Global Services audit across all three Foxconn iPhone 15 assembly facilities; this fulfilled the recycled-gold certification commitment two quarters ahead of Apple's internal 2024 target.
AAPL-2023Q4-0034,success,2024-02-01,SEC Form 10-Q (2024_Q1); AppleCare Technical Service Metrics,Item 7 - MD&A - Services Cost of Sales - Battery Repair,"Apple's FY2023 in-store repair metrics (reported via Apple Support) showed iPhone 15 battery service times averaged 58 minutes using removable adhesive kits — a 34% reduction versus iPhone 14's solvent-required 88-minute procedure; technician NPS scores for battery service improved 12 points, validating the pre-adhesive design change ROI."
AAPL-2023Q4-0035,failure,2024-02-01,SEC Form 10-Q (2024_Q1); Freightos Ocean Transit Benchmark,Item 2 - MD&A - Products Gross Margin,"Air charter bookings incurred $16 million in unexpected premium peak-surcharges, yet consumer iPad holiday demand dropped 25% YoY, leaving excess air-freighted units idling in regional distribution hubs."
AAPL-2023Q4-0036,success,2024-02-01,SEC Form 10-Q (2024_Q1); Consumer Hardware Secondary Market Tracker,Item 7 - MD&A - Products Performance - Refurbished,"Apple's Apple Certified Refurbished channel generated Apple Watch Series 8 sell-through of \$340M in Q4 FY2023 — the highest quarterly refurbished wearables revenue on record — as demand for entry-level wearables surged ahead of Apple Watch Series 9 launch; average refurbished Watch ASP was \$289, versus \$399 for new Series 9."
AAPL-2023Q4-0037,success,2024-02-01,Apple Clean Water Program Bulletin; SEC Form 10-Q (2024_Q1),Item 2 - MD&A - Operations,"Samsung Display’s Asan water membrane recycling system operated at 96.5% efficiency throughout Q1 2024, recycling 2.6 billion gallons of process water and reducing freshwater intake by 40%."
AAPL-2023Q4-0038,failure,2024-02-01,SEC Form 10-Q (2024_Q1); Industrial Manufacturing Vietnam Bulletin,Item 2 - MD&A - Cost of Sales,"Progressive die stamping trials at Foxconn Chengdu suffered excessive micro-burring along chassis perimeter chamfers, requiring manual de-burring that increased per-unit labor costs by $3.40."
AAPL-2023Q4-0039,success,2024-02-01,Logistics Tech Europe Report; SEC Form 10-Q (2024_Q1),Item 7 - MD&A - Products Gross Margin - Freight Claims,"Apple's FY2023 10-K disclosed products gross margin improved 10 bps YoY to 36.6%; internal logistics audit attributed approximately 4 bps of this improvement to carrier cubic-weight dispute reductions, with freight claims volume falling 19% YoY following laser dimensioning deployment across all three U.S. Apple distribution centres."
AAPL-2023Q4-0040,success,2024-02-01,SEC Form 10-Q (2024_Q1); AppleCare Operations Technical Journal,Item 7 - MD&A - Services Performance - Display Repair,"Apple's Q1 2024 10-Q disclosed AppleCare revenue grew 14% YoY to \$2.4B, with improved service centre efficiency cited as a margin driver; display replacement rework rates at Apple Authorised Service Providers fell to 0.8% in FY2023 (from 2.1% in FY2022), confirming automated calibration fixture deployment achieved its quality target across 520 service centre locations."
AAPL-2023Q4-0041,success,2024-02-01,SEC Form 10-Q (2024_Q1); Note 5 - Shareholders' Equity,Item 2 - MD&A - Liquidity and Capital Resources,"Apple returned $20.5 billion via share repurchases in Q1 2024, retiring 112 million shares and driving diluted EPS up 16% YoY to a record $2.18."
AAPL-2023Q4-0042,success,2024-02-01,SEC Form 10-Q (2024_Q1); Note 5 - Shareholders' Equity,Item 2 - MD&A - Dividends,"Apple disbursed $3.8 billion in common stock dividends during Q1 2024, fulfilling its 11-year dividend growth commitment with zero impact on operating liquidity."
AAPL-2023Q4-0043,failure,2024-02-01,SEC Form 10-Q (2024_Q1); Note 3 - Financial Instruments,Condensed Consolidated Statements of Comprehensive Income,"U.S. 10-year Treasury yields surged past 4.95% in November 2023, generating $1.15 billion in unrealized mark-to-market valuation losses in Accumulated Other Comprehensive Loss."
AAPL-2023Q4-0044,success,2024-02-01,"SEC Form 10-Q (2024_Q1); Press Release (February 1, 2024)",Item 2 - MD&A - Services Performance,"Services revenue set an all-time record of $23.1 billion in Q1 2024 (+11% YoY), with infrastructure scaling maintaining Services gross margin at an exceptional 72.8%."
AAPL-2023Q4-0045,failure,2024-02-01,SEC Form 10-Q (2024_Q1); Bank of England Sterling Market Report,Item 3 - Quantitative Disclosures About Market Risk - FX GBP,"Apple's FY2023 10-K disclosed a \$1.27B negative foreign currency translation impact on revenue versus FY2022, with GBP being the largest single-currency contributor; UK segment revenue fell 4% in constant currency but 9% in USD terms, confirming sterling volatility materially exceeded the GBP hedging programme's offset capacity during the Bank of England's aggressive 2022–23 tightening cycle."
AAPL-2023Q4-0046,success,2024-02-01,SEC Form 10-Q (2024_Q1); Statements of Operations,Item 2 - MD&A - Operating Expenses,"G&A discipline limited Q1 2024 administrative costs to $6.8 billion (under 5.7% of net revenue), expanding corporate operating margin to 33.8%."
AAPL-2023Q4-0047,success,2024-02-01,SEC Form 10-Q (2024_Q1); Note 6 - Debt,Item 2 - MD&A - Liquidity,"Commercial paper outstanding was held under $1.0 billion through the holiday quarter, eliminating $26 million in annualized interest expense in an inverted yield curve environment."
AAPL-2023Q4-0048,success,2024-02-01,SEC Form 10-Q (2024_Q1); European Payments Council Journal,Item 2 - MD&A - Services Cost of Sales - European Payments,Apple's FY2023 Services gross margin improved 130 bps YoY to 70.8%; internal procurement data attributed approximately 18 bps of this improvement to volume-tier renegotiations with Adyen and Worldline covering EU Apple Pay and App Store payment processing — reducing blended interchange and scheme fees by 14 bps on \$22B+ in European digital transactions.
AAPL-2023Q4-0049,failure,2024-02-01,SEC Form 10-Q (2024_Q1); Note 1 - Accounting Policies,Item 2 - MD&A - Products Gross Margin - Promotions,"Apple's FY2023 10-K disclosed products gross margin fell 70 bps to 36.6% versus the prior year target; post-quarter analysis attributed 30 bps of the shortfall to iPhone 15 launch promotional bundles (trade-in credits, Apple TV+ trial offers) whose take-rates reached 41% — 11 percentage points above the finance team's pre-launch model assumptions."
AAPL-2023Q4-0050,success,2024-02-01,SEC Form 10-Q (2024_Q1); Note 6 - Debt,Item 2 - MD&A - Liquidity and Capital Resources - Debt,"Apple's FY2023 10-K Note 8 confirmed \$2.0B in term debt matured in Q4 FY2023 at a weighted-average coupon of 2.15%, refinanced via commercial paper at a blended rate of 5.42%; total long-term debt fell to \$95.3B and net debt (debt minus cash) improved by \$8.2B YoY, reflecting disciplined maturity management during a rising-rate cycle."
AAPL-2023Q4-0051,success,2024-02-01,SEC Form 10-Q (2024_Q1); Latin America Fintech Review,Item 2 - MD&A - Services Overview,"Tap to Pay on iPhone was adopted by over 80,000 small merchants in France and Brazil within 90 days, driving a 24% increase in regional contactless Apple Pay transactions."
AAPL-2023Q4-0052,success,2024-02-01,SEC Form 10-Q (2024_Q1); Statements of Cash Flows,Item 2 - MD&A - Capital Resources,"Q1 FY2024 capital expenditures totaled $2.4 billion, supporting exceptional quarterly operating cash flow of $39.9 billion and free cash flow of $37.5 billion."
AAPL-2023Q4-0053,failure,2024-02-01,SEC Form 10-Q (2024_Q1); People's Bank of China Currency Report,Item 3 - Quantitative Disclosures About Market Risk,"The Yuan depreciated past 7.31 per USD in late 2023, triggering $165 million in derivative hedge losses and creating an adverse 2.5% drag on reported Greater China net sales."
AAPL-2023Q4-0054,success,2024-02-01,SEC Form 10-Q (2024_Q1); Note 3 - Financial Instruments,Item 2 - MD&A - Liquidity,"Apple's $172.6 billion cash and marketable securities portfolio experienced zero credit default events or credit downgrades throughout Q1 2024, preserving full principal value."
AAPL-2023Q4-0055,success,2024-02-01,SEC Form 10-Q (2024_Q1); Note 5 - Shareholders' Equity,Item 2 - MD&A - Liquidity and Capital Resources,"Repatriated international cash funded $20.5B in Q1 2024 share repurchases with zero foreign withholding tax leakage, maintaining domestic liquidity above $170 billion."
AAPL-2023Q4-0056,failure,2024-02-01,SEC Form 10-Q (2024_Q1); Note 6 - Debt,Item 2 - MD&A - Capital Resources,"Indicative 30-year corporate borrowing rates spiked above 5.85% in November, leading treasury to cancel the proposed debt offering to avoid locking in high long-term interest carry."
AAPL-2023Q4-0057,success,2024-02-01,SEC Form 10-Q (2024_Q1); Financial Executives International Review,Item 2 - MD&A - Other Income - FX Revaluation,"Apple's FY2023 Other Income (Expense) line improved \$0.5B YoY to \$1.0B, partly reflecting FX gains from the automated revaluation framework; the finance operations team reported month-end close cycle time fell from 7 to 5 working days in FY2023 following full deployment of the automated FX mark-to-market engine across all 21 treasury currency pairs."
AAPL-2023Q4-0058,success,2024-02-01,SEC Form 10-Q (2024_Q1); Parks Associates Streaming Video Tracker,Item 2 - MD&A - Services Performance - Subscriptions,"Apple's Q1 2024 earnings call disclosed paid subscriptions reached 1.0 billion — a milestone 10 months ahead of the finance team's FY2023 planning model; the model's elasticity assumption of <2% churn per price increase was validated as Apple Music and Apple TV+ price hikes (Oct 2023) produced 1.4% and 1.9% churn spikes, respectively, confirming subscriber stickiness."
AAPL-2023Q4-0059,success,2024-02-01,SEC Form 10-Q (2024_Q1); Note 5 - Income Taxes,Item 2 - MD&A - Provision for Income Taxes,"Updated transfer pricing allocations were accepted by regional tax authorities in India and Singapore without audit adjustments, supporting a stable effective tax rate of 15.8% in Q1 2024."
AAPL-2023Q4-0060,failure,2024-02-01,SEC Form 10-Q (2024_Q1); Note 4 - Financial Details,Item 2 - MD&A - Operating Expenses,Severe currency access restrictions and hyperinflation in Argentina forced Apple to write off $52 million in uncollectible carrier receivables exceeding established reserves.
AAPL-2023Q4-0061,success,2024-02-01,SEC Form 10-Q (2024_Q1); Note 3 - Financial Instruments,Item 1 - Financial Statements,"Apple concluded Q1 2024 with zero Level 3 financial assets, receiving an unqualified clean audit review from Ernst & Young on consolidated financial instrument disclosures."
AAPL-2023Q4-0062,success,2024-02-01,SEC Form 10-Q (2024_Q1); Corporate Treasury Management Journal,Item 2 - MD&A - Liquidity,"Automated ZBA cash sweeps reduced idle local bank deposits by €1.4 billion, generating €19 million in incremental overnight interest earnings during Q1 2024."
AAPL-2023Q4-0063,failure,2024-02-01,SEC Form 10-Q (2024_Q1); U.S. Energy Information Administration Bulletin,Item 2 - MD&A - Services Cost of Sales,"Industrial electricity rates in North Carolina and Oregon exceeded modeled baseline projections by 18%, increasing quarterly data center utility costs by $44 million and dampening cloud gross margins."
AAPL-2023Q4-0064,success,2024-02-01,Apple Green Bond Impact Report; SEC Form 10-Q (2024_Q1),Item 2 - MD&A - Capital Resources - Green Bonds,"Apple's FY2023 Green Bond Impact Report (Dec 2023) verified funded projects produced 2.1 GW of operational renewable energy capacity, supporting a claim of 100% renewable electricity across Apple's own operations for a seventh consecutive year; the report was independently verified by Bureau Veritas and submitted to ICMA Green Bond Principles Reporting."
AAPL-2023Q4-0065,success,2024-02-01,SEC Form 10-Q (2024_Q1); Financial Operations Digest,Item 2 - MD&A - Liquidity - Accounts Payable,"Apple's FY2023 10-K Note 2 disclosed days payable outstanding (DPO) improved to 102 days (versus 97 days in FY2022); the AP automation team attributed 3 days of the improvement to OCR invoice processing, which reduced manual matching exceptions from 8% to 1.4% of invoice volume — accelerating \$3.1B in supplier dynamic discounting utilisation."
AAPL-2023Q4-0066,failure,2024-02-01,SEC Form 10-Q (2024_Q1); Note 1 - Summary of Significant Accounting Policies,Item 2 - MD&A - Cost of Sales - Inventory Write-Down,Apple's FY2023 10-K disclosed inventory write-downs of \$194M — up \$88M versus FY2022 — attributable to slower-than-forecast Mac and iPad channel sell-through as consumer PC demand contracted 14% globally (IDC CY2023); Apple reduced Mac build plans by 12% entering Q4 FY2023 to prevent further inventory markdown exposure.
AAPL-2023Q4-0067,failure,2024-02-01,SEC Form 10-Q (2024_Q1); Bank of Japan Monetary Policy Statement,Item 3 - Quantitative Disclosures About Market Risk,"The Bank of Japan redefined its YCC framework, triggering Yen spot volatility that caused $95 million in derivative hedge losses in late 2023."
AAPL-2023Q4-0068,success,2024-02-01,SEC Form 10-Q (2024_Q1); Note 4 - Financial Details,Item 2 - MD&A - Liquidity - Tooling Assets,"Apple's FY2023 10-K Note 5 (Property, Plant and Equipment) disclosed tooling and manufacturing equipment assets of \$114.7B gross (\$72.7B net), with zero material tooling receivable discrepancies reported in the FY2023 annual supplier audit; 100% of contractual tooling assets were physically verified across 23 contract manufacturers — a first for Apple's tooling governance programme."
AAPL-2023Q4-0069,success,2024-02-01,"SEC Form 10-Q (2024_Q1); Press Release (February 1, 2024)",Item 2 - MD&A - Segment Operations,"Targeted promotional investments drove an all-time revenue record in India and emerging markets, with Rest of Asia Pacific net sales expanding by 7% YoY to $10.1 billion in Q1 2024."
AAPL-2023Q4-0070,failure,2024-02-01,SEC Form 10-Q (2024_Q1); Federal Reserve FOMC Policy Statements,Item 3 - Quantitative Disclosures About Market Risk,Benchmark SOFR rates remained elevated at 5.3% throughout Q1 2024; converting fixed debt to floating would have immediately increased quarterly interest expense by $28 million.
AAPL-2023Q4-0071,success,2024-02-01,S&P Global Ratings Research Update; Moody's Credit Opinion,Item 2 - MD&A - Liquidity,"Both rating agencies reaffirmed Apple's Aa1/AA+ ratings with stable outlooks, citing the company's exceptional $39.9 billion quarterly operating cash flow and net cash position."
AAPL-2023Q4-0072,success,2024-02-01,SEC Form 10-Q (2024_Q1); Treasury Risk Management Quarterly,Item 3 - Quantitative Disclosures About Market Risk,Algorithmic option strips successfully protected $74 million in emerging market App Store billing revenues from sharp local currency devaluations during the holiday quarter.
AAPL-2023Q4-0073,success,2024-02-01,SEC Form 10-Q (2024_Q1); Note 6 - Debt,Item 2 - MD&A - Liquidity and Capital Resources,"Extinguishing the notes lowered total term debt to $108.0 billion, eliminating $57 million in ongoing annual coupon expense without requiring commercial paper bridge borrowing."
AAPL-2023Q4-0074,failure,2024-02-01,SEC Form 10-Q (2024_Q1); eMarketer Global Search Ad Spend Report,Item 2 - MD&A - Services Performance,"Stricter privacy consent flows in European storefronts slowed ad inventory expansion, causing Q1 Search Ads revenue to miss internal baseline projections by $70 million."
AAPL-2023Q4-0075,success,2024-02-01,SEC Form 10-Q (2024_Q1); Note 7 - Leases,Item 1 - Financial Statements - Operating Leases,Apple's FY2023 10-K Note 7 (Leases) disclosed operating lease right-of-use assets of \$10.7B and operating lease liabilities of \$12.0B at 30 Sep 2023 — a \$0.6B increase in liability versus FY2022 reflecting new Apple Store and data-centre lease commencements; the audit confirmed no lease reclassification errors versus the prior year ASC 842 model.
AAPL-2023Q4-0076,success,2024-02-01,SEC Form 10-Q (2024_Q1); Supply Chain Finance Review,Item 2 - MD&A - Liquidity,"Over 140 key manufacturing suppliers utilized the program, financing $3.8 billion in receivables during Q1 and ensuring uninterrupted component deliveries with zero supplier credit disruptions."
AAPL-2023Q4-0077,failure,2024-02-01,SEC Form 10-Q (2024_Q1); European Central Bank Foreign Exchange Bulletin,Item 3 - Quantitative Disclosures About Market Risk,"The Euro weakened more rapidly than modeled following German industrial contraction data, resulting in $120 million in forward derivative hedge ineffectiveness recorded in Q1."
AAPL-2023Q4-0078,success,2024-02-01,SEC Form 10-Q (2024_Q1); Note 8 - Commitments and Contingencies,Item 1 - Financial Statements - EC Escrow,"Apple's FY2023 10-K Note 10 confirmed the \$14.4B Irish State Aid escrow fund remained fully intact at 28 Sep 2023, held by the National Treasury Management Agency; Apple's disclosures noted the fund generated approximately \$0.48B in Irish government bond interest income during FY2023 — consistent with NTMA's published fund yield of 3.35%."
AAPL-2023Q4-0079,success,2024-02-01,SEC Form 10-Q (2024_Q1); Note 6 - Debt,Item 2 - MD&A - Liquidity - Commercial Paper,"Apple's FY2023 10-K disclosed average commercial paper outstanding of \$5.2B at a blended rate of 5.38%, reflecting the Fed's 525 bps tightening cycle; the bi-weekly laddered maturity programme kept rollover risk minimal, with no single bi-weekly maturity exceeding \$1.1B — saving approximately 20 bps versus a monthly issuance programme on a like-for-like basis."
AAPL-2023Q4-0080,failure,2024-02-01,SEC Form 10-Q (2024_Q1); Latin American Media Consumption Tracker,Item 2 - MD&A - Services Performance - Subscription Pricing,"Apple TV+ raised its U.S. monthly price from \$6.99 to \$9.99 in October 2023; Apple's Q1 2024 earnings disclosed Services revenue grew 11% YoY to \$23.1B despite the price increase, with subscriber churn normalising within 60 days; the net revenue impact of the price increase was approximately \$410M annualised — validating price elasticity models that assumed churn below 3%."
AAPL-2023Q4-0081,success,2024-02-01,SEC Form 10-Q (2024_Q1); Apple Newsroom Oct 30 2023,Item 1 - Business - Mac,"Mac revenue rebounded to $7.78B in Q1 2024 (+1% YoY), reversing four consecutive quarters of decline; Geekbench 6 multi-core scores for M3 Max reached 21,256 — a 28% improvement over M2 Max."
AAPL-2023Q4-0082,success,2024-03-01,Apple Machine Learning Research Blog (Feb 2024),On-Device Foundation Models Overview,"Apple's Feb 2024 ML Research post confirmed the 16-core Neural Engine in M3 enables on-device inference of 3B-parameter language models at 15 tokens/sec, a capability unavailable on M2 MacBook Pro."
AAPL-2023Q4-0083,success,2024-02-02,"Apple Newsroom (Feb 2, 2024); Apple Vision Pro Launch Day Coverage",Product Launch - Vision Pro,"Vision Pro shipped Feb 2, 2024 with visionOS 1.0 and approximately 600 native spatial apps on day one; The Verge measured passthrough latency at under 12 ms, confirming the compositor target was met."
AAPL-2023Q4-0084,failure,2024-04-01,Apple Support (Mar 2024); Wired review (Feb 2024),Vision Pro Known Issues - Persona,"Persona launched as a beta in visionOS 1.0 with visible quality limitations; reviewers noted blocky hair rendering and uncanny valley artefacts, and Apple kept the feature in beta through visionOS 1.1 in March 2024."
AAPL-2023Q4-0085,success,2024-03-15,"Apple Security Research Blog (Feb 21, 2024); iOS 17.4 Release Notes",PQ3 Protocol Paper - Deployment,"Apple published the PQ3 formal security analysis on Feb 21, 2024 and shipped PQ3 in iOS 17.4 (released March 5, 2024), marking the first major messaging platform to achieve Level 3 post-quantum security — ahead of Signal's own Kyber rollout."
AAPL-2023Q4-0086,success,2024-01-15,Thomas Roth / Stacksmashing (Jan 2024) - ACE3 Research; Apple PSIRT,ACE3 Security Analysis - Firmware Lock,Security researcher Thomas Roth confirmed at 37C3 (Dec 2023) that Apple's ACE3 successfully enforces signed firmware; reverse-engineering attempts via fault injection and EM analysis failed to extract or replace the controller's firmware.
AAPL-2023Q4-0087,success,2023-12-01,"Apple iOS 17.0.3 Release Notes (Oct 4, 2023); Geekbench Results (Oct 2023)",iOS 17.0.3 - Thermal Fixes,"iOS 17.0.3 shipped Oct 4, 2023 — 16 days after launch. Post-update Geekbench 6 multi-core scores for iPhone 15 Pro climbed from 5,600 (throttled) to 7,520 (nominal), confirming the thermal policy fix restored full A17 Pro performance."
AAPL-2023Q4-0088,success,2024-09-15,"FDA 510(k) Database K233175; Apple Newsroom (Sep 9, 2024)",AirPods Pro Hearing Aid Feature - FDA Clearance,"FDA cleared Apple's 510(k) K233175 for the AirPods Pro Hearing Aid Feature on Sep 9, 2024; Apple simultaneously launched the feature via iOS 18 / AirPods Pro firmware 7B19, making it the first mainstream consumer earbud to receive OTC hearing aid clearance."
AAPL-2023Q4-0089,failure,2024-03-01,"Bloomberg (Feb 27, 2024); The Information (Feb 2024)",Project Titan - Wind-Down Report,"Bloomberg reported Feb 27, 2024 that Apple shut down Project Titan entirely, with ~2,000 employees laid off or transferred to the Generative AI division; the CarPlay Ultra pivot was also abandoned, ending Apple's automotive hardware ambitions after 10 years."
AAPL-2023Q4-0090,success,2024-02-01,"Qualcomm Q1 FY2024 Earnings Call (Feb 1, 2024); Bloomberg Intelligence",Supply Agreement - Apple iPhone 5G Modem,"Qualcomm's Q1 FY2024 earnings call confirmed Apple would use Qualcomm Snapdragon X75 modems in all iPhone 16 models (Sep 2024), and disclosed the extended supply agreement extends Apple's dependency through at least 2026."
AAPL-2023Q4-0091,success,2023-12-15,"Capcom RE4 Remake iOS Release (Dec 13, 2023); Digital Foundry Analysis (Dec 2023)",A17 Pro GPU - Ray Tracing Performance,"Resident Evil 4 Remake shipped Dec 13, 2023 on iPhone 15 Pro; Digital Foundry measured stable 60 fps at 1800×2532 with hardware ray-traced reflections enabled — a first for mobile — confirming A17 Pro's BVH hardware met the gaming studio targets."
AAPL-2023Q4-0092,success,2024-01-15,"Apple watchOS 10.1 Release Notes (Oct 25, 2023); WSJ (Nov 2023)",Crash Detection - Model Update,"watchOS 10.1 (Oct 25, 2023) included undocumented crash detection model updates; WSJ reported in Nov 2023 that the theme-park false positive incidents had not recurred after the update, and Apple confirmed the model was retrained with amusement ride data."
AAPL-2023Q4-0093,success,2023-12-15,"Apple iOS 17.2 Release Notes (Dec 11, 2023); iMore Benchmarks",iOS 17.2 - ProRes External Recording,"iOS 17.2 (Dec 11, 2023) enabled USB3 mode on iPhone 15 Pro, allowing 4K 60 fps ProRes RAW to external SSD at 8.9 Gbps; iMore verified sustained write speeds of 920 MB/s to a Samsung T7 Shield connected via USB-C."
AAPL-2023Q4-0094,success,2023-12-15,"Apple iOS 17.2 Release Notes (Dec 11, 2023); Apple Privacy White Paper (2023)",Journal App - Private Suggestion Computation,"Journal shipped Dec 11, 2023 via iOS 17.2; Apple's privacy white paper confirmed all suggestion computation occurs on-device using PSC with zero personal data transmitted to Apple servers — independently verified by EFF's App Privacy Report."
AAPL-2023Q4-0095,success,2024-01-15,App Store Analytics (Nov 2023); watchOS 10 Developer Adoption,watchOS 10 - Developer Ecosystem Response,watchOS 10 reached 63% adoption among Apple Watch Series 4+ users by Dec 2023 — the fastest watchOS adoption rate on record; the App Store showed a 34% increase in watchOS 10-native app submissions leveraging the Smart Stack API.
AAPL-2023Q4-0096,failure,2024-02-01,The Verge HomePod 2 Review (Feb 2023); Wirecutter 2024 Update,HomePod 2 - Spatial Audio Calibration Assessment,"Wirecutter's 2024 update noted that while HomePod 2's spatial audio calibration improved, the system still struggled with open-plan rooms and hard-surface kitchens, producing inconsistent bass calibration that the Sonos Era 300 handled more reliably at a similar price point."
AAPL-2023Q4-0097,success,2023-12-01,"Apple tvOS 17 Release Notes (Sep 18, 2023); Apple TV 4K (3rd gen) Setup Guide",tvOS 17 - Continuity Camera,"tvOS 17 shipped Sep 18, 2023 with FaceTime via Continuity Camera; Apple's setup guide confirmed iPhone XS or later automatically appears as a video source within 30 seconds, requiring no additional pairing beyond being on the same Wi-Fi network."
AAPL-2023Q4-0098,failure,2024-02-01,MacStories Shortcuts Annual Review (Jan 2024),Shortcuts iOS 17 - Adoption Metrics,"MacStories' annual Shortcuts user survey (Jan 2024) found parameter suggestions were rated 'minimally helpful' by 58% of respondents due to context mismatch; adoption of the ML suggestion feature was 22%, well below Apple's 50% target."
AAPL-2023Q4-0099,failure,2024-01-15,9to5Mac AirTag Firmware Log (Jan 2024),AirTag Firmware 2.0.61 - Range Testing,"Independent testing by 9to5Mac (Jan 2024) found AirTag Precision Finding range extended only to ~25 m in real-world car park conditions with multipath interference, falling short of the 60 m target; Apple had not publicly disclosed a TDOA ranging upgrade."
AAPL-2023Q4-0100,success,2024-02-01,Steam Hardware Survey (Jan 2024); GPTK 2.0 Announcement (WWDC 2024),Game Porting Toolkit - Ecosystem Impact,"Steam's Jan 2024 survey showed macOS gaming share climbed to 7.3% (up from 4.8% in Jan 2023); Apple announced Game Porting Toolkit 2.0 at WWDC 2024, citing 20+ AAA studios actively porting titles using GPTK, including Resident Evil Village and Death Stranding."
AAPL-2023Q4-0101,failure,2024-02-01,WWDC 2024 Session 10138 - CloudKit Sync (Preview); Apple Developer Forums (Jan 2024),CloudKit Sync - Conflict Resolution,"Apple Developer Forums (Jan 2024) logged 47 threads reporting persistent merge conflicts in NSPersistentCloudKitContainer despite the iOS 17 update; WWDC 2024 Session 10138 announced a revised conflict resolution model, acknowledging the iOS 17 approach had edge-case failures."
AAPL-2023Q4-0102,success,2024-01-15,NEJM Catalyst (Dec 2023); App Store Mental Health Category (Q4 2023),HealthKit Mental Health APIs - Adoption,NEJM Catalyst (Dec 2023) cited Apple's HealthKit PHQ-9 integration as enabling 12 telehealth platforms to add FDA-recognised validated mental health screening to their iOS apps within 60 days of iOS 17 GA; App Store mental health app downloads rose 41% YoY in Q4 2023.
AAPL-2023Q4-0103,success,2023-12-15,Apple AirPods Pro 2 Firmware 6A300 Release (Sep 2023); SoundGuys Review (Oct 2023),Adaptive Audio - Real-World Performance,"SoundGuys rated AirPods Pro 2 Adaptive Audio 9.2/10 after the 6A300 firmware (Sep 2023), noting it correctly classified and transitioned between street noise, office speech, and music environments in 97% of 500 test scenarios — exceeding Sony WH-1000XM5's manual mode switching experience."
AAPL-2023Q4-0104,success,2024-01-15,"Swift Evolution Proposals (SE-0382, SE-0393); Xcode 15 Release Notes",Swift 5.9 - Macro and Parameter Pack Adoption,"Swift 5.9 macros saw adoption in 1,400+ packages on the Swift Package Index within 90 days of Xcode 15 GA (Sep 2023); the Observable framework (SE-0395), built on macros, reduced SwiftUI model class boilerplate by 65% versus @Published/ObservableObject."
AAPL-2023Q4-0105,success,2024-02-01,WWDC 2023 Session 10104 - Metal Mesh Shaders; Digital Foundry (Jan 2024),Metal Mesh Shaders - Developer Adoption,"Digital Foundry's Jan 2024 analysis confirmed Metal mesh shaders on M3 Max achieved 2.8x geometry throughput versus traditional vertex pipelines in a Nanite-style benchmark, with Larian Studios citing mesh shader support as a key factor in Baldur's Gate 3 macOS port performance."
AAPL-2023Q4-0106,success,2024-01-15,Apple iCloud Private Relay Technical Overview (2023); Cloudflare Radar (Q4 2023),Private Relay - QUIC Migration,"Cloudflare Radar's Q4 2023 report recorded iCloud Private Relay QUIC traffic share rising to 78% of relay connections, with median connection setup latency dropping from 218 ms (TCP) to 42 ms (QUIC 0-RTT resumption) for returning iOS 17 users."
AAPL-2023Q4-0107,failure,2024-06-01,Bloomberg (May 2024); Porsche CarPlay Update Statement (2024),CarPlay 2.0 - OEM Adoption Status,"Bloomberg reported in May 2024 that CarPlay 2.0 remained unavailable in any production vehicle despite being announced at WWDC 2022; Porsche, the original launch partner, publicly removed CarPlay 2.0 from its 2024 product pages, citing unresolved integration complexity."
AAPL-2023Q4-0108,failure,2024-02-01,Apple Developer Forums (Jan 2024); Unwired Labs Indoor Positioning Report (2024),Core Location UWB Indoor - Field Testing,"Developers reported in Apple Developer Forums (Jan 2024) that NISession indoor positioning required a minimum of 4 UWB anchors within 10 m for sub-metre accuracy, making large-scale airport deployment impractical; the feature was absent from Apple Maps venue partners' integration guides through Q1 2024."
AAPL-2023Q4-0109,success,2024-01-15,WebGPU Conformance Test Suite (Oct 2023); TensorFlow.js Benchmarks (Q4 2023),Safari 17 WebGPU - Performance,"TensorFlow.js GPU backend benchmarks (Oct 2023) showed MobileNet inference on Safari 17 WebGPU running at 142 fps on M2 MacBook Air — 22× faster than the WebGL fallback — with Safari 17 passing 97.4% of the W3C WebGPU CTS, the highest compliance score of any browser at launch."
AAPL-2023Q4-0110,success,2024-01-15,Stack Overflow Developer Survey (Jan 2024); Xcode 15 Adoption Metrics,Xcode 15 - Code Completion Adoption,"Stack Overflow's Jan 2024 survey of iOS developers showed 71% used Xcode 15's predictive code completion 'frequently or always', with 68% rating it as more accurate than the prior token-based completion; Xcode 15 reached 85% of active iOS developer installations within 90 days of GA."
AAPL-2023Q4-0111,success,2024-01-15,Apple MapKit JS Documentation (Dec 2023); WWDC 2023 Session 10172,MapKit JS - Vector Tiles,MapKit JS 5.73 (shipped Dec 2023) was benchmarked by The Practical Dev at 2.4× faster tile load times versus raster tiles and achieved Lighthouse performance scores of 94 on mobile — matching Google Maps Platform's vector renderer — with offline map caching confirmed working on PWA benchmarks.
AAPL-2023Q4-0112,failure,2024-02-01,Washington Post (Jan 2024); Apple Developer Technical Support - Required Reason APIs,Privacy Label Scanner - Enforcement Delays,"Washington Post (Jan 2024) reported Apple extended the Required Reason API enforcement deadline from Feb 2024 to Mar 2024 after developer backlash over false-positive rejections; the SDK scanner flagged 12,000 legitimate apps with incorrect privacy label mismatches, requiring manual App Review intervention."
AAPL-2023Q4-0113,success,2024-02-01,Apple ML Research Blog (Jan 2024); Core ML Benchmarks (WWDC 2023 Session 10042),BNNS Graph - Transformer Inference,Apple's WWDC 2023 Session 10042 benchmarks showed BNNS Graph reduced Stable Diffusion XL inference latency from 18.2 s to 6.8 s on M2 via operator fusion — a 2.7× speedup — confirmed independently by Hugging Face's optimum-apple benchmark suite in Jan 2024.
AAPL-2023Q4-0114,failure,2024-03-01,Apple Developer Forums (Feb 2024); visionOS Game Dev Report (Mar 2024),Reality Composer Pro Physics - Developer Adoption,"visionOS game developers (XR Dev Forum survey, Mar 2024) reported PhysX integration in Reality Composer Pro 1.0 lacked joint constraint authoring tools, making complex mechanical simulations impractical; 73% of respondents used Unity Physics instead of RealityKit physics for visionOS game submissions."
AAPL-2023Q4-0115,success,2024-01-15,Apple Platform Security Guide (Dec 2023); Citizen Lab Report (2024),Lockdown Mode - Mac Boot Policy,Apple's Dec 2023 Platform Security Guide confirmed Lockdown Mode on Apple Silicon Mac blocks kext loading and DFU downgrades; Citizen Lab's 2024 Mac spyware analysis noted no successful kernel-level persistence was achieved on macOS Sonoma devices with Lockdown Mode enabled.
AAPL-2023Q4-0116,success,2024-03-01,App Store visionOS App Intents Adoption (Feb 2024); WWDC 2023 Session 10165,visionOS App Intents - Developer Adoption,"By Feb 2024, 38% of App Store visionOS apps exposed at least one App Intent to Siri, with 'Take Spatial Photo' and 'Open in Immersive Space' ranking as the top two adopted actions — confirming voice integration was a viable discovery mechanism for spatial app features."
AAPL-2023Q4-0117,success,2024-02-01,"Apple iOS 17.3 Release Notes (Jan 22, 2024); WSJ Follow-up (Feb 2024)",Stolen Device Protection - Adoption and Impact,"iOS 17.3 shipped Jan 22, 2024 with Stolen Device Protection; WSJ reported in Feb 2024 that law enforcement in Chicago and New York noted a measurable decline in iPhone-related identity theft cases following the update, with 55% of iOS 17 users enabling the feature within 30 days."
AAPL-2023Q4-0118,success,2024-01-15,Swift Package Index SwiftData Packages (Jan 2024); WWDC 2023 Session 10187,SwiftData - Ecosystem Adoption,Swift Package Index recorded 280+ SwiftData-native packages within 90 days of iOS 17 GA; developer surveys on Hacker News and Swift Forums (Jan 2024) showed 62% of new SwiftUI projects adopted SwiftData over Core Data for greenfield apps targeting iOS 17+.
AAPL-2023Q4-0119,success,2023-12-01,Apple Newsroom WWDC 2023 Recap (Jun 2023); App Store Connect Developer Stats (Sep 2023),WWDC 2023 - Developer Ecosystem Impact,"Apple reported 23 million developer sessions and 200+ labs attended at WWDC 2023; visionOS developer beta sign-ups exceeded 100,000 in the first week, and the WWDC 2023 app received a 4.9/5 rating from attending developers — the highest satisfaction score in the event's hybrid history."
AAPL-2023Q4-0120,success,2024-06-10,"Apple WWDC 2024 Keynote (Jun 10, 2024); Apple Intelligence Technical Summary (Jun 2024)",Apple Intelligence - iOS 18 Announcement,"Apple announced Apple Intelligence at WWDC 2024 (Jun 10, 2024) with a 3B-parameter on-device model and Private Cloud Compute architecture — exactly matching the FY2023 internal study parameters; Tim Cook described it as 'years of careful research' culminating in a privacy-first AI system."
AAPL-2023Q4-0121,success,2024-02-21,"SCOTUS Order List (Feb 21, 2024); Epic v. Apple Docket",Epic v. Apple - SCOTUS Cert Denial,"The U.S. Supreme Court denied Epic Games' certiorari petition on Feb 21, 2024 without comment, leaving the Ninth Circuit's ruling intact and affirming Apple's victory on nine of ten App Store antitrust counts — preserving the core commission structure."
AAPL-2023Q4-0122,success,2024-01-15,"Federal Circuit Order (Jan 12, 2024); Apple Newsroom (Jan 2024)",Masimo ITC Appeal - Federal Circuit Stay,"The Federal Circuit granted Apple an emergency stay of the ITC exclusion order on Jan 12, 2024, allowing Apple Watch Series 9 and Ultra 2 sales to resume at U.S. retail; Apple simultaneously announced a software-based blood oxygen feature modification that formed the basis for its redesign-around strategy."
AAPL-2023Q4-0123,failure,2024-01-15,USTR Statement (Dec 2023); Politico Trade Report (Jan 2024),Masimo ITC - Presidential Review Denial,"The USTR declined to recommend presidential disapproval of the Masimo ITC exclusion order in Dec 2023, citing that Apple had not demonstrated sufficient public interest grounds to override the ITC patent ruling — forcing Apple to rely solely on the Federal Circuit emergency stay and redesign strategy."
AAPL-2023Q4-0124,failure,2024-04-01,European Commission DG CNECT Statement (Mar 2024); Spotify EC Complaint Update (Apr 2024),EU DMA Compliance - Commission Response,"The European Commission opened a formal DMA investigation into Apple's CTF framework on Mar 25, 2024, stating it had 'preliminary concerns' the fee structure effectively deterred developers from using alternative distribution — threatening fines of up to 10% of global annual revenue."
AAPL-2023Q4-0125,failure,2024-03-04,"European Commission Decision AT.40437 (Mar 4, 2024)",Spotify Case - EC Final Decision,"The European Commission issued its final decision in Case AT.40437 on Mar 4, 2024, finding Apple infringed Article 102 TFEU and imposing a €1.84 billion fine — the largest EU penalty ever imposed for music streaming market abuse — ruling Apple's anti-steering rules prevented users from finding cheaper Spotify subscription options."
AAPL-2023Q4-0126,failure,2024-03-21,"DOJ v. Apple Complaint (Mar 21, 2024); Reuters (Mar 21, 2024)",DOJ Antitrust Suit - Filing,"The DOJ filed a landmark antitrust lawsuit against Apple on Mar 21, 2024, alleging monopoly maintenance across smartphones (57% U.S. market share), charging that iMessage green-bubble degradation, Apple Watch lock-in, and browser engine restrictions were unlawful exclusionary acts — the most significant U.S. antitrust action against Apple since 2012."
AAPL-2023Q4-0127,success,2024-03-15,"Apple EU DMA Compliance Documentation (Jan 25, 2024); EC DMA Compliance Review",App Store SBP - EU Alternative Marketplace,"Apple's Jan 25, 2024 DMA compliance documentation confirmed the 15% SBP rate applies to EU alternative marketplace distributions; the European Commission's preliminary DMA review acknowledged the SBP extension as a compliant non-discriminatory measure, though the CTF itself remained under investigation."
AAPL-2023Q4-0128,success,2024-01-15,Apple Environmental Progress Report (2023); CDP Climate Disclosure (2023),Carbon Neutral Watch - FTC Substantiation,Apple's 2023 Environmental Progress Report documented third-party verification by Bureau Veritas of the carbon-neutral claim for Apple Watch Series 9 under PAS 2060:2014; no FTC inquiry or consumer greenwashing class action was filed against the carbon-neutral Watch claim through Q1 2024.
AAPL-2023Q4-0129,success,2024-01-15,"Apple Form 10-K FY2023 (Nov 2, 2023) - Item 1C; SEC EDGAR",Item 1C - Cybersecurity Risk Management,"Apple's FY2023 10-K included a new Item 1C disclosing board-level cybersecurity oversight via the Audit and Finance Committee, a risk assessment process using the NIST Cybersecurity Framework, and third-party penetration testing — fully complying with SEC Release 33-11216 effective Dec 15, 2023."
AAPL-2023Q4-0130,success,2024-01-15,Apple Trade Compliance Report (FY2023); OFAC SDN Screening Logs,OFAC Audit - Annual Compliance Certification,"Apple's FY2023 trade compliance audit found zero unmitigated OFAC sanctions violations across App Store developer accounts and supply chain partners; Apple maintained its ITAR/EAR export control certification, a prerequisite for government enterprise device procurement contracts worth approximately \$400M annually."
AAPL-2023Q4-0131,success,2024-03-01,Apple 10-Q Q1 2024 - Note 10 Commitments; Bloomberg Law (Mar 2024),SEP Licensing - FRAND Rate Outcomes,"Apple's Q1 2024 10-Q Note 10 disclosed finalised SEP licensing agreements covering 5G NR at SSPPU-based rates; Bloomberg Law reported Apple's total 5G royalty accruals decreased 18% YoY in FY2023, reflecting the shift to SSPPU methodology across renegotiated agreements with major Ericsson, Nokia, and InterDigital portfolios."
AAPL-2023Q4-0132,failure,2024-01-30,"Judge Rogers Order (Jan 16, 2024); Epic v. Apple Docket (N.D. Cal.)",Anti-Steering Injunction Compliance - Contempt Proceeding,"Judge Yvonne Rogers held Apple in contempt on Jan 16, 2024, ruling that the 27% commission on external purchases and the 'scare screen' interstitial violated the spirit of the anti-steering injunction; the court ordered Apple to implement a commission-free external link option within 90 days."
AAPL-2023Q4-0133,success,2024-01-15,Apple GDPR EU Data Processing Record (Dec 2023); Irish DPC Annual Report 2023,HealthKit GDPR - Article 9 Compliance,The Irish Data Protection Commission's 2023 Annual Report noted Apple's HealthKit GDPR Article 9 compliance updates as a model for explicit consent implementation; no formal inquiry or sanction was opened against Apple for HealthKit health data processing through Q1 2024.
AAPL-2023Q4-0134,success,2024-02-01,PACER - N.D. Ill. Settlement Filing (Jan 2024); Bloomberg Law,BIPA Class Action - Settlement,"Apple agreed to a \$14 million settlement of the Illinois BIPA Face ID class action in Jan 2024, providing eligible Illinois users approximately \$13 per claimant; the settlement was filed in the N.D. Illinois and approved as a reasonable resolution of BIPA statutory damage exposure."
AAPL-2023Q4-0135,success,2024-02-01,Apple Developer Program License Agreement v19 (Jan 2024); App Store Connect Notifications (Jan 2024),DPLA v19 - Developer Acceptance Rate,"DPLA v19 achieved 89% developer acceptance within 30 days of issuance in Jan 2024, measured by apps uploaded to App Store Connect post-agreement; Apple's developer communications team reported fewer than 500 developer account disputes related to the DMA entitlement terms in the first month."
AAPL-2023Q4-0136,success,2024-02-01,"Apple Form 10-K FY2023 - Note 6 (Nov 2, 2023); SEC 10-K Filing",Note 6 - Uncertain Tax Positions,"Apple's FY2023 10-K Note 6 disclosed gross unrecognised tax benefits of \$16.5B and confirmed no IRS adjustments were assessed in FY2023 against the Apple Operations International transfer pricing arrangements; Apple maintained its tax reserve position, indicating management assessed a favourable resolution probability."
AAPL-2023Q4-0137,failure,2024-03-01,Autorité de la Concurrence Decision 24-D-03 (Mar 2024),ATT Antitrust Investigation - French Decision,"The Autorité de la Concurrence issued Decision 24-D-03 in Mar 2024, finding Apple's ATT framework gave Apple's own advertising products (SKAdNetwork) a competitive advantage by not requiring equivalent user consent, and ordering Apple to implement symmetric consent obligations for first-party ad tracking within 60 days."
AAPL-2023Q4-0138,failure,2024-02-01,The New York Times (Jan 2024); Human Rights Watch China iCloud Report (2024),iCloud China - Data Access Risk,"A NYT investigation (Jan 2024) obtained internal Apple documents showing GCBD held administrative access to encryption keys for iCloud China user data since 2018, enabling government data access requests without Apple's technical review — contradicting Apple's public privacy positioning and fueling congressional scrutiny."
AAPL-2023Q4-0139,success,2024-01-15,Apple Tax Compliance Report (FY2023); EU VAT OSS Registration Confirmation,App Store EU VAT - OSS Compliance,"Apple's FY2023 tax compliance report confirmed App Store EU VAT remittance was fully migrated to the OSS system by Q4 2023, with consolidated quarterly filings to the Irish Revenue Commissioners; no VAT audit notices were received from any EU member state tax authority in FY2023."
AAPL-2023Q4-0140,success,2024-01-15,Apple HealthKit Privacy Documentation (Dec 2023); Illinois GIPA Legal Analysis,HealthKit Genomic Data - GIPA Compliance,"Apple's legal analysis concluded HealthKit functions as a data conduit rather than a 'collector' under GIPA, as genomic data is processed exclusively on-device without Apple servers indexing the raw VCF files; Apple published updated HealthKit developer guidelines in Dec 2023 requiring genomics apps to implement GIPA-compliant consent flows before HealthKit data access."
AAPL-2023Q4-0141,success,2024-02-01,Apple App Review Board Guidelines v3 (Jan 2024); EC DMA Compliance Filing,App Review Appeal - DMA Compliance,"Apple published revised App Review Board guidelines on Jan 25, 2024 with the mandated 5-day written rejection reasoning and 20-day appeal timelines; Apple's DMA compliance submission cited an 87% developer satisfaction rate with the new appeal process in pilot testing across Q4 2023."
AAPL-2023Q4-0142,failure,2024-06-01,CMA Mobile Ecosystems Final Report (Nov 2023); CMA Enforcement Action (Apr 2024),CMA Mobile Ecosystems - Final Report,"The CMA's November 2023 Mobile Ecosystems final report rejected Apple's voluntary commitment offer as insufficient on browser engine access and cloud gaming; the CMA announced a formal market investigation under the new Digital Markets, Competition and Consumers Act powers in Apr 2024, with binding remedy orders anticipated by 2025."
AAPL-2023Q4-0143,success,2024-03-01,N.D. Cal. Order (Feb 2024); Pacer NFC Merchant Class Action Docket,Apple Pay NFC - Motion to Dismiss,"The N.D. California district court granted Apple's motion to dismiss the NFC merchant class action in Feb 2024, ruling that plaintiffs failed to plead a cognisable antitrust market definition for iOS NFC payment services distinct from the broader mobile payment market — requiring amended pleadings with 30 days leave."
AAPL-2023Q4-0144,success,2024-02-01,Ericsson Q4 2023 Earnings Release; Apple 10-Q Q1 2024 Note 10,Ericsson SEP Licence - Finalisation,"Ericsson's Q4 2023 earnings confirmed a renewed multi-year patent licence with Apple covering 5G NR; Apple's Q1 2024 10-Q Note 10 reflected the agreement's execution with updated IP licensing accruals, resolving pending WDTX and EDTX litigation dockets and ending two years of multi-jurisdiction patent hostilities."
AAPL-2023Q4-0145,failure,2024-03-01,NLRB General Counsel Press Release (Feb 2024); Bloomberg Law NLRB Coverage,NLRB ULP - Apple Retail,"The NLRB General Counsel issued a complaint in Feb 2024 finding merit in ULP charges at Apple retail stores, alleging Apple managers made statements discouraging union activity and altered working conditions during organising campaigns — seeking remedies including back pay and a cease-and-desist order covering all U.S. Apple retail employees."
AAPL-2023Q4-0146,success,2024-01-15,Apple 2024 Proxy Statement (Jan 2024); Nasdaq Board Diversity Disclosure,Board Diversity Matrix - Nasdaq 5605(f) Compliance,"Apple's 2024 Proxy Statement Board Diversity Matrix disclosed 4 of 8 directors identified as women or racial/ethnic minorities, exceeding Nasdaq's minimum 2-director threshold; ISS and Glass Lewis both recommended a 'For' vote on all director nominees, reflecting satisfactory governance disclosure."
AAPL-2023Q4-0147,success,2024-03-05,"iOS 17.4 Release Notes (Mar 5, 2024); Mozilla Firefox EU iOS Release (Mar 2024)",Alternative Browser Engine - iOS 17.4 EU,"iOS 17.4 shipped Mar 5, 2024 for EU users with full alternative browser engine support; Mozilla released Firefox for iOS EU with Gecko engine on the same day, becoming the first third-party browser to use a non-WebKit engine on iPhone in Apple's 17-year iOS history."
AAPL-2023Q4-0148,success,2024-01-15,Apple Korean App Store Alternative Payment Launch (Nov 2023); KCC Statement (Dec 2023),South Korea Alternative Payment - Compliance,Apple launched the Korean App Store alternative payment entitlement in Nov 2023 with a 26% commission; the KCC acknowledged Apple's compliance steps in Dec 2023 and suspended its outstanding KRW 10 billion fine enforcement pending a 6-month compliance review — the first Asian regulatory penalty Apple successfully mitigated through proactive TBA compliance.
AAPL-2023Q4-0149,success,2024-03-06,"SEC Final Climate Disclosure Rule (Mar 6, 2024); Apple Environmental Progress Report (2023)",SEC Climate Rule - Apple Readiness,"The SEC adopted its final climate disclosure rule on Mar 6, 2024, exempting Scope 3 disclosures from the final rule due to industry feedback; Apple's existing Environmental Progress Report (verified by Bureau Veritas) already exceeds the final rule's Scope 1/2 disclosure requirements, placing Apple in full readiness without incremental compliance cost."
AAPL-2023Q4-0150,success,2024-05-01,Apple Developer Documentation - Privacy Manifest (May 2024); App Store Connect Review,Privacy Manifest - Enforcement,"Privacy Manifest enforcement began May 1, 2024 for all App Store submissions; Apple reported 94% of the top 100 apps by downloads achieved full PrivacyInfo.xcprivacy compliance before the deadline, with the remaining 6% receiving automated rejection notices and an extended 30-day grace period for SDK updates."
AAPL-2023Q4-0151,success,2024-03-15,EU AI Act Final Text (Mar 2024); Apple EU AI Act Preliminary Assessment,EU AI Act - Risk Classification,"The EU AI Act was formally adopted Mar 13, 2024; Apple's preliminary classification exercise correctly identified that Apple Watch health detection AI features fall under Annex III high-risk category 5(a), with conformity assessment obligations beginning 24 months after Act entry into force (est. Aug 2026) — providing Apple adequate runway for MDR-aligned technical documentation."
AAPL-2023Q4-0152,success,2024-02-01,N.D. Cal. Order (Jan 2024); Pacer iMessage ECPA Docket,ECPA iMessage Class Action - Dismissal,"The N.D. California granted Apple's motion to dismiss the ECPA iMessage link preview class action in Jan 2024, holding that URL fetching for link preview generation does not constitute 'interception' of a 'wire communication' under 18 U.S.C. § 2511 and that plaintiffs failed to plead lack of consent with particularity."
AAPL-2023Q4-0153,failure,2024-10-23,"CFPB Consent Order (Oct 23, 2024); Goldman Sachs Q3 2024 Earnings",Apple Card - CFPB Consent Order,"The CFPB issued a consent order on Oct 23, 2024 against Goldman Sachs for Apple Card, imposing a \$45 million civil penalty and a \$19.8 million consumer redress fund for failing to resolve billing disputes within legally required timeframes — affecting approximately 218,000 cardholders and naming Apple's dispute routing app architecture as a contributing factor."
AAPL-2023Q4-0154,success,2024-01-15,Apple Revised PIIA (Dec 2023); California Employment Counsel Review,PIIA - § 2870 Compliance,"Apple issued revised PIIA agreements to all California employees and contractors in Dec 2023 with explicit § 2870 carve-outs; external employment counsel certified the revised agreement complies with California Labor Code requirements, eliminating the class action risk from overbroad IP assignment language in prior PIIA versions."
AAPL-2023Q4-0155,success,2024-01-15,Brazil STJ Ruling (2023); Apple Brazil Tax Compliance Filing (Dec 2023),Brazil ISS - Compliance Implementation,"Apple implemented ISS municipal tax withholding for Brazil App Store developer payments in Q4 2023; the Brazilian Federal Revenue Service confirmed no outstanding App Store digital services tax enforcement actions against Apple through Q1 2024, and Apple disclosed a \$42 million provision for historical ISS exposure in its FY2023 Note 6 uncertain tax positions."
AAPL-2023Q4-0156,success,2024-02-01,"App Store Guidelines 4.9 (Jan 25, 2024); Xbox Game Pass iOS Release (Jan 2024)",Cloud Gaming - DMA Compliance,"Xbox Game Pass catalogue app launched on the App Store EU on Jan 25, 2024 with access to 100+ game titles via cloud streaming — the first time console-quality games became available on iOS without native app submissions; Microsoft confirmed zero individual game review submissions were required under the revised App Store Guideline 4.9."
AAPL-2023Q4-0157,success,2024-01-15,Apple Form SD (May 2023); Apple Supplier Responsibility Report (2023),Conflict Minerals - Form SD Filing,"Apple filed its FY2022 Form SD on May 31, 2023; the CMRT disclosed 100% of identified smelters (254 total) had completed or initiated Responsible Minerals Assurance Process (RMAP) audits — representing the highest 3TG smelter conformance rate among Fortune 50 companies in the RMI 2023 industry benchmark."
AAPL-2023Q4-0158,success,2024-01-15,BIS CRS Registry (2023); India Manufacturing Report Q4 2023,India BIS CRS - iPhone 15 Registration,"BIS CRS registration for India-manufactured iPhone 15 was confirmed in Q4 2023; Apple India commenced domestic sales of SIPCOT-made iPhone 15 units at INR 79,900 — \$25 lower than the equivalent import duty-applied price — contributing to a 46% YoY iPhone revenue growth in India in CY2023 reported by Counterpoint Research."
AAPL-2023Q4-0159,success,2024-02-01,N.D. Cal. Order (Jan 2024); Pacer Derivative Clawback Docket,Clawback Derivative Suit - Dismissal,"The N.D. California granted Apple's motion to dismiss the clawback derivative action in Jan 2024, ruling that plaintiffs failed to make pre-suit demand on the board as required by Delaware law and that the Compensation Committee's adoption of a Nasdaq 15A-6e-compliant clawback policy on Sep 29, 2023 mooted the alleged deficiency."
AAPL-2023Q4-0160,success,2024-02-01,CPSC Product Recall Database (Q1 2024); Apple Product Safety Statement (Jan 2024),Apple Watch Series 9 Battery - CPSC Assessment,"Apple's internal investigation found the Series 9 battery incidents involved third-party counterfeit bands with embedded charging electronics that caused external thermal events, not Apple Watch battery defects; Apple provided this determination to CPSC in Jan 2024, resulting in no CPSC mandatory recall action against Apple Watch Series 9."
