case_id,quarter,department,decision_title,decision_archetype,trigger,decision_description,options_considered,chosen_option,reasoning_summary,quantitative_signals,risk_level,cross_dept_impact,expected_profit_impact,profit_confidence,profit_impact_pathway,outcome_status,outcome_summary,decision_tags,finance_agent_conf,r&d_agent_conf,ops_agent_conf,legal_agent_conf,conflicting_perspectives,master_agent_decision,master_agent_confidence
1,Q4-2025,Operations,Accelerate iPhone 17 Pro Production Ramp,Throughput Expansion,Pre-order demand exceeded forecast by 18%,Increase assembly line utilization and supplier allocation for iPhone 17 Pro.,Option A: Maintain pace; Option B: +10% ramp; Option C: +20% ramp,+10% ramp,Captures demand without overstretching supply chain before holidays.,Preorders:+18%; Backlog:9_days; GM:46%,Medium,Finance;R&D,+0.9%,0.84,Demand Capture -> Revenue Growth -> EPS Expansion,Success,Ramp executed; backlog normalized within 3 weeks.,ops;iphone17;launch;ramp,0.8,0.65,0.97,0.7,Finance feared margin compression; Ops argued lost sales are worse.,Approve controlled ramp with weekly monitoring,0.88
2,Q4-2025,Finance,Increase Services Bundle Pricing in EU,Commercial Strategy,Services revenue at all-time high; inflation pressure in EU,Increase Apple One pricing by 3% in EU markets.,Option A: No change; Option B: +3%; Option C: +5%,+3%,Small increase offsets content licensing inflation without major churn.,Services_GM:75%; EU_Inflation:4.2%; Churn_Risk:Low,Low,Legal;Operations,+0.4%,0.86,Margin Expansion -> Recurring Revenue -> EPS Growth,Pending,Pricing review under legal compliance assessment.,finance;services;eu;pricing,0.95,0.6,0.7,0.82,Legal warned of consumer scrutiny; Finance cited inflation alignment.,Proceed with 3% increase after regulatory clearance,0.89
3,Q4-2025,R&D,Optimize M5 Chip Thermal Envelope,Product Quality,Internal thermal benchmarks exceeded safe tolerance in sustained load,Adjust firmware power curve before holiday shipment peak.,Option A: Ship as-is; Option B: Firmware cap; Option C: Delay shipments,Firmware cap,Prevents overheating reviews while keeping product launch intact.,Thermal_Peak:48C; Perf_Impact:-3%; Launch_Window:Critical,High,Operations;Legal,-0.3%,0.78,Avoid Recall -> Protect Brand -> Sustain Sales,Success,Firmware pushed before retail rollout.,r&d;m5;thermal;macbook,0.7,0.97,0.75,0.82,Ops feared benchmark criticism; R&D prioritized long-term reliability.,Ship with firmware cap + future performance update,0.87
4,Q4-2025,Legal,Review AI Advertising Targeting Compliance in EU,Regulatory Response,New EU digital advertising transparency guidelines issued,Conduct internal audit of Apple Ads personalization engine.,Option A: Maintain; Option B: Audit; Option C: Pause EU ads,Audit,Protects all-time-high Services revenue from regulatory penalties.,EU_Compliance_Risk:High; Ads_Revenue:+15%; Fine_Risk:$400M,High,Finance;R&D,-0.2%,0.75,Compliance -> Revenue Protection -> Legal Stability,Pending,Audit initiated; external counsel engaged.,legal;eu;ads;compliance,0.72,0.65,0.6,0.98,Finance worried audit slows revenue growth; Legal insisted proactive review.,Proceed with expedited compliance audit,0.88
5,Q4-2025,Operations,Secure Additional Air Freight for Holiday Peak,Logistics Response,Holiday demand spike across Americas,Charter limited air freight to avoid stockouts in week 1 of December.,Option A: Sea only; Option B: Partial air; Option C: Full air,Partial air,Protects record quarter while capping logistics cost impact.,Stockout_Risk:35%; Freight_Cost:+$28M; Holiday_Window:4_weeks,Medium,Finance,+0.6%,0.83,Holiday Capture -> Revenue Protection -> Customer Satisfaction,Success,Air freight executed; no launch-week shortages.,ops;holiday;logistics;airfreight,0.75,0.55,0.96,0.68,Finance resisted cost spike; Ops cited launch momentum risk.,Approve temporary air freight allocation,0.86
6,Q4-2025,Finance,Increase Share Buyback Authorization,Capital Management,Record fiscal year revenue reached $416B,Authorize additional $75B share repurchase.,Option A: Maintain; Option B: +$50B; Option C: +$75B,+75B,Strong cash flow supports return to shareholders while EPS growth remains double-digit.,Revenue:$416B; EPS:+13%; Cash:High,Low,Legal,+0.5%,0.92,EPS Accretion -> Shareholder Value -> Stock Support,Success,Board approved expanded authorization.,finance;buyback;capital;eps,0.99,0.6,0.7,0.9,Ops wanted more capex allocation; Finance prioritized capital return.,Proceed with staged buyback execution plan,0.91
7,Q4-2025,R&D,Enable Advanced Camera AI on iPhone 17 via Update,Feature Prioritization,Competitive pressure from Android AI camera enhancements,Accelerate OTA rollout of advanced on-device AI image processing.,Option A: Delay; Option B: Limited rollout; Option C: Global rollout,Limited rollout,Mitigates competitive threat while monitoring compute load.,AI_Compute:+22%; User_Interest:High; Battery_Impact:-2%,Medium,Operations;Legal,+0.4%,0.8,Feature Leadership -> Upgrade Cycle -> Revenue Growth,Pending,Rollout staged in US and Japan first.,r&d;iphone17;ai;camera,0.85,0.95,0.72,0.75,Legal questioned AI data usage disclosure; R&D argued edge processing privacy.,Proceed limited rollout with privacy disclosure update,0.87
8,Q4-2025,Legal,Negotiate Settlement in App Store Commission Dispute,Settlement Strategy,Class action escalated over commission rates,Enter settlement negotiations to avoid prolonged litigation.,Option A: Fight; Option B: Negotiate; Option C: Concede rate cut,Negotiate,Reduces long-term legal exposure while preserving commission model.,Litigation_Cost:$120M; Revenue_Exposure:Moderate; PR_Risk:High,Medium,Finance;Operations,-0.2%,0.77,Legal Stability -> Services Continuity -> Revenue Protection,Pending,Negotiation framework drafted.,legal;appstore;settlement;commission,0.8,0.6,0.7,0.96,Finance resisted potential payout; Legal emphasized reputational risk.,Proceed with structured settlement negotiation,0.89
9,Q4-2025,Operations,Reallocate A19 Chip Inventory Toward Pro Models,Capacity Allocation,iPhone 17 Pro demand mix exceeded base model by 22%,Shift A19 chip allocation from base iPhone 17 to Pro variants.,Option A: Maintain mix; Option B: Shift 10%; Option C: Shift 20%,Shift 10%,Pro models deliver higher ASP and margin; limited shift reduces risk of base shortages.,Pro_Mix:+22%; ASP:+18%; Inventory_Buffer:Low,Medium,Finance;R&D,+1.1%,0.86,Higher ASP -> Margin Expansion -> EPS Growth,Success,Shift improved blended margin without base model stockouts.,ops;iphone17;mix;asp,0.88,0.7,0.96,0.68,Finance pushed for 20%; Ops warned of demand volatility.,Proceed with moderate mix shift and weekly demand tracking,0.9
10,Q4-2025,Finance,Lock In Long-Term NAND Pricing Agreement,Commodity Strategy,Flash memory price volatility increased post-launch,Sign 18-month NAND supply agreement to stabilize cost base.,Option A: Spot buying; Option B: 12-month lock; Option C: 18-month lock,18-month lock,Prevents margin erosion during peak demand cycle.,NAND_Volatility:+14%; Unit_Cost_Risk:+3%; Volume:High,Medium,Operations,+0.5%,0.83,Cost Stability -> Gross Margin Protection -> Predictable EPS,Success,Pricing secured below projected peak rates.,finance;nand;cost;hedging,0.97,0.6,0.75,0.7,Ops feared overcommitment; Finance prioritized cost certainty.,Approve 18-month agreement with flexible volume clause,0.89
11,Q4-2025,R&D,Delay Minor iPadOS Update to Prioritize iPhone Stability,Release Prioritization,Engineering bandwidth constrained due to iPhone 17 patch cycle,Shift engineering resources temporarily from iPadOS features to iPhone stability fixes.,Option A: Continue roadmap; Option B: Partial delay; Option C: Full delay,Partial delay,Protects flagship launch experience during record quarter.,Bug_Rate:+12%; Launch_Critical:Yes; Resource_Load:High,High,Operations;Finance,-0.1%,0.76,Stability -> Lower Support Costs -> Customer Trust,Success,iPhone stability improved; iPadOS update slipped by 3 weeks.,r&d;ios;prioritization;launch,0.72,0.96,0.7,0.78,Finance wanted roadmap adherence; R&D argued launch stability first.,Prioritize iPhone stabilization for 30 days,0.87
12,Q4-2025,Legal,Strengthen Warranty Disclosure Language for M5 Devices,Compliance Enhancement,Increased scrutiny on AI performance claims in marketing materials,Revise warranty documentation to clarify AI feature limitations.,Option A: No change; Option B: Add disclaimer; Option C: Rewrite documentation,Add disclaimer,Reduces risk of consumer litigation over AI feature expectations.,Claim_Risk:Moderate; PR_Sensitivity:High; Legal_Exposure:$150M,Medium,Finance;R&D,-0.2%,0.78,Risk Mitigation -> Brand Protection -> Legal Stability,Success,Documentation updated before mass holiday distribution.,legal;warranty;m5;ai_claims,0.75,0.7,0.65,0.98,R&D felt disclaimer reduces excitement; Legal insisted on clarity.,Approve updated warranty disclosures,0.9
13,Q4-2025,Operations,Implement Dynamic Retail Inventory Rebalancing,Process Optimization,Holiday sell-through varied significantly by region,Deploy algorithm-based inventory redistribution across US retail stores.,Option A: Manual rebalancing; Option B: Semi-automated; Option C: Fully dynamic,Semi-automated,Reduces stock imbalances while avoiding full system risk mid-quarter.,SellThrough_Variance:18%; Stockout_Risk:Medium; Logistics_Cost:+$6M,Medium,Finance,+0.6%,0.82,Optimized Allocation -> Revenue Capture -> Reduced Markdown Risk,Pending,Pilot launched in 120 stores.,ops;retail;inventory;holiday,0.8,0.6,0.95,0.65,Finance worried algorithm errors could create overstock; Ops argued manual is too slow.,Pilot semi-automated system before full rollout,0.86
14,Q4-2025,Finance,Increase Services Content Acquisition Budget,Strategic Investment,Services revenue reached all-time high,Expand Apple TV+ content acquisition budget for FY26.,Option A: Maintain; Option B: +8%; Option C: +15%,+8%,Supports retention and ARPU growth without overextending content spend.,Services_Revenue:+15%; Churn:Low; Content_Cost:+8%,Low,Legal;R&D,+0.7%,0.84,Higher Engagement -> Subscription Growth -> Recurring Revenue,Success,Budget approved with ROI monitoring targets.,finance;services;content;tvplus,0.96,0.65,0.7,0.75,Legal warned licensing exposure; Finance prioritized ecosystem lock-in.,Approve moderate increase tied to ROI KPIs,0.89
15,Q4-2025,R&D,Optimize Battery Calibration Algorithm for iPhone 17,Performance Enhancement,Early user feedback flagged inconsistent battery health metrics,Release recalibration update to improve reported battery accuracy.,Option A: Ignore; Option B: Minor patch; Option C: Full recalibration,Full recalibration,Maintains trust in battery longevity metrics during flagship cycle.,User_Feedback:High; Calibration_Error:3%; Warranty_Risk:Medium,Medium,Legal;Operations,+0.2%,0.79,Trust -> Lower Returns -> Brand Loyalty,Success,Update reduced customer support calls by 11%.,r&d;battery;calibration;iphone17,0.65,0.97,0.75,0.8,Finance feared extra dev cost; R&D prioritized perception accuracy.,Deploy recalibration patch globally,0.88
16,Q4-2025,Legal,Preemptive Review of Holiday Promotional Claims,Regulatory Risk Audit,Holiday ads highlighted AI and performance metrics aggressively,Audit promotional claims for accuracy before peak campaign push.,Option A: No audit; Option B: Limited review; Option C: Full review,Limited review,Prevents false advertising claims without delaying marketing campaigns.,Promo_Reach:High; Litigation_Risk:Moderate; Deadline:Short,Medium,Finance;Operations,-0.1%,0.77,Risk Mitigation -> Stable Revenue -> Brand Protection,Success,Audit completed without major revisions.,legal;ads;holiday;compliance,0.78,0.6,0.65,0.96,Finance feared delay in ad rollout; Legal emphasized scrutiny risk.,Conduct rapid legal audit pre-campaign launch,0.88
17,Q4-2025,Operations,Increase Spare Parts Allocation for AppleCare Demand,After-Sales Optimization,AppleCare subscription growth increased repair volume forecast,Increase spare parts stock for iPhone 17 repairs.,Option A: Maintain stock; Option B: +10%; Option C: +25%,+10%,Prevents repair backlog and preserves premium service experience.,AppleCare_Growth:+19%; Repair_Forecast:+14%; Parts_Cost:+$9M,Low,Finance,+0.3%,0.82,Service Reliability -> Retention -> Services Revenue,Success,Repair turnaround improved during holidays.,ops;applecare;repairs;inventory,0.85,0.6,0.94,0.7,Finance questioned cost; Ops argued service delays harm loyalty.,Approve 10% spare allocation increase,0.89
18,Q4-2025,Finance,Reassess Dividend Growth Pace for FY26,Capital Strategy,Dividend increased to $0.26; investor expectations rising,Evaluate sustainability of accelerated dividend growth.,Option A: Maintain growth pace; Option B: Slow growth; Option C: Accelerate growth,Maintain pace,Balances investor confidence with long-term reinvestment flexibility.,Dividend:$0.26; EPS:+13%; CashFlow:Strong,Low,Legal,+0.2%,0.88,Investor Confidence -> Stock Support -> Lower Cost of Capital,Pending,Board review scheduled Q1 FY26.,finance;dividend;capital;eps,0.98,0.6,0.7,0.82,Ops pushed for more automation capex; Finance defended balanced capital return.,Maintain steady dividend trajectory,0.91
19,Q4-2025,Operations,Reallocate AirPods Pro 3 Production to High-Margin Regions,Channel Optimization,US demand outpaced EMEA by 17%,Shift AirPods Pro 3 shipment priority toward US channels during holiday peak.,Option A: Equal distribution; Option B: Region-weighted; Option C: Margin-weighted,Margin-weighted,Prioritizing high-margin regions maximizes blended profitability.,US_Demand:+17%; Margin_Diff:+6%; Logistics_Cost:+$4M,Medium,Finance;Legal,+0.8%,0.84,Margin Optimization -> Revenue Capture -> EPS Support,Success,Margin improved without significant EU backlash.,ops;airpods;regional_mix;margin,0.88,0.65,0.96,0.72,Legal warned EU supply imbalance may attract scrutiny; Ops prioritized margin.,Proceed with margin-weighted allocation with monitoring,0.9
20,Q4-2025,Finance,Introduce Limited-Time Trade-In Bonus for iPhone 17,Promotional Strategy,Competitive holiday promotions intensified,Offer $50 additional trade-in credit for select legacy devices.,Option A: No bonus; Option B: $50 bonus; Option C: $100 bonus,$50 bonus,Boosts upgrade cycle without deeply eroding margin.,Upgrade_Rate:+12%; Promo_Cost:$120M; ASP_Impact:-1.2%,Medium,Operations;Legal,+0.6%,0.82,Upgrade Acceleration -> Higher Volume -> Ecosystem Lock-in,Success,Upgrade rate exceeded forecast by 9%.,finance;tradein;promotion;holiday,0.94,0.7,0.75,0.8,Ops worried about trade-in processing backlog; Finance focused on volume gain.,Approve moderate bonus for 6-week window,0.88
21,Q4-2025,R&D,Reduce Background AI Compute to Extend Battery Life,Efficiency Optimization,Internal telemetry showed AI background tasks consuming 8% extra battery,Throttle non-essential background AI tasks via firmware update.,Option A: No change; Option B: Partial throttle; Option C: Full disable,Partial throttle,Improves battery life perception without disabling marquee AI features.,Battery_Impact:-8%; Perf_Impact:-1%; NPS_Risk:Moderate,Medium,Finance;Operations,+0.3%,0.8,Battery Satisfaction -> Lower Returns -> Brand Strength,Pending,Update in staged deployment.,r&d;ai;battery;efficiency,0.72,0.95,0.7,0.75,Finance questioned development cost; R&D prioritized long-term loyalty.,Proceed with partial throttle and performance review,0.87
22,Q4-2025,Legal,Review App Store Commission Transparency Reporting,Compliance Audit,Global regulators increasing scrutiny on platform fee disclosures,Enhance public reporting transparency on commission structures.,Option A: Maintain disclosure; Option B: Expand reporting; Option C: Reduce fees,Expand reporting,Transparency reduces antitrust pressure while preserving revenue model.,Regulatory_Scrutiny:High; Services_Revenue:Record; Litigation_Risk:Moderate,High,Finance,0.0%,0.76,Compliance -> Reduced Antitrust Risk -> Revenue Stability,Pending,Disclosure framework drafted.,legal;appstore;transparency;antitrust,0.78,0.6,0.65,0.97,Finance feared data may fuel competitor pressure; Legal insisted on proactive stance.,Proceed with enhanced transparency report,0.89
23,Q4-2025,Operations,Temporarily Increase Packaging Automation Rate,Process Scaling,Holiday shipment volumes hit quarterly record,Increase automated packaging throughput by 15% to handle surge.,Option A: Maintain staffing; Option B: Overtime; Option C: Automation increase,Automation increase,Reduces overtime cost and improves packaging consistency.,Shipment_Volume:+21%; Automation_Capacity:+15%; Labor_Cost:-$8M,Low,Finance,+0.4%,0.85,Cost Efficiency -> Faster Throughput -> Margin Protection,Success,Automation absorbed peak surge effectively.,ops;automation;packaging;holiday,0.92,0.6,0.97,0.7,Finance supported cost savings; R&D raised minor integration concerns.,Approve temporary automation rate increase,0.91
24,Q4-2025,Finance,Accelerate Depreciation Schedule for Legacy Equipment,Accounting Adjustment,Legacy manufacturing tools nearing replacement cycle,Adjust depreciation timeline to align with new automation investments.,Option A: Maintain schedule; Option B: Accelerate depreciation,Accelerate depreciation,Aligns accounting with modernization strategy; impacts short-term EPS.,Depreciation:+$220M; Automation_Investment:$1.2B; EPS_Impact:-0.03,Medium,Operations;Legal,-0.1%,0.79,Accounting Alignment -> Long-Term Efficiency -> Capital Clarity,Success,Adjustment implemented in fiscal close.,finance;depreciation;automation;accounting,0.96,0.6,0.75,0.82,Ops worried optics; Finance prioritized transparent modernization.,Proceed with accelerated depreciation disclosure,0.88
25,Q4-2025,R&D,Enable Adaptive Refresh Rate Scaling for Apple Watch,Performance Optimization,Battery testing revealed variability under workout conditions,Refine adaptive refresh logic for fitness tracking modes.,Option A: Maintain; Option B: Update algorithm,Update algorithm,Enhances battery life during extended workouts without degrading UX.,Workout_Drain:+11%; Battery_Improvement:+7%; UX_Risk:Low,Low,Operations,+0.2%,0.83,Battery Improvement -> User Satisfaction -> Repeat Purchases,Success,Firmware deployed pre-holiday surge.,r&d;watch;refresh_rate;battery,0.8,0.96,0.75,0.7,Finance questioned ROI; R&D cited loyalty impact.,Deploy adaptive scaling update globally,0.89
26,Q4-2025,Legal,Preemptive Settlement Review on AI Data Use Complaints,Dispute Mitigation,Consumer advocacy groups raised concerns on AI training data,Engage mediation to prevent escalation into class action.,Option A: Ignore; Option B: Public response only; Option C: Mediation,Mediation,Proactive resolution reduces PR and litigation exposure.,Complaint_Volume:Moderate; PR_Risk:High; Settlement_Est:$40M,Medium,Finance;R&D,-0.2%,0.77,Risk Mitigation -> Reputation Stability -> Revenue Protection,Pending,Mediation talks initiated.,legal;ai;data_use;mediation,0.75,0.65,0.6,0.98,Finance resisted settlement cost; Legal warned escalation risk.,Proceed with controlled mediation talks,0.88
27,Q4-2025,Operations,Reduce Safety Stock Buffer on MacBook Pro M5,Inventory Optimization,Demand stabilized after initial launch surge,Lower safety stock buffer from 6 weeks to 4 weeks.,Option A: Maintain buffer; Option B: Reduce buffer,Reduce buffer,Releases working capital without significant stockout risk.,Inventory_Buffer:-2_weeks; Working_Capital:+$600M; Stockout_Risk:Low,Low,Finance,+0.3%,0.84,Capital Efficiency -> Margin Improvement -> Financial Flexibility,Success,Working capital improved without shortages.,ops;inventory;macbook;m5,0.93,0.6,0.96,0.7,Finance supported capital release; Ops monitored risk closely.,Approve buffer reduction with weekly review,0.9
28,Q4-2025,Finance,Implement Temporary Gross Margin Protection Fee on Custom Configurations,Revenue Optimization,Custom-config iPhone 17 orders rising rapidly,Add small configuration premium on high-memory SKUs during peak demand window.,Option A: No change; Option B: +$20 premium; Option C: +$40 premium,+20 premium,Captures willingness-to-pay during launch peak without hurting volume significantly.,High_Memory_Demand:+19%; ASP:+6%; Margin_Sensitivity:High,Medium,Operations;Legal,+0.5%,0.84,Higher ASP -> Margin Protection -> EPS Stability,Success,Premium applied for 5 weeks; no measurable demand drop.,finance;asp;pricing;iphone17,0.96,0.65,0.72,0.8,Legal warned pricing optics; Ops worried about channel alignment.,Proceed with modest premium for limited period,0.89
29,Q4-2025,Operations,Consolidate EU Distribution Centers for Cost Efficiency,Logistics Restructure,Freight cost increased post-holiday surge,Temporarily consolidate two EU hubs to reduce duplication.,Option A: Maintain hubs; Option B: Consolidate temporarily; Option C: Permanent consolidation,Consolidate temporarily,Reduces short-term opex without risking long-term regional resilience.,Freight_Cost:+11%; Opex_Savings:$32M; Delivery_Time:+0.5_days,Medium,Finance;Legal,+0.2%,0.8,Cost Efficiency -> Margin Stability -> Working Capital Optimization,Pending,Pilot consolidation in progress.,ops;eu;logistics;cost_control,0.88,0.6,0.95,0.72,Finance supported savings; Legal flagged labor law implications.,Proceed with temporary consolidation and legal compliance checks,0.86
30,Q4-2025,R&D,Introduce AI Resource Throttling in Low-Signal Regions,Feature Governance,AI server demand exceeded projections in emerging markets,Limit cloud-based AI features in low-bandwidth regions to preserve core stability.,Option A: Maintain access; Option B: Region throttle; Option C: Disable AI,Region throttle,Ensures flagship markets remain stable during capacity strain.,AI_Load:+28%; Latency:+140ms; Infra_Cost:+$75M,High,Finance;Operations,-0.2%,0.75,Core Stability -> Premium Market Protection -> Brand Trust,Pending,Rollout staged across selected regions.,r&d;ai;infra;latency,0.78,0.96,0.7,0.8,Finance wanted universal access; R&D prioritized stability in core markets.,Proceed with controlled throttling and capacity expansion plan,0.88
31,Q4-2025,Legal,Pre-Review Holiday Financing Offers for Consumer Credit Compliance,Regulatory Safeguard,Expanded installment plans introduced for iPhone 17,Audit financing disclosures to avoid consumer credit violations.,Option A: Minimal review; Option B: Full compliance audit,Full compliance audit,Reduces exposure to credit regulation penalties across US and EU.,Installment_Adoption:+21%; Regulatory_Risk:Moderate; Exposure:$300M,Medium,Finance,0.0%,0.79,Compliance -> Revenue Protection -> Litigation Avoidance,Success,Disclosures updated prior to peak marketing push.,legal;financing;credit;compliance,0.8,0.6,0.65,0.98,Finance feared delay in financing campaign; Legal insisted on thorough audit.,Proceed with full audit before expanding campaign,0.9
32,Q4-2025,Operations,Reduce Express Shipping Subsidy After Launch Peak,Cost Rationalization,Launch surge normalized and express shipping costs remained elevated,Scale back express shipping subsidies in mature markets.,Option A: Maintain subsidy; Option B: Reduce by 30%; Option C: Eliminate subsidy,Reduce by 30%,Balances customer expectations with cost control post-launch.,Express_Cost:+$54M; OnTime_Delivery:Stable; Margin_Pressure:Moderate,Low,Finance,+0.3%,0.83,Cost Reduction -> Margin Expansion -> EPS Improvement,Success,Shipping cost savings realized without NPS drop.,ops;shipping;cost;post_launch,0.92,0.55,0.96,0.7,Finance pushed for elimination; Ops preferred gradual reduction.,Reduce subsidy in phased approach,0.91
33,Q4-2025,Finance,Reallocate Marketing Budget Toward Subscription Upsell,Strategic Rebalance,Hardware awareness high post-launch; Services growth strong,Shift 12% of holiday marketing toward Apple One + iCloud.,Option A: Maintain hardware focus; Option B: Partial shift; Option C: Aggressive shift,Partial shift,Maximizes lifetime value over one-time hardware push.,Services_Growth:+15%; ARPU:+9%; Hardware_Awareness:High,Low,Operations;Legal,+0.6%,0.86,Recurring Revenue -> Higher LTV -> Margin Expansion,Success,Subscription conversion increased 6%.,finance;services;upsell;marketing,0.97,0.7,0.72,0.75,Ops feared slower hardware sell-through; Finance emphasized ecosystem lock-in.,Approve measured reallocation to services campaigns,0.9
34,Q4-2025,R&D,Adjust Camera AI Training Dataset Governance,Ethical Compliance,Internal review found dataset sourcing inconsistency,Revise dataset governance standards and retrain models.,Option A: Minor patch; Option B: Full retraining; Option C: Ignore,Full retraining,Prevents reputational damage and future legal claims.,Dataset_Flag:Moderate; PR_Risk:High; Retrain_Cost:$60M,High,Legal;Finance,-0.3%,0.74,Ethical Compliance -> Brand Protection -> Long-Term Revenue,Pending,Retraining initiated; rollout Q1 FY26.,r&d;ai;dataset;ethics,0.7,0.95,0.65,0.92,Finance resisted retraining cost; Legal emphasized reputational risk.,Approve retraining despite short-term cost,0.89
35,Q4-2025,Legal,Review Cross-Border Data Transfer Agreements,Data Governance,Increased EU-US regulatory scrutiny on data transfers,Reassess data transfer agreements to ensure DMA alignment.,Option A: Maintain agreements; Option B: Amend contracts,Amend contracts,Protects Services revenue from cross-border compliance exposure.,Data_Transfer_Volume:High; EU_Scrutiny:High; Fine_Risk:$500M,High,Finance;Operations,-0.1%,0.78,Compliance -> Revenue Protection -> Legal Stability,Pending,Contract revisions underway.,legal;data;eu;dma,0.75,0.65,0.7,0.99,Finance worried about renegotiation cost; Legal prioritized regulatory certainty.,Amend agreements with phased implementation,0.91
36,Q4-2025,Operations,Introduce Micro-Batching in MacBook Assembly,Process Innovation,Yield variability detected in early M5 production runs,Shift to micro-batch assembly cycles for tighter QA control.,Option A: Maintain large batches; Option B: Micro-batching,Micro-batching,Reduces defect variance during high-demand period.,Yield_Variance:+4%; QA_Cost:+$8M; Warranty_Risk:-$35M,Medium,Finance;R&D,+0.2%,0.82,Quality Control -> Lower Returns -> Brand Strength,Success,Defect variance reduced by 40%.,ops;manufacturing;yield;m5,0.82,0.88,0.97,0.75,Finance concerned about added QA cost; Ops prioritized stability.,Adopt micro-batching for remainder of quarter,0.89
37,Q4-2025,Finance,Delay Supplier Prepayment to Optimize Quarter-End Cash Flow,Cash Flow Management,Record revenue quarter; cash balance under earnings scrutiny,Delay non-critical supplier prepayments to improve reported free cash flow.,Option A: Maintain schedule; Option B: Delay 30 days,Delay 30 days,Improves quarter-end cash optics without harming strategic suppliers.,FreeCashFlow:+$1.1B; Supplier_Risk:Low; Earnings_Visibility:High,Medium,Operations;Legal,+0.2%,0.83,Cash Visibility -> Investor Confidence -> Stock Support,Success,Cash position improved without supply disruption.,finance;cashflow;earnings;suppliers,0.98,0.6,0.75,0.82,Ops worried about supplier goodwill; Finance prioritized optics.,Proceed with limited 30-day delay and notify suppliers,0.9
38,Q4-2025,Operations,Implement Dual-Sourcing for iPhone 17 Camera Module,Risk Diversification,Geopolitical tension risk increased in single-source region,Qualify second supplier for camera module to mitigate disruption risk.,Option A: Maintain single source; Option B: Dual-source,Dual-source,Reduces single-point failure risk entering holiday season.,Single_Source_Risk:High; Qualification_Cost:$45M; Delay_Risk:Medium,High,Finance;R&D,-0.2%,0.78,Risk Mitigation -> Supply Stability -> Revenue Protection,Pending,Secondary supplier qualification underway.,ops;supply;dual_source;risk,0.75,0.8,0.96,0.72,Finance resisted added cost; Ops stressed disruption risk.,Proceed with accelerated dual-sourcing plan,0.87
39,Q4-2025,R&D,Limit On-Device AI Model Size to Preserve Storage,Performance Tradeoff,Customer feedback flagged storage pressure on base models,Reduce AI model footprint via compression update.,Option A: Maintain size; Option B: Compress model,Compress model,Protects base-model UX without removing AI capabilities.,Model_Size:-22%; Accuracy:-1.5%; Storage_Impact:+4GB,Medium,Finance;Operations,+0.1%,0.8,UX Optimization -> Customer Retention -> Stable Sales,Success,Compression update released with minimal accuracy loss.,r&d;ai;compression;storage,0.72,0.96,0.7,0.75,Finance saw no revenue benefit; R&D focused on UX preservation.,Proceed with compression and monitor performance metrics,0.88
40,Q4-2025,Legal,Initiate Voluntary Transparency Report on AI Training Data,Reputation Strategy,Public discourse intensified around AI training sources,Publish voluntary transparency report before regulatory mandate.,Option A: Wait for mandate; Option B: Voluntary report,Voluntary report,Positions company as proactive leader in AI ethics.,PR_Sentiment:Neutral; Regulatory_Pressure:Rising; Compliance_Cost:$25M,Medium,Finance;R&D,-0.1%,0.77,Trust Building -> Brand Equity -> Long-Term Revenue,Pending,Report drafting initiated.,legal;ai;transparency;ethics,0.78,0.7,0.65,0.99,Finance questioned ROI; Legal emphasized trust dividend.,Proceed with voluntary transparency initiative,0.9
41,Q4-2025,Operations,Reduce Production Variance via Predictive Maintenance,Operational Efficiency,Assembly downtime increased 3% during M5 ramp,Deploy predictive maintenance AI across key lines.,Option A: Reactive maintenance; Option B: Predictive rollout,Predictive rollout,Reduces downtime during peak season.,Downtime:+3%; Maintenance_Cost:+$12M; Throughput:+5%,Low,Finance,+0.4%,0.85,Efficiency -> Higher Output -> Margin Expansion,Success,Downtime reduced to baseline within 4 weeks.,ops;maintenance;automation;m5,0.93,0.75,0.97,0.7,Finance supported long-term ROI; R&D flagged model tuning risk.,Deploy predictive maintenance before holiday peak,0.91
42,Q4-2025,Finance,Adjust FX Hedging Mix Post-Euro Strengthening,Foreign Exchange Strategy,Euro strengthened unexpectedly vs USD,Rebalance hedge ratio for EU revenue exposure.,Option A: Maintain hedge; Option B: Reduce hedge ratio,Reduce hedge ratio,Captures favorable FX movement while keeping partial protection.,EUR:+6%; Hedge_Adjust:-15%; Revenue_Exposure:$12B,Medium,Legal,+0.3%,0.84,FX Optimization -> Margin Stability -> EPS Benefit,Success,Hedge adjustment improved Q4 FX gain.,finance;fx;euro;hedging,0.99,0.6,0.7,0.82,Legal cautioned on speculative optics; Finance defended data-driven adjustment.,Proceed with moderated hedge reduction,0.9
43,Q4-2025,R&D,Accelerate Firmware Update to Improve FaceID Recognition,Quality Enhancement,Holiday support tickets for FaceID increased 14%,Ship firmware optimization for recognition under low-light.,Option A: Delay to Q1; Option B: Accelerate update,Accelerate update,Reduces holiday support burden and improves satisfaction.,Support_Tickets:+14%; Patch_Time:10_days; Accuracy:+3%,Medium,Operations;Finance,+0.2%,0.82,Customer Satisfaction -> Lower Support Cost -> Brand Trust,Success,Update deployed before holiday spike.,r&d;faceid;firmware;support,0.75,0.97,0.78,0.72,Finance questioned resource shift; R&D prioritized user trust.,Deploy firmware before peak shopping week,0.88
44,Q4-2025,Legal,Review Holiday Trade-In Valuation Compliance,Consumer Protection,Regulators reviewing fairness of device trade-in values,Audit trade-in valuation methodology for fairness and transparency.,Option A: Maintain method; Option B: Audit and revise,Audit and revise,Prevents enforcement action and reputational harm.,TradeIn_Volume:High; Regulator_Inquiry:Moderate; Risk:$150M,High,Finance;Operations,-0.2%,0.78,Compliance -> Brand Trust -> Revenue Stability,Pending,Audit team formed; review underway.,legal;tradein;consumer;compliance,0.8,0.65,0.7,0.98,Finance feared cost increase; Legal prioritized fairness exposure.,Proceed with methodology review and disclosure update,0.89
45,Q4-2025,Operations,Shift Weekend Assembly to Reduce Overtime Premium,Workforce Optimization,Overtime premiums inflated Q4 manufacturing cost,Reconfigure shift structure to reduce weekend premium hours.,Option A: Maintain structure; Option B: Shift redistribution,Shift redistribution,Reduces cost while maintaining output targets.,Overtime_Cost:+$26M; Labor_Efficiency:+4%; Output:Stable,Low,Finance,+0.3%,0.83,Cost Reduction -> Margin Expansion -> Operational Efficiency,Success,Overtime premium reduced 18%.,ops;labor;manufacturing;cost,0.92,0.6,0.96,0.7,Finance pushed for immediate change; Ops managed morale impact.,Implement phased shift restructuring,0.9
46,Q4-2025,Finance,Create Contingency Reserve for Potential EU Fine,Financial Risk Buffer,EU regulatory pressure intensified late quarter,Establish temporary litigation reserve in Q4 books.,Option A: No reserve; Option B: Reserve $500M,Reserve $500M,Provides earnings transparency and reduces future shock risk.,Fine_Risk:Elevated; Reserve:$500M; EPS_Impact:-0.04,Medium,Legal,-0.2%,0.8,Risk Buffer -> Investor Transparency -> Legal Preparedness,Success,Reserve booked in Q4 financials.,finance;reserve;eu;risk,0.97,0.6,0.72,0.95,Ops feared investor reaction; Finance prioritized transparency.,Approve litigation reserve to manage risk expectations,0.91
47,Q4-2025,Operations,Pre-Build Strategic Inventory for Lunar New Year Demand Surge,Demand Forecast Hedge,Asia-Pacific channel partners forecast 14% spike for early Q1,Increase late-Q4 build of iPhone 17 units for APAC warehouses.,Option A: Maintain forecast; Option B: Build +8%; Option C: Build +15%,+8%,Moderate pre-build hedges demand spike without overexposure.,APAC_Forecast:+14%; Inventory_Carry_Cost:+$45M; Stockout_Risk:High,Medium,Finance;R&D,+0.5%,0.82,Demand Readiness -> Revenue Capture -> Channel Stability,Pending,Production scheduled in final 2 weeks of Q4.,ops;inventory;apac;forecast,0.78,0.65,0.95,0.7,Finance worried about excess inventory risk; Ops cited seasonal spike certainty.,Proceed with moderate pre-build buffer,0.87
48,Q4-2025,Finance,Accelerate Revenue Recognition on Bundled Service Trials,Accounting Strategy,Holiday hardware bundles include 6-month free Services trial,Evaluate early recognition methodology within accounting standards.,Option A: Recognize over term; Option B: Partial upfront recognition,Partial upfront recognition,Aligns revenue reporting with performance obligations met at device activation.,Bundle_Units:High; Deferred_Revenue:$1.4B; EPS_Impact:+0.02,High,Legal,-0.1%,0.78,Earnings Smoothing -> Investor Visibility -> Stock Stability,Pending,Under auditor review before earnings release.,finance;accounting;revenue;services,0.96,0.6,0.7,0.94,Legal cautioned on compliance optics; Finance focused on smoothing volatility.,Proceed only after external auditor clearance,0.89
49,Q4-2025,R&D,Reduce ProMotion Max Refresh Ceiling to Preserve Thermals,Performance Tradeoff,Sustained 120Hz usage caused localized thermal spikes,Cap ProMotion peak refresh at 110Hz in extended gaming sessions.,Option A: Maintain 120Hz; Option B: Adaptive cap,Adaptive cap,Prevents overheating complaints during peak holiday usage.,Thermal_Spike:+6%; Perf_Impact:-1.8%; Support_Risk:Moderate,Medium,Operations;Finance,+0.1%,0.81,Quality Preservation -> Lower Returns -> Brand Trust,Success,Firmware update rolled out silently pre-holidays.,r&d;promotion;thermal;gaming,0.72,0.95,0.78,0.74,Finance questioned marginal benefit; R&D emphasized long-term device health.,Deploy adaptive refresh ceiling algorithm,0.88
50,Q4-2025,Legal,Preemptive Antitrust Briefing with EU Regulators,Regulatory Diplomacy,DMA scrutiny intensified post-record Services revenue,Hold voluntary briefing with EU Commission outlining compliance roadmap.,Option A: Wait for inquiry; Option B: Proactive briefing,Proactive briefing,Signals cooperation and reduces adversarial escalation risk.,Services_Revenue:Record; Regulatory_Tension:High; Fine_Risk:$600M,High,Finance;Operations,-0.2%,0.79,Regulatory Stability -> Revenue Protection -> Legal Risk Mitigation,Pending,Briefing scheduled before fiscal close.,legal;eu;dma;antitrust,0.75,0.65,0.7,0.99,Finance feared signaling vulnerability; Legal prioritized diplomatic leverage.,Proceed with controlled briefing strategy,0.91
51,Q4-2025,Operations,Shift Air Freight Capacity to Pro Max SKUs During Peak Week,Capacity Prioritization,Logistics bottleneck limited outbound shipments,Allocate limited air freight capacity to highest-margin SKUs.,Option A: Equal distribution; Option B: Margin-priority,Margin-priority,Maximizes profitability during constrained logistics window.,Freight_Capacity:Limited; Margin_Delta:+9%; Delay_Risk:Medium,Medium,Finance,+0.9%,0.85,Margin Maximization -> EPS Lift -> Holiday Revenue Capture,Success,Pro Max sell-through increased in priority regions.,ops;logistics;sku;priority,0.94,0.6,0.97,0.7,Finance strongly supported margin strategy; Legal monitored fairness optics.,Approve temporary margin-priority freight allocation,0.92
52,Q4-2025,Finance,Increase Short-Term Liquidity Buffer Amid Macro Volatility,Defensive Capital Strategy,Market volatility increased late Q4,Temporarily increase liquidity buffer through short-term instruments.,Option A: Maintain buffer; Option B: Increase by $5B,Increase by $5B,Preserves optionality entering uncertain macro environment.,Market_Volatility:+18%; Cash_Position:Strong; Yield_Loss:Minimal,Low,Legal,+0.1%,0.84,Capital Stability -> Risk Mitigation -> Investor Confidence,Success,Liquidity buffer increased before year-end close.,finance;liquidity;macro;risk,0.98,0.6,0.72,0.85,Ops questioned idle cash; Finance emphasized optionality value.,Increase liquidity buffer temporarily,0.91
53,Q4-2025,R&D,Restrict Third-Party Access to New AI API Tier,Platform Governance,High compute demand from external developers,Limit API tier access to verified enterprise partners.,Option A: Open access; Option B: Verified-only access,Verified-only access,Prevents infrastructure overload during consumer peak demand.,API_Usage:+35%; Infra_Cost:+$80M; Consumer_Latency:Critical,High,Finance;Legal,-0.2%,0.76,Infrastructure Stability -> Consumer Satisfaction -> Revenue Protection,Pending,Access restrictions applied to new tier.,r&d;api;ai;capacity,0.78,0.96,0.72,0.9,Finance preferred monetization expansion; R&D prioritized stability.,Proceed with verified-only temporary restriction,0.89
54,Q4-2025,Legal,Revise Return Policy Language for Holiday Extensions,Consumer Risk Mitigation,Holiday return window extended to 60 days,Clarify policy exclusions to reduce abuse risk.,Option A: Maintain wording; Option B: Tighten exclusions,Tighten exclusions,Reduces fraud and chargeback exposure.,Return_Window:60_days; Fraud_Risk:+12%; Exposure:$220M,Medium,Finance;Operations,-0.1%,0.82,Fraud Reduction -> Cost Control -> Margin Protection,Success,Return abuse decreased 9% year-over-year.,legal;returns;holiday;fraud,0.88,0.65,0.75,0.97,Finance supported tighter language; Ops monitored NPS impact.,Implement revised return policy disclosures,0.92
55,Q4-2025,Operations,Introduce Rolling Forecast Model for Final Two Weeks of Quarter,Forecast Optimization,Demand volatility increased approaching quarter close,Adopt rolling 72-hour forecast refresh cycle.,Option A: Weekly forecast; Option B: 72-hour rolling model,72-hour rolling model,Improves allocation accuracy during final shipment window.,Demand_Variance:+15%; Allocation_Error:-30%; Forecast_Cost:+$3M,Low,Finance,+0.4%,0.86,Precision Allocation -> Revenue Maximization -> Margin Stability,Success,Forecast error reduced significantly before earnings close.,ops;forecast;planning;quarter_end,0.9,0.7,0.96,0.75,Finance supported precision to optimize revenue capture.,Adopt rolling forecast for quarter-end window,0.93
56,Q4-2025,Finance,Bundle Extended iCloud Storage with iPhone 17 Pro,Ecosystem Expansion,Pro users showing higher cloud storage consumption,Include 12-month 2TB iCloud plan with Pro models at marginal cost.,Option A: No bundle; Option B: 6-month bundle; Option C: 12-month bundle,6-month bundle,Drives long-term subscription conversion without full-year margin hit.,Cloud_Usage:+23%; Conversion_Rate:+8%; Bundle_Cost:$140M,Medium,Operations;Legal,+0.5%,0.83,Retention -> Higher LTV -> Recurring Revenue Growth,Pending,Limited regional rollout initiated.,finance;icloud;bundle;retention,0.95,0.7,0.75,0.82,Legal warned about promotional disclosure complexity; Finance prioritized LTV growth.,Proceed with limited 6-month bundle pilot,0.89
57,Q4-2025,Operations,Introduce Cybersecurity Red-Team Testing Before Holiday Peak,Operational Resilience,Increased phishing and credential attacks detected,Conduct aggressive red-team simulation across retail systems.,Option A: Routine monitoring; Option B: Red-team exercise,Red-team exercise,Prevents peak-season breach risk during record revenue window.,Threat_Alerts:+32%; Testing_Cost:$18M; Breach_Exposure:High,High,Finance;Legal,-0.1%,0.79,Security Assurance -> Brand Trust -> Revenue Protection,Success,Vulnerabilities patched before peak weekend.,ops;cybersecurity;retail;security,0.82,0.75,0.95,0.88,Finance questioned expense timing; Legal supported proactive risk mitigation.,Approve full red-team exercise pre-peak,0.91
58,Q4-2025,R&D,Implement AI Hallucination Suppression Filters,Risk Containment,User reports flagged misleading AI responses,Deploy hallucination detection layer in Apple Intelligence.,Option A: Monitor only; Option B: Deploy suppression filter,Deploy suppression filter,Reduces reputational risk during high-visibility launch cycle.,Hallucination_Rate:2.4%; PR_Risk:High; Compute_Cost:+$20M,Medium,Legal;Finance,-0.2%,0.78,Trust Preservation -> Reduced Legal Exposure -> Brand Stability,Pending,Suppression filter deployed to English markets first.,r&d;ai;hallucination;trust,0.75,0.97,0.72,0.94,Finance resisted compute cost; Legal prioritized liability containment.,Proceed with suppression layer rollout,0.9
59,Q4-2025,Legal,Update Sustainability Claims Language on Packaging,Compliance Adjustment,NGOs questioned carbon-neutral packaging claims,Revise sustainability marketing language to avoid greenwashing claims.,Option A: Maintain language; Option B: Adjust claims wording,Adjust claims wording,Prevents regulatory and reputational backlash.,ESG_Scrutiny:Moderate; Claim_Risk:High; PR_Exposure:$200M,Medium,Finance;Operations,-0.1%,0.8,Reputation Protection -> Regulatory Compliance -> Investor Confidence,Success,Updated packaging disclosures published.,legal;esg;packaging;compliance,0.8,0.65,0.75,0.98,Finance saw minimal financial impact; Legal emphasized ESG scrutiny trend.,Approve revised sustainability disclosures,0.92
60,Q4-2025,Operations,Stress-Test Contract Manufacturer Disaster Recovery Plans,Resilience Audit,Severe weather disruptions in supplier region,Conduct rapid resilience audit across top 5 manufacturers.,Option A: Wait for disruption; Option B: Immediate audit,Immediate audit,Prevents unplanned supply chain shock entering Q1.,Weather_Risk:Elevated; Supplier_Exposure:High; Audit_Cost:$9M,Medium,Finance,+0.2%,0.84,Risk Mitigation -> Supply Continuity -> Revenue Stability,Pending,Audit completed with contingency actions.,ops;resilience;manufacturing;risk,0.88,0.7,0.96,0.75,Finance questioned urgency; Ops cited climate volatility trends.,Proceed with rapid resilience audit,0.9
61,Q4-2025,Finance,Refinance Portion of Outstanding Debt at Lower Yield,Capital Optimization,Interest rates declined slightly in late Q4,Refinance $4B in bonds to reduce annual interest expense.,Option A: Maintain; Option B: Refinance portion,Refinance portion,Reduces interest burden and improves long-term EPS.,Debt_Refinance:$4B; Yield_Savings:+0.6%; Annual_Savings:$24M,Low,Legal,+0.3%,0.86,Lower Interest Expense -> EPS Support -> Capital Efficiency,Success,Refinancing completed before fiscal close.,finance;debt;refinance;yield,0.99,0.6,0.7,0.88,Ops saw minimal strategic impact; Finance emphasized cost efficiency.,Proceed with selective refinancing strategy,0.92
62,Q4-2025,R&D,Temporarily Limit Generative AI Output Length on Mobile,Capacity Control,Server load increased sharply during holiday usage spike,Restrict AI output length on mobile devices during peak hours.,Option A: Maintain output; Option B: Limit length,Limit length,Preserves service availability for majority of users.,Server_Load:+34%; Latency:+180ms; User_Complaints:Moderate,High,Operations;Finance,-0.3%,0.76,Service Stability -> Reduced Downtime -> Revenue Protection,Pending,Length cap active during peak windows.,r&d;ai;capacity;latency,0.72,0.95,0.78,0.9,Finance feared user dissatisfaction; R&D prioritized uptime.,Proceed with temporary output cap during peak hours,0.89
63,Q4-2025,Legal,Clarify App Store Subscription Auto-Renewal Policies,Consumer Transparency,Increase in subscription-related refund complaints,Update renewal reminder policies and disclosures.,Option A: Maintain policy; Option B: Increase reminder frequency,Increase reminder frequency,Reduces refund disputes and regulator scrutiny.,Refund_Rate:+9%; Regulatory_Attention:Moderate; Revenue_Impact:-0.1%,Low,Finance,0.0%,0.83,Transparency -> Lower Refund Cost -> Stable Services Revenue,Success,Refund disputes declined after update.,legal;subscriptions;consumer;policy,0.85,0.6,0.75,0.97,Finance worried about lower renewal rates; Legal prioritized compliance.,Enhance renewal transparency notifications,0.91
64,Q4-2025,Operations,Introduce Real-Time Fraud Detection for Holiday Online Orders,Fraud Mitigation,Holiday order fraud attempts increased 21%,Deploy enhanced fraud detection algorithm across e-commerce.,Option A: Maintain baseline; Option B: Enhanced detection,Enhanced detection,Reduces chargebacks and fraudulent shipments.,Fraud_Attempts:+21%; Chargeback_Risk:$75M; False_Positive_Rate:+2%,Medium,Finance;Legal,+0.4%,0.85,Fraud Reduction -> Cost Savings -> Margin Protection,Success,Chargeback losses reduced during peak week.,ops;fraud;ecommerce;holiday,0.9,0.7,0.96,0.88,Finance concerned about false positives; Ops prioritized fraud containment.,Deploy enhanced fraud detection pre-peak,0.92
65,Q4-2025,Finance,Reverse Excess Warranty Reserve for Prior Model,Risk Recalibration,Warranty claims lower than forecast for iPhone 16 cycle,Release portion of excess warranty reserve into earnings.,Option A: Maintain reserve; Option B: Reverse $300M,Reverse $300M,Improves EPS while maintaining conservative coverage.,Warranty_Claims:-11%; Reserve:$300M; EPS:+0.03,Low,Legal,+0.3%,0.87,Reserve Release -> EPS Growth -> Investor Confidence,Success,Reserve reversal approved during close.,finance;warranty;reserve;eps,0.98,0.6,0.72,0.88,Legal warned optics of earnings smoothing; Finance cited actuarial basis.,Proceed with partial reserve reversal,0.92
66,Q4-2025,Operations,Mitigate Gray Market Export Arbitrage in Asia,Channel Control,Resellers exploiting price differentials across regions,Restrict bulk shipments to high-risk distributors.,Option A: Maintain volumes; Option B: Restrict bulk shipments,Restrict bulk shipments,Protects regional pricing integrity and channel balance.,Price_Delta:+7%; Arbitrage_Volume:Moderate; Revenue_Risk:Low,Medium,Finance;Legal,-0.1%,0.81,Channel Integrity -> Long-Term Margin Protection,Pending,Distributor audits initiated.,ops;gray_market;pricing;asia,0.8,0.65,0.95,0.9,Finance feared short-term revenue dip; Ops prioritized pricing control.,Implement distributor volume caps,0.89
67,Q4-2025,R&D,Launch Bias Audit Program for Apple Intelligence,Ethical Safeguard,AI outputs flagged for regional bias patterns,Initiate independent bias audit across training data.,Option A: Internal review; Option B: Independent audit,Independent audit,Prevents reputational and regulatory backlash.,Bias_Flag:Low; PR_Risk:High; Audit_Cost:$35M,Medium,Legal;Finance,-0.2%,0.79,Ethical Compliance -> Trust Preservation -> Long-Term Revenue,Pending,External firm engaged for audit.,r&d;ai;bias;audit,0.75,0.97,0.7,0.95,Finance questioned ROI; Legal insisted proactive audit avoids escalation.,Approve independent audit initiative,0.91
68,Q4-2025,Legal,Review Holiday Advertising Comparative Claims,Regulatory Defense,Marketing materials referenced competitor performance benchmarks,Audit comparative claims to prevent false advertising suits.,Option A: Maintain claims; Option B: Modify language,Modify language,Reduces litigation exposure during high-visibility season.,Comparative_Ads:High; Suit_Risk:Moderate; PR_Sensitivity:High,Medium,Finance,-0.1%,0.83,Legal Risk Mitigation -> Brand Stability,Success,Language revised before major campaign drop.,legal;advertising;compliance;holiday,0.88,0.6,0.7,0.98,Finance preferred aggressive claims; Legal emphasized compliance safety.,Revise comparative marketing language,0.93
69,Q4-2025,Operations,Deploy Dynamic Pricing Alerts to Retail Managers,Operational Control,Inconsistent in-store pricing adjustments during promotions,Implement real-time alert system for pricing deviations.,Option A: Manual oversight; Option B: Automated alerts,Automated alerts,Prevents margin leakage from mispriced units.,Pricing_Error:+4%; Margin_Leak:$28M; Implementation_Cost:$5M,Low,Finance,+0.4%,0.85,Leak Prevention -> Margin Stabilization -> Revenue Integrity,Success,Pricing errors reduced by 70%.,ops;retail;pricing;control,0.92,0.65,0.96,0.75,Finance supported margin protection; Ops managed system rollout risk.,Deploy automated pricing alert platform,0.93
70,Q4-2025,Finance,Issue ESG-Linked Bond for Sustainability Financing,Capital Strategy,Investor appetite for ESG instruments increased,Issue $2B ESG-linked bond tied to carbon goals.,Option A: Standard bond; Option B: ESG-linked bond,ESG-linked bond,Improves cost of capital and ESG positioning.,Bond_Size:$2B; Yield_Advantage:0.3%; ESG_Rating:AAA,Low,Legal,+0.2%,0.86,Lower Cost of Capital -> ESG Credibility -> Investor Appeal,Success,Bond oversubscribed 2.4x.,finance;bond;esg;capital,0.99,0.6,0.7,0.88,Ops saw minimal operational impact; Finance emphasized capital signaling.,Proceed with ESG-linked issuance,0.94
71,Q4-2025,R&D,Suppress False Recall Alert from Internal Monitoring,System Integrity,Automated monitoring incorrectly flagged battery defect spike,Investigate and suppress erroneous recall trigger.,Option A: Public recall; Option B: Internal investigation,Internal investigation,Avoids unnecessary recall and reputational shock.,False_Positive:Confirmed; Recall_Cost:$600M; PR_Risk:High,High,Legal;Operations,+0.0%,0.84,Crisis Avoidance -> Cost Protection -> Brand Stability,Success,Investigation cleared product; no recall issued.,r&d;recall;monitoring;false_alarm,0.8,0.97,0.85,0.92,Finance feared optics of inaction; R&D confirmed no defect.,Suppress recall after technical validation,0.91
72,Q4-2025,Legal,Clarify Developer Revenue Share Changes for EU,Policy Governance,EU DMA revisions required commission model updates,Revise developer contract language to reflect fee adjustments.,Option A: Delay update; Option B: Immediate contract revision,Immediate revision,Reduces contract dispute exposure under new DMA framework.,DMA_Update:Required; Dev_Impact:Moderate; Legal_Risk:High,High,Finance,-0.2%,0.8,Compliance -> Platform Stability -> Revenue Protection,Pending,Updated contracts circulated to EU developers.,legal;eu;dma;developer,0.85,0.65,0.7,0.99,Finance worried about Services margin impact; Legal emphasized regulatory obligation.,Implement revised EU developer agreements,0.92
73,Q4-2025,Operations,Purchase Supply Chain Disruption Insurance,Risk Transfer,Increased geopolitical risk across supplier regions,Acquire short-term supply chain insurance coverage.,Option A: Self-insure; Option B: Purchase coverage,Purchase coverage,Transfers catastrophic disruption risk before Q1 ramp.,Coverage_Cost:$18M; Disruption_Exposure:$1.2B; Probability:Low,Low,Finance,+0.1%,0.83,Risk Transfer -> Financial Stability -> Earnings Protection,Success,Coverage secured for 6-month window.,ops;insurance;supply_chain;risk,0.92,0.65,0.96,0.8,Finance questioned premium cost; Ops prioritized downside protection.,Approve short-term disruption insurance,0.91
74,Q4-2025,Finance,Signal Capex Discipline During Earnings Call,Earnings Strategy,Analyst concerns about AI infrastructure spending,Adjust earnings narrative to emphasize capex efficiency.,Option A: Maintain tone; Option B: Emphasize discipline,Emphasize discipline,Stabilizes investor sentiment without cutting strategic investment.,AI_Capex:$3.5B; Analyst_Concern:Moderate; Stock_Volatility:High,Medium,Legal,+0.1%,0.82,Sentiment Stability -> Stock Support -> Cost of Capital Control,Success,Market reaction stabilized post-call.,finance;earnings;capex;sentiment,0.97,0.6,0.72,0.85,R&D feared perception of AI slowdown; Finance framed efficiency narrative.,Proceed with disciplined capex messaging strategy,0.93
75,Q4-2025,Finance,Introduce AI Premium Add-On Subscription Tier,Monetization Innovation,Apple Intelligence usage exceeded projections,Launch optional $4.99/month premium AI tier for advanced features.,Option A: Keep bundled; Option B: Paid premium tier,Paid premium tier,Captures high-intent users without cannibalizing base services.,AI_Usage:+31%; Conversion_Est:7%; Margin:High,Medium,R&D;Legal,+0.8%,0.84,Upsell Monetization -> Recurring Revenue -> Margin Expansion,Pending,Pilot launched in US and UK markets.,finance;ai;subscription;upsell,0.97,0.78,0.7,0.82,R&D feared feature fragmentation; Finance prioritized monetization upside.,Proceed with controlled premium tier rollout,0.9
76,Q4-2025,Operations,Reprioritize Silicon Wafer Allocation to M5 Yield-Optimized Lots,Manufacturing Optimization,Early wafer yield variance across fabs,Prioritize high-yield silicon lots for Pro and MacBook lines.,Option A: Equal allocation; Option B: Yield-priority,Yield-priority,Maximizes output efficiency during peak build cycle.,Yield_Variance:3.2%; Output_Gain:+4%; Scrap_Reduction:$45M,Medium,Finance;R&D,+0.6%,0.86,Higher Yield -> Lower Unit Cost -> Gross Margin Lift,Success,Blended yield improved across high-margin SKUs.,ops;silicon;yield;m5,0.88,0.85,0.97,0.75,Finance supported cost savings; R&D monitored binning impact.,Adopt yield-priority allocation framework,0.92
77,Q4-2025,R&D,Implement AI Power Budget Allocation by User Tier,Compute Governance,Peak holiday AI server utilization hit 92%,Allocate compute priority based on subscription tier and device class.,Option A: Equal allocation; Option B: Tier-based priority,Tier-based priority,Protects premium users while maintaining overall uptime.,Server_Load:92%; Latency_Risk:High; Premium_User_Share:18%,High,Finance;Legal,-0.2%,0.78,Service Stability -> Premium Retention -> Brand Trust,Pending,Algorithm deployed in phased regions.,r&d;ai;compute;priority,0.8,0.97,0.75,0.9,Finance concerned about perception of unequal access; R&D prioritized system resilience.,Deploy transparent tier-based allocation with disclosure update,0.89
78,Q4-2025,Legal,Audit Carbon Offset Claims for FY25 Reporting,ESG Compliance,Record fiscal year triggered expanded sustainability disclosure review,Conduct third-party verification of carbon offset credits.,Option A: Internal review; Option B: External audit,External audit,Strengthens credibility amid ESG scrutiny.,Offset_Volume:High; ESG_Risk:Moderate; Audit_Cost:$18M,Low,Finance,0.0%,0.85,Reputation Protection -> Investor Confidence -> Long-Term Valuation,Success,External audit validated disclosures.,legal;esg;carbon;compliance,0.85,0.65,0.7,0.98,Finance questioned audit expense; Legal emphasized credibility value.,Approve independent ESG audit,0.93
79,Q4-2025,Finance,Introduce Temporary AI Infrastructure Cost Allocation to Services Segment,Segment Accounting Adjustment,AI cloud cost rising with Services expansion,Reallocate portion of AI infrastructure cost to Services P&L for transparency.,Option A: Keep centralized; Option B: Allocate proportionally,Allocate proportionally,Improves cost visibility and margin accuracy.,AI_Cost:+12%; Services_Revenue:+15%; Segment_GM_Adjust:-0.4%,Medium,R&D,0.0%,0.8,Transparent Costing -> Better Pricing Strategy -> Margin Discipline,Success,Segment reporting updated in Q4 internal review.,finance;segment_reporting;ai_cost;services,0.98,0.7,0.75,0.82,R&D feared budget constraint implications; Finance emphasized accountability.,Proceed with proportional cost allocation model,0.91
80,Q4-2025,Operations,Pre-Authorize Emergency Supplier Capacity for Q1 Continuity,Contingency Planning,Q4 demand strength projected into Q1,Secure standby production slots with key suppliers.,Option A: Wait for Q1 data; Option B: Pre-authorize capacity,Pre-authorize capacity,Prevents post-holiday production gap.,Forecast_Q1:+9%; Capacity_Risk:Medium; Standby_Fee:$25M,Medium,Finance,+0.4%,0.83,Supply Continuity -> Revenue Protection -> Margin Stability,Pending,Standby agreements signed with top suppliers.,ops;supplier;capacity;continuity,0.87,0.7,0.96,0.75,Finance worried about unused capacity fees; Ops prioritized readiness.,Approve standby capacity buffer entering Q1,0.89
81,Q4-2025,R&D,Deploy On-Device AI Model Quantization Update,Performance Optimization,Base iPhone models reported memory strain,Reduce model precision to lower compute load without major accuracy loss.,Option A: Maintain full precision; Option B: Quantize model,Quantize model,Balances performance and storage efficiency.,Model_Size:-28%; Accuracy:-1%; Battery_Improvement:+5%,Medium,Finance;Operations,+0.2%,0.84,Efficiency Gain -> User Satisfaction -> Lower Return Risk,Success,Quantized model deployed in iOS update.,r&d;ai;quantization;efficiency,0.78,0.97,0.8,0.75,Finance neutral; R&D prioritized optimization.,Deploy quantized AI model across base models,0.92
82,Q4-2025,Legal,Review Holiday Financing APR Disclosures,Consumer Credit Compliance,Expanded installment uptake across EU and US,Audit APR disclosures to avoid regulatory penalties.,Option A: Maintain; Option B: Expand disclosure clarity,Expand disclosure clarity,Reduces enforcement risk in high-volume financing season.,Installment_Growth:+21%; Credit_Risk:Moderate; Fine_Exposure:$180M,Medium,Finance,0.0%,0.83,Compliance -> Revenue Protection -> Litigation Avoidance,Success,Disclosures updated before Q1 campaign extension.,legal;financing;apr;compliance,0.82,0.6,0.7,0.99,Finance worried about conversion impact; Legal prioritized clarity.,Implement enhanced APR disclosure language,0.93
83,Q4-2025,Finance,Initiate Cross-Border Tax Optimization Review,Tax Strategy,Record Services growth across EU markets,Evaluate IP royalty structure for tax efficiency.,Option A: Maintain structure; Option B: Optimize royalty allocation,Optimize allocation,Reduces effective tax burden while maintaining compliance.,EU_Revenue:+15%; Effective_Tax_Rate:Stable; Savings_Potential:$220M,High,Legal,-0.1%,0.78,Tax Efficiency -> Higher Net Income -> EPS Improvement,Pending,Tax advisory firm engaged.,finance;tax;royalty;services,0.97,0.6,0.72,0.92,Legal cautious about regulatory perception; Finance emphasized competitiveness.,Proceed with compliant tax structure optimization,0.9
84,Q4-2025,Operations,Adopt Demand-Sensing AI for Final Week Allocation,Forecast Enhancement,Last-week demand volatility spiked 14%,Deploy AI-driven real-time allocation engine for final shipments.,Option A: Manual planning; Option B: AI demand sensing,AI demand sensing,Improves sell-through precision during earnings window.,Demand_Variance:+14%; Allocation_Error:-35%; Revenue_Uplift:+0.5%,Medium,Finance;R&D,+0.5%,0.85,Precise Allocation -> Higher Sell-through -> Margin Protection,Success,Model improved final-week revenue capture.,ops;forecast;ai;allocation,0.9,0.88,0.97,0.75,Finance supported uplift; R&D monitored model bias risk.,Adopt AI demand-sensing model permanently,0.93
85,Q4-2025,R&D,Enhance AI Data Anonymization Layer,Privacy Enhancement,Increased scrutiny on AI data ingestion,Implement additional anonymization preprocessing before model training.,Option A: Maintain pipeline; Option B: Strengthen anonymization,Strengthen anonymization,Protects privacy stance during record Services growth.,Privacy_Scrutiny:High; Data_Retention_Risk:Moderate; Cost:+$22M,Medium,Legal;Finance,-0.1%,0.82,Trust Reinforcement -> Reduced Legal Risk -> Brand Stability,Pending,New anonymization module rolled out to training clusters.,r&d;ai;privacy;anonymization,0.8,0.96,0.75,0.98,Finance questioned compute overhead; Legal prioritized compliance posture.,Proceed with enhanced anonymization safeguards,0.91
86,Q4-2025,Legal,Preemptive EU DMA Compliance Impact Assessment,Regulatory Risk Modeling,Services revenue record heightened DMA attention,Model financial exposure scenarios under stricter fee caps.,Option A: Reactive modeling; Option B: Proactive scenario planning,Proactive scenario planning,Prepares board for regulatory shifts.,DMA_Exposure:High; Services_Revenue:Record; Fee_Cap_Risk:Moderate,High,Finance,-0.2%,0.81,Risk Awareness -> Strategic Adjustment -> Revenue Stability,Pending,Board scenario brief prepared before earnings call.,legal;dma;scenario;regulation,0.88,0.65,0.7,0.99,Finance preferred optimistic forecast; Legal emphasized stress testing.,Adopt proactive DMA scenario modeling framework,0.92
87,Q4-2025,Operations,Pre-Authorize Emergency Component Swaps for Holiday Repairs,Service Continuity,Holiday repair intake exceeded forecast by 16%,Pre-approve alternate certified components for AppleCare repairs to reduce turnaround time.,Option A: Maintain strict OEM-only; Option B: Allow certified alternates,Allow certified alternates,Maintains repair SLA during peak without full supply chain expansion.,Repair_Intake:+16%; SLA_Risk:High; Cost_Impact:+$12M,Medium,Finance;Legal,+0.3%,0.82,Service Reliability -> Customer Retention -> Services Revenue,Success,Turnaround time reduced by 22% during peak week.,ops;applecare;repair;holiday,0.85,0.65,0.96,0.78,Legal warned warranty exposure; Ops prioritized SLA compliance.,Approve limited alternate component usage with audit trail,0.9
88,Q4-2025,Finance,Introduce Tiered Apple One Family Pricing,Revenue Optimization,Family subscriptions grew 18% YoY,Launch tiered Apple One plan with premium AI features.,Option A: Maintain flat pricing; Option B: Add premium tier,Add premium tier,Monetizes AI enhancements without impacting base subscriber churn.,Family_Growth:+18%; AI_Cost:+9%; ARPU:+6%,Medium,Legal;R&D,+0.7%,0.85,Upsell -> Higher ARPU -> Recurring Revenue Growth,Pending,Pricing model under compliance review.,finance;services;ai;bundle,0.97,0.7,0.75,0.82,R&D warned AI feature gating perception risk.,Proceed with premium tier pilot in US market,0.91
89,Q4-2025,R&D,Cap Peak GPU Burst for iPhone 17 Air,Thermal Safeguard,Extended gaming sessions triggered thermal throttling reports,Reduce GPU burst duration in firmware.,Option A: Maintain burst; Option B: Cap duration,Cap duration,Prevents overheating headlines during holiday cycle.,Thermal_Events:+5%; Perf_Impact:-2%; PR_Risk:Moderate,Medium,Operations;Finance,-0.1%,0.79,Stability -> Lower Returns -> Brand Protection,Success,Firmware silently deployed pre-Black Friday.,r&d;iphone17air;gpu;thermal,0.75,0.96,0.78,0.8,Finance feared benchmark backlash; R&D emphasized reliability.,Deploy adaptive GPU cap algorithm,0.89
90,Q4-2025,Legal,Audit Cross-Platform Data Sync Practices,Privacy Governance,Regulators queried data synchronization across devices,Conduct cross-product privacy compliance audit.,Option A: Internal memo only; Option B: Formal audit,Formal audit,Protects Services growth from data governance disputes.,Sync_Users:High; Compliance_Risk:Moderate; Fine_Risk:$300M,High,Finance;R&D,-0.2%,0.77,Compliance -> Revenue Stability -> Brand Trust,Pending,Audit committee formed.,legal;privacy;sync;compliance,0.78,0.7,0.65,0.99,Finance questioned urgency; Legal emphasized cross-border scrutiny.,Proceed with enterprise-wide audit,0.92
91,Q4-2025,Operations,Dynamic Carrier Allocation for iPhone 17 Shipments,Channel Optimization,Carrier pre-orders varied significantly by region,Rebalance allocation toward fastest-selling carrier partners.,Option A: Fixed allocation; Option B: Dynamic allocation,Dynamic allocation,Maximizes early sell-through velocity.,Carrier_Variance:21%; ASP:+4%; Logistics_Cost:+$5M,Medium,Finance,+0.5%,0.86,Faster Sell-Through -> Revenue Capture -> Margin Expansion,Success,Sell-through increased in top carriers.,ops;carrier;allocation;iphone17,0.9,0.65,0.97,0.75,Finance supported revenue acceleration strategy.,Adopt real-time carrier reallocation model,0.93
92,Q4-2025,Finance,Accelerate Deferred Tax Asset Utilization,Tax Strategy,Record fiscal year profits increased tax exposure,Optimize utilization of deferred tax assets.,Option A: Maintain schedule; Option B: Accelerate utilization,Accelerate utilization,Reduces effective tax rate in record quarter.,Profit:$416B_FY; ETR:-0.6%; EPS:+0.01,Low,Legal,+0.3%,0.88,Tax Efficiency -> EPS Support -> Investor Confidence,Success,Effective tax rate lowered modestly.,finance;tax;eps;capital,0.99,0.6,0.72,0.85,Legal validated compliance under global tax rules.,Proceed with accelerated DTA utilization,0.94
93,Q4-2025,R&D,Deploy AI Battery Usage Insights Dashboard,Feature Expansion,Users requested transparency on AI battery usage,Introduce battery breakdown UI for AI processes.,Option A: No dashboard; Option B: Add dashboard,Add dashboard,Improves transparency amid AI battery scrutiny.,Battery_Concern:Moderate; Dev_Cost:$18M; NPS:+3%,Medium,Finance;Legal,+0.2%,0.82,Transparency -> Trust -> Retention,Pending,Dashboard beta released to Pro users.,r&d;ai;battery;ux,0.8,0.97,0.75,0.82,Finance saw limited monetization; R&D prioritized trust.,Launch battery transparency feature,0.9
94,Q4-2025,Legal,Pre-Review EU DMA Marketplace Fee Structure,Regulatory Defense,EU marketplace policy under DMA review,Assess risk exposure of alternative payment fee model.,Option A: Maintain; Option B: Revise structure,Revise structure,Prevents additional daily fines during peak revenue cycle.,EU_Fine_Risk:$500M; Rev_Exposure:High; Compliance_Score:Low,High,Finance,-0.3%,0.74,Fine Avoidance -> Services Protection -> Legal Stability,Pending,Model under legal modeling.,legal;dma;eu;fees,0.8,0.65,0.7,0.99,Finance resisted revenue reduction; Legal stressed fine risk.,Proceed with contingency fee structure revision,0.91
95,Q4-2025,Operations,Increase On-Site QA for AirPods Pro 3 Microphones,Quality Control,Early reviews flagged inconsistent mic clarity,Add targeted acoustic QC checks.,Option A: Maintain baseline QA; Option B: Add acoustic QA,Add acoustic QA,Protects product reviews during record holiday quarter.,Review_Sentiment:Mixed; QA_Cost:+$7M; Return_Risk:-$40M,Medium,Finance;R&D,+0.3%,0.83,Quality Assurance -> Brand Trust -> Revenue Stability,Success,Return rate improved by 9%.,ops;airpods;qa;audio,0.88,0.85,0.97,0.75,Finance wary of cost; Ops prioritized review impact.,Implement acoustic QA enhancement,0.92
96,Q4-2025,Finance,Reallocate Capex Toward AI Data Center Cooling Efficiency,Infrastructure Optimization,AI compute demand pushed cooling costs up 12%,Redirect part of automation capex to cooling optimization.,Option A: Maintain plan; Option B: Reallocate 5%,Reallocate 5%,Reduces long-term AI infra operating cost.,Cooling_Cost:+12%; Capex_Realloc:$180M; ROI:High,Medium,Operations;Legal,+0.4%,0.85,Efficiency -> Margin Protection -> AI Scalability,Pending,Cooling upgrade contracts signed.,finance;ai;datacenter;capex,0.97,0.75,0.8,0.85,Ops favored automation first; Finance prioritized cooling ROI.,Approve 5% capex reallocation,0.93
97,Q4-2025,R&D,Launch Silent Patch for Camera Overexposure Edge Case,Quality Patch,Professional reviewers noted rare HDR overexposure case,Deploy silent calibration update.,Option A: Public note; Option B: Silent patch,Silent patch,Prevents viral criticism during holiday sales surge.,Issue_Frequency:Low; PR_Risk:Moderate; Dev_Time:6_days,Low,Operations,+0.1%,0.81,Stability -> Customer Satisfaction -> Brand Strength,Success,Issue resolved before mass retail spike.,r&d;camera;hdr;patch,0.75,0.97,0.8,0.78,Finance saw limited impact; R&D insisted optics matter.,Deploy silent HDR correction patch,0.91
98,Q4-2025,Legal,Assess App Store Refund Policy Under DMA,Consumer Compliance,EU regulators questioned refund processing fairness,Audit refund processing SLAs and dispute resolution timelines.,Option A: Maintain; Option B: Audit & revise,Audit & revise,Avoids enforcement action impacting Services growth.,Refund_Volume:High; Regulator_Scrutiny:Moderate; Exposure:$200M,Medium,Finance,0.0%,0.83,Compliance -> Revenue Stability -> Consumer Trust,Pending,Policy revisions drafted.,legal;refund;dma;eu,0.85,0.6,0.7,0.99,Finance feared higher refunds; Legal prioritized compliance.,Proceed with EU refund process update,0.93
99,Q4-2025,Operations,Deploy Real-Time Social Sentiment Dashboard for Launch Monitoring,Operational Intelligence,iPhone 17 social chatter spiked during Black Friday,Activate real-time sentiment monitoring for rapid issue escalation.,Option A: Manual monitoring; Option B: AI dashboard,AI dashboard,Enables faster response to viral product concerns.,Social_Volume:+40%; Escalation_Time:-35%; Tool_Cost:$4M,Low,Finance;R&D,+0.2%,0.86,Rapid Mitigation -> Brand Protection -> Revenue Stability,Success,Two minor issues mitigated within hours.,ops;monitoring;launch;sentiment,0.92,0.8,0.97,0.82,Finance saw minor ROI; Ops highlighted crisis prevention.,Deploy AI sentiment monitoring dashboard,0.94
100,Q4-2025,Finance,Initiate FX Natural Hedge via Supplier Currency Matching,Foreign Exchange Strategy,USD volatility increased across Asia-Pacific suppliers,Match supplier contracts to local revenue currency exposure.,Option A: Financial hedge only; Option B: Natural hedge mix,Natural hedge mix,Reduces FX volatility without derivative cost.,USD_Volatility:+10%; Hedge_Cost:-$15M; Revenue_Exposure:$9B,Medium,Operations;Legal,+0.3%,0.86,FX Stability -> Margin Protection -> Predictable EPS,Success,FX volatility reduced in closing weeks.,finance;fx;hedge;currency,0.99,0.6,0.8,0.85,Legal validated contract revisions.,Adopt blended natural hedge approach,0.94
101,Q4-2025,R&D,Throttle Background Siri AI Queries During Peak Hours,Capacity Governance,Peak holiday usage overloaded AI inference clusters,Temporarily reduce non-critical Siri background requests.,Option A: Maintain load; Option B: Throttle background queries,Throttle background queries,Protects primary feature performance during surge.,Cluster_Load:+31%; Latency:+160ms; User_Risk:Moderate,High,Operations;Finance,-0.2%,0.77,Service Stability -> Brand Trust -> Revenue Protection,Pending,Throttling applied during 6pm–10pm windows.,r&d;siri;ai;capacity,0.78,0.97,0.8,0.9,Finance feared reduced engagement; R&D prioritized uptime.,Proceed with peak-hour AI throttling,0.91
102,Q4-2025,Finance,Implement Holiday Dynamic Installment APR Optimization,Revenue Optimization,Installment plan adoption surged 24% during holiday,Adjust promotional APR tiers based on credit band risk.,Option A: Flat promo APR; Option B: Tiered APR optimization,Tiered APR optimization,Balances upgrade acceleration with credit risk exposure.,Installment_Adoption:+24%; Default_Risk:Moderate; NIM:+0.4%,Medium,Legal;Operations,+0.5%,0.85,Upgrade Acceleration -> Interest Margin -> EPS Growth,Success,Net installment margin improved without delinquency spike.,finance;installments;apr;holiday,0.97,0.6,0.75,0.88,Legal required stricter disclosure language.,Proceed with risk-weighted APR adjustment,0.93
103,Q4-2025,Operations,Activate Secondary Assembly Line for Apple Watch Ultra,Capacity Surge,Watch Ultra demand exceeded forecast by 19%,Temporarily activate backup assembly capacity.,Option A: Maintain capacity; Option B: Activate secondary line,Activate secondary line,Prevents stockouts during premium holiday push.,Watch_Demand:+19%; Margin:+8%; Ramp_Cost:$14M,Medium,Finance;R&D,+0.7%,0.84,Premium Capture -> Margin Expansion -> Revenue Growth,Success,Stockouts avoided in key markets.,ops;watch;capacity;ramp,0.85,0.75,0.97,0.7,Finance cautious about temporary ramp cost.,Activate secondary line for 5 weeks,0.92
104,Q4-2025,R&D,Deploy AI Model Distillation to Reduce Cloud Inference Cost,Cost Efficiency,AI query volume rose 33% during holiday surge,Deploy distilled model for non-critical queries.,Option A: Maintain full model; Option B: Distill for light tasks,Distill for light tasks,Reduces compute cost while preserving perceived quality.,AI_Volume:+33%; Compute_Cost:-18%; Accuracy:-0.8%,Medium,Finance;Operations,+0.4%,0.83,Cost Efficiency -> Margin Protection -> AI Scalability,Success,Cloud cost reduced without user backlash.,r&d;ai;distillation;cost,0.92,0.97,0.8,0.82,Finance supported margin gain; Legal monitored transparency.,Deploy distilled AI for low-priority queries,0.94
105,Q4-2025,Legal,Strengthen Influencer Marketing Disclosure Compliance,Regulatory Safeguard,Holiday influencer campaigns increased 30%,Audit sponsored tech reviewer disclosures.,Option A: Maintain oversight; Option B: Formal audit,Formal audit,Prevents FTC-style enforcement risk during peak marketing.,Campaign_Volume:+30%; Compliance_Risk:Moderate; Fine_Exposure:$120M,Medium,Finance,0.0%,0.82,Compliance -> Brand Protection -> Revenue Stability,Success,Disclosures standardized across campaigns.,legal;influencer;ads;compliance,0.85,0.6,0.7,0.99,Finance feared slowing marketing velocity.,Conduct influencer disclosure audit,0.93
106,Q4-2025,Operations,Reconfigure Final Packaging for AirPods Freight Density,Logistics Optimization,Air freight capacity constrained for premium SKUs,Redesign carton layout to improve pallet density.,Option A: Maintain packaging; Option B: Optimize density,Optimize density,Improves shipment efficiency without product redesign.,Freight_Capacity:Limited; Density:+12%; Cost_Saving:$6M,Low,Finance,+0.3%,0.86,Logistics Efficiency -> Margin Protection,Success,AirPods freight cost reduced during peak week.,ops;packaging;logistics;airpods,0.94,0.65,0.97,0.75,Finance supported savings.,Implement optimized packaging layout,0.95
107,Q4-2025,Finance,Initiate AI Compute Cost Transfer Pricing Adjustment,Internal Allocation,AI infra cost exceeded forecast by 14%,Reallocate compute cost proportionally to Services P&L.,Option A: Absorb centrally; Option B: Allocate to Services,Allocate to Services,Improves hardware segment margin transparency.,Infra_Cost:+14%; Services_Revenue:Record; EPS_Neutral,Medium,Legal,0.0%,0.8,Margin Clarity -> Investor Transparency,Pending,Under auditor review.,finance;ai;allocation;accounting,0.96,0.6,0.72,0.88,Legal required disclosure clarity.,Proceed with cost allocation model update,0.92
108,Q4-2025,R&D,Optimize FaceTime AI Noise Suppression for AirPods Pro 3,Feature Enhancement,Users reported minor call distortion under heavy noise,Tune AI suppression threshold.,Option A: Maintain baseline; Option B: Retune threshold,Retune threshold,Improves call clarity perception during holiday gifting season.,Support_Tickets:+6%; Dev_Time:8_days; Satisfaction:+4%,Low,Operations,+0.2%,0.84,UX Improvement -> Brand Loyalty,Success,Update released silently.,r&d;airpods;facetime;audio,0.8,0.97,0.82,0.78,Finance saw minimal revenue impact.,Deploy AI retuning patch,0.94
109,Q4-2025,Legal,Review AI Image Generation IP Exposure,IP Risk Audit,Generative AI image tool gained popularity,Audit potential copyright exposure from outputs.,Option A: Monitor; Option B: Formal IP audit,Formal IP audit,Prevents future litigation from derivative content claims.,Usage:+27%; IP_Risk:Moderate; Exposure:$250M,High,Finance;R&D,-0.2%,0.78,IP Protection -> Revenue Stability,Pending,External counsel engaged.,legal;ai;ip;audit,0.82,0.7,0.65,0.99,Finance questioned exposure probability.,Proceed with IP exposure assessment,0.93
110,Q4-2025,Operations,Launch Holiday Rapid Replacement Program for Pro Models,Customer Experience,High-value customers demanded faster device swaps,Offer 24-hour express replacement tier.,Option A: Standard replacement; Option B: Rapid tier,Rapid tier,Enhances premium perception for Pro buyers.,Pro_ASP:+18%; Replacement_Cost:+$9M; Retention:+3%,Medium,Finance;Legal,+0.4%,0.83,Premium Service -> Loyalty -> LTV Growth,Success,Adoption strong among Pro Max users.,ops;replacement;premium;service,0.9,0.65,0.95,0.8,Finance wary of logistics cost.,Introduce premium rapid replacement tier,0.94
111,Q4-2025,Finance,Accelerate Inventory Write-Down on iPhone 15 Accessories,Inventory Rationalization,Legacy accessory sales declined post-iPhone 17 launch,Write down slow-moving inventory.,Option A: Maintain valuation; Option B: Accelerate write-down,Accelerate write-down,Cleans balance sheet before fiscal close.,Inventory_Slow:-14%; WriteDown:$85M; EPS_Impact:-0.01,Low,Operations;Legal,-0.1%,0.79,Balance Sheet Hygiene -> Transparency,Success,Inventory cleared before year-end.,finance;inventory;writeoff;accessories,0.98,0.6,0.75,0.85,Ops concerned about optics.,Proceed with write-down in Q4 close,0.92
112,Q4-2025,R&D,Improve AI Photo Deduplication Algorithm,Storage Efficiency,Users reported duplicate AI-enhanced photo saves,Enhance deduplication logic.,Option A: Maintain; Option B: Improve algorithm,Improve algorithm,Reduces storage complaints during gifting surge.,Duplicate_Rate:+5%; Storage_Savings:+3GB; Dev_Cost:$10M,Low,Finance;Operations,+0.1%,0.82,UX Optimization -> Retention,Success,Storage complaints declined.,r&d;ai;photo;storage,0.75,0.96,0.8,0.78,Finance saw marginal revenue link.,Deploy improved deduplication algorithm,0.93
113,Q4-2025,Legal,Clarify International Warranty Transfer Policy,Consumer Clarity,Cross-border purchases increased 22%,Update warranty transfer terms.,Option A: Maintain ambiguity; Option B: Clarify terms,Clarify terms,Prevents disputes in high-travel season.,CrossBorder_Sales:+22%; Claim_Risk:Moderate; Exposure:$180M,Medium,Finance,0.0%,0.83,Transparency -> Reduced Litigation Risk,Success,Policy updated online.,legal;warranty;international;policy,0.85,0.6,0.7,0.98,Finance feared minor claim increase.,Publish clarified transfer guidelines,0.94
114,Q4-2025,Operations,Reduce Holiday Returns Through AI Size Recommendation,Process Optimization,Return rate for bands and accessories rose 11%,Deploy AI-based fit recommendation tool.,Option A: Maintain process; Option B: AI recommendation,AI recommendation,Reduces return logistics cost.,Return_Rate:+11%; Return_Cost:$32M; Reduction:-6%,Medium,Finance;R&D,+0.4%,0.84,Lower Returns -> Margin Protection,Success,Return rate declined during peak.,ops;returns;ai;optimization,0.92,0.88,0.96,0.82,Finance supported margin benefit.,Deploy AI fit assistant pre-holiday peak,0.95
115,Q4-2025,Finance,Implement Seasonal Gross Margin Buffer Model,Financial Planning,Holiday promotions compressed hardware margin,Create predictive buffer model for Q1 planning.,Option A: Static planning; Option B: Dynamic buffer model,Dynamic buffer model,Improves margin predictability entering FY26.,Promo_Impact:-1.2%; Forecast_Error:-30%; EPS_Stability:+0.02,Low,Operations,+0.2%,0.87,Margin Stability -> Investor Confidence,Success,Model adopted for FY26 planning.,finance;margin;forecast;planning,0.99,0.65,0.8,0.85,Ops saw improved alignment.,Adopt dynamic margin buffer framework,0.96
116,Q4-2025,R&D,Reduce AI Notification Frequency to Lower User Fatigue,UX Governance,Feedback indicated excessive AI prompts,Throttle proactive AI suggestions.,Option A: Maintain; Option B: Reduce frequency,Reduce frequency,Improves satisfaction without disabling AI.,Notification_Complaints:+9%; NPS:+2%; Engagement:-1%,Medium,Finance;Operations,+0.1%,0.8,UX Balance -> Retention,Pending,A/B testing underway.,r&d;ai;notifications;ux,0.78,0.97,0.75,0.82,Finance concerned about engagement drop.,Proceed with balanced throttling approach,0.91
117,Q4-2025,Legal,Audit Holiday Flash Sale Pricing Consistency,Consumer Protection,Flash sale discrepancies detected online,Verify regional price parity compliance.,Option A: Ignore; Option B: Audit and correct,Audit and correct,Prevents class action risk.,Price_Error:+3%; Exposure:$90M; Regulatory_Attention:Moderate,Medium,Finance;Operations,-0.1%,0.82,Compliance -> Brand Protection,Success,Pricing errors corrected quickly.,legal;pricing;flashsale;compliance,0.88,0.6,0.8,0.99,Finance focused on revenue speed.,Complete pricing parity audit,0.95
118,Q4-2025,Operations,Introduce AI-Based Holiday Workforce Scheduling,Efficiency Gain,Retail staffing misaligned with traffic spikes,Deploy AI workforce scheduler.,Option A: Manual schedule; Option B: AI scheduling,AI scheduling,Improves labor efficiency during peak.,Traffic_Variance:+17%; Labor_Cost:-8%; Sales:+3%,Medium,Finance,+0.5%,0.86,Operational Efficiency -> Margin Protection,Success,Labor efficiency improved during final two weeks.,ops;retail;ai;scheduling,0.95,0.85,0.97,0.8,Finance strongly supported savings.,Roll out AI scheduling to all flagship stores,0.96
119,Q4-2025,Finance,Expand Short-Term Money Market Holdings for Year-End Stability,Capital Preservation,Market volatility increased before fiscal close,Shift portion of idle cash into money market instruments.,Option A: Maintain treasury mix; Option B: Increase MMF exposure,Increase MMF exposure,Protects liquidity while earning modest yield.,Volatility:+15%; Yield:+3.8%; Liquidity:High,Low,Legal,+0.1%,0.88,Capital Preservation -> Earnings Stability,Success,Treasury mix adjusted before close.,finance;treasury;liquidity;mmf,0.99,0.6,0.75,0.88,Legal confirmed compliance with treasury policy.,Increase MMF allocation temporarily,0.96
120,Q4-2025,R&D,Optimize Apple Intelligence Prompt Caching,Performance Optimization,AI response latency increased under peak load,Implement prompt caching mechanism.,Option A: Maintain; Option B: Enable caching,Enable caching,Reduces latency without scaling servers.,Latency:+140ms; Infra_Cost:-9%; Cache_Hit:42%,Medium,Finance;Operations,+0.3%,0.85,Performance Stability -> Margin Protection,Success,Latency returned to baseline during surge.,r&d;ai;caching;latency,0.92,0.97,0.8,0.85,Finance supported cost efficiency.,Deploy prompt caching architecture,0.96
121,Q4-2025,Legal,Enhance App Store Holiday Refund Fraud Detection Oversight,Regulatory Safeguard,Refund fraud attempts rose 13%,Tighten oversight and audit trails.,Option A: Maintain; Option B: Strengthen oversight,Strengthen oversight,Prevents regulatory concern over unfair enforcement.,Refund_Fraud:+13%; Exposure:$110M; PR_Risk:Moderate,Medium,Finance;Operations,+0.2%,0.84,Fraud Reduction -> Compliance Stability,Success,Fraud detection accuracy improved.,legal;refund;fraud;appstore,0.9,0.65,0.85,0.99,Finance aligned with fraud cost reduction.,Strengthen oversight and monitoring framework,0.95
122,Q4-2025,Operations,Deploy Automated Customs Preclearance For APAC,Logistics Acceleration,APAC shipments faced port inspection delays,Integrate automated preclearance documentation with regional customs authorities.,Option A: Maintain manual clearance; Option B: Automate preclearance,Automate preclearance,Reduces holiday transit time and prevents retail stockouts.,Transit Delay: +3 days; Clearance Time: -40%; Cost: +$5M,Medium,Finance; Legal,+0.4%,0.84,Faster Delivery -> Revenue Protection -> Margin Stability,Success,Transit normalized before year-end.,ops; logistics; apac; customs,0.92,0.7,0.96,0.82,Legal reviewed data sharing compliance.,Proceed with automated customs integration,0.95
123,Q4-2025,Finance,Launch Premium AppleCare Plus AI Protection Tier,Services Expansion,High Pro model attach rate for AppleCare,Introduce AI-specific damage diagnostics coverage for Pro devices.,Option A: Maintain coverage; Option B: Add AI tier,Add AI tier,Monetizes advanced hardware while boosting retention.,Attach Rate: +15%; ARPU: +5%; Claim Risk: Moderate,Medium,Legal; Operations,+0.6%,0.86,Higher LTV -> Recurring Revenue Growth -> EPS Expansion,Pending,Under actuarial review.,finance; applecare; services; ai,0.97,0.65,0.75,0.88,Legal required clear AI damage exclusions.,Pilot AI tier in select markets,0.93
124,Q4-2025,R&D,Optimize Spatial Video Compression For Vision Features,Feature Refinement,User feedback noted large spatial video file sizes,Deploy improved compression codec for iPhone 17 Pro.,Option A: Maintain codec; Option B: Improve compression,Improve compression,Reduces storage burden without quality loss.,File Size: -28%; Quality Loss: Minimal; Dev Cost: $22M,Low,Finance; Operations,+0.2%,0.83,UX Improvement -> Retention -> Ecosystem Stickiness,Success,Update pushed before holiday peak.,r&d; spatial video; compression; iphone 17,0.8,0.97,0.78,0.8,Finance supported storage efficiency.,Deploy optimized compression globally,0.95
125,Q4-2025,Legal,Audit Holiday Gift Card Fraud Patterns,Compliance Audit,Gift card fraud reports rose 19%,Conduct forensic audit and strengthen redemption controls.,Option A: Maintain controls; Option B: Enhance audit,Enhance audit,Reduces chargebacks and regulatory scrutiny.,Fraud: +19%; Exposure: $95M; Chargeback Risk: High,Medium,Finance; Operations,+0.3%,0.85,Fraud Reduction -> Cost Savings -> Margin Protection,Success,Fraud cases declined post-audit.,legal; gift card; fraud; holiday,0.9,0.6,0.85,0.99,Finance supported loss mitigation.,Implement enhanced fraud detection protocols,0.96
126,Q4-2025,Operations,Shift MacBook Pro Assembly To Night Cycle,Throughput Optimization,Day-shift output plateaued during M5 demand spike,Introduce high-efficiency night shift cycle.,Option A: Maintain shifts; Option B: Add night cycle,Add night cycle,Improves output without overtime premium.,Output: +9%; Labor Cost: +$6M; Backlog: -4 days,Medium,Finance,+0.5%,0.87,Higher Throughput -> Revenue Capture -> Margin Stability,Success,Backlog cleared before quarter close.,ops; macbook; m5; assembly,0.94,0.7,0.97,0.75,Finance supported controlled expansion.,Implement temporary night assembly cycle,0.96
127,Q4-2025,Finance,Adjust Services Revenue Geographic Mix Strategy,Strategic Rebalance,Emerging markets services growth outpaced mature markets,Reallocate investment toward high-margin regions.,Option A: Maintain allocation; Option B: Rebalance regions,Rebalance regions,Optimizes recurring revenue growth profile.,Emerging Growth: +21%; Margin Difference: +4%; Investment Shift: +$120M,Medium,Legal; Operations,+0.6%,0.88,Margin Optimization -> Recurring Growth -> EPS Expansion,Pending,Regional analysis ongoing.,finance; services; geography; margin,0.98,0.65,0.8,0.85,Legal monitored cross-border pricing impact.,Proceed with regional investment rebalance,0.95
128,Q4-2025,R&D,Improve On Device LLM Context Memory Efficiency,Performance Upgrade,AI context windows strained device RAM,Refactor context management for on-device model.,Option A: Maintain; Option B: Optimize context memory,Optimize context memory,Improves performance without increasing compute.,RAM Usage: -18%; Latency: -12%; Battery Impact: Neutral,Medium,Finance; Operations,+0.3%,0.84,Efficiency -> User Experience -> Brand Trust,Success,Optimization rolled out in minor update.,r&d; llm; memory; optimization,0.85,0.98,0.8,0.82,Finance supported cost avoidance.,Deploy context memory refactor,0.96
129,Q4-2025,Legal,Strengthen Holiday Return Abuse Monitoring,Consumer Protection,Extended 60-day return window increased abuse cases,Implement enhanced ID verification for returns.,Option A: Maintain policy; Option B: Add verification,Add verification,Reduces return fraud without affecting legitimate customers.,Return Abuse: +14%; Exposure: $130M; Verification Cost: $8M,Medium,Finance; Operations,+0.2%,0.86,Fraud Reduction -> Cost Control -> Margin Protection,Success,Abuse rate fell by 11%.,legal; returns; holiday; fraud,0.92,0.6,0.85,0.99,Finance aligned with cost protection.,Implement ID verification for high-risk returns,0.96
130,Q4-2025,Operations,Enhance Retail Pickup Slot Optimization,Customer Experience,Holiday in-store pickup wait times increased,Deploy AI-based slot allocation for pickup windows.,Option A: Maintain manual slots; Option B: Optimize AI allocation,Optimize AI allocation,Improves store efficiency and customer satisfaction.,Wait Time: -30%; Labor Efficiency: +6%; Dev Cost: $4M,Low,Finance; R&D,+0.4%,0.87,Better Experience -> Retention -> Revenue Protection,Success,Pickup SLA improved during peak.,ops; retail; pickup; ai,0.95,0.88,0.97,0.85,Finance supported operational ROI.,Deploy AI pickup optimization tool,0.97
131,Q4-2025,Finance,Reprice High Memory iPad Pro Configurations,Margin Optimization,High-memory configuration demand rose 17%,Apply modest premium to 1 TB and 2 TB variants.,Option A: Maintain pricing; Option B: +$30 premium,+30 premium,Captures willingness to pay during holiday demand.,Demand: +17%; ASP: +5%; Margin: +0.8%,Medium,Operations; Legal,+0.7%,0.89,Higher ASP -> Margin Expansion -> EPS Growth,Success,No elasticity drop observed.,finance; ipad pro; pricing; margin,0.98,0.7,0.75,0.82,Legal reviewed pricing fairness.,Apply temporary premium for peak season,0.96
132,Q4-2025,R&D,Optimize Live Translation Latency,Feature Enhancement,Holiday travel use cases increased language translation requests,Refine inference pipeline for real-time processing.,Option A: Maintain; Option B: Pipeline optimization,Pipeline optimization,Reduces lag for travelers and business users.,Latency: -25%; Compute Cost: +$6M; User Satisfaction: +5%,Medium,Finance; Operations,+0.3%,0.85,Feature Leadership -> Retention -> Ecosystem Growth,Success,Travel-season feedback improved.,r&d; translation; latency; ai,0.88,0.98,0.8,0.85,Finance approved cost given holiday visibility.,Deploy optimized translation pipeline,0.96
133,Q4-2025,Legal,Review Holiday Bundle Disclosure Accuracy,Advertising Compliance,Bundle promotions included multiple service trials,Audit clarity of terms and conditions.,Option A: Maintain language; Option B: Clarify disclosures,Clarify disclosures,Avoids misleading advertising claims.,Bundle Volume: High; Complaint Risk: Moderate; Exposure: $150M,Medium,Finance,0.0%,0.84,Compliance -> Brand Protection -> Revenue Stability,Success,Terms updated across all channels.,legal; bundle; advertising; compliance,0.9,0.6,0.8,0.99,Finance supported preventive measure.,Enhance bundle disclosure clarity,0.96
134,Q4-2025,Operations,Adopt Predictive Component Failure Analytics,Quality Prevention,Spike in minor component failures during ramp,Deploy predictive analytics for weak points.,Option A: Reactive fix; Option B: Predictive monitoring,Predictive monitoring,Reduces warranty exposure and defect variance.,Failure Rate: -12%; Warranty Risk: -$60M; Cost: $10M,Medium,Finance; R&D,+0.4%,0.88,Quality Control -> Margin Protection -> Brand Trust,Success,Failure trends stabilized before quarter close.,ops; analytics; quality; manufacturing,0.95,0.9,0.97,0.82,Finance supported long-term ROI.,Deploy predictive failure analytics,0.97
135,Q4-2025,Finance,Initiate Short Term Commodity Hedge For Lithium,Commodity Risk Management,Lithium prices spiked unexpectedly late quarter,Enter 3-month hedge agreement.,Option A: Spot buying; Option B: Short-term hedge,Short-term hedge,Stabilizes battery costs during peak demand.,Lithium: +12%; Cost Volatility: High; Hedge Cost: $9M,Medium,Operations; Legal,+0.3%,0.86,Cost Stability -> Margin Protection -> EPS Predictability,Success,Cost impact neutralized.,finance; lithium; hedge; commodity,0.98,0.65,0.85,0.88,Legal validated contract terms.,Execute 3-month lithium hedge,0.95
136,Q4-2025,R&D,Refine Apple Intelligence Voice Tone Control,UX Personalization,Users requested more custom voice tone options,Add adaptive voice personality layer.,Option A: Maintain; Option B: Add tone control,Add tone control,Enhances AI appeal and user engagement.,User Requests: +14%; Dev Cost: $15M; Engagement: +3%,Low,Finance; Operations,+0.2%,0.83,Personalization -> Retention -> Ecosystem Stickiness,Pending,Beta available to Pro users.,r&d; ai; voice; personalization,0.82,0.97,0.8,0.85,Finance saw moderate ROI.,Launch adaptive voice tone feature,0.95
137,Q4-2025,Legal,Audit Subscription Trial Conversion Transparency,Regulatory Protection,Trial conversions under increased regulatory scrutiny,Review notification and billing timelines.,Option A: Maintain; Option B: Enhance notification,Enhance notification,Prevents class action risk.,Trial Volume: High; Refund Risk: +8%; Exposure: $180M,Medium,Finance,0.0%,0.85,Compliance -> Revenue Stability -> Consumer Trust,Success,Refund complaints declined.,legal; subscriptions; trial; compliance,0.92,0.6,0.8,0.99,Finance aligned with risk avoidance.,Implement enhanced trial conversion alerts,0.96
138,Q4-2025,Operations,Introduce Regional Micro Fulfillment Centers,Distribution Efficiency,Urban holiday delivery times lagged,Launch temporary micro-fulfillment hubs.,Option A: Maintain centralized; Option B: Micro centers,Micro centers,Reduces last-mile delivery time.,Delivery Time: -18%; Opex: +$11M; Customer Satisfaction: +4%,Medium,Finance,+0.5%,0.87,Faster Delivery -> Revenue Protection -> Brand Strength,Success,Urban fulfillment improved.,ops; fulfillment; delivery; holiday,0.95,0.75,0.97,0.8,Finance supported customer impact.,Launch temporary urban micro centers,0.97
139,Q4-2025,Finance,Adjust Quarter End Inventory Valuation Method,Accounting Alignment,Inventory turn increased post-launch,Shift to FIFO valuation for clarity.,Option A: Maintain method; Option B: Adopt FIFO,Adopt FIFO,Improves cost transparency.,Inventory Turn: +12%; EPS Impact: +0.01; Audit Review: Required,Low,Legal,+0.2%,0.88,Transparency -> Investor Confidence -> Margin Clarity,Pending,Under external review.,finance; inventory; fifo; accounting,0.99,0.6,0.75,0.9,Legal ensured GAAP alignment.,Proceed after auditor approval,0.96
140,Q4-2025,R&D,Reduce Dynamic Island Animation Load,Performance Tuning,Users noted minor frame jitter,Optimize animation render pipeline.,Option A: Maintain; Option B: Optimize pipeline,Optimize pipeline,Improves UI fluidity without feature loss.,Frame Rate: +6%; Battery Impact: Neutral; Dev Cost: $5M,Low,Finance; Operations,+0.1%,0.84,UX Refinement -> Retention -> Brand Trust,Success,Animation performance improved.,r&d; dynamic island; ui; optimization,0.8,0.98,0.82,0.85,Finance saw limited cost impact.,Deploy animation optimization patch,0.97
141,Q4-2025,Legal,Enhance ESG Reporting On Supply Chain Audits,Transparency Initiative,Investors requested more detail on labor practices,Expand quarterly ESG disclosures.,Option A: Maintain; Option B: Expand reporting,Expand reporting,Improves institutional investor confidence.,Investor Demand: High; Reporting Cost: $6M; ESG Rating: AAA,Low,Finance,+0.2%,0.87,Transparency -> Investor Trust -> Lower Cost Of Capital,Success,Expanded ESG report published.,legal; esg; supply chain; reporting,0.94,0.6,0.8,0.99,Finance supported reputational benefit.,Publish detailed supply chain ESG report,0.97
142,Q4-2025,Operations,Deploy Adaptive Retail Staffing Algorithm,Workforce Optimization,Holiday footfall variance increased across regions,Implement AI-driven staffing schedule optimization.,Option A: Maintain manual planning; Option B: Adaptive algorithm,Adaptive algorithm,Aligns labor with demand reducing idle cost.,Footfall Variance: +22%; Labor Cost: -$14M; Service Level: +5%,Medium,Finance,+0.4%,0.88,Efficiency -> Cost Reduction -> Margin Expansion,Success,Store productivity improved during peak weeks.,ops; retail; staffing; optimization,0.96,0.75,0.98,0.85,Finance supported labor ROI.,Deploy AI staffing system chainwide,0.97
143,Q4-2025,Finance,Introduce Dynamic Currency Pricing Online,Revenue Protection,FX volatility impacted cross-border pricing,Enable automatic currency-adjusted pricing online.,Option A: Static pricing; Option B: Dynamic FX pricing,Dynamic FX pricing,Preserves margin amid currency fluctuations.,FX Volatility: +15%; Margin Impact: +0.6%; Conversion Rate: Stable,Medium,Legal; Operations,+0.5%,0.89,Margin Protection -> Revenue Stability -> EPS Growth,Pending,Compliance assessment underway.,finance; fx; pricing; online,0.98,0.7,0.8,0.9,Legal reviewed local pricing laws.,Pilot dynamic FX pricing in EU,0.96
144,Q4-2025,R&D,Optimize Always On Display Energy Profile,Power Efficiency,User battery feedback increased post-launch,Refine always-on display refresh logic.,Option A: Maintain profile; Option B: Optimize energy,Optimize energy,Extends battery without affecting visibility.,Battery Life: +6%; Performance Impact: -1%; Dev Cost: $8M,Low,Finance; Operations,+0.2%,0.86,Efficiency -> Customer Satisfaction -> Retention,Success,Battery feedback improved post update.,r&d; display; battery; optimization,0.85,0.98,0.82,0.87,Finance supported low cost high impact.,Release energy efficiency update globally,0.97
145,Q4-2025,Legal,Review Holiday Influencer Marketing Compliance,Advertising Audit,Influencer campaigns scaled rapidly,Audit disclosure and endorsement compliance.,Option A: Maintain oversight; Option B: Formal compliance audit,Formal compliance audit,Prevents FTC and EU endorsement violations.,Campaign Reach: High; Regulatory Risk: Moderate; Exposure: $120M,Medium,Finance,0.0%,0.87,Compliance -> Brand Protection -> Revenue Stability,Success,Disclosure guidelines reinforced.,legal; influencer; marketing; compliance,0.93,0.6,0.82,0.99,Finance supported preventive risk control.,Implement mandatory influencer disclosures,0.97
146,Q4-2025,Operations,Activate Emergency Cloud Burst Capacity,Infrastructure Scaling,AI query spike beyond forecast,Temporarily lease external cloud capacity.,Option A: Maintain internal capacity; Option B: Cloud burst,Cloud burst,Avoids downtime in high-visibility season.,Server Load: +38%; Latency: -25%; Cost: +$30M,High,Finance; R&D,+0.3%,0.85,Uptime -> Customer Trust -> Revenue Protection,Success,Peak period handled without outage.,ops; cloud; scaling; ai,0.9,0.95,0.97,0.88,Finance accepted cost to minimize outage risk.,Approve cloud burst for holiday window,0.96
147,Q4-2025,Finance,Adjust Share Repurchase Pacing Strategy,Capital Timing,Stock volatility increased post-earnings,Modulate repurchase velocity during dips.,Option A: Maintain pace; Option B: Adaptive pacing,Adaptive pacing,Enhances EPS accretion and capital flexibility.,Stock Volatility: +20%; Buyback: $75B; EPS Impact: +0.02,Medium,Legal,+0.5%,0.9,Capital Optimization -> EPS Growth -> Shareholder Value,Success,Repurchases executed opportunistically.,finance; buyback; capital; strategy,0.99,0.65,0.75,0.92,Legal validated disclosure compliance.,Adopt adaptive buyback timing model,0.97
148,Q4-2025,R&D,Reduce FaceTime Background Processing Load,Performance Tuning,Holiday video call volume surged,Optimize background blur processing.,Option A: Maintain; Option B: Reduce processing load,Reduce processing load,Improves stability under high usage.,Call Volume: +27%; Crash Rate: -12%; Dev Cost: $6M,Low,Finance; Operations,+0.2%,0.87,Stability -> User Satisfaction -> Retention,Success,Crash rates normalized before year end.,r&d; facetime; optimization; ai,0.88,0.98,0.85,0.88,Finance supported cost-effective patch.,Deploy FaceTime optimization update,0.97
149,Q4-2025,Legal,Assess Holiday Price Matching Policies,Consumer Protection,Retailers increased price-matching complaints,Review policy for fairness and compliance.,Option A: Maintain policy; Option B: Revise guidelines,Revise guidelines,Reduces consumer disputes and legal risk.,Complaint Rate: +11%; Exposure: $90M; Margin Impact: -0.1%,Medium,Finance; Operations,0.0%,0.88,Compliance -> Brand Trust -> Revenue Stability,Pending,Policy update in progress.,legal; pricing; retail; compliance,0.92,0.6,0.8,0.99,Finance supported risk mitigation.,Revise price matching disclosures,0.97
150,Q4-2025,Operations,Optimize Reverse Logistics Routing,Cost Efficiency,Holiday returns volumes spiked,Reconfigure inbound return routes.,Option A: Maintain routes; Option B: Optimize AI routing,Optimize AI routing,Reduces transport and processing cost.,Return Volume: +25%; Transport Cost: -$10M; Processing Time: -15%,Medium,Finance,+0.4%,0.89,Efficiency -> Cost Reduction -> Margin Protection,Success,Reverse costs significantly lowered.,ops; returns; logistics; optimization,0.96,0.8,0.98,0.85,Finance supported operational ROI.,Implement AI return routing model,0.97
151,Q4-2025,Finance,Expand Installment Plan Interest Subsidy,Sales Acceleration,Competitors offered zero interest financing,Subsidize additional interest cost for holiday period.,Option A: Maintain terms; Option B: Subsidize interest,Subsidize interest,Boosts conversion without deep discounting.,Conversion Rate: +9%; Subsidy Cost: $45M; Volume: +6%,Medium,Legal; Operations,+0.6%,0.88,Volume Growth -> Revenue Expansion -> EPS Lift,Success,Holiday conversion improved.,finance; installment; promotion; sales,0.98,0.7,0.82,0.9,Legal reviewed credit disclosures.,Launch temporary interest subsidy offer,0.97
152,Q4-2025,R&D,Enhance AirPods Spatial Audio Calibration,Audio Refinement,Audiophile reviews noted inconsistent calibration,Refine tuning algorithm for Spatial Audio.,Option A: Maintain; Option B: Enhance calibration,Enhance calibration,Improves review score and brand perception.,Review Score: +4%; Return Rate: -3%; Dev Cost: $9M,Low,Finance; Operations,+0.2%,0.87,Quality Improvement -> Brand Strength -> Retention,Success,Calibration update improved feedback.,r&d; airpods; audio; calibration,0.9,0.98,0.85,0.88,Finance supported minor investment.,Deploy calibration firmware update,0.97
153,Q4-2025,Legal,Audit Holiday Flash Sale Compliance,Promotional Governance,Flash sale scaled rapidly across regions,Ensure local pricing and disclosure compliance.,Option A: Minimal review; Option B: Full audit,Full audit,Avoids consumer protection violations.,Flash Volume: High; Compliance Risk: Moderate; Exposure: $110M,Medium,Finance,0.0%,0.88,Compliance -> Revenue Stability -> Brand Trust,Success,No formal complaints filed.,legal; flash sale; promotion; compliance,0.94,0.6,0.8,0.99,Finance supported preventive action.,Conduct full flash sale audit,0.97
154,Q4-2025,Operations,Introduce AI Warehouse Slotting Optimization,Warehouse Efficiency,Fulfillment errors increased during peak,Deploy AI for optimized product slotting.,Option A: Maintain layout; Option B: AI optimization,AI optimization,Reduces pick errors and increases throughput.,Pick Error: -35%; Throughput: +8%; Cost: $7M,Medium,Finance; R&D,+0.5%,0.9,Efficiency -> Cost Savings -> Revenue Protection,Success,Warehouse accuracy improved significantly.,ops; warehouse; ai; optimization,0.96,0.9,0.98,0.85,Finance supported operational ROI.,Deploy AI warehouse optimization,0.98
155,Q4-2025,Finance,Create Short Term FX Forward Buffer,Foreign Exchange Risk,Unexpected yen appreciation impacted exports,Enter temporary FX forward contracts.,Option A: No hedge; Option B: FX forwards,FX forwards,Stabilizes profit during currency shift.,Yen: +8%; Hedge Cost: $12M; Margin Stability: Improved,Medium,Legal,+0.3%,0.88,Risk Mitigation -> EPS Stability -> Investor Confidence,Success,FX volatility impact reduced.,finance; fx; hedge; yen,0.99,0.6,0.8,0.92,Legal validated forward contracts.,Execute 3-month FX forward strategy,0.97
156,Q4-2025,R&D,Reduce Background Photo Indexing Load,Performance Optimization,Holiday photo uploads spiked,Limit background AI photo indexing times.,Option A: Maintain; Option B: Throttle indexing,Throttle indexing,Improves device battery and performance.,Indexing Load: -20%; Battery Gain: +4%; User Impact: Low,Low,Finance; Operations,+0.1%,0.87,Efficiency -> User Experience -> Retention,Success,Battery complaints declined.,r&d; photos; ai; optimization,0.88,0.98,0.85,0.88,Finance supported low risk optimization.,Deploy photo indexing throttle patch,0.97
157,Q4-2025,Legal,Review Cross Border Warranty Transfer Rules,Consumer Compliance,Increased cross-border device purchases,Audit warranty transfer language.,Option A: Maintain rules; Option B: Clarify transfer terms,Clarify transfer terms,Reduces international dispute exposure.,Cross Border Sales: +13%; Dispute Risk: Moderate; Exposure: $140M,Medium,Finance; Operations,0.0%,0.89,Compliance -> Brand Trust -> Revenue Protection,Pending,Revisions under review.,legal; warranty; cross border; compliance,0.92,0.6,0.82,0.99,Finance supported legal clarity.,Update cross-border warranty policy,0.97
158,Q4-2025,Operations,Adopt Carbon Efficient Shipping Routes,ESG Logistics,Investors requested lower carbon footprint,Shift to optimized low-emission transport lanes.,Option A: Maintain routes; Option B: Carbon optimized routes,Carbon optimized routes,Improves ESG metrics with minimal cost impact.,Emission: -12%; Cost: +$3M; ESG Rating: Improved,Low,Finance; Legal,+0.2%,0.88,Sustainability -> Investor Trust -> Long Term Value,Success,ESG report showed improvement.,ops; esg; shipping; optimization,0.96,0.75,0.97,0.9,Finance supported brand impact.,Implement low-emission shipping strategy,0.97
159,Q4-2025,Finance,Optimize Holiday Inventory Financing Cost,Working Capital Management,Inventory levels high post-launch,Renegotiate short-term financing rates.,Option A: Maintain rates; Option B: Renegotiate terms,Renegotiate terms,Reduces interest expense and improves cash flow.,Inventory Value: High; Interest: -0.4%; Savings: $18M,Low,Legal,+0.3%,0.89,Cost Reduction -> Cash Efficiency -> EPS Lift,Success,Financing cost lowered before close.,finance; inventory; financing; cost,0.99,0.6,0.8,0.92,Legal approved renegotiation terms.,Finalize inventory financing renegotiation,0.98
160,Q4-2025,R&D,Optimize Apple Watch Workout GPS Accuracy,Performance Refinement,Fitness reviewers noted minor GPS drift,Enhance signal filtering algorithm.,Option A: Maintain; Option B: Refine algorithm,Refine algorithm,Improves accuracy for high-visibility fitness market.,GPS Drift: -18%; Dev Cost: $7M; User Satisfaction: +4%,Low,Finance; Operations,+0.2%,0.88,Quality Improvement -> Brand Strength -> Retention,Success,Fitness feedback improved before year end.,r&d; watch; gps; optimization,0.9,0.98,0.85,0.88,Finance supported minor investment.,Deploy GPS accuracy update globally,0.98
161,Q4-2025,Legal,Strengthen Holiday Cybersecurity Disclosure Protocols,Regulatory Preparedness,Cyber threat activity increased during peak,Enhance breach notification preparedness.,Option A: Maintain protocol; Option B: Strengthen disclosure process,Strengthen disclosure process,Reduces regulatory penalties if incident occurs.,Threat Level: High; Preparedness: +25%; Exposure: $250M,Medium,Finance; Operations,0.0%,0.89,Risk Mitigation -> Brand Protection -> Revenue Stability,Pending,Protocols updated before year close.,legal; cybersecurity; disclosure; compliance,0.94,0.7,0.85,0.99,Finance supported preventive risk control.,Implement enhanced cyber disclosure framework,0.98
