case_id,company_name,decision_date,source_document_id,source_url,source_page_or_section,source_excerpt,decision_title,decision_description,documented_action,action_type,decision_rationale,quantitative_signals,department,department_basis,tags,cross_dept_impact,conflicting_perspectives
AAPL-2024Q4-0001,Apple Inc.,2024-11-01,quarterly_filings/2024_Q4.pdf,https://www.sec.gov/ix?doc=/Archives/edgar/data/0000320193/000032019324000106/aapl-20240928.htm,Item 2. MD&A - Products Performance,"Disclosure Context (2024_Q4): Trigger: 'Apple FY2024 Form 10-K (filed November 1, 2024) discloses operational, financial, and regulatory context for Operations management decisions'. Management Action: 'Authorize Foxconn Zhengzhou iPhone 16 Holiday Production Peak Run Rates'. Scope: 'Authorized and documented in Item 2. MD&A - Products Performance'. Rationale: 'Ensures complete retail channel availability across tier-1 carriers and online storefronts, preventing inventory stock-outs during the highest-revenue'.",Authorize Foxconn Zhengzhou iPhone 16 Holiday Production Peak Run Rates,"Authorize maximum seasonal assembly output across Foxconn's Zhengzhou manufacturing campus, maintaining peak assembly rates of 4.2 million iPhone 16 and iPhone 16 Pro units per week through late November 2024 to satisfy Thanksgiving, Black Friday, and global holiday channel replenishment quotas.",Authorize peak holiday iPhone assembly,expand,"Ensures complete retail channel availability across tier-1 carriers and online storefronts, preventing inventory stock-outs during the highest-revenue commercial retail window of the fiscal year.","[{""name"": ""Peak Weekly Assembly Target"", ""value"": ""4,200,000"", ""unit"": ""units/week"", ""observed_on"": ""2024-11-01""}, {""name"": ""Q4 iPhone Revenue"", ""value"": ""46,222"", ""unit"": ""million USD"", ""observed_on"": ""2024-11-01""}]",Operations,reported,"{operations,expand}",Finance;Operations,Operations pushed for maximum pre-holiday buffer stock; Finance cautioned that post-launch channel telemetry in China indicated flat year-over-year demand; Zhengzhou plant management verified that overtime labor bonuses were locked in through December.
AAPL-2024Q4-0002,Apple Inc.,2024-11-01,quarterly_filings/2024_Q4.pdf,https://www.sec.gov/ix?doc=/Archives/edgar/data/0000320193/000032019324000106/aapl-20240928.htm,Item 2. MD&A - Operations,"Disclosure Context (2024_Q4): Trigger: 'Apple FY2024 Form 10-K (filed November 1, 2024) discloses operational, financial, and regulatory context for Operations management decisions'. Management Action: 'Transfer 20% of iPhone 16 Pro Baseline Production to Foxconn Sriperumbudur India'. Scope: 'Authorized and documented in Item 2. MD&A - Operations'. Rationale: 'Drives geographic diversification of flagship hardware assembly outside mainland China while qualifying for maximum domestic manufacturing incentives '.",Transfer 20% of iPhone 16 Pro Baseline Production to Foxconn Sriperumbudur India,"Formally expand manufacturing mandates at Foxconn's Sriperumbudur campus near Chennai, commissioning a second high-speed surface-mount technology (SMT) line to assemble high-end iPhone 16 Pro models in India for the first time in corporate history.",Authorize India iPhone 16 Pro assembly,expand,Drives geographic diversification of flagship hardware assembly outside mainland China while qualifying for maximum domestic manufacturing incentives under India's PLI scheme.,"[{""name"": ""India Pro Model Allocation"", ""value"": ""20"", ""unit"": ""percent"", ""observed_on"": ""2024-11-01""}]",Operations,reported,"{operations,expand}",Finance;Legal,Operations emphasized geopolitical supply chain resilience; Finance modeled $60M in annual Indian import tariff exemptions; Quality control engineers flagged that Grade 5 titanium chassis handling required advanced cleanroom environmental controls not yet proven at Chennai.
AAPL-2024Q4-0003,Apple Inc.,2024-11-01,quarterly_filings/2024_Q4.pdf,https://www.sec.gov/ix?doc=/Archives/edgar/data/0000320193/000032019324000106/aapl-20240928.htm,Item 2. MD&A - Cost of Sales,"Disclosure Context (2024_Q4): Trigger: 'Apple FY2024 Form 10-K (filed November 1, 2024) discloses operational, financial, and regulatory context for Operations management decisions'. Management Action: 'Manage Sony Camera Sensor Wafer Delivery Schedules for 48MP Fusion Modules'. Scope: 'Authorized and documented in Item 2. MD&A - Cost of Sales'. Rationale: 'Secures uninterrupted image sensor delivery for iPhone 16 Pro camera assembly during peak manufacturing ramp, preventing module assembly lines from th'.",Manage Sony Camera Sensor Wafer Delivery Schedules for 48MP Fusion Modules,"Execute an expedited air-freight transport agreement with Sony Semiconductor Solutions, flying finished 48-megapixel stacked CMOS image sensor wafers directly from Kumamoto, Japan to LG Innotek packaging lines in Gumi to eliminate optical module assembly shortages.",Accelerate CMOS sensor air transport,expand,"Secures uninterrupted image sensor delivery for iPhone 16 Pro camera assembly during peak manufacturing ramp, preventing module assembly lines from throttling finished phone output.","[{""name"": ""Expedited Sensor Wafers"", ""value"": ""250,000"", ""unit"": ""wafers"", ""observed_on"": ""2024-11-01""}]",Operations,reported,"{operations,expand}",Finance;Operations,Finance questioned paying premium express air-freight rates on bulky silicon wafer pods; Operations demonstrated that an idle LG Innotek camera line would cost $18M per day in deferred iPhone production; Procurement directors approved the expedited flight schedule.
AAPL-2024Q4-0004,Apple Inc.,2024-11-01,quarterly_filings/2024_Q4.pdf,https://www.sec.gov/ix?doc=/Archives/edgar/data/0000320193/000032019324000106/aapl-20240928.htm,Item 2. MD&A - Operations,"Disclosure Context (2024_Q4): Trigger: 'Apple FY2024 Form 10-K (filed November 1, 2024) discloses operational, financial, and regulatory context for Operations management decisions'. Management Action: 'Ramp Camera Control Capacitive Sensor Assembly at AAC Technologies'. Scope: 'Authorized and documented in Item 2. MD&A - Operations'. Rationale: 'Ensures component supply resilience for the marquee physical input addition on the iPhone 16, eliminating reliance on single-source assembly lines in '.",Ramp Camera Control Capacitive Sensor Assembly at AAC Technologies,"Commission secondary automated capacitive foil bonding and force-sensor test rigs with AAC Technologies in Changzhou, boosting weekly production of the dual-stage Camera Control button module to 3.8 million units.",Expand Camera Control module manufacturing,expand,"Ensures component supply resilience for the marquee physical input addition on the iPhone 16, eliminating reliance on single-source assembly lines in Shenzhen.","[{""name"": ""Weekly Sensor Module Target"", ""value"": ""3,800,000"", ""unit"": ""units/week"", ""observed_on"": ""2024-11-01""}]",Operations,reported,"{operations,expand}",Operations;R&D,R&D required strict force-hysteresis certification to ensure tactile switching uniformity; AAC deployed automated laser displacement sensors to monitor adhesive curing; Finance approved duplicate test fixture tooling.
AAPL-2024Q4-0005,Apple Inc.,2024-11-01,quarterly_filings/2024_Q4.pdf,https://www.sec.gov/ix?doc=/Archives/edgar/data/0000320193/000032019324000106/aapl-20240928.htm,Item 2. MD&A - Operations,"Disclosure Context (2024_Q4): Trigger: 'Apple FY2024 Form 10-K (filed November 1, 2024) discloses operational, financial, and regulatory context for Operations management decisions'. Management Action: 'Audit Inbound Component Logistics Congestion at Shanghai Pudong Airport'. Scope: 'Authorized and documented in Item 2. MD&A - Operations'. Rationale: 'Identifies and resolves customs inspection bottlenecks delaying transit of lithium-ion battery packs and acoustic modules destined for central Chinese'.",Audit Inbound Component Logistics Congestion at Shanghai Pudong Airport,Direct an emergency supply chain review of air cargo customs clearance dwell times at Shanghai Pudong International Airport following tightened Chinese civil aviation battery transport screening protocols.,Audit air cargo customs clearance dwell times,investigate,Identifies and resolves customs inspection bottlenecks delaying transit of lithium-ion battery packs and acoustic modules destined for central Chinese assembly plants.,"[{""name"": ""Average Cargo Dwell Time"", ""value"": ""38"", ""unit"": ""hours"", ""observed_on"": ""2024-11-01""}]",Operations,reported,"{operations,investigate}",Operations;Legal,Operations sought fast-track customs green lanes for pre-certified electronic shipments; Legal verified that expanded UN 38.3 battery packaging documentation was filed; Local airport authorities maintained rigorous random physical x-ray inspections.
AAPL-2024Q4-0006,Apple Inc.,2024-11-01,quarterly_filings/2024_Q4.pdf,https://www.sec.gov/ix?doc=/Archives/edgar/data/0000320193/000032019324000106/aapl-20240928.htm,Item 2. MD&A - Products Performance,"Disclosure Context (2024_Q4): Trigger: 'Apple FY2024 Form 10-K (filed November 1, 2024) discloses operational, financial, and regulatory context for Operations management decisions'. Management Action: 'Order Phased Halt of Luxshare Apple Vision Pro Commercial Assembly'. Scope: 'Authorized and documented in Item 2. MD&A - Products Performance'. Rationale: 'Prevents catastrophic accumulation of high-cost ($3,499 ASP) finished spatial headsets following sharply declining global retail sell-through and grow'.",Order Phased Halt of Luxshare Apple Vision Pro Commercial Assembly,"Formally instruct Luxshare Precision to begin phased wind-down of Apple Vision Pro final assembly lines at its Kunshan facility, reducing daily output to maintenance levels by late November and planning a total commercial production halt by December 2024.",Order phased halt of Vision Pro assembly,reduce,"Prevents catastrophic accumulation of high-cost ($3,499 ASP) finished spatial headsets following sharply declining global retail sell-through and growing channel inventory surpluses across international markets.","[{""name"": ""Target Cumulative Production Ceiling"", ""value"": ""500,000"", ""unit"": ""total lifetime units"", ""observed_on"": ""2024-11-01""}]",Operations,reported,"{operations,reduce}",Finance;Corporate Governance,Finance insisted on halting production immediately to avoid deep inventory write-downs on un-sold units; Marketing argued that halting assembly sent a negative signal regarding spatial computing commitment; Operations structured a smooth workforce transition to Apple Watch lines.
AAPL-2024Q4-0007,Apple Inc.,2024-11-01,quarterly_filings/2024_Q4.pdf,https://www.sec.gov/ix?doc=/Archives/edgar/data/0000320193/000032019324000106/aapl-20240928.htm,Item 2. MD&A - Products and Services,"Disclosure Context (2024_Q4): Trigger: 'Apple FY2024 Form 10-K (filed November 1, 2024) discloses operational, financial, and regulatory context for Operations management decisions'. Management Action: 'Consolidate Vision Pro Customer Return Refurbishment at Foxconn Shenzhen'. Scope: 'Authorized and documented in Item 2. MD&A - Products and Services'. Rationale: 'Recovers capital value on returned spatial headsets by certifying cosmeticGrade-A units for resale through Apple Certified Refurbished online channels'.",Consolidate Vision Pro Customer Return Refurbishment at Foxconn Shenzhen,"Centralize all global warranty exchanges and customer-returned Apple Vision Pro hardware at Foxconn's specialized repair and remanufacturing center in Guanlan, Shenzhen, deploying cleanroom optical re-alignment and cosmetic polishing rigs.",Centralize Vision Pro refurbishment workflow,revise,Recovers capital value on returned spatial headsets by certifying cosmeticGrade-A units for resale through Apple Certified Refurbished online channels or replacement pools.,"[{""name"": ""Refurbishment Recovery Value"", ""value"": ""2,499"", ""unit"": ""USD per unit target"", ""observed_on"": ""2024-11-01""}]",Operations,reported,"{operations,revise}",Finance;Operations,Operations prioritized maximizing parts salvage on expensive micro-OLED displays and aluminum unibody enclosures; Finance established conservative carrying values for refurbished units; Customer service teams cleared warranty buffer requirements.
AAPL-2024Q4-0008,Apple Inc.,2024-11-01,quarterly_filings/2024_Q4.pdf,https://www.sec.gov/ix?doc=/Archives/edgar/data/0000320193/000032019324000106/aapl-20240928.htm,Note 3 – Commitments and Contingencies,"Disclosure Context (2024_Q4): Trigger: 'Apple FY2024 Form 10-K (filed November 1, 2024) discloses operational, financial, and regulatory context for Operations management decisions'. Management Action: 'Cancel Long-Lead Micro-OLED Silicon Wafer Orders with Sony for 2025'. Scope: 'Authorized and documented in Note 3 – Commitments and Contingencies'. Rationale: 'Eliminates multi-hundred-million-dollar future purchase commitments for expensive spatial displays, insulating Apple's balance sheet from excess compo'.",Cancel Long-Lead Micro-OLED Silicon Wafer Orders with Sony for 2025,"Exercise contractual termination rights on preliminary 2025 1.42-inch 4K micro-OLED wafer reservation slots with Sony Semiconductor Solutions, absorbing an agreed $28 million cancellation penalty fee.",Cancel long-lead micro-display wafer reservations,reduce,"Eliminates multi-hundred-million-dollar future purchase commitments for expensive spatial displays, insulating Apple's balance sheet from excess component inventory during the product's commercial hiatus.","[{""name"": ""Avoided Purchase Commitment"", ""value"": ""180"", ""unit"": ""million USD"", ""observed_on"": ""2024-11-01""}, {""name"": ""Termination Fee"", ""value"": ""28"", ""unit"": ""million USD"", ""observed_on"": ""2024-11-01""}]",Operations,reported,"{operations,reduce}",Finance;R&D,Finance championed paying the $28M exit fee as vastly preferable to taking delivery of $180M in unneeded display wafers; R&D secured rights to redirect unused wafer engineering masks to future budget headset prototypes; Sony agreed to mutual releases.
AAPL-2024Q4-0009,Apple Inc.,2024-11-01,quarterly_filings/2024_Q4.pdf,https://www.sec.gov/ix?doc=/Archives/edgar/data/0000320193/000032019324000106/aapl-20240928.htm,Item 2. MD&A - Retail Operations,"Disclosure Context (2024_Q4): Trigger: 'Apple FY2024 Form 10-K (filed November 1, 2024) discloses operational, financial, and regulatory context for Operations management decisions'. Management Action: 'Downsize Retail In-Store Vision Pro Demo Footprint Ahead of Holiday Rush'. Scope: 'Authorized and documented in Item 2. MD&A - Retail Operations'. Rationale: 'Optimizes high-value holiday retail floor space for products driving immediate consumer transactions, responding to declining customer booking rates f'.",Downsize Retail In-Store Vision Pro Demo Footprint Ahead of Holiday Rush,"Reconfigure visual merchandising floor plans across 270 U.S. Apple retail stores, reducing dedicated Vision Pro demonstration seating from four tables to one table to free up retail square footage for high-velocity iPhone 16 and Mac holiday displays.",Downsize retail Vision Pro demonstration floor,reduce,"Optimizes high-value holiday retail floor space for products driving immediate consumer transactions, responding to declining customer booking rates for spatial computing demos.","[{""name"": ""Stores Reconfigured"", ""value"": ""270"", ""unit"": ""stores"", ""observed_on"": ""2024-11-01""}]",Operations,reported,"{operations,reduce}",Marketing;Retail Operations,Marketing resisted reducing the visible retail presence of Apple's newest hardware platform; Retail store leaders proved that Vision Pro demo walk-up traffic had plummeted 75% since spring; Operations repurposed table space for popular Apple Watch and Mac demo setups.
AAPL-2024Q4-0010,Apple Inc.,2024-11-01,quarterly_filings/2024_Q4.pdf,https://www.sec.gov/ix?doc=/Archives/edgar/data/0000320193/000032019324000106/aapl-20240928.htm,Item 2. MD&A - Products Performance,"Disclosure Context (2024_Q4): Trigger: 'Apple FY2024 Form 10-K (filed November 1, 2024) discloses operational, financial, and regulatory context for Operations management decisions'. Management Action: 'Audit Vision Pro Optical Insert Prescription Processing Error Rates'. Scope: 'Authorized and documented in Item 2. MD&A - Products Performance'. Rationale: 'Identifies software data-parsing errors in optical cylinder and axis parameters, preventing optical fatigue and headaches among customers using custom'.",Audit Vision Pro Optical Insert Prescription Processing Error Rates,"Execute a quality assurance audit on customer-uploaded optical prescription data transmittals between Apple Online Store interfaces and Carl Zeiss AG fulfillment labs, investigating causes of a 3.4% customer return rate due to incorrect optical axis grinding.",Audit ZEISS prescription fulfillment accuracy,investigate,"Identifies software data-parsing errors in optical cylinder and axis parameters, preventing optical fatigue and headaches among customers using custom magnetic prescription inserts.","[{""name"": ""Prescription Return Rate"", ""value"": ""3.4"", ""unit"": ""percent"", ""observed_on"": ""2024-11-01""}]",Operations,reported,"{operations,investigate}",Operations;R&D,Operations identified formatting mismatches between UK/European optometrist prescription standards and ZEISS automated EDI ingestion servers; R&D updated the online prescription upload portal with automated optical verification checks; ZEISS replaced affected lenses at no charge.
AAPL-2024Q4-0011,Apple Inc.,2024-11-01,quarterly_filings/2024_Q4.pdf,https://www.sec.gov/ix?doc=/Archives/edgar/data/0000320193/000032019324000106/aapl-20240928.htm,Item 2. MD&A - Products Performance,"Disclosure Context (2024_Q4): Trigger: 'Apple FY2024 Form 10-K (filed November 1, 2024) discloses operational, financial, and regulatory context for Operations management decisions'. Management Action: 'Ramp Foxconn Chengdu Assembly for Redesigned M4 Mac mini 5x5-Inch Desktop'. Scope: 'Authorized and documented in Item 2. MD&A - Products Performance'. Rationale: 'Meets explosive consumer and enterprise pre-order demand for the redesigned ultra-compact desktop workstation following its viral public announcement '.",Ramp Foxconn Chengdu Assembly for Redesigned M4 Mac mini 5x5-Inch Desktop,"Authorize full commercial production ramp across automated SMT and robotic casing assembly lines at Foxconn Chengdu for the drastically miniaturized M4 and M4 Pro Mac mini, establishing an initial manufacturing quota of 1.4 million units for the holiday quarter.",Ramp redesigned M4 Mac mini assembly,expand,Meets explosive consumer and enterprise pre-order demand for the redesigned ultra-compact desktop workstation following its viral public announcement in late October 2024.,"[{""name"": ""Initial Mac mini Production Quota"", ""value"": ""1,400,000"", ""unit"": ""units"", ""observed_on"": ""2024-11-01""}]",Operations,reported,"{operations,expand}",Finance;Operations,Operations noted unprecedented social media buzz and enterprise desktop interest; Finance authorized overtime allowances on Chengdu CNC lines; Quality assurance monitored internal power supply cooling performance under sustained 65W thermal stress.
AAPL-2024Q4-0012,Apple Inc.,2024-11-01,quarterly_filings/2024_Q4.pdf,https://www.sec.gov/ix?doc=/Archives/edgar/data/0000320193/000032019324000106/aapl-20240928.htm,Item 2. MD&A - Products Performance,"Disclosure Context (2024_Q4): Trigger: 'Apple FY2024 Form 10-K (filed November 1, 2024) discloses operational, financial, and regulatory context for Operations management decisions'. Management Action: 'Prioritize Air Cargo Allocation for M4 MacBook Pro Worldwide Launch'. Scope: 'Authorized and documented in Item 2. MD&A - Products Performance'. Rationale: 'Secures day-one commercial retail availability on November 8, 2024 for high-ASP professional laptops, capturing early enterprise IT budget flush purch'.",Prioritize Air Cargo Allocation for M4 MacBook Pro Worldwide Launch,"Contract 36 dedicated charter Boeing 747-8F and 777F cargo flights from Quanta Computer's Shanghai and Chongqing manufacturing complexes to North American and European logistics hubs, ensuring day-one retail delivery of M4 Pro and M4 Max MacBook Pro configurations.",Contract air freight charters for MacBook Pro,expand,"Secures day-one commercial retail availability on November 8, 2024 for high-ASP professional laptops, capturing early enterprise IT budget flush purchases.","[{""name"": ""Dedicated Cargo Charters"", ""value"": ""36"", ""unit"": ""flights"", ""observed_on"": ""2024-11-01""}, {""name"": ""Launch Window"", ""value"": ""2024-11-08"", ""unit"": ""date"", ""observed_on"": ""2024-11-01""}]",Operations,reported,"{operations,expand}",Finance;Operations,Operations proved that enterprise pro buyers were waiting for M4 Max chips to run local LLMs; Finance approved the $22M air-freight charter allocation; Logistics teams coordinated direct truck delivery to 560 Apple retail locations.
AAPL-2024Q4-0013,Apple Inc.,2024-11-01,quarterly_filings/2024_Q4.pdf,https://www.sec.gov/ix?doc=/Archives/edgar/data/0000320193/000032019324000106/aapl-20240928.htm,Item 2. MD&A - Products and Services,"Disclosure Context (2024_Q4): Trigger: 'Apple FY2024 Form 10-K (filed November 1, 2024) discloses operational, financial, and regulatory context for Operations management decisions'. Management Action: 'Standardize 16GB Baseline DRAM Packaging Across Mac Assembly Lines'. Scope: 'Authorized and documented in Item 2. MD&A - Products and Services'. Rationale: 'Executes Apple's public hardware commitment to provide at least 16GB of unified memory on all Macs without raising retail prices, ensuring adequate lo'.",Standardize 16GB Baseline DRAM Packaging Across Mac Assembly Lines,"Update automated pick-and-place surface mount programming across all Mac assembly facilities (Foxconn, Quanta, Pegatron), permanently replacing 8GB unified memory packages with dual-channel 16GB LPDDR5X memory stacks as the standard minimum specification on all baseline Macs.",Deploy 16GB baseline memory across Mac lines,revise,"Executes Apple's public hardware commitment to provide at least 16GB of unified memory on all Macs without raising retail prices, ensuring adequate local memory headroom for Apple Intelligence on-device models.","[{""name"": ""Standardized Minimum Memory"", ""value"": ""16"", ""unit"": ""GB"", ""observed_on"": ""2024-11-01""}]",Operations,reported,"{operations,revise}",Finance;Operations,Finance fought to protect DRAM upgrade margins; Operations worked with SK Hynix and Micron to secure high-density 16GB memory packages at volume wholesale discounts; Factory managers updated optical inspection recipes for the denser SMT layouts.
AAPL-2024Q4-0014,Apple Inc.,2024-11-01,quarterly_filings/2024_Q4.pdf,https://www.sec.gov/ix?doc=/Archives/edgar/data/0000320193/000032019324000106/aapl-20240928.htm,Item 2. MD&A - Products Performance,"Disclosure Context (2024_Q4): Trigger: 'Apple FY2024 Form 10-K (filed November 1, 2024) discloses operational, financial, and regulatory context for Operations management decisions'. Management Action: 'Manage Nano-Texture Display Glass Finishing Yields for iMac 24-inch and MacBook Pro'. Scope: 'Authorized and documented in Item 2. MD&A - Products Performance'. Rationale: 'Overcomes severe light-scattering defect rates during chemical etching of the anti-glare nano-texture glass, satisfying high pro customer attachment f'.",Manage Nano-Texture Display Glass Finishing Yields for iMac 24-inch and MacBook Pro,Deploy specialized optical metrology and cleanroom ultrasonic cleaning equipment at Lens Technology in Changsha to boost fabrication yields on the newly introduced nano-texture matte glass display option available on iMac and MacBook Pro.,Improve nano-texture display glass yields,revise,"Overcomes severe light-scattering defect rates during chemical etching of the anti-glare nano-texture glass, satisfying high pro customer attachment for glare-free displays.","[{""name"": ""Nano-Texture Attach Rate"", ""value"": ""22"", ""unit"": ""percent pro orders"", ""observed_on"": ""2024-11-01""}]",Operations,reported,"{operations,revise}",Operations;Finance,Operations noticed that nano-texture glass scrap rates were running at 32%; Finance worried that scrap costs would erase the $150–$200 retail price premium; Lens Technology engineers adjusted acid-bath immersion durations to stabilize etching depth.
AAPL-2024Q4-0015,Apple Inc.,2024-11-01,quarterly_filings/2024_Q4.pdf,https://www.sec.gov/ix?doc=/Archives/edgar/data/0000320193/000032019324000106/aapl-20240928.htm,Item 4. Controls and Procedures,"Disclosure Context (2024_Q4): Trigger: 'Apple FY2024 Form 10-K (filed November 1, 2024) discloses operational, financial, and regulatory context for Operations management decisions'. Management Action: 'Audit Quanta Chongqing M4 Silicon Inbound Transport Security Protocols'. Scope: 'Authorized and documented in Item 4. Controls and Procedures'. Rationale: 'Prevents semiconductor cargo theft or illicit gray-market diversion of proprietary high-value Apple Silicon processors during cross-border transit.'.",Audit Quanta Chongqing M4 Silicon Inbound Transport Security Protocols,Mandate an enhanced physical and biometric security audit on high-value M4 Max semiconductor die shipments transported via armored transit from TSMC packaging facilities in Kaohsiung to Quanta's laptop assembly lines in Chongqing.,Audit high-value silicon transit security,maintain,Prevents semiconductor cargo theft or illicit gray-market diversion of proprietary high-value Apple Silicon processors during cross-border transit.,"[{""name"": ""Protected Silicon Shipments"", ""value"": ""120,000"", ""unit"": ""processors/week"", ""observed_on"": ""2024-11-01""}]",Operations,reported,"{operations,maintain}",Operations;Corporate Security,Corporate security deployed tamper-evident GPS tracking pods and satellite monitoring on all cargo containers; Local logistics partners confirmed armed escort protocols; Operations verified inventory reconciliation at destination dock doors.
AAPL-2024Q4-0016,Apple Inc.,2024-11-01,quarterly_filings/2024_Q4.pdf,https://www.sec.gov/ix?doc=/Archives/edgar/data/0000320193/000032019324000106/aapl-20240928.htm,Item 2. MD&A - Greater China,"Disclosure Context (2024_Q4): Trigger: 'Apple FY2024 Form 10-K (filed November 1, 2024) discloses operational, financial, and regulatory context for Operations management decisions'. Management Action: 'Expand Singles' Day E-Commerce Promotional Subsidies on Tmall and JD.com'. Scope: 'Authorized and documented in Item 2. MD&A - Greater China'. Rationale: 'Attempts to protect market share and stimulate sales velocity in mainland China against aggressive domestic flagship launches by Huawei (Mate 70) and '.",Expand Singles' Day E-Commerce Promotional Subsidies on Tmall and JD.com,"Authorize an additional $120 million in e-commerce platform retail subsidies and consumer voucher contributions on Alibaba's Tmall and JD.com ahead of China's Singles' Day (11.11) shopping festival, offering up to 500 RMB ($70 USD) in instant price discounts on the standard iPhone 16.",Authorize Singles Day online discounts in China,expand,Attempts to protect market share and stimulate sales velocity in mainland China against aggressive domestic flagship launches by Huawei (Mate 70) and Xiaomi (15 Series).,"[{""name"": ""Singles Day Subsidy Budget"", ""value"": ""120"", ""unit"": ""million USD"", ""observed_on"": ""2024-11-01""}, {""name"": ""Target Voucher Value"", ""value"": ""500"", ""unit"": ""RMB"", ""observed_on"": ""2024-11-01""}]",Operations,reported,"{operations,expand}",Finance;Marketing,"Finance warned that discounting a flagship product within two months of launch eroded brand equity and gross margins; Marketing and Greater China regional sales insisted that without promotional vouchers, Apple would suffer disastrous market share losses during 11.11; Executive management approved the targeted vouchers."
AAPL-2024Q4-0017,Apple Inc.,2024-11-01,quarterly_filings/2024_Q4.pdf,https://www.sec.gov/ix?doc=/Archives/edgar/data/0000320193/000032019324000106/aapl-20240928.htm,Item 2. MD&A - Greater China,"Disclosure Context (2024_Q4): Trigger: 'Apple FY2024 Form 10-K (filed November 1, 2024) discloses operational, financial, and regulatory context for Operations management decisions'. Management Action: 'Consolidate Offline Retail Authorized Reseller Quotas in Tier-3 Chinese Cities'. Scope: 'Authorized and documented in Item 2. MD&A - Greater China'. Rationale: 'Aligns retail channel stock with real-world consumer purchasing power in lower-tier Chinese urban markets, preventing regional distributor liquidity s'.",Consolidate Offline Retail Authorized Reseller Quotas in Tier-3 Chinese Cities,"Rebalance physical store distribution quotas across 4,200 Apple Authorized Reseller (AAR) locations in tier-3 and tier-4 Chinese cities, reducing stock commitments for slow-moving baseline iPhone 16 models while expanding inventory of discounted iPhone 15 and 13 units.",Rebalance lower-tier China retail inventory,revise,"Aligns retail channel stock with real-world consumer purchasing power in lower-tier Chinese urban markets, preventing regional distributor liquidity strain and inventory obsolescence.","[{""name"": ""AAR Retail Locations Rebalanced"", ""value"": ""4,200"", ""unit"": ""storefronts"", ""observed_on"": ""2024-11-01""}]",Operations,reported,"{operations,revise}",Finance;Operations,Distributors pushed for lower inventory carrying minimums; Operations established weekly automated replenishment triggers based on point-of-sale sell-through; Finance protected wholesale credit terms.
AAPL-2024Q4-0018,Apple Inc.,2024-11-01,quarterly_filings/2024_Q4.pdf,https://www.sec.gov/ix?doc=/Archives/edgar/data/0000320193/000032019324000106/aapl-20240928.htm,Item 2. MD&A - Retail Operations,"Disclosure Context (2024_Q4): Trigger: 'Apple FY2024 Form 10-K (filed November 1, 2024) discloses operational, financial, and regulatory context for Operations management decisions'. Management Action: 'Deploy Localized Apple Intelligence Retail Demonstration Software in Hong Kong'. Scope: 'Authorized and documented in Item 2. MD&A - Retail Operations'. Rationale: 'Demonstrates generative AI software value to visiting mainland Chinese and Hong Kong consumers in stores where Apple Intelligence is officially suppor'.",Deploy Localized Apple Intelligence Retail Demonstration Software in Hong Kong,"Configure 2,400 retail demonstration devices across Apple flagship stores in Hong Kong and Macau with specialized localized English and Traditional Chinese demo scripts showcasing writing tools and email summaries, preparing for eventual Chinese language rollout.",Deploy bilingual retail demo software in HK,expand,Demonstrates generative AI software value to visiting mainland Chinese and Hong Kong consumers in stores where Apple Intelligence is officially supported.,"[{""name"": ""Retail Demo Devices Configured"", ""value"": ""2,400"", ""unit"": ""devices"", ""observed_on"": ""2024-11-01""}]",Operations,reported,"{operations,expand}",Marketing;Operations,Marketing created curated cross-border productivity demo workflows; Operations managed secure MDM profile distribution across store Wi-Fi networks; Retail specialists completed training on handling customer inquiries regarding mainland China AI availability.
AAPL-2024Q4-0019,Apple Inc.,2024-11-01,quarterly_filings/2024_Q4.pdf,https://www.sec.gov/ix?doc=/Archives/edgar/data/0000320193/000032019324000106/aapl-20240928.htm,Item 1. Business - Government Regulation,"Disclosure Context (2024_Q4): Trigger: 'Apple FY2024 Form 10-K (filed November 1, 2024) discloses operational, financial, and regulatory context for Operations management decisions'. Management Action: 'Audit Component Sourcing Compliance with China Compulsory Certificate (CCC)'. Scope: 'Authorized and documented in Item 1. Business - Government Regulation'. Rationale: 'Ensures total legal compliance with Chinese electrical safety mandates, preventing product import detentions or administrative retail sales bans acros'.",Audit Component Sourcing Compliance with China Compulsory Certificate (CCC),"Conduct an urgent regulatory audit on newly introduced USB-C power adapters and braided fast-charging cables manufactured by Foxlink and Luxshare, verifying renewed certification under amended China Compulsory Certificate (CCC) safety standards.",Audit CCC certification for charging accessories,maintain,"Ensures total legal compliance with Chinese electrical safety mandates, preventing product import detentions or administrative retail sales bans across mainland China.","[{""name"": ""Audited Accessory SKUs"", ""value"": ""18"", ""unit"": ""charging products"", ""observed_on"": ""2024-11-01""}]",Operations,reported,"{operations,maintain}",Legal;Operations,Operations coordinated factory safety testing with Chinese national laboratories; Legal verified that updated CCC mark formatting was correctly laser-etched onto power adapter housings; Factory auditors confirmed zero non-compliant shipments.
AAPL-2024Q4-0020,Apple Inc.,2024-11-01,quarterly_filings/2024_Q4.pdf,https://www.sec.gov/ix?doc=/Archives/edgar/data/0000320193/000032019324000106/aapl-20240928.htm,Item 2. MD&A - Greater China,"Disclosure Context (2024_Q4): Trigger: 'Apple FY2024 Form 10-K (filed November 1, 2024) discloses operational, financial, and regulatory context for Operations management decisions'. Management Action: 'Restructure Apple Trade In Valuation Grid in China for Huawei Switchers'. Scope: 'Authorized and documented in Item 2. MD&A - Greater China'. Rationale: 'Incentivizes ecosystem switching from legacy Huawei device owners who have not yet upgraded to newer HarmonyOS models, defending the high-end consumer'.",Restructure Apple Trade In Valuation Grid in China for Huawei Switchers,"Update the algorithmic trade-in pricing schedule on Apple.com/cn and corporate retail stores in China, adding a temporary 300 RMB bonus trade-in valuation for Huawei Mate 40, P40, and P50 smartphone users trading in competitive hardware for an iPhone 16 Pro.",Offer switcher trade-in bonuses in China,expand,"Incentivizes ecosystem switching from legacy Huawei device owners who have not yet upgraded to newer HarmonyOS models, defending the high-end consumer smartphone install base in tier-1 Chinese cities.","[{""name"": ""Switcher Trade-In Bonus"", ""value"": ""300"", ""unit"": ""RMB"", ""observed_on"": ""2024-11-01""}]",Operations,reported,"{operations,expand}",Finance;Marketing,Finance scrutinized the cost of processing non-Apple trade-in hardware; Operations partnered with secondary electronics recycler Aihuishou to liquidate Android devices at minimal loss; Marketing promoted the campaign across WeChat and Weibo channels.
AAPL-2024Q4-0021,Apple Inc.,2024-11-01,quarterly_filings/2024_Q4.pdf,https://www.sec.gov/ix?doc=/Archives/edgar/data/0000320193/000032019324000106/aapl-20240928.htm,Item 2. MD&A - Operations,"Disclosure Context (2024_Q4): Trigger: 'Apple FY2024 Form 10-K (filed November 1, 2024) discloses operational, financial, and regulatory context for Operations management decisions'. Management Action: 'Authorize Tata Electronics Hosur Phase 2 Mechanical Housing Expansion'. Scope: 'Authorized and documented in Item 2. MD&A - Operations'. Rationale: 'Dramatically scales domestic Indian precision component fabrication capability, reducing reliance on Chinese mechanical suppliers (Foxconn, Jabil, Len'.",Authorize Tata Electronics Hosur Phase 2 Mechanical Housing Expansion,"Authorize a $220 million capital expansion project with Tata Electronics at its Hosur Phase 2 industrial campus in Tamil Nadu, constructing a 140,000-square-foot precision machining facility dedicated to producing unibody aluminum enclosures for future iPhone models.",Authorize Tata Hosur casing facility expansion,expand,"Dramatically scales domestic Indian precision component fabrication capability, reducing reliance on Chinese mechanical suppliers (Foxconn, Jabil, Lens) and supporting Apple's long-term goal of assembling 25% of all iPhones in India.","[{""name"": ""Tata Facility Expansion Area"", ""value"": ""140,000"", ""unit"": ""square feet"", ""observed_on"": ""2024-11-01""}, {""name"": ""Capital Investment"", ""value"": ""220"", ""unit"": ""million USD"", ""observed_on"": ""2024-11-01""}]",Operations,reported,"{operations,expand}",Finance;Operations,Operations highlighted long-term strategic resilience; Finance approved the capital commitment supported by state-level industrial subsidies from Tamil Nadu; Environmental engineers verified that clean-water treatment systems met Apple sustainability standards.
AAPL-2024Q4-0022,Apple Inc.,2024-11-01,quarterly_filings/2024_Q4.pdf,https://www.sec.gov/ix?doc=/Archives/edgar/data/0000320193/000032019324000106/aapl-20240928.htm,Item 2. MD&A - Operations,"Disclosure Context (2024_Q4): Trigger: 'Apple FY2024 Form 10-K (filed November 1, 2024) discloses operational, financial, and regulatory context for Operations management decisions'. Management Action: 'Investigate Industrial Fire Incident and Safety Protocols at Tata Hosur Plant'. Scope: 'Authorized and documented in Item 2. MD&A - Operations'. Rationale: 'Identifies root causes of the chemical fire in the anodization and painting unit, auditing workplace safety systems and structural fire suppression pr'.",Investigate Industrial Fire Incident and Safety Protocols at Tata Hosur Plant,Deploy a high-level Apple environmental health and safety (EHS) forensic investigation taskforce to Tata Electronics' Hosur campus following a major industrial fire in late September 2024 that halted iPhone component production and injured workers.,Investigate industrial fire and safety at Hosur,investigate,"Identifies root causes of the chemical fire in the anodization and painting unit, auditing workplace safety systems and structural fire suppression protocols before authorizing factory re-commissioning.","[{""name"": ""Incident Date"", ""value"": ""2024-09-28"", ""unit"": ""date"", ""observed_on"": ""2024-11-01""}]",Operations,reported,"{operations,investigate}",Operations;Legal,Operations faced immediate component supply disruptions; EHS inspectors identified deficient thermal exhaust ventilation in chemical vapor scrubbing lines; Legal monitored Indian state labor department regulatory inquiries; Management mandated complete facility safety recertification.
AAPL-2024Q4-0023,Apple Inc.,2024-11-01,quarterly_filings/2024_Q4.pdf,https://www.sec.gov/ix?doc=/Archives/edgar/data/0000320193/000032019324000106/aapl-20240928.htm,Item 2. MD&A - Operations,"Disclosure Context (2024_Q4): Trigger: 'Apple FY2024 Form 10-K (filed November 1, 2024) discloses operational, financial, and regulatory context for Operations management decisions'. Management Action: 'Commission Pegatron Chennai iPhone Assembly Line Capacity Expansion'. Scope: 'Authorized and documented in Item 2. MD&A - Operations'. Rationale: 'Expands contract manufacturing competition within India, ensuring Apple is not overly reliant on Foxconn and Tata as Indian production quotas scale.'.",Commission Pegatron Chennai iPhone Assembly Line Capacity Expansion,"Authorize Pegatron to commission 8 additional automated assembly and testing lines at its facility near Chennai, Tamil Nadu, expanding its local Indian production run rate to 10 million iPhone units annually.",Expand Pegatron Chennai assembly capacity,expand,"Expands contract manufacturing competition within India, ensuring Apple is not overly reliant on Foxconn and Tata as Indian production quotas scale.","[{""name"": ""Pegatron India Capacity"", ""value"": ""10,000,000"", ""unit"": ""units/year"", ""observed_on"": ""2024-11-01""}]",Operations,reported,"{operations,expand}",Finance;Operations,Operations actively negotiated equitable duplicate tooling cost-sharing with Pegatron leadership; Finance verified that expanded Chennai assembly output qualified for maximum Indian PLI manufacturing incentive rebates; Hardware engineering teams validated multi-camera optical alignment test station calibration across all 8 lines.
AAPL-2024Q4-0024,Apple Inc.,2024-11-01,quarterly_filings/2024_Q4.pdf,https://www.sec.gov/ix?doc=/Archives/edgar/data/0000320193/000032019324000106/aapl-20240928.htm,Item 2. MD&A - Operations,"Disclosure Context (2024_Q4): Trigger: 'Apple FY2024 Form 10-K (filed November 1, 2024) discloses operational, financial, and regulatory context for Operations management decisions'. Management Action: 'Establish Direct Air-Freight Corridor from Bengaluru Airport to Frankfurt Hub'. Scope: 'Authorized and documented in Item 2. MD&A - Operations'. Rationale: 'Bypasses Gulf and Middle Eastern trans-shipment hubs, slashing transit times for India-manufactured hardware to European markets from 6 days to under '.",Establish Direct Air-Freight Corridor from Bengaluru Airport to Frankfurt Hub,"Partner with Lufthansa Cargo and Air India to establish three weekly direct Boeing 777F cargo flights from Kempegowda International Airport in Bengaluru to Frankfurt Airport, flying India-assembled iPhone 16 hardware directly to European distribution centers.",Establish direct India-to-Europe air cargo flights,expand,"Bypasses Gulf and Middle Eastern trans-shipment hubs, slashing transit times for India-manufactured hardware to European markets from 6 days to under 36 hours.","[{""name"": ""Direct Flights per Week"", ""value"": ""3"", ""unit"": ""flights/week"", ""observed_on"": ""2024-11-01""}, {""name"": ""Transit Time Reduction"", ""value"": ""75"", ""unit"": ""percent transit time reduction"", ""observed_on"": ""2024-11-01""}]",Operations,reported,"{operations,expand}",Finance;Operations,Operations proved that direct air routing eliminated customs re-handling delays; Finance calculated that lower inventory holding times offset direct air charter costs; European logistics teams welcomed predictable delivery schedules.
AAPL-2024Q4-0025,Apple Inc.,2024-11-01,quarterly_filings/2024_Q4.pdf,https://www.sec.gov/ix?doc=/Archives/edgar/data/0000320193/000032019324000106/aapl-20240928.htm,Item 2. MD&A - Operations,"Disclosure Context (2024_Q4): Trigger: 'Apple FY2024 Form 10-K (filed November 1, 2024) discloses operational, financial, and regulatory context for Operations management decisions'. Management Action: 'Audit Local Indian Semiconductor Sourcing for Power Management ICs'. Scope: 'Authorized and documented in Item 2. MD&A - Operations'. Rationale: 'Evaluates whether nascent Indian semiconductor assembly and testing (OSAT) plants can satisfy Apple's stringent defect-free quality standards for cons'.",Audit Local Indian Semiconductor Sourcing for Power Management ICs,Conduct an engineering qualification audit on domestic Indian semiconductor packaging and testing facilities (including CG Power and Tata Semiconductor Assembly) for secondary sourcing of legacy power management and display driver integrated circuits.,Audit Indian semiconductor packaging facilities,investigate,Evaluates whether nascent Indian semiconductor assembly and testing (OSAT) plants can satisfy Apple's stringent defect-free quality standards for consumer electronics silicon.,"[{""name"": ""Audited Semiconductor Facilities"", ""value"": ""2"", ""unit"": ""OSAT facilities"", ""observed_on"": ""2024-11-01""}]",Operations,reported,"{operations,investigate}",R&D;Operations,Operations sought to increase localized Indian semiconductor content; R&D microelectronics teams tested silicon packaging reliability under high thermal and humidity cycling; Engineering noted that facilities lacked advanced cleanroom automated handling.
AAPL-2024Q4-0026,Apple Inc.,2024-11-01,quarterly_filings/2024_Q4.pdf,https://www.sec.gov/ix?doc=/Archives/edgar/data/0000320193/000032019324000106/aapl-20240928.htm,Item 2. MD&A - Products Performance,"Disclosure Context (2024_Q4): Trigger: 'Apple FY2024 Form 10-K (filed November 1, 2024) discloses operational, financial, and regulatory context for Operations management decisions'. Management Action: 'Ramp Apple Watch Series 10 Polished Jet Black Aluminum Finishing Lines'. Scope: 'Authorized and documented in Item 2. MD&A - Products Performance'. Rationale: 'Meets intense consumer demand for the signature anniversary finish of the Apple Watch Series 10, overcoming notoriously difficult aluminum high-gloss '.",Ramp Apple Watch Series 10 Polished Jet Black Aluminum Finishing Lines,"Deploy specialized high-speed multi-stage polishing and 30-step chemical anodization lines with Biel Crystal for the newly introduced high-gloss Jet Black aluminum Apple Watch Series 10, preventing micro-scratch and surface haze defects during mass production.",Ramp Jet Black watch finishing lines,revise,"Meets intense consumer demand for the signature anniversary finish of the Apple Watch Series 10, overcoming notoriously difficult aluminum high-gloss polishing yield challenges.","[{""name"": ""Finishing Process Steps"", ""value"": ""30"", ""unit"": ""anodization steps"", ""observed_on"": ""2024-11-01""}]",Operations,reported,"{operations,revise}",Operations;Finance,"Operations monitored high early reject rates caused by microscopic airborne dust particles during anodization; Finance approved installing Class 1,000 cleanroom enclosures over polishing workstations; Marketing reported Jet Black accounted for over 45% of pre-orders."
AAPL-2024Q4-0027,Apple Inc.,2024-11-01,quarterly_filings/2024_Q4.pdf,https://www.sec.gov/ix?doc=/Archives/edgar/data/0000320193/000032019324000106/aapl-20240928.htm,Item 2. MD&A - Retail Operations,"Disclosure Context (2024_Q4): Trigger: 'Apple FY2024 Form 10-K (filed November 1, 2024) discloses operational, financial, and regulatory context for Operations management decisions'. Management Action: 'Deploy Retail Acoustic Demo Setup for AirPods Pro 2 Hearing Aid Mode'. Scope: 'Authorized and documented in Item 2. MD&A - Retail Operations'. Rationale: 'Demonstrates the transformative medical-grade hearing aid utility of AirPods Pro 2 directly to consumers in store environments, accelerating health-dr'.",Deploy Retail Acoustic Demo Setup for AirPods Pro 2 Hearing Aid Mode,"Configure 3,500 dedicated interactive iPad demonstration stations across 560 Apple retail stores globally, allowing customers to take a clinically validated 5-minute hearing test using in-store sanitized AirPods Pro 2 units and experience personalized audiogram amplification.",Deploy retail hearing health demo stations,expand,"Demonstrates the transformative medical-grade hearing aid utility of AirPods Pro 2 directly to consumers in store environments, accelerating health-driven hardware upgrades among older demographics.","[{""name"": ""Retail Hearing Stations Deployed"", ""value"": ""3,500"", ""unit"": ""stations"", ""observed_on"": ""2024-11-01""}]",Operations,reported,"{operations,expand}",Marketing;Retail Operations,Retail leadership developed strict sanitation and ear-tip replacement protocols; Marketing coordinated promotional displays celebrating FDA authorization; Genius Bar teams completed clinical guidance training.
AAPL-2024Q4-0028,Apple Inc.,2024-11-01,quarterly_filings/2024_Q4.pdf,https://www.sec.gov/ix?doc=/Archives/edgar/data/0000320193/000032019324000106/aapl-20240928.htm,Item 2. MD&A - Operations,"Disclosure Context (2024_Q4): Trigger: 'Apple FY2024 Form 10-K (filed November 1, 2024) discloses operational, financial, and regulatory context for Operations management decisions'. Management Action: 'Manage Dual-SKU Inventory Tracking for U.S. vs. International Apple Watch'. Scope: 'Authorized and documented in Item 2. MD&A - Operations'. Rationale: 'Prevents inadvertent cross-shipment of non-compliant watch hardware into the United States, fully respecting the active International Trade Commission'.",Manage Dual-SKU Inventory Tracking for U.S. vs. International Apple Watch,Implement automated serial-number routing and radio-frequency barcode tracking across global distribution hubs to strictly segregate U.S. Apple Watch Series 10 hardware (containing software-disabled pulse oximetry per CBP rules) from international units containing active blood oxygen code.,Segregate U.S. and international watch inventories,maintain,"Prevents inadvertent cross-shipment of non-compliant watch hardware into the United States, fully respecting the active International Trade Commission exclusion order while delivering full sensor features to international markets.","[{""name"": ""Global Distribution Centers"", ""value"": ""14"", ""unit"": ""logistics hubs"", ""observed_on"": ""2024-11-01""}]",Operations,reported,"{operations,maintain}",Legal;Operations,Legal confirmed that any cross-docking error resulting in active pulse-oximeter watches entering U.S. customs risked immediate civil seizure and ITC contempt penalties; Operations implemented automated RFID scan gates; Logistics software prevented unauthorized routing.
AAPL-2024Q4-0029,Apple Inc.,2024-11-01,quarterly_filings/2024_Q4.pdf,https://www.sec.gov/ix?doc=/Archives/edgar/data/0000320193/000032019324000106/aapl-20240928.htm,Item 1. Business - Environment,"Disclosure Context (2024_Q4): Trigger: 'Apple FY2024 Form 10-K (filed November 1, 2024) discloses operational, financial, and regulatory context for Operations management decisions'. Management Action: 'Transition Apple Watch Packaging to 100% Recycled Fiber-Based Boxes'. Scope: 'Authorized and documented in Item 1. Business - Environment'. Rationale: 'Fulfills Apple's corporate environmental pledge to eliminate all virgin plastic from product packaging by 2025 while reducing retail box volume by 25%'.",Transition Apple Watch Packaging to 100% Recycled Fiber-Based Boxes,"Complete the full operational transition of all Apple Watch Series 10, SE, and Ultra 2 retail packaging to 100% recycled wood and bamboo fiber cartons, eliminating all remaining plastic shrink-wrap and internal plastic trays.",Deploy 100% plastic-free watch packaging,maintain,Fulfills Apple's corporate environmental pledge to eliminate all virgin plastic from product packaging by 2025 while reducing retail box volume by 25% to lower shipping carbon emissions.,"[{""name"": ""Plastic Elimination"", ""value"": ""100"", ""unit"": ""percent"", ""observed_on"": ""2024-11-01""}, {""name"": ""Packaging Volume Reduction"", ""value"": ""25"", ""unit"": ""percent"", ""observed_on"": ""2024-11-01""}]",Operations,reported,"{operations,maintain}",Operations;Finance,"Operations validated structural crush resistance during automated high-speed carton packing; Finance noted that smaller box dimensions allowed 30% more watch units per air-freight pallet, generating $8M in holiday freight savings; Environmental teams certified compliance."
AAPL-2024Q4-0030,Apple Inc.,2024-11-01,quarterly_filings/2024_Q4.pdf,https://www.sec.gov/ix?doc=/Archives/edgar/data/0000320193/000032019324000106/aapl-20240928.htm,Item 2. MD&A - Products Performance,"Disclosure Context (2024_Q4): Trigger: 'Apple FY2024 Form 10-K (filed November 1, 2024) discloses operational, financial, and regulatory context for Operations management decisions'. Management Action: 'Audit AirPods 4 Open-Ear ANC Manufacturing Acoustic Drift'. Scope: 'Authorized and documented in Item 2. MD&A - Products Performance'. Rationale: 'Ensures consistent, distortion-free active noise cancellation performance across millions of mass-manufactured earbuds, protecting customer audio sati'.",Audit AirPods 4 Open-Ear ANC Manufacturing Acoustic Drift,"Direct an intensive acoustic frequency-response drift audit across Luxshare and Goertek assembly lines in Vietnam, investigating causes of subtle low-frequency noise cancellation variances reported on early production runs of AirPods 4 with ANC.",Audit AirPods open-ear ANC acoustic consistency,investigate,"Ensures consistent, distortion-free active noise cancellation performance across millions of mass-manufactured earbuds, protecting customer audio satisfaction.","[{""name"": ""Audited Earbud Lots"", ""value"": ""50,000"", ""unit"": ""earbuds"", ""observed_on"": ""2024-11-01""}]",Operations,reported,"{operations,investigate}",R&D;Operations,R&D acoustic engineers discovered that micro-tolerances in acoustic vent mesh glue application caused a 2.5 dB cancellation variance at 120 Hz; Operations re-calibrated robotic glue dispensers; Quality assurance added laser acoustic testing to the line.
AAPL-2024Q4-0031,Apple Inc.,2024-11-01,quarterly_filings/2024_Q4.pdf,https://www.sec.gov/ix?doc=/Archives/edgar/data/0000320193/000032019324000106/aapl-20240928.htm,Item 2. MD&A - Services,"Disclosure Context (2024_Q4): Trigger: 'Apple FY2024 Form 10-K (filed November 1, 2024) discloses operational, financial, and regulatory context for Operations management decisions'. Management Action: 'Deploy Additional 1,800 M2 Ultra Server Nodes for Apple Intelligence Public Launch'. Scope: 'Authorized and documented in Item 2. MD&A - Services'. Rationale: 'Provides scalable, low-latency cloud inference compute for complex Apple Intelligence requests (such as advanced document rewriting and notification s'.","Deploy Additional 1,800 M2 Ultra Server Nodes for Apple Intelligence Public Launch","Commission and operationalize 1,800 custom Apple-designed M2 Ultra server nodes across colocation data center facilities in North Carolina and Arizona, expanding Private Cloud Compute capacity to support public server-side AI requests following the release of iOS 18.1.",Deploy additional Private Cloud Compute servers,expand,"Provides scalable, low-latency cloud inference compute for complex Apple Intelligence requests (such as advanced document rewriting and notification summarization) while upholding cryptographic privacy guarantees.","[{""name"": ""New Server Nodes Deployed"", ""value"": ""1,800"", ""unit"": ""nodes"", ""observed_on"": ""2024-11-01""}, {""name"": ""Total PCC Node Capacity"", ""value"": ""4,200"", ""unit"": ""cumulative nodes"", ""observed_on"": ""2024-11-01""}]",Operations,reported,"{operations,expand}",Finance;R&D,Finance monitored custom server CapEx spend; R&D verified that Swift-on-Server inference kernels executed with sub-120ms round-trip latency; Infrastructure teams completed end-to-end cryptographic attestation audits.
AAPL-2024Q4-0032,Apple Inc.,2024-11-01,quarterly_filings/2024_Q4.pdf,https://www.sec.gov/ix?doc=/Archives/edgar/data/0000320193/000032019324000106/aapl-20240928.htm,Item 2. MD&A - Capital Expenditures,"Disclosure Context (2024_Q4): Trigger: 'Apple FY2024 Form 10-K (filed November 1, 2024) discloses operational, financial, and regulatory context for Operations management decisions'. Management Action: 'Upgrade Colocation Liquid Cooling Infrastructure in Arizona Data Center'. Scope: 'Authorized and documented in Item 2. MD&A - Capital Expenditures'. Rationale: 'Prevents thermal throttling and hardware failures on high-density server racks operating in extreme desert summer conditions while improving server po'.",Upgrade Colocation Liquid Cooling Infrastructure in Arizona Data Center,"Authorize a $35 million retrofitting of high-density closed-loop liquid cooling racks across Apple's Mesa, Arizona data center campus, supporting sustained thermal heat loads generated by dense M2 Ultra AI server clusters during continuous inference operations.",Retrofit AI server liquid cooling systems,expand,Prevents thermal throttling and hardware failures on high-density server racks operating in extreme desert summer conditions while improving server power-usage effectiveness (PUE).,"[{""name"": ""Cooling Retrofit Investment"", ""value"": ""35"", ""unit"": ""million USD"", ""observed_on"": ""2024-11-01""}, {""name"": ""Target Server PUE"", ""value"": ""1.15"", ""unit"": ""ratio"", ""observed_on"": ""2024-11-01""}]",Operations,reported,"{operations,expand}",Operations;Finance,Facility engineers proved that traditional air cooling was insufficient for dense M2 Ultra rack configurations; Finance verified that lower cooling electrical draw would save $4.2M annually; Contractors completed installation without disrupting live traffic.
AAPL-2024Q4-0033,Apple Inc.,2024-11-01,quarterly_filings/2024_Q4.pdf,https://www.sec.gov/ix?doc=/Archives/edgar/data/0000320193/000032019324000106/aapl-20240928.htm,Item 2. MD&A - Services,"Disclosure Context (2024_Q4): Trigger: 'Apple FY2024 Form 10-K (filed November 1, 2024) discloses operational, financial, and regulatory context for Operations management decisions'. Management Action: 'Audit Global App Store Edge Node Bandwidth During Black Friday Peak Traffic'. Scope: 'Authorized and documented in Item 2. MD&A - Services'. Rationale: 'Maintains sub-second App Store loading speeds and 100% payment processing availability during the highest-volume digital commerce weekend of the year.'.",Audit Global App Store Edge Node Bandwidth During Black Friday Peak Traffic,"Direct real-time traffic monitoring and automated load balancing across 2,200 global multi-CDN edge caching locations with Akamai and Fastly, preventing service degradation during Black Friday mobile shopping app downloads and digital gift-card redemptions.",Monitor App Store edge network capacity,maintain,Maintains sub-second App Store loading speeds and 100% payment processing availability during the highest-volume digital commerce weekend of the year.,"[{""name"": ""Monitored Edge Caching Nodes"", ""value"": ""2,200"", ""unit"": ""nodes"", ""observed_on"": ""2024-11-01""}]",Operations,reported,"{operations,maintain}",Operations;Finance,"Operations coordinated with Akamai and Fastly to aggressively pre-warm edge CDN caches with the top 1,000 commercial retail and gaming apps; Finance approved premium burstable transit rate commitments for holiday bandwidth surges; Global cybersecurity teams continuously monitored dedicated DDoS mitigation scrubbing centers."
AAPL-2024Q4-0034,Apple Inc.,2024-11-01,quarterly_filings/2024_Q4.pdf,https://www.sec.gov/ix?doc=/Archives/edgar/data/0000320193/000032019324000106/aapl-20240928.htm,Item 2. MD&A - Services,"Disclosure Context (2024_Q4): Trigger: 'Apple FY2024 Form 10-K (filed November 1, 2024) discloses operational, financial, and regulatory context for Operations management decisions'. Management Action: 'Scale Apple TV+ Streaming Infrastructure for Major League Soccer Cup Playoffs'. Scope: 'Authorized and documented in Item 2. MD&A - Services'. Rationale: 'Delivers seamless, high-concurrency 4K video streams without buffering or audio desynchronization during high-stakes championship playoff matches, dri'.",Scale Apple TV+ Streaming Infrastructure for Major League Soccer Cup Playoffs,Deploy dedicated ultra-low latency live-streaming transcoders and edge bandwidth reservations across North American AWS and Fastly CDN points of presence to support 4K HDR live broadcasts of the 2024 MLS Cup Playoffs on MLS Season Pass.,Scale MLS Cup live streaming capacity,expand,"Delivers seamless, high-concurrency 4K video streams without buffering or audio desynchronization during high-stakes championship playoff matches, driving end-of-season subscriber retention.","[{""name"": ""Peak Concurrent Viewers Supported"", ""value"": ""750,000"", ""unit"": ""simultaneous streams"", ""observed_on"": ""2024-11-01""}]",Operations,reported,"{operations,expand}",Finance;Operations,Operations deployed dynamic CDN failover switching; Finance monitored streaming infrastructure delivery costs; Technical teams verified that broadcast latency remained under 14 seconds from live pitch action.
AAPL-2024Q4-0035,Apple Inc.,2024-11-01,quarterly_filings/2024_Q4.pdf,https://www.sec.gov/ix?doc=/Archives/edgar/data/0000320193/000032019324000106/aapl-20240928.htm,Item 2. MD&A - Services,"Disclosure Context (2024_Q4): Trigger: 'Apple FY2024 Form 10-K (filed November 1, 2024) discloses operational, financial, and regulatory context for Operations management decisions'. Management Action: 'Audit European Host Card Emulation (HCE) NFC Payment Server Latency'. Scope: 'Authorized and documented in Item 2. MD&A - Services'. Rationale: 'Identifies and remediates software communication delays between third-party digital wallets and retail contactless terminals, ensuring compliance with'.",Audit European Host Card Emulation (HCE) NFC Payment Server Latency,"Execute automated telemetry audits across European payment gateway servers monitoring third-party banking apps utilizing Apple's newly unbundled NFC APIs, investigating developer reports of intermittent transaction timeouts at point-of-sale terminals in Germany and Poland.",Audit third-party NFC payment gateway latency,investigate,"Identifies and remediates software communication delays between third-party digital wallets and retail contactless terminals, ensuring compliance with European Commission antitrust commitments.","[{""name"": ""Maximum Allowable POS Latency"", ""value"": ""150"", ""unit"": ""milliseconds"", ""observed_on"": ""2024-11-01""}]",Operations,reported,"{operations,investigate}",Legal;R&D,R&D identified background app refresh throttling in iOS as the primary cause of latency spikes; European banking partners complained that transaction failures were alienating their customers; Legal warned that unaddressed defects could invite European Commission non-compliance inquiries.
AAPL-2024Q4-0036,Apple Inc.,2024-11-01,quarterly_filings/2024_Q4.pdf,https://www.sec.gov/ix?doc=/Archives/edgar/data/0000320193/000032019324000106/aapl-20240928.htm,Item 2. MD&A - Operations,"Disclosure Context (2024_Q4): Trigger: 'Apple FY2024 Form 10-K (filed November 1, 2024) discloses operational, financial, and regulatory context for Operations management decisions'. Management Action: 'Contract Pre-Holiday Trans-Pacific Ocean Freight Allotments via Panama Canal'. Scope: 'Authorized and documented in Item 2. MD&A - Operations'. Rationale: 'Bypasses severe trans-Pacific rail congestion at the Ports of Los Angeles and Long Beach, ensuring timely pre-holiday inventory arrival at eastern reg'.",Contract Pre-Holiday Trans-Pacific Ocean Freight Allotments via Panama Canal,"Execute emergency spot ocean container bookings for 800 forty-foot high-cube containers aboard CMA CGM and Evergreen vessels transiting the expanded Panama Canal, securing alternative shipping routes for non-perishable Mac and accessory stock to U.S. East Coast ports.",Contract Panama Canal ocean shipping slots,expand,"Bypasses severe trans-Pacific rail congestion at the Ports of Los Angeles and Long Beach, ensuring timely pre-holiday inventory arrival at eastern regional fulfillment hubs.","[{""name"": ""Contracted Ocean Containers"", ""value"": ""800"", ""unit"": ""containers"", ""observed_on"": ""2024-11-01""}]",Operations,reported,"{operations,expand}",Finance;Operations,"Operations sought to diversify shipping lanes; Finance noted that Panama Canal draft restrictions had eased following autumn rainfall, reducing vessel transit surcharges; Freight forwarders confirmed direct discharge at Port of Savannah."
AAPL-2024Q4-0037,Apple Inc.,2024-11-01,quarterly_filings/2024_Q4.pdf,https://www.sec.gov/ix?doc=/Archives/edgar/data/0000320193/000032019324000106/aapl-20240928.htm,Item 2. MD&A - Cost of Sales,"Disclosure Context (2024_Q4): Trigger: 'Apple FY2024 Form 10-K (filed November 1, 2024) discloses operational, financial, and regulatory context for Operations management decisions'. Management Action: 'Audit U.S. East Coast Port Strike Contingency Air-Freight Diversions'. Scope: 'Authorized and documented in Item 2. MD&A - Cost of Sales'. Rationale: 'Assesses the cost-effectiveness and inventory impact of emergency air-cargo diversions authorized during the port shutdown, evaluating future risk exp'.",Audit U.S. East Coast Port Strike Contingency Air-Freight Diversions,Direct an urgent logistics contingency review following the brief three-day International Longshoremen's Association (ILA) dockworker strike that temporarily shut down container terminals from Maine to Texas in early October 2024.,Audit port strike air-freight diversions,investigate,"Assesses the cost-effectiveness and inventory impact of emergency air-cargo diversions authorized during the port shutdown, evaluating future risk exposure to maritime labor disputes.","[{""name"": ""Emergency Air Freight Spend"", ""value"": ""18"", ""unit"": ""million USD"", ""observed_on"": ""2024-11-01""}]",Operations,reported,"{operations,investigate}",Finance;Operations,"Operations had authorized emergency air charters to fly high-priority Mac and iPad shipments over the strike; Finance calculated that because the strike ended in 72 hours, the $18M air-freight premium was largely unnecessary; Management updated contingency trigger rules."
AAPL-2024Q4-0038,Apple Inc.,2024-11-01,quarterly_filings/2024_Q4.pdf,https://www.sec.gov/ix?doc=/Archives/edgar/data/0000320193/000032019324000106/aapl-20240928.htm,Item 2. MD&A - Operations,"Disclosure Context (2024_Q4): Trigger: 'Apple FY2024 Form 10-K (filed November 1, 2024) discloses operational, financial, and regulatory context for Operations management decisions'. Management Action: 'Deploy Automated Vision Sorting at Southaven Regional Distribution Center'. Scope: 'Authorized and documented in Item 2. MD&A - Operations'. Rationale: 'Triples direct-to-consumer online order sorting throughput from 5,000 packages per hour to 15,000 packages per hour, ensuring same-day dispatch for Cy'.",Deploy Automated Vision Sorting at Southaven Regional Distribution Center,"Deploy 24 automated camera-based robotic sorting conveyor arms at Apple's Southaven mega-distribution hub in Mississippi, automating the palletizing and postal routing of individual direct-to-consumer iPhone 16 online delivery packages.",Deploy automated parcel sorting robotics,expand,"Triples direct-to-consumer online order sorting throughput from 5,000 packages per hour to 15,000 packages per hour, ensuring same-day dispatch for Cyber Monday online orders.","[{""name"": ""Sorting Conveyor Arms Deployed"", ""value"": ""24"", ""unit"": ""robotic arms"", ""observed_on"": ""2024-11-01""}, {""name"": ""Parcel Sorting Capacity"", ""value"": ""15,000"", ""unit"": ""packages/hour"", ""observed_on"": ""2024-11-01""}]",Operations,reported,"{operations,expand}",Operations;Finance,"Operations proved robotics eliminated seasonal temporary labor shortages; Finance approved a 16-month capital payback schedule; Logistics partners (UPS, FedEx) integrated direct trailer loading conveyors."
AAPL-2024Q4-0039,Apple Inc.,2024-11-01,quarterly_filings/2024_Q4.pdf,https://www.sec.gov/ix?doc=/Archives/edgar/data/0000320193/000032019324000106/aapl-20240928.htm,Item 2. MD&A - Cost of Sales,"Disclosure Context (2024_Q4): Trigger: 'Apple FY2024 Form 10-K (filed November 1, 2024) discloses operational, financial, and regulatory context for Operations management decisions'. Management Action: 'Audit Red Sea Avoidance Cape of Good Hope Ocean Freight Cost Overruns'. Scope: 'Authorized and documented in Item 2. MD&A - Cost of Sales'. Rationale: 'Quantifies the annual financial impact of prolonged maritime geopolitical disruptions in the Red Sea, informing maritime carrier contract negotiations'.",Audit Red Sea Avoidance Cape of Good Hope Ocean Freight Cost Overruns,"Execute a quarterly cost accounting audit on cumulative fuel, vessel charter, and container detention surcharges incurred from rerouting European hardware shipments around the Cape of Good Hope throughout fiscal 2024.",Audit Cape of Good Hope freight surcharges,investigate,"Quantifies the annual financial impact of prolonged maritime geopolitical disruptions in the Red Sea, informing maritime carrier contract negotiations for calendar year 2025.","[{""name"": ""Annual Freight Surcharges"", ""value"": ""84"", ""unit"": ""million USD cumulative"", ""observed_on"": ""2024-11-01""}]",Operations,reported,"{operations,investigate}",Finance;Operations,Finance tracked gross margin erosion caused by prolonged shipping detours; Operations pointed out that zero containers had been lost to regional conflict; Logistics negotiators used volume commitments to seek carrier rate concessions for 2025.
AAPL-2024Q4-0040,Apple Inc.,2024-11-01,quarterly_filings/2024_Q4.pdf,https://www.sec.gov/ix?doc=/Archives/edgar/data/0000320193/000032019324000106/aapl-20240928.htm,Item 2. MD&A - Operations,"Disclosure Context (2024_Q4): Trigger: 'Apple FY2024 Form 10-K (filed November 1, 2024) discloses operational, financial, and regulatory context for Operations management decisions'. Management Action: 'Contract Dedicated Air Freight Block Space Agreements with Cathay Cargo'. Scope: 'Authorized and documented in Item 2. MD&A - Operations'. Rationale: 'Guarantees daily cargo uplift capacity for high-margin iPhone, iPad, and Apple Watch shipments during the pre-holiday commercial peak without paying e'.",Contract Dedicated Air Freight Block Space Agreements with Cathay Cargo,"Execute binding three-month block space agreements (BSAs) with Cathay Cargo for 450 metric tons of guaranteed weekly main-deck cargo capacity aboard scheduled Boeing 747-400ERF flights between Hong Kong and European gateway hubs (Amsterdam, Frankfurt).",Contract Cathay Cargo block space agreements,maintain,"Guarantees daily cargo uplift capacity for high-margin iPhone, iPad, and Apple Watch shipments during the pre-holiday commercial peak without paying exorbitant spot-market air-cargo rates.","[{""name"": ""Guaranteed Weekly Cargo Space"", ""value"": ""450"", ""unit"": ""metric tons"", ""observed_on"": ""2024-11-01""}]",Operations,reported,"{operations,maintain}",Finance;Operations,Operations locked in capacity before expected November air freight rate spikes; Finance verified that contractual fixed rates were 18% below prevailing spot charter quotes; Forwarders managed smooth warehouse dispatching.
AAPL-2024Q4-0041,Apple Inc.,2024-11-01,quarterly_filings/2024_Q4.pdf,https://www.sec.gov/ix?doc=/Archives/edgar/data/0000320193/000032019324000106/aapl-20240928.htm,Item 2. MD&A - Retail Operations,"Disclosure Context (2024_Q4): Trigger: 'Apple FY2024 Form 10-K (filed November 1, 2024) discloses operational, financial, and regulatory context for Operations management decisions'. Management Action: 'Deploy Express Mobile Checkout Terminals Across Global Retail Stores'. Scope: 'Authorized and documented in Item 2. MD&A - Retail Operations'. Rationale: 'Completely eliminates fixed cash-wrap checkout queues during peak holiday store traffic, accelerating customer transaction throughput and maximizing s'.",Deploy Express Mobile Checkout Terminals Across Global Retail Stores,"Deploy 6,500 updated iPhone-based mobile point-of-sale checkout scanners running custom iOS retail software across all 560 Apple retail stores globally, enabling floor specialists to scan barcodes, accept Tap to Pay transactions, and email receipts anywhere on the sales floor.",Deploy mobile retail checkout terminals,expand,"Completely eliminates fixed cash-wrap checkout queues during peak holiday store traffic, accelerating customer transaction throughput and maximizing sales per square foot.","[{""name"": ""Mobile POS Scanners Deployed"", ""value"": ""6,500"", ""unit"": ""devices"", ""observed_on"": ""2024-11-01""}, {""name"": ""Retail Stores Covered"", ""value"": ""560"", ""unit"": ""stores"", ""observed_on"": ""2024-11-01""}]",Operations,reported,"{operations,expand}",Operations;Finance,Operations proved mobile checkouts cut customer payment wait times by 65%; Finance approved hardware procurement from internal retail stock; Security verified that end-to-end payment encryption satisfied PCI-DSS Tier 1 standards.
AAPL-2024Q4-0042,Apple Inc.,2024-11-01,quarterly_filings/2024_Q4.pdf,https://www.sec.gov/ix?doc=/Archives/edgar/data/0000320193/000032019324000106/aapl-20240928.htm,Item 2. MD&A - Retail Operations,"Disclosure Context (2024_Q4): Trigger: 'Apple FY2024 Form 10-K (filed November 1, 2024) discloses operational, financial, and regulatory context for Operations management decisions'. Management Action: 'Authorize Seasonal Retail Store Extended Operating Hours for Holiday Rush'. Scope: 'Authorized and documented in Item 2. MD&A - Retail Operations'. Rationale: 'Captures late-evening holiday shopper foot traffic and provides convenient early-morning order pickup windows for online shoppers, maximizing holiday '.",Authorize Seasonal Retail Store Extended Operating Hours for Holiday Rush,"Authorize extended operating hours (opening one hour earlier and closing two hours later) across 320 top-performing shopping mall and urban flagship retail stores in North America and Europe from December 12 through December 24, 2024.",Authorize extended holiday retail store hours,expand,"Captures late-evening holiday shopper foot traffic and provides convenient early-morning order pickup windows for online shoppers, maximizing holiday retail revenue.","[{""name"": ""Stores with Extended Hours"", ""value"": ""320"", ""unit"": ""stores"", ""observed_on"": ""2024-11-01""}]",Operations,reported,"{operations,expand}",Operations;Finance,Retail leadership demonstrated that extended evening hours captured high-margin impulse accessory gift purchases; Finance approved $18M in additional retail employee overtime and mall security charges; Store staffing schedules were finalized.
AAPL-2024Q4-0043,Apple Inc.,2024-11-01,quarterly_filings/2024_Q4.pdf,https://www.sec.gov/ix?doc=/Archives/edgar/data/0000320193/000032019324000106/aapl-20240928.htm,Item 2. MD&A - Retail Operations,"Disclosure Context (2024_Q4): Trigger: 'Apple FY2024 Form 10-K (filed November 1, 2024) discloses operational, financial, and regulatory context for Operations management decisions'. Management Action: 'Audit Online Store In-Store Order Pickup Fulfillment Latency'. Scope: 'Authorized and documented in Item 2. MD&A - Retail Operations'. Rationale: 'Ensures that online customers choosing 2-hour retail store pickup receive order-ready confirmation notifications within strict 45-minute staging SLA b'.",Audit Online Store In-Store Order Pickup Fulfillment Latency,"Deploy automated fulfillment tracking software across Apple retail back-of-house inventory rooms, auditing the duration required for retail specialists to pick, stage, and notify online order pickup (BOPIS) customers after order placement.",Audit retail in-store pickup fulfillment latency,maintain,Ensures that online customers choosing 2-hour retail store pickup receive order-ready confirmation notifications within strict 45-minute staging SLA benchmarks.,"[{""name"": ""Staging SLA Target"", ""value"": ""45"", ""unit"": ""minutes"", ""observed_on"": ""2024-11-01""}]",Operations,reported,"{operations,maintain}",Operations;Marketing,Operations discovered that unorganized backroom staging in high-volume mall stores caused pickup delays during launch surges; Store teams reorganized back-of-house shelving using color-coded RFID staging bins; Internal fulfillment alerts were deployed to specialist Apple Watches.
AAPL-2024Q4-0044,Apple Inc.,2024-11-01,quarterly_filings/2024_Q4.pdf,https://www.sec.gov/ix?doc=/Archives/edgar/data/0000320193/000032019324000106/aapl-20240928.htm,Item 2. MD&A - Operating Expenses,"Disclosure Context (2024_Q4): Trigger: 'Apple FY2024 Form 10-K (filed November 1, 2024) discloses operational, financial, and regulatory context for Operations management decisions'. Management Action: 'Audit Holiday Seasonal Retail Specialist Turnover and Training Quality'. Scope: 'Authorized and documented in Item 2. MD&A - Operating Expenses'. Rationale: 'Identifies whether compressed two-week onboarding programs adequately prepared seasonal employees to explain complex Apple Intelligence and hearing he'.",Audit Holiday Seasonal Retail Specialist Turnover and Training Quality,"Execute a post-launch human resources and customer service audit evaluating training retention and customer satisfaction ratings among 4,500 seasonal retail specialists hired for the autumn and holiday launch waves.",Audit seasonal retail specialist training retention,investigate,Identifies whether compressed two-week onboarding programs adequately prepared seasonal employees to explain complex Apple Intelligence and hearing health features to customers.,"[{""name"": ""Seasonal Specialists Audited"", ""value"": ""4,500"", ""unit"": ""employees"", ""observed_on"": ""2024-11-01""}]",Operations,reported,"{operations,investigate}",Operations;Finance,Store managers reported that seasonal staff frequently struggled to answer technical questions regarding Apple Intelligence compatibility; Customer surveys indicated a 6-point drop in customer satisfaction when assisted by seasonal staff; HR recommended expanding interactive digital training modules.
AAPL-2024Q4-0045,Apple Inc.,2024-11-01,quarterly_filings/2024_Q4.pdf,https://www.sec.gov/ix?doc=/Archives/edgar/data/0000320193/000032019324000106/aapl-20240928.htm,Item 2. MD&A - Products Performance,"Disclosure Context (2024_Q4): Trigger: 'Apple FY2024 Form 10-K (filed November 1, 2024) discloses operational, financial, and regulatory context for Operations management decisions'. Management Action: 'Expand Apple Certified Refurbished Hardware Inventory for Holiday Online Store'. Scope: 'Authorized and documented in Item 2. MD&A - Products Performance'. Rationale: 'Captures budget-conscious holiday gift shoppers seeking authentic Apple hardware with full one-year warranties and AppleCare eligibility, maximizing s'.",Expand Apple Certified Refurbished Hardware Inventory for Holiday Online Store,"Authorize a 40% expansion in available certified refurbished hardware inventory on Apple.com across the U.S., Canada, and Europe, adding cosmetically pristine factory-reconditioned iPhone 14 Pro, M2 MacBook Air, and Apple Watch Ultra units.",Expand online certified refurbished holiday stock,expand,"Captures budget-conscious holiday gift shoppers seeking authentic Apple hardware with full one-year warranties and AppleCare eligibility, maximizing secondary-market revenue recovery.","[{""name"": ""Refurbished Inventory Expansion"", ""value"": ""40"", ""unit"": ""percent increase"", ""observed_on"": ""2024-11-01""}]",Operations,reported,"{operations,expand}",Finance;Operations,Finance supported refurbished channel expansion as a high-margin revenue stream; Operations verified that reconditioning lines at Foxconn and Pegatron had ample factory-certified units ready for dispatch; Marketing ensured refurbished listings did not overshadow new iPhone 16 promotions.
AAPL-2024Q4-0046,Apple Inc.,2024-11-01,quarterly_filings/2024_Q4.pdf,https://www.sec.gov/ix?doc=/Archives/edgar/data/0000320193/000032019324000106/aapl-20240928.htm,Note 6 – Income Taxes,"Disclosure Context (2024_Q4): Trigger: 'Apple FY2024 Form 10-K (filed November 1, 2024) discloses operational, financial, and regulatory context for Finance management decisions'. Management Action: 'Record $10.2B One-Time Income Tax Expense for ECJ Ireland State Aid Ruling'. Scope: 'Authorized and documented in Note 6 – Income Taxes'. Rationale: 'Achieves strict compliance with GAAP accounting standards for final, unappealable judicial tax judgments, formally closing the decade-long European Co'.",Record $10.2B One-Time Income Tax Expense for ECJ Ireland State Aid Ruling,"Record a discrete, one-time income tax provision of $10.2 billion in Q4 FY2024 under ASC 740, reflecting the legal finality of the European Court of Justice's September 10, 2024 judgment overturning the General Court and requiring Ireland to recover approximately €13 billion in historic state aid from Apple.",Record discrete Irish tax expense,approve,"Achieves strict compliance with GAAP accounting standards for final, unappealable judicial tax judgments, formally closing the decade-long European Commission state aid inquiry on Apple's corporate financial statements.","[{""name"": ""Discrete Tax Charge"", ""value"": ""10.2"", ""unit"": ""billion USD"", ""observed_on"": ""2024-11-01""}, {""name"": ""Provision for Income Taxes Q4"", ""value"": ""14,874"", ""unit"": ""million USD"", ""observed_on"": ""2024-11-01""}]",Finance,reported,"{finance,approve}",Legal;Corporate Governance,Finance coordinated with outside auditors Deloitte LLP to calculate the exact net discrete tax expense; Legal confirmed the judgment was completely non-appealable under EU law; Executive management presented adjusted diluted EPS ($1.64 vs $0.97 reported) to explain the non-operational nature of the charge.
AAPL-2024Q4-0047,Apple Inc.,2024-11-01,quarterly_filings/2024_Q4.pdf,https://www.sec.gov/ix?doc=/Archives/edgar/data/0000320193/000032019324000106/aapl-20240928.htm,Note 6 – Income Taxes,"Disclosure Context (2024_Q4): Trigger: 'Apple FY2024 Form 10-K (filed November 1, 2024) discloses operational, financial, and regulatory context for Finance management decisions'. Management Action: 'Execute Liquidation and Release of €13B Irish Escrow Fund Assets'. Scope: 'Authorized and documented in Note 6 – Income Taxes'. Rationale: 'Transfers the legally recovered funds to the sovereign Irish exchequer, dissolving the escrow agency structure established in 2018 and eliminating non'.",Execute Liquidation and Release of €13B Irish Escrow Fund Assets,"Authorize the formal liquidation and statutory transfer of approximately €13 billion ($14.4 billion USD) in sovereign and high-grade European government bonds held in the Irish escrow fund directly to the Minister for Finance of Ireland, pursuant to the European Court of Justice mandate.",Release Irish escrow fund assets,approve,"Transfers the legally recovered funds to the sovereign Irish exchequer, dissolving the escrow agency structure established in 2018 and eliminating non-current restricted asset balances from Apple's consolidated balance sheet.","[{""name"": ""Liquidated Escrow Balance"", ""value"": ""14.4"", ""unit"": ""billion USD equivalent"", ""observed_on"": ""2024-11-01""}]",Finance,reported,"{finance,approve}",Legal;Operations,Treasury coordinated with escrow account agent BNY Mellon to ensure orderly sovereign bond liquidations without triggering European bond market volatility; Legal verified that mutual release of claims was executed with Irish revenue authorities; Finance updated restricted asset schedules.
AAPL-2024Q4-0048,Apple Inc.,2024-11-01,quarterly_filings/2024_Q4.pdf,https://www.sec.gov/ix?doc=/Archives/edgar/data/0000320193/000032019324000106/aapl-20240928.htm,Note 6 – Income Taxes,"Disclosure Context (2024_Q4): Trigger: 'Apple FY2024 Form 10-K (filed November 1, 2024) discloses operational, financial, and regulatory context for Finance management decisions'. Management Action: 'Structure U.S. Foreign Tax Credit Claim Strategy for Recovered Irish Taxes'. Scope: 'Authorized and documented in Note 6 – Income Taxes'. Rationale: 'Mitigates the long-term cash tax impact of the adverse European judgment by offsetting allowable foreign income taxes against U.S. federal tax liabili'.",Structure U.S. Foreign Tax Credit Claim Strategy for Recovered Irish Taxes,"Formulate a multi-year corporate tax strategy under Internal Revenue Code Section 901 and Section 960 to claim U.S. foreign tax credits (FTCs) for the €13 billion in recovered Irish corporate income taxes, modeling potential federal income tax offsets of $3.5B to $4.8B across fiscal tax returns.",Structure U.S. foreign tax credit recovery,investigate,Mitigates the long-term cash tax impact of the adverse European judgment by offsetting allowable foreign income taxes against U.S. federal tax liabilities on foreign derived intangible income.,"[{""name"": ""Estimated Federal Tax Recovery"", ""value"": ""4.2"", ""unit"": ""billion USD target"", ""observed_on"": ""2024-11-01""}]",Finance,reported,"{finance,investigate}",Legal;Corporate Governance,Tax counsel evaluated complex post-TCJA foreign tax credit limitation baskets; Finance cautioned that restrictive IRS regulations on foreign tax creditability could trigger contentious IRS audit adjustments; Corporate controllers prepared comprehensive evidentiary audit dossiers.
AAPL-2024Q4-0049,Apple Inc.,2024-11-01,quarterly_filings/2024_Q4.pdf,https://www.sec.gov/ix?doc=/Archives/edgar/data/0000320193/000032019324000106/aapl-20240928.htm,Item 7. MD&A - Results of Operations,"Disclosure Context (2024_Q4): Trigger: 'Apple FY2024 Form 10-K (filed November 1, 2024) discloses operational, financial, and regulatory context for Finance management decisions'. Management Action: 'Model Fiscal 2025 Consolidated Effective Tax Rate Post-Irish Judgment'. Scope: 'Authorized and documented in Item 7. MD&A - Results of Operations'. Rationale: 'Provides capital markets and the Board Audit Committee with empirical tax guidance, establishing that Apple's normalized ongoing effective tax rate wi'.",Model Fiscal 2025 Consolidated Effective Tax Rate Post-Irish Judgment,"Construct comprehensive predictive tax forecasting models projecting Apple's consolidated effective tax rate for fiscal 2025, factoring in the expiration of the one-time Irish tax shock, increased domestic Irish corporate tax rates under OECD Pillar Two (15%), and U.S. R&D credit utilization.",Model FY2025 normalized effective tax rate,investigate,"Provides capital markets and the Board Audit Committee with empirical tax guidance, establishing that Apple's normalized ongoing effective tax rate will stabilize around 16.0% to 17.0% in fiscal 2025.","[{""name"": ""Target Normalized Tax Rate"", ""value"": ""16.5"", ""unit"": ""percent"", ""observed_on"": ""2024-11-01""}, {""name"": ""Full-Year FY2024 Tax Rate"", ""value"": ""24.1"", ""unit"": ""percent with Irish charge"", ""observed_on"": ""2024-11-01""}]",Finance,reported,"{finance,investigate}",Corporate Governance;Finance,Finance emphasized the necessity of guiding Wall Street analysts away from assuming FY2024's 24.1% tax rate was permanent; Tax directors audited OECD Pillar Two top-up tax exposure across 40 foreign operating entities; The Audit Committee approved guidance of ~16.5% for FY2025.
AAPL-2024Q4-0050,Apple Inc.,2024-11-01,quarterly_filings/2024_Q4.pdf,https://www.sec.gov/ix?doc=/Archives/edgar/data/0000320193/000032019324000106/aapl-20240928.htm,Note 6 – Income Taxes,"Disclosure Context (2024_Q4): Trigger: 'Apple FY2024 Form 10-K (filed November 1, 2024) discloses operational, financial, and regulatory context for Finance management decisions'. Management Action: 'Audit European State Aid Contagion Risk Across Other Multinational Subsidiaries'. Scope: 'Authorized and documented in Note 6 – Income Taxes'. Rationale: 'Ensures total corporate insulation against future European Commission DG Competition state aid investigations following the Commission's landmark lega'.",Audit European State Aid Contagion Risk Across Other Multinational Subsidiaries,"Execute a proactive legal and accounting audit across Apple's operating subsidiaries in France, Italy, Germany, and the UK to verify that zero sovereign tax rulings, bilateral advance pricing agreements (APAs), or selective tax incentives could be targeted under European state aid doctrines.",Audit European sovereign tax ruling exposure,maintain,Ensures total corporate insulation against future European Commission DG Competition state aid investigations following the Commission's landmark legal victory in the Apple Ireland case.,"[{""name"": ""Audited European Operating Entities"", ""value"": ""12"", ""unit"": ""subsidiaries"", ""observed_on"": ""2024-11-01""}]",Finance,reported,"{finance,maintain}",Legal;Finance,Legal confirmed that Apple had eliminated all standalone sovereign tax rulings across Europe following Irish tax reforms in 2015; Tax directors verified that operating profits are taxed under general statutory corporate tax codes; External tax auditors issued clean assurance letters.
AAPL-2024Q4-0051,Apple Inc.,2024-11-01,quarterly_filings/2024_Q4.pdf,https://www.sec.gov/ix?doc=/Archives/edgar/data/0000320193/000032019324000106/aapl-20240928.htm,Note 7 – Shareholders' Equity,"Disclosure Context (2024_Q4): Trigger: 'Apple FY2024 Form 10-K (filed November 1, 2024) discloses operational, financial, and regulatory context for Finance management decisions'. Management Action: 'Execute $25B in Q4 Open-Market Common Stock Repurchases'. Scope: 'Authorized and documented in Note 7 – Shareholders' Equity'. Rationale: 'Sustains Apple's progress toward net cash neutrality while reducing diluted common shares outstanding to 15.408 billion, driving non-GAAP diluted earn'.",Execute $25B in Q4 Open-Market Common Stock Repurchases,"Authorize the programmatic deployment of $25.0 billion in open-market common stock repurchases during the fourth fiscal quarter pursuant to the Board's $110B authorization, retiring approximately 110 million common shares across structured daily broker purchase algorithms.",Deploy $25B quarterly share buybacks,expand,"Sustains Apple's progress toward net cash neutrality while reducing diluted common shares outstanding to 15.408 billion, driving non-GAAP diluted earnings per share accretion during the autumn product launch cycle.","[{""name"": ""Q4 Share Repurchase Outlay"", ""value"": ""25.0"", ""unit"": ""billion USD"", ""observed_on"": ""2024-11-01""}, {""name"": ""Full-Year FY2024 Repurchases"", ""value"": ""95.0"", ""unit"": ""billion USD"", ""observed_on"": ""2024-11-01""}]",Finance,reported,"{finance,expand}",Legal;Corporate Governance,Finance highlighted strong quarterly operating cash flow ($26.8B) supporting the $25B deployment; Legal verified strict compliance with SEC Rule 10b-18 volume and price restrictions; Capital planning teams reviewed net leverage ratios.
AAPL-2024Q4-0052,Apple Inc.,2024-11-01,quarterly_filings/2024_Q4.pdf,https://www.sec.gov/ix?doc=/Archives/edgar/data/0000320193/000032019324000106/aapl-20240928.htm,Item 5. Market for Registrant's Common Equity,"Disclosure Context (2024_Q4): Trigger: 'Apple FY2024 Form 10-K (filed November 1, 2024) discloses operational, financial, and regulatory context for Finance management decisions'. Management Action: 'Declare Quarterly Common Stock Dividend of $0.25 Per Share for November Payout'. Scope: 'Authorized and documented in Item 5. Market for Registrant's Common Equity'. Rationale: 'Reinforces Apple's commitment to returning substantial capital to institutional and retail equity holders, bringing total full-year dividend distribut'.",Declare Quarterly Common Stock Dividend of $0.25 Per Share for November Payout,"Declare a regular quarterly cash dividend of $0.25 per share of common stock, payable November 14, 2024 to shareholders of record as of the close of business on November 11, 2024, resulting in a total quarterly cash distribution of approximately $3.8 billion.",Declare quarterly cash dividend,maintain,"Reinforces Apple's commitment to returning substantial capital to institutional and retail equity holders, bringing total full-year dividend distributions to over $15.3 billion.","[{""name"": ""Dividend Per Share"", ""value"": ""0.25"", ""unit"": ""USD"", ""observed_on"": ""2024-11-01""}, {""name"": ""Total FY2024 Dividend Payout"", ""value"": ""15,325"", ""unit"": ""million USD"", ""observed_on"": ""2024-11-01""}]",Finance,reported,"{finance,maintain}",Finance;Corporate Governance,Finance verified cash dividend coverage exceeding 7.0x operating cash flows; Legal drafted formal Board resolutions and Form 8-K filings; Investor relations confirmed dividend distribution alignment with corporate targets.
AAPL-2024Q4-0053,Apple Inc.,2024-11-01,quarterly_filings/2024_Q4.pdf,https://www.sec.gov/ix?doc=/Archives/edgar/data/0000320193/000032019324000106/aapl-20240928.htm,Note 7 – Shareholders' Equity,"Disclosure Context (2024_Q4): Trigger: 'Apple FY2024 Form 10-K (filed November 1, 2024) discloses operational, financial, and regulatory context for Finance management decisions'. Management Action: 'Structure Accelerated Share Repurchase (ASR) Agreement for Q1 FY2025'. Scope: 'Authorized and documented in Note 7 – Shareholders' Equity'. Rationale: 'Locks in rapid share count reduction during the high-liquidity holiday shopping quarter, insulating buyback execution from seasonal equity market vola'.",Structure Accelerated Share Repurchase (ASR) Agreement for Q1 FY2025,"Negotiate and execute a definitive $7.0 billion accelerated share repurchase agreement with Goldman Sachs & Co. LLC scheduled to commence in November 2024, securing immediate upfront delivery of approximately 27 million common shares with final settlement tied to holiday volume-weighted average prices.",Contract $7B ASR agreement with Goldman Sachs,expand,"Locks in rapid share count reduction during the high-liquidity holiday shopping quarter, insulating buyback execution from seasonal equity market volatility.","[{""name"": ""ASR Tranche Commitment"", ""value"": ""7.0"", ""unit"": ""billion USD"", ""observed_on"": ""2024-11-01""}, {""name"": ""Upfront Share Delivery"", ""value"": ""27,000,000"", ""unit"": ""shares"", ""observed_on"": ""2024-11-01""}]",Finance,reported,"{finance,expand}",Finance;Legal,Treasury argued that executing an ASR locked in favorable post-election VWAP spreads; Legal reviewed derivative hedge covenants under ASC 815; Finance verified that cash reserves of $156B provided ample liquidity.
AAPL-2024Q4-0054,Apple Inc.,2024-11-01,quarterly_filings/2024_Q4.pdf,https://www.sec.gov/ix?doc=/Archives/edgar/data/0000320193/000032019324000106/aapl-20240928.htm,Item 7. MD&A - Capital Resources,"Disclosure Context (2024_Q4): Trigger: 'Apple FY2024 Form 10-K (filed November 1, 2024) discloses operational, financial, and regulatory context for Finance management decisions'. Management Action: 'Audit Net Cash Neutrality Capital Trajectory Ahead of CFO Leadership Transition'. Scope: 'Authorized and documented in Item 7. MD&A - Capital Resources'. Rationale: 'Assesses whether returning $110B+ annually to shareholders remains sustainable while preserving credit rating agency liquidity ratios (S&P AA+ / Moody'.",Audit Net Cash Neutrality Capital Trajectory Ahead of CFO Leadership Transition,"Conduct a comprehensive capital structure and liquidity position audit analyzing Apple's path toward net cash neutrality (total cash and marketable securities equal to total gross debt), evaluating balance sheet pacing ahead of incoming CFO Kevan Parekh's assumption of leadership on January 1, 2025.",Audit net cash neutrality trajectory,investigate,Assesses whether returning $110B+ annually to shareholders remains sustainable while preserving credit rating agency liquidity ratios (S&P AA+ / Moody's Aaa) in an era of shifting global corporate tax liabilities.,"[{""name"": ""Total Cash and Marketable Securities"", ""value"": ""156.6"", ""unit"": ""billion USD"", ""observed_on"": ""2024-11-01""}, {""name"": ""Total Term Debt"", ""value"": ""106.6"", ""unit"": ""billion USD"", ""observed_on"": ""2024-11-01""}]",Finance,reported,"{finance,investigate}",Corporate Governance;Finance,"Outgoing CFO Luca Maestri and incoming CFO Kevan Parekh reviewed net cash balances ($50.0B net cash); Finance noted that net cash had declined from $110B in 2018 to $50B, successfully executing the capital return roadmap; Rating agencies affirmed prime credit ratings."
AAPL-2024Q4-0055,Apple Inc.,2024-11-01,quarterly_filings/2024_Q4.pdf,https://www.sec.gov/ix?doc=/Archives/edgar/data/0000320193/000032019324000106/aapl-20240928.htm,Note 6 – Debt,"Disclosure Context (2024_Q4): Trigger: 'Apple FY2024 Form 10-K (filed November 1, 2024) discloses operational, financial, and regulatory context for Finance management decisions'. Management Action: 'Review Commercial Paper Discount Rates vs. Repo Facility Yields'. Scope: 'Authorized and documented in Note 6 – Debt'. Rationale: 'Determines optimal short-term liquidity management to minimize net interest carrying costs while funding intra-quarter share repurchase cash settlemen'.",Review Commercial Paper Discount Rates vs. Repo Facility Yields,Conduct a treasury interest rate arbitrage review comparing 30-day commercial paper dealer placement rates at 4.65% against tri-party repo facility investments yielding 4.85% following the Federal Reserve's 50-basis-point interest rate cut in September 2024.,Analyze CP funding vs repo market arbitrage,investigate,Determines optimal short-term liquidity management to minimize net interest carrying costs while funding intra-quarter share repurchase cash settlements.,"[{""name"": ""Commercial Paper Outstanding"", ""value"": ""1,996"", ""unit"": ""million USD"", ""observed_on"": ""2024-11-01""}]",Finance,reported,"{finance,investigate}",Finance;Operations,Treasury noted that rate cuts narrowed the spread between unsecured commercial paper and secured repo yields; Finance supported maintaining CP at approximately $2.0B to preserve commercial paper market presence; Accounting confirmed compliance.
AAPL-2024Q4-0056,Apple Inc.,2024-11-01,quarterly_filings/2024_Q4.pdf,https://www.sec.gov/ix?doc=/Archives/edgar/data/0000320193/000032019324000106/aapl-20240928.htm,Item 1A. Risk Factors,"Disclosure Context (2024_Q4): Trigger: 'Apple FY2024 Form 10-K (filed November 1, 2024) discloses operational, financial, and regulatory context for Finance management decisions'. Management Action: 'Stress Test Consolidated Operating Income Against DOJ Google Search Remedy Framework'. Scope: 'Authorized and documented in Item 1A. Risk Factors'. Rationale: 'Quantifies the balance sheet and earnings exposure of an eventual judicial ban on Apple's Information Services Agreement (ISA) with Google, which cont'.",Stress Test Consolidated Operating Income Against DOJ Google Search Remedy Framework,"Formulate granular financial stress test models evaluating the corporate impact of the Department of Justice's October 2024 Proposed Remedies Framework in United States v. Google, which explicitly recommends prohibiting Google from entering into exclusive default search distribution contracts with Apple.",Stress test loss of Google search default revenue,investigate,"Quantifies the balance sheet and earnings exposure of an eventual judicial ban on Apple's Information Services Agreement (ISA) with Google, which contributes an estimated $20 billion annually in near-100% margin Services revenue.","[{""name"": ""Estimated Annual Google TAC Payment"", ""value"": ""20.0"", ""unit"": ""billion USD"", ""observed_on"": ""2024-11-01""}, {""name"": ""Full-Year Services Revenue"", ""value"": ""96,169"", ""unit"": ""million USD"", ""observed_on"": ""2024-11-01""}]",Finance,reported,"{finance,investigate}",Legal;Finance,Finance calculated that an outright elimination of Google search payments would shave approximately $1.35 to $1.50 off diluted earnings per share and reduce Services gross margin from 74% to 66%; Legal monitored Judge Mehta's remedy hearings scheduled for spring 2025; Strategy teams modeled alternative monetization pathways.
AAPL-2024Q4-0057,Apple Inc.,2024-11-01,quarterly_filings/2024_Q4.pdf,https://www.sec.gov/ix?doc=/Archives/edgar/data/0000320193/000032019324000106/aapl-20240928.htm,Item 2. MD&A - Services,"Disclosure Context (2024_Q4): Trigger: 'Apple FY2024 Form 10-K (filed November 1, 2024) discloses operational, financial, and regulatory context for Finance management decisions'. Management Action: 'Evaluate Commercial Terms for Alternative Search Default Auction in Safari'. Scope: 'Authorized and documented in Item 2. MD&A - Services'. Rationale: 'Assesses whether competitive bidding among rival search engines could recoup a meaningful percentage of historical Google revenue if courts prohibit s'.",Evaluate Commercial Terms for Alternative Search Default Auction in Safari,"Structure economic modeling and bidding framework specifications for an open, multi-provider default search auction mechanism across North American iOS Safari installations, evaluating potential gross licensing proceeds from competing search providers (Microsoft Bing, DuckDuckGo, Yahoo).",Model competitive search engine auction revenues,investigate,Assesses whether competitive bidding among rival search engines could recoup a meaningful percentage of historical Google revenue if courts prohibit single-provider exclusivity.,"[{""name"": ""Projected Maximum Bidding Recovery"", ""value"": ""35"", ""unit"": ""percent of historical revenue"", ""observed_on"": ""2024-11-01""}]",Finance,reported,"{finance,investigate}",Legal;Finance,Finance demonstrated that Microsoft Bing lacked the advertiser query monetization density to bid more than $6B annually for Safari default placement without operating at a severe loss; Legal warned that mandatory multi-engine choice screens in Europe had drastically depressed search query share; Strategy teams confirmed the revenue shortfall.
AAPL-2024Q4-0058,Apple Inc.,2024-11-01,quarterly_filings/2024_Q4.pdf,https://www.sec.gov/ix?doc=/Archives/edgar/data/0000320193/000032019324000106/aapl-20240928.htm,Item 2. MD&A - Services,"Disclosure Context (2024_Q4): Trigger: 'Apple FY2024 Form 10-K (filed November 1, 2024) discloses operational, financial, and regulatory context for Finance management decisions'. Management Action: 'Model Services Revenue Impact from Potential App Store Commission Caps in EU'. Scope: 'Authorized and documented in Item 2. MD&A - Services'. Rationale: 'Prepares executive financial leadership for potential regulatory settlements or court orders that structurally depress European digital storefront rev'.",Model Services Revenue Impact from Potential App Store Commission Caps in EU,Execute quantitative sensitivity models analyzing the financial impact on European Services revenue if ongoing European Commission DMA non-compliance proceedings force Apple to reduce its core App Store commission from 12%–27% down to single digits (5%–8%) or eliminate the Core Technology Fee entirely.,Model EU App Store commission reduction scenarios,investigate,Prepares executive financial leadership for potential regulatory settlements or court orders that structurally depress European digital storefront revenues.,"[{""name"": ""European Services Net Sales Full Year"", ""value"": ""24.5"", ""unit"": ""billion USD estimate"", ""observed_on"": ""2024-11-01""}]",Finance,reported,"{finance,investigate}",Legal;Finance,Finance estimated that capping commissions at 7% would reduce European App Store net sales by $850M annually; Legal advised that offering concessions on commission tiers was preferable to facing recurring daily non-compliance penalties of 5% of global daily turnover; Executive leadership reviewed compromise options.
AAPL-2024Q4-0059,Apple Inc.,2024-11-01,quarterly_filings/2024_Q4.pdf,https://www.sec.gov/ix?doc=/Archives/edgar/data/0000320193/000032019324000106/aapl-20240928.htm,Item 2. MD&A - Services,"Disclosure Context (2024_Q4): Trigger: 'Apple FY2024 Form 10-K (filed November 1, 2024) discloses operational, financial, and regulatory context for Finance management decisions'. Management Action: 'Structure Monetization Architecture for Siri Apple Intelligence Extensions'. Scope: 'Authorized and documented in Item 2. MD&A - Services'. Rationale: 'Positions Apple Intelligence as a high-margin transactional commerce and digital service referral platform, monetizing generative AI workflows without'.",Structure Monetization Architecture for Siri Apple Intelligence Extensions,"Establish preliminary financial revenue-sharing and developer transaction fee guidelines for the upcoming Apple Intelligence Extension framework, defining referral commission rates on in-app digital service bookings initiated through generative Siri context workflows.",Structure Siri AI extension monetization guidelines,expand,"Positions Apple Intelligence as a high-margin transactional commerce and digital service referral platform, monetizing generative AI workflows without relying on banner advertising.","[{""name"": ""Target Referral Commission Tier"", ""value"": ""10"", ""unit"": ""percent referral fee"", ""observed_on"": ""2024-11-01""}]",Finance,reported,"{finance,expand}",R&D;Finance,Finance sought to establish clear monetization terms before developer API adoption scaled; R&D highlighted that imposing transaction fees prematurely would discourage third-party developers from integrating App Intents into Siri; Management agreed to defer fee collection until user adoption reached critical mass.
AAPL-2024Q4-0060,Apple Inc.,2024-11-01,quarterly_filings/2024_Q4.pdf,https://www.sec.gov/ix?doc=/Archives/edgar/data/0000320193/000032019324000106/aapl-20240928.htm,Note 1 – Summary of Significant Accounting Policies,"Disclosure Context (2024_Q4): Trigger: 'Apple FY2024 Form 10-K (filed November 1, 2024) discloses operational, financial, and regulatory context for Finance management decisions'. Management Action: 'Audit ASC 606 Revenue Recognition on Bundled Apple Intelligence Features'. Scope: 'Authorized and documented in Note 1 – Summary of Significant Accounting Policies'. Rationale: 'Ensures proper GAAP accounting allocation of hardware purchase prices between upfront hardware revenue and deferred revenue for unspecified future gen'.",Audit ASC 606 Revenue Recognition on Bundled Apple Intelligence Features,"Perform a formal accounting review under ASC 606 (Revenue from Contracts with Customers) regarding the bundled software deliverables included in the purchase price of iPhone 16, iPad, and Mac hardware following the public release of Apple Intelligence in iOS 18.1.",Audit ASC 606 revenue deferral for Apple Intelligence,maintain,Ensures proper GAAP accounting allocation of hardware purchase prices between upfront hardware revenue and deferred revenue for unspecified future generative AI software update rights.,"[{""name"": ""Full-Year Products Net Sales"", ""value"": ""294,866"", ""unit"": ""million USD"", ""observed_on"": ""2024-11-01""}]",Finance,reported,"{finance,maintain}",Legal;Finance,Accounting policy teams consulted with Deloitte LLP to determine whether Apple Intelligence constituted a separate performance obligation requiring expanded revenue deferral; Finance demonstrated that Apple's historical software upgrade deferral amortization curves adequately covered generative AI deliverables; Auditors approved current accounting treatments.
AAPL-2024Q4-0061,Apple Inc.,2024-11-01,quarterly_filings/2024_Q4.pdf,https://www.sec.gov/ix?doc=/Archives/edgar/data/0000320193/000032019324000106/aapl-20240928.htm,Note 4 – Financial Instruments,"Disclosure Context (2024_Q4): Trigger: 'Apple FY2024 Form 10-K (filed November 1, 2024) discloses operational, financial, and regulatory context for Finance management decisions'. Management Action: 'Execute $9.5B Offshore CNH/USD Forward Hedges for Greater China Holiday Sales'. Scope: 'Authorized and documented in Note 4 – Financial Instruments'. Rationale: 'Shields reported U.S. dollar net sales in Greater China ($66.95B full-year revenue, down 8% YoY) from further yuan translation weakness, preserving co'.",Execute $9.5B Offshore CNH/USD Forward Hedges for Greater China Holiday Sales,"Designate $9.5 billion in offshore Chinese Renminbi (CNH) forward foreign exchange contracts across 3-month and 6-month tenors, locking in conversion rates between 7.20 and 7.25 CNH/USD to insulate expected holiday iPhone and Mac hardware sales from currency depreciation.",Execute CNH forward currency hedges,expand,"Shields reported U.S. dollar net sales in Greater China ($66.95B full-year revenue, down 8% YoY) from further yuan translation weakness, preserving consolidated gross profit margins.","[{""name"": ""Greater China Full-Year Sales"", ""value"": ""66,952"", ""unit"": ""million USD"", ""observed_on"": ""2024-11-01""}, {""name"": ""Hedged Notional Amount"", ""value"": ""9.5"", ""unit"": ""billion USD"", ""observed_on"": ""2024-11-01""}]",Finance,reported,"{finance,expand}",Finance;Operations,Finance prioritized hedging predictable holiday hardware shipments; Operations supplied weekly sell-through forecasts across Chinese carrier channels; Treasury FX desks executed staggered tranches to optimize forward point spreads.
AAPL-2024Q4-0062,Apple Inc.,2024-11-01,quarterly_filings/2024_Q4.pdf,https://www.sec.gov/ix?doc=/Archives/edgar/data/0000320193/000032019324000106/aapl-20240928.htm,Note 4 – Financial Instruments,"Disclosure Context (2024_Q4): Trigger: 'Apple FY2024 Form 10-K (filed November 1, 2024) discloses operational, financial, and regulatory context for Finance management decisions'. Management Action: 'Restructure JPY Cash Flow Hedges Following Bank of Japan Monetary Shift'. Scope: 'Authorized and documented in Note 4 – Financial Instruments'. Rationale: 'Protects Japanese segment hardware and Services revenues ($23.8B full-year sales, up 2% YoY) from severe foreign exchange translation volatility while'.",Restructure JPY Cash Flow Hedges Following Bank of Japan Monetary Shift,"Restructure $6.0 billion notional value of Japanese Yen forward contracts and zero-cost option collars following ongoing Bank of Japan interest rate policy adjustments, resetting benchmark strike rates from 152 JPY/USD to 146 JPY/USD.",Reset JPY foreign exchange derivative collars,revise,"Protects Japanese segment hardware and Services revenues ($23.8B full-year sales, up 2% YoY) from severe foreign exchange translation volatility while preserving favorable hedge accounting under ASC 815.","[{""name"": ""Japan Full-Year Net Sales"", ""value"": ""23,767"", ""unit"": ""million USD"", ""observed_on"": ""2024-11-01""}, {""name"": ""Hedged JPY Notional"", ""value"": ""6.0"", ""unit"": ""billion USD"", ""observed_on"": ""2024-11-01""}]",Finance,reported,"{finance,revise}",Finance;Operations,Treasury FX managers faced volatile bid-ask spreads across Tokyo trading desks; Finance verified high hedge correlation with forecasted retail dispatches; Risk committees confirmed counterparty credit ratings.
AAPL-2024Q4-0063,Apple Inc.,2024-11-01,quarterly_filings/2024_Q4.pdf,https://www.sec.gov/ix?doc=/Archives/edgar/data/0000320193/000032019324000106/aapl-20240928.htm,Note 4 – Financial Instruments,"Disclosure Context (2024_Q4): Trigger: 'Apple FY2024 Form 10-K (filed November 1, 2024) discloses operational, financial, and regulatory context for Finance management decisions'. Management Action: 'Designate $18.5B EUR Cash Flow Hedge Portfolio for European Holiday Sales'. Scope: 'Authorized and documented in Note 4 – Financial Instruments'. Rationale: 'Secures revenue predictability across European operating segments ($101.4B full-year sales, up 7% YoY), insulating corporate gross margins from Europe'.",Designate $18.5B EUR Cash Flow Hedge Portfolio for European Holiday Sales,Designate $18.5 billion notional value in forward foreign currency exchange contracts and collars covering forecasted euro-denominated hardware shipments and Services billings through fiscal 2025 at an average effective rate of 1.090 EUR/USD.,Designate EUR cash flow hedge portfolio,expand,"Secures revenue predictability across European operating segments ($101.4B full-year sales, up 7% YoY), insulating corporate gross margins from European Central Bank rate-cutting cycles.","[{""name"": ""Europe Full-Year Net Sales"", ""value"": ""101,400"", ""unit"": ""million USD"", ""observed_on"": ""2024-11-01""}, {""name"": ""Hedged EUR Notional"", ""value"": ""18.5"", ""unit"": ""billion USD"", ""observed_on"": ""2024-11-01""}]",Finance,reported,"{finance,expand}",Finance;Operations,Treasury structured staggered contract maturities matching holiday delivery cycles; Finance confirmed clean hedge effectiveness documentation under ASC 815; Operations verified European logistics dispatch volumes.
AAPL-2024Q4-0064,Apple Inc.,2024-11-01,quarterly_filings/2024_Q4.pdf,https://www.sec.gov/ix?doc=/Archives/edgar/data/0000320193/000032019324000106/aapl-20240928.htm,Item 3. Market Risk,"Disclosure Context (2024_Q4): Trigger: 'Apple FY2024 Form 10-K (filed November 1, 2024) discloses operational, financial, and regulatory context for Finance management decisions'. Management Action: 'Audit Unhedged Emerging Market Currency Translation Losses in Latin America'. Scope: 'Authorized and documented in Item 3. Market Risk'. Rationale: 'Quantifies margin dilution in high-growth developing markets where local currency derivative hedging is cost-prohibitive due to wide interest rate dif'.",Audit Unhedged Emerging Market Currency Translation Losses in Latin America,"Conduct a quarterly risk assessment on unhedged local currency revenue exposure across Brazil (BRL), Mexico (MXN), and Argentina (ARS), evaluating whether rapid currency depreciation during late 2024 eroded dollar-denominated hardware margins.",Audit Latin American currency translation drag,investigate,Quantifies margin dilution in high-growth developing markets where local currency derivative hedging is cost-prohibitive due to wide interest rate differentials.,"[{""name"": ""Americas Full-Year Net Sales"", ""value"": ""167,045"", ""unit"": ""million USD"", ""observed_on"": ""2024-11-01""}]",Finance,reported,"{finance,investigate}",Finance;Operations,Finance tracked a 14% drop in the Brazilian Real against the U.S. dollar over the trailing six months; Operations noted that raising local retail prices suppressed hardware unit sales elasticity; Marketing resisted mid-cycle price increases ahead of the holidays.
AAPL-2024Q4-0065,Apple Inc.,2024-11-01,quarterly_filings/2024_Q4.pdf,https://www.sec.gov/ix?doc=/Archives/edgar/data/0000320193/000032019324000106/aapl-20240928.htm,Note 4 – Financial Instruments,"Disclosure Context (2024_Q4): Trigger: 'Apple FY2024 Form 10-K (filed November 1, 2024) discloses operational, financial, and regulatory context for Finance management decisions'. Management Action: 'Manage Fixed-to-Floating Interest Rate Swap Duration Post-Fed Rate Cuts'. Scope: 'Authorized and documented in Note 4 – Financial Instruments'. Rationale: 'Reduces annualized net interest expense across Apple's $102B term debt portfolio as benchmark short-term SOFR rates decline, maximizing net interest a'.",Manage Fixed-to-Floating Interest Rate Swap Duration Post-Fed Rate Cuts,"Rebalance Apple's $16.8 billion portfolio of interest rate swaps (fixed-to-floating swaps designated as fair value hedges of senior notes), adjusting duration profiles following the Federal Reserve's pivot to monetary easing to capture lower floating borrowing costs.",Rebalance interest rate swap hedge portfolio,revise,"Reduces annualized net interest expense across Apple's $102B term debt portfolio as benchmark short-term SOFR rates decline, maximizing net interest and investment income.","[{""name"": ""Hedged Term Debt Notional"", ""value"": ""16,817"", ""unit"": ""million USD"", ""observed_on"": ""2024-11-01""}]",Finance,reported,"{finance,revise}",Finance;Legal,Treasury proved that shifting a portion of fixed debt to floating SOFR saved approximately $180M annually in coupon expense; Finance confirmed that fair value hedge accounting under ASC 815 was fully satisfied; Risk managers confirmed swap counterparty collateralization.
AAPL-2024Q4-0066,Apple Inc.,2024-11-01,quarterly_filings/2024_Q4.pdf,https://www.sec.gov/ix?doc=/Archives/edgar/data/0000320193/000032019324000106/aapl-20240928.htm,Note 6 – Debt,"Disclosure Context (2024_Q4): Trigger: 'Apple FY2024 Form 10-K (filed November 1, 2024) discloses operational, financial, and regulatory context for Finance management decisions'. Management Action: 'Price $4.5B Multi-Tranche Senior Notes Offering for Debt Refinancing'. Scope: 'Authorized and documented in Note 6 – Debt'. Rationale: 'Locks in long-term fixed financing costs at exceptionally tight investment-grade credit spreads (35–55 bps over U.S. Treasuries), extending Apple's de'.",Price $4.5B Multi-Tranche Senior Notes Offering for Debt Refinancing,"Successfully price and execute a $4.5 billion multi-tranche public offering of fixed-rate senior unsecured notes across 3-year, 5-year, 7-year, and 10-year tranches, achieving an attractive weighted-average coupon of 4.25% to pre-fund upcoming 2025 debt maturities.",Price $4.5B senior notes offering,expand,"Locks in long-term fixed financing costs at exceptionally tight investment-grade credit spreads (35–55 bps over U.S. Treasuries), extending Apple's debt maturity runway while preserving cash for share repurchases.","[{""name"": ""Notes Offering Principal"", ""value"": ""4.5"", ""unit"": ""billion USD"", ""observed_on"": ""2024-11-01""}, {""name"": ""Weighted-Average Coupon"", ""value"": ""4.25"", ""unit"": ""percent"", ""observed_on"": ""2024-11-01""}]",Finance,reported,"{finance,expand}",Finance;Legal,Treasury timed the issuance to capture post-election market liquidity; Legal filed prospectus supplements under SEC Rule 424(b); Debt syndication desks reported 3.5x oversubscription across institutional pension funds.
AAPL-2024Q4-0067,Apple Inc.,2024-11-01,quarterly_filings/2024_Q4.pdf,https://www.sec.gov/ix?doc=/Archives/edgar/data/0000320193/000032019324000106/aapl-20240928.htm,Note 6 – Debt,"Disclosure Context (2024_Q4): Trigger: 'Apple FY2024 Form 10-K (filed November 1, 2024) discloses operational, financial, and regulatory context for Finance management decisions'. Management Action: 'Maintain Commercial Paper Issuance Cap at $2.0B Through Year-End'. Scope: 'Authorized and documented in Note 6 – Debt'. Rationale: 'Minimizes exposure to volatile short-term money market refinancing conditions while preserving pristine corporate balance sheet liquidity.'.",Maintain Commercial Paper Issuance Cap at $2.0B Through Year-End,"Formally maintain a disciplined $2.0 billion outstanding cap on Apple's commercial paper program through the end of calendar year 2024, utilizing abundant corporate cash inflows ($26.8B quarterly operating cash flow) rather than short-term unsecured debt to fund working capital.",Maintain commercial paper ceiling at $2B,maintain,Minimizes exposure to volatile short-term money market refinancing conditions while preserving pristine corporate balance sheet liquidity.,"[{""name"": ""Commercial Paper Outstanding"", ""value"": ""1,996"", ""unit"": ""million USD"", ""observed_on"": ""2024-11-01""}]",Finance,reported,"{finance,maintain}",Finance;Operations,Treasury confirmed that intra-quarter cash generation was more than adequate to fund vendor component payables; Finance supported keeping gross short-term debt low; Banking partners affirmed full backup credit line facilities.
AAPL-2024Q4-0068,Apple Inc.,2024-11-01,quarterly_filings/2024_Q4.pdf,https://www.sec.gov/ix?doc=/Archives/edgar/data/0000320193/000032019324000106/aapl-20240928.htm,Note 4 – Financial Instruments,"Disclosure Context (2024_Q4): Trigger: 'Apple FY2024 Form 10-K (filed November 1, 2024) discloses operational, financial, and regulatory context for Finance management decisions'. Management Action: 'Optimize Cash Portfolio Allocation Across Maturing U.S. Treasury Bills'. Scope: 'Authorized and documented in Note 4 – Financial Instruments'. Rationale: 'Captures premium money-market yields following the initial Federal Reserve rate cuts, maximizing interest income generation on corporate liquidity res'.",Optimize Cash Portfolio Allocation Across Maturing U.S. Treasury Bills,"Direct the reinvestment of $22.0 billion in maturing short-duration U.S. Treasury bills into institutional prime liquidity funds, AAA commercial paper, and high-yield agency discount notes yielding 4.75% to 4.90%, maximizing interest income return across Apple's $156.6 billion total cash portfolio.",Optimize cash portfolio yield allocation,expand,"Captures premium money-market yields following the initial Federal Reserve rate cuts, maximizing interest income generation on corporate liquidity reserves.","[{""name"": ""Reallocated Liquidity"", ""value"": ""22.0"", ""unit"": ""billion USD"", ""observed_on"": ""2024-11-01""}, {""name"": ""Total Cash and Investments"", ""value"": ""156,652"", ""unit"": ""million USD"", ""observed_on"": ""2024-11-01""}]",Finance,reported,"{finance,expand}",Finance;Corporate Governance,Treasury highlighted yield advantages across prime money funds; Risk management verified that underlying assets adhered strictly to Tier-1 investment guidelines; Finance incorporated the yield curve into FY2025 interest income forecasts.
AAPL-2024Q4-0069,Apple Inc.,2024-11-01,quarterly_filings/2024_Q4.pdf,https://www.sec.gov/ix?doc=/Archives/edgar/data/0000320193/000032019324000106/aapl-20240928.htm,Note 1 – Summary of Significant Accounting Policies,"Disclosure Context (2024_Q4): Trigger: 'Apple FY2024 Form 10-K (filed November 1, 2024) discloses operational, financial, and regulatory context for Finance management decisions'. Management Action: 'Audit Vendor Non-Trade Receivables Concentration with Foxconn and Pegatron'. Scope: 'Authorized and documented in Note 1 – Summary of Significant Accounting Policies'. Rationale: 'Verifies that massive component receivables from manufacturing partners are fully secured against finished goods deliveries under ASC 310, eliminating'.",Audit Vendor Non-Trade Receivables Concentration with Foxconn and Pegatron,"Execute a credit risk and collateralization audit on $32.7 billion in vendor non-trade receivables arising from the advanced sale of Apple-purchased components to assembly manufacturing partners (Hon Hai Precision / Foxconn, Pegatron, and Luxshare Precision).",Audit vendor non-trade receivables risk,maintain,"Verifies that massive component receivables from manufacturing partners are fully secured against finished goods deliveries under ASC 310, eliminating commercial default exposure.","[{""name"": ""Vendor Non-Trade Receivables Full Year"", ""value"": ""32,748"", ""unit"": ""million USD"", ""observed_on"": ""2024-11-01""}]",Finance,reported,"{finance,maintain}",Operations;Finance,Finance confirmed that two primary manufacturing vendors each accounted for more than 10% of total vendor receivables; Operations verified that component dispatches matched audited holiday iPhone and Mac production schedules; Legal reviewed contractual master netting agreements.
AAPL-2024Q4-0070,Apple Inc.,2024-11-01,quarterly_filings/2024_Q4.pdf,https://www.sec.gov/ix?doc=/Archives/edgar/data/0000320193/000032019324000106/aapl-20240928.htm,Item 2. MD&A - Services,"Disclosure Context (2024_Q4): Trigger: 'Apple FY2024 Form 10-K (filed November 1, 2024) discloses operational, financial, and regulatory context for Finance management decisions'. Management Action: 'Assess Balance Sheet Impairment on Apple TV+ Original Film Library Assets'. Scope: 'Authorized and documented in Item 2. MD&A - Services'. Rationale: 'Determines whether capitalized original film production costs remain fully recoverable through long-term subscriber engagement, preventing unexpected '.",Assess Balance Sheet Impairment on Apple TV+ Original Film Library Assets,"Conduct an annual asset impairment test under ASC 920 on Apple's $18.5 billion library of capitalized original film and television content assets, evaluating viewer streaming hours, subscriber retention metrics, and box office returns for major feature releases.",Assess Apple TV+ original content impairment,investigate,"Determines whether capitalized original film production costs remain fully recoverable through long-term subscriber engagement, preventing unexpected multi-million dollar asset write-downs.","[{""name"": ""Capitalized Content Library"", ""value"": ""18.5"", ""unit"": ""billion USD"", ""observed_on"": ""2024-11-01""}]",Finance,reported,"{finance,investigate}",Finance;Marketing,Finance scrutinized the economic return of high-budget theatrical releases that underperformed commercial expectations; Marketing argued that original feature films build prestigious ecosystem brand awareness; Accounting tested discounted future cash flow streams.
AAPL-2024Q4-0071,Apple Inc.,2024-11-01,quarterly_filings/2024_Q4.pdf,https://www.sec.gov/ix?doc=/Archives/edgar/data/0000320193/000032019324000106/aapl-20240928.htm,Note 9 – Share-Based Compensation,"Disclosure Context (2024_Q4): Trigger: 'Apple FY2024 Form 10-K (filed November 1, 2024) discloses operational, financial, and regulatory context for Finance management decisions'. Management Action: 'Audit Full-Year Share-Based Compensation Expense and Unrecognized RSU Cost'. Scope: 'Authorized and documented in Note 9 – Share-Based Compensation'. Rationale: 'Ensures total GAAP compliance in equity compensation accounting, validating that RSU grant-date fair values and forfeiture rate assumptions adhere str'.",Audit Full-Year Share-Based Compensation Expense and Unrecognized RSU Cost,"Execute annual financial reporting audits on $11.5 billion in full-year share-based compensation expense and $22.4 billion in unrecognized compensation cost related to outstanding restricted stock units (RSUs), preparing required footnote disclosures for Note 9 of Form 10-K.",Audit full-year share-based compensation,maintain,"Ensures total GAAP compliance in equity compensation accounting, validating that RSU grant-date fair values and forfeiture rate assumptions adhere strictly to ASC 718 standards.","[{""name"": ""Full-Year SBC Expense"", ""value"": ""11,525"", ""unit"": ""million USD"", ""observed_on"": ""2024-11-01""}, {""name"": ""Unrecognized RSU Cost"", ""value"": ""22,400"", ""unit"": ""million USD"", ""observed_on"": ""2024-11-01""}]",Finance,reported,"{finance,maintain}",Finance;Legal,Compensation committees reviewed RSU vesting schedules across 166 million outstanding units; Finance calculated a weighted-average recognition period of 2.6 years; External auditors Deloitte LLP tested equity valuation models.
AAPL-2024Q4-0072,Apple Inc.,2024-11-01,quarterly_filings/2024_Q4.pdf,https://www.sec.gov/ix?doc=/Archives/edgar/data/0000320193/000032019324000106/aapl-20240928.htm,Item 11. Executive Compensation,"Disclosure Context (2024_Q4): Trigger: 'Apple FY2024 Form 10-K (filed November 1, 2024) discloses operational, financial, and regulatory context for Finance management decisions'. Management Action: 'Calibrate Annual Executive Performance RSU Relative TSR Vesting Curves'. Scope: 'Authorized and documented in Item 11. Executive Compensation'. Rationale: 'Verifies that executive equity vesting accurately reflects relative total shareholder return achievements under SEC proxy disclosure guidelines, ensur'.",Calibrate Annual Executive Performance RSU Relative TSR Vesting Curves,"Audit the performance-based RSU vesting curves for Section 16 executive officers tied to Apple's relative Total Shareholder Return (TSR) against the S&P 500 over the three-year performance period from fiscal 2022 through 2024, certifying final vesting percentages for the Compensation Committee.",Certify executive performance RSU vesting,maintain,"Verifies that executive equity vesting accurately reflects relative total shareholder return achievements under SEC proxy disclosure guidelines, ensuring objective governance alignment.","[{""name"": ""Three-Year Relative TSR Percentile"", ""value"": ""78th"", ""unit"": ""percentile of S&P 500"", ""observed_on"": ""2024-11-01""}]",Finance,reported,"{finance,maintain}",Corporate Governance;Legal,Independent compensation consultants (Frederic W. Cook & Co.) verified TSR performance calculations; Legal prepared required SEC Form 4 filings upon share distribution; The Compensation Committee formally certified maximum performance achievement.
AAPL-2024Q4-0073,Apple Inc.,2024-11-01,quarterly_filings/2024_Q4.pdf,https://www.sec.gov/ix?doc=/Archives/edgar/data/0000320193/000032019324000106/aapl-20240928.htm,Note 6 – Income Taxes,"Disclosure Context (2024_Q4): Trigger: 'Apple FY2024 Form 10-K (filed November 1, 2024) discloses operational, financial, and regulatory context for Finance management decisions'. Management Action: 'Model Corporate Cash Tax Savings from Employee Equity Award Disqualifying Dispositions'. Scope: 'Authorized and documented in Note 6 – Income Taxes'. Rationale: 'Maximizes corporate tax deductions while maintaining strict compliance with post-TCJA executive deduction limitations under Section 162(m).'.",Model Corporate Cash Tax Savings from Employee Equity Award Disqualifying Dispositions,"Model corporate income tax deductions resulting from employee equity award vestings and employee stock purchase plan (ESPP) share dispositions under IRC Section 162, projecting realized tax benefits of over $2.8 billion for fiscal 2024.",Model tax deductions for equity compensation,investigate,Maximizes corporate tax deductions while maintaining strict compliance with post-TCJA executive deduction limitations under Section 162(m).,"[{""name"": ""Full-Year SBC Income Tax Benefit"", ""value"": ""2,842"", ""unit"": ""million USD"", ""observed_on"": ""2024-11-01""}]",Finance,reported,"{finance,investigate}",Legal;Finance,Corporate tax accountants meticulously validated payroll withholding ledgers against SEC Form 4 insider filings; Finance confirmed proper presentation and classification within operating cash flows; Independent outside auditors extensively tested deferred tax deduction models.
AAPL-2024Q4-0074,Apple Inc.,2024-11-01,quarterly_filings/2024_Q4.pdf,https://www.sec.gov/ix?doc=/Archives/edgar/data/0000320193/000032019324000106/aapl-20240928.htm,Item 9A. Controls and Procedures,"Disclosure Context (2024_Q4): Trigger: 'Apple FY2024 Form 10-K (filed November 1, 2024) discloses operational, financial, and regulatory context for Finance management decisions'. Management Action: 'Audit Corporate Governance Compliance on CFO Succession Financial Controls'. Scope: 'Authorized and documented in Item 9A. Controls and Procedures'. Rationale: 'Ensures seamless governance continuity and certifies that financial authorization matrices and disclosure controls remain 100% compliant during execut'.",Audit Corporate Governance Compliance on CFO Succession Financial Controls,"Execute internal financial controls and Sarbanes-Oxley Section 404 readiness audits ahead of the planned CFO succession from Luca Maestri to Kevan Parekh on January 1, 2025, certifying continuous integrity of internal financial reporting controls.",Audit SOX controls for CFO leadership transition,maintain,Ensures seamless governance continuity and certifies that financial authorization matrices and disclosure controls remain 100% compliant during executive leadership handover.,"[{""name"": ""Transition Effective Date"", ""value"": ""2025-01-01"", ""unit"": ""date"", ""observed_on"": ""2024-11-01""}]",Finance,reported,"{finance,maintain}",Corporate Governance;Finance,The Board Audit Committee oversaw the transition protocol; Internal audit teams tested key financial reporting controls across revenue recognition and treasury; Independent auditors affirmed control stability.
AAPL-2024Q4-0075,Apple Inc.,2024-11-01,quarterly_filings/2024_Q4.pdf,https://www.sec.gov/ix?doc=/Archives/edgar/data/0000320193/000032019324000106/aapl-20240928.htm,Part II. Item 9B. Other Information,"Disclosure Context (2024_Q4): Trigger: 'Apple FY2024 Form 10-K (filed November 1, 2024) discloses operational, financial, and regulatory context for Finance management decisions'. Management Action: 'Audit Rule 10b5-1 Executive Trading Plan Compliance for Form 10-K Item 9B'. Scope: 'Authorized and documented in Part II. Item 9B. Other Information'. Rationale: 'Fulfills SEC disclosure mandates governing executive stock dispositions, verifying that zero officers adopted overlapping trading plans or violated co'.",Audit Rule 10b5-1 Executive Trading Plan Compliance for Form 10-K Item 9B,"Conduct an annual compliance audit of all Rule 10b5-1 trading arrangements adopted, modified, or terminated by Section 16 officers and directors during the fourth quarter, preparing mandatory narrative disclosures for Item 9B of Form 10-K.",Audit Item 9B executive trading plan disclosures,maintain,"Fulfills SEC disclosure mandates governing executive stock dispositions, verifying that zero officers adopted overlapping trading plans or violated cooling-off periods.","[{""name"": ""Disclosed Executive Plan Modifications"", ""value"": ""None"", ""unit"": ""disclosures in Q4"", ""observed_on"": ""2024-11-01""}]",Finance,reported,"{finance,maintain}",Legal;Finance,Legal verified that zero Section 16 officers adopted or modified trading arrangements during the fourth quarter; Finance corroborated broker ledgers; Disclosures were verified as 'None' in strict accordance with SEC Item 408 guidelines.
AAPL-2024Q4-0076,Apple Inc.,2024-11-01,quarterly_filings/2024_Q4.pdf,https://www.sec.gov/ix?doc=/Archives/edgar/data/0000320193/000032019324000106/aapl-20240928.htm,Item 7. MD&A - Capital Resources,"Disclosure Context (2024_Q4): Trigger: 'Apple FY2024 Form 10-K (filed November 1, 2024) discloses operational, financial, and regulatory context for Finance management decisions'. Management Action: 'Approve $11.0B Full-Year FY2025 Capital Expenditure Budget'. Scope: 'Authorized and documented in Item 7. MD&A - Capital Resources'. Rationale: 'Funds multi-year technological and operational infrastructure investments necessary to support worldwide Apple Intelligence expansion and custom silic'.",Approve $11.0B Full-Year FY2025 Capital Expenditure Budget,"Authorize an $11.0 billion capital expenditure appropriation for fiscal 2025, directing capital toward expanding Private Cloud Compute data center clusters, advanced semiconductor photolithography tooling at TSMC fabs, and global retail store expansion in India and Southeast Asia.",Authorize FY2025 CapEx budget appropriation,approve,Funds multi-year technological and operational infrastructure investments necessary to support worldwide Apple Intelligence expansion and custom silicon leadership.,"[{""name"": ""FY2025 CapEx Appropriation"", ""value"": ""11.0"", ""unit"": ""billion USD"", ""observed_on"": ""2024-11-01""}, {""name"": ""FY2024 Actual CapEx"", ""value"": ""9.4"", ""unit"": ""billion USD"", ""observed_on"": ""2024-11-01""}]",Finance,reported,"{finance,approve}",Operations;Finance,Operations highlighted growing compute demands for cloud AI inference; Finance verified that capital expenditures remained disciplined at under 3% of projected corporate revenue; Executive management approved the capital roadmap.
AAPL-2024Q4-0077,Apple Inc.,2024-11-01,quarterly_filings/2024_Q4.pdf,https://www.sec.gov/ix?doc=/Archives/edgar/data/0000320193/000032019324000106/aapl-20240928.htm,Item 2. MD&A - Research and Development,"Disclosure Context (2024_Q4): Trigger: 'Apple FY2024 Form 10-K (filed November 1, 2024) discloses operational, financial, and regulatory context for Finance management decisions'. Management Action: 'Audit Asset Retirement and Salvage Accounting on Project Titan Autonomous Vehicle Tooling'. Scope: 'Authorized and documented in Item 2. MD&A - Research and Development'. Rationale: 'Recovers residual capital value through equipment sales to third-party automotive engineering firms and ensures clean balance-sheet derecognition of s'.",Audit Asset Retirement and Salvage Accounting on Project Titan Autonomous Vehicle Tooling,"Perform a final capital asset accounting and salvage recovery audit under ASC 360 on specialized automotive testing rigs, LiDAR sensors, and proving ground fixtures following the formal cancellation of Apple's Project Titan electric autonomous vehicle development project.",Audit Project Titan asset salvage and write-offs,reduce,Recovers residual capital value through equipment sales to third-party automotive engineering firms and ensures clean balance-sheet derecognition of specialized automotive research assets.,"[{""name"": ""Canceled Automotive Project Assets"", ""value"": ""340"", ""unit"": ""million USD carrying value"", ""observed_on"": ""2024-11-01""}]",Finance,reported,"{finance,reduce}",R&D;Finance,R&D repurposed compute servers and sensor testing fixtures into robotics and spatial computing labs; Finance oversaw auctioning specialized vehicular chassis testing rigs; Accounting booked residual impairment write-downs in corporate overhead.
AAPL-2024Q4-0078,Apple Inc.,2024-11-01,quarterly_filings/2024_Q4.pdf,https://www.sec.gov/ix?doc=/Archives/edgar/data/0000320193/000032019324000106/aapl-20240928.htm,Item 1. Business - Environment,"Disclosure Context (2024_Q4): Trigger: 'Apple FY2024 Form 10-K (filed November 1, 2024) discloses operational, financial, and regulatory context for Finance management decisions'. Management Action: 'Budget Multi-Year Renewable Energy Investments for Singapore AI Data Center'. Scope: 'Authorized and documented in Item 1. Business - Environment'. Rationale: 'Ensures regional cloud AI computing expansion adheres strictly to Apple's 2030 corporate carbon neutrality commitment across all international operati'.",Budget Multi-Year Renewable Energy Investments for Singapore AI Data Center,"Approve a $45 million capital allocation to construct rooftop solar micro-grids and battery storage systems across Apple's Ang Mo Kio campus in Singapore, powering expanding regional cloud inference nodes with 100% renewable power.",Approve Singapore AI solar infrastructure CapEx,approve,Ensures regional cloud AI computing expansion adheres strictly to Apple's 2030 corporate carbon neutrality commitment across all international operations.,"[{""name"": ""Solar Capital Investment"", ""value"": ""45"", ""unit"": ""million USD"", ""observed_on"": ""2024-11-01""}]",Finance,reported,"{finance,approve}",Finance;Operations,Operations demonstrated that local renewable energy generation insulated data center operations from volatile Singapore commercial electricity tariffs; Finance approved the capital outlay; Environmental auditors verified carbon accounting metrics.
AAPL-2024Q4-0079,Apple Inc.,2024-11-01,quarterly_filings/2024_Q4.pdf,https://www.sec.gov/ix?doc=/Archives/edgar/data/0000320193/000032019324000106/aapl-20240928.htm,Note 5 – Leases,"Disclosure Context (2024_Q4): Trigger: 'Apple FY2024 Form 10-K (filed November 1, 2024) discloses operational, financial, and regulatory context for Finance management decisions'. Management Action: 'Audit Retail Store Leasehold Impairments Across Low-Traffic Malls'. Scope: 'Authorized and documented in Note 5 – Leases'. Rationale: 'Validates that operating lease right-of-use assets on retail stores reflect realistic long-term cash flow generation, evaluating potential early lease'.",Audit Retail Store Leasehold Impairments Across Low-Traffic Malls,Execute annual store-by-store impairment and leasehold recovery testing under ASC 842 across 35 leased retail store locations in secondary U.S. and European suburban shopping centers with declining consumer foot traffic.,Audit retail store leasehold asset impairments,investigate,"Validates that operating lease right-of-use assets on retail stores reflect realistic long-term cash flow generation, evaluating potential early lease terminations or store relocations.","[{""name"": ""Audited Retail Store Leases"", ""value"": ""35"", ""unit"": ""locations"", ""observed_on"": ""2024-11-01""}]",Finance,reported,"{finance,investigate}",Operations;Finance,Finance noted that post-pandemic foot traffic in secondary malls remained 28% below historical benchmarks; Retail leadership recommended closing 6 underperforming stores upon lease expiration; Accounting evaluated right-of-use asset impairment charges.
AAPL-2024Q4-0080,Apple Inc.,2024-11-01,quarterly_filings/2024_Q4.pdf,https://www.sec.gov/ix?doc=/Archives/edgar/data/0000320193/000032019324000106/aapl-20240928.htm,Item 2. MD&A - Capital Expenditures,"Disclosure Context (2024_Q4): Trigger: 'Apple FY2024 Form 10-K (filed November 1, 2024) discloses operational, financial, and regulatory context for Finance management decisions'. Management Action: 'Evaluate Commercial Feasibility of Third-Party Data Center Colocation Leases'. Scope: 'Authorized and documented in Item 2. MD&A - Capital Expenditures'. Rationale: 'Assesses whether third-party colocation leasing delivers lower net operating costs compared to constructing proprietary data centers across European j'.",Evaluate Commercial Feasibility of Third-Party Data Center Colocation Leases,"Review pricing proposals and multi-year lease commitments for high-density AI data center colocation space with Equinix and Digital Realty in Frankfurt and Dublin, expanding European inference capacity for Apple Intelligence.",Model European AI data center leasing economics,investigate,Assesses whether third-party colocation leasing delivers lower net operating costs compared to constructing proprietary data centers across European jurisdictions.,"[{""name"": ""Target European Colocation Capacity"", ""value"": ""80"", ""unit"": ""megawatts"", ""observed_on"": ""2024-11-01""}]",Finance,reported,"{finance,investigate}",Operations;Finance,Operations emphasized rapid time-to-market; Finance proved that surging European commercial electricity rates and high colocation lease premiums would inflate AI inference operating costs by 35%; Engineering recommended centralizing inference in North America.
AAPL-2024Q4-0081,Apple Inc.,2024-11-01,quarterly_filings/2024_Q4.pdf,https://www.sec.gov/ix?doc=/Archives/edgar/data/0000320193/000032019324000106/aapl-20240928.htm,Note 1 – Summary of Significant Accounting Policies,"Disclosure Context (2024_Q4): Trigger: 'Apple FY2024 Form 10-K (filed November 1, 2024) discloses operational, financial, and regulatory context for Finance management decisions'. Management Action: 'Optimize Supplier Accounts Payable Terms Ahead of Fiscal Year-End'. Scope: 'Authorized and documented in Note 1 – Summary of Significant Accounting Policies'. Rationale: 'Maximizes corporate operating cash flow generation during the highest-outlay manufacturing quarter of the year, funding $25B in quarterly share buybac'.",Optimize Supplier Accounts Payable Terms Ahead of Fiscal Year-End,"Negotiate extended 90-day and 120-day commercial accounts payable payment terms with major semiconductor and component suppliers (TSMC, Samsung, SK Hynix), optimizing working capital cash conversion cycles during the peak holiday inventory build.",Extend supplier accounts payable payment terms,revise,"Maximizes corporate operating cash flow generation during the highest-outlay manufacturing quarter of the year, funding $25B in quarterly share buybacks without drawing down cash reserves.","[{""name"": ""Total Accounts Payable FY2024"", ""value"": ""68,969"", ""unit"": ""million USD"", ""observed_on"": ""2024-11-01""}]",Finance,reported,"{finance,revise}",Operations;Finance,Finance demanded working capital extension to hit operating cash flow targets; Key suppliers agreed in exchange for guaranteed 2025 volume allocations; Procurement controllers verified that payable balances adhered to ASC 210 standards.
AAPL-2024Q4-0082,Apple Inc.,2024-11-01,quarterly_filings/2024_Q4.pdf,https://www.sec.gov/ix?doc=/Archives/edgar/data/0000320193/000032019324000106/aapl-20240928.htm,Note 3 – Commitments and Contingencies,"Disclosure Context (2024_Q4): Trigger: 'Apple FY2024 Form 10-K (filed November 1, 2024) discloses operational, financial, and regulatory context for Finance management decisions'. Management Action: 'Audit Warranty Loss Reserves and Service Contract Accruals Under ASC 460'. Scope: 'Authorized and documented in Note 3 – Commitments and Contingencies'. Rationale: 'Ensures corporate warranty loss accruals accurately reflect real-world repair and replacement experience, preventing unexpected warranty liability def'.",Audit Warranty Loss Reserves and Service Contract Accruals Under ASC 460,"Perform an annual actuarial and financial audit on $3.8 billion in accrued warranty reserves across all hardware product lines under ASC 460, evaluating historical repair claim rates on iPhone 15 titanium enclosures and M3 MacBook logic boards.",Audit warranty loss reserve adequacy,maintain,"Ensures corporate warranty loss accruals accurately reflect real-world repair and replacement experience, preventing unexpected warranty liability deficits.","[{""name"": ""Accrued Warranty Reserve"", ""value"": ""3,820"", ""unit"": ""million USD"", ""observed_on"": ""2024-11-01""}]",Finance,reported,"{finance,maintain}",Operations;Finance,Finance reviewed failure rate data across 200 million active warranty devices; Operations demonstrated that robotic repairs had lowered average unit repair costs by 8%; Independent auditors tested warranty liability models.
AAPL-2024Q4-0083,Apple Inc.,2024-11-01,quarterly_filings/2024_Q4.pdf,https://www.sec.gov/ix?doc=/Archives/edgar/data/0000320193/000032019324000106/aapl-20240928.htm,Item 7. MD&A - Capital Resources,"Disclosure Context (2024_Q4): Trigger: 'Apple FY2024 Form 10-K (filed November 1, 2024) discloses operational, financial, and regulatory context for Finance management decisions'. Management Action: 'Model Working Capital Requirements for India Manufacturing Expansion'. Scope: 'Authorized and documented in Item 7. MD&A - Capital Resources'. Rationale: 'Ensures adequate liquidity buffers to finance extended component inventory transit times and localized customs bond requirements in India without incu'.",Model Working Capital Requirements for India Manufacturing Expansion,Construct multi-year working capital cash flow forecasts allocating $1.8 billion in revolving supplier credit and localized inventory financing to support the scaling of iPhone assembly across Tata Electronics and Foxconn plants in India.,Model Indian supply chain working capital,investigate,Ensures adequate liquidity buffers to finance extended component inventory transit times and localized customs bond requirements in India without incurring high local borrowing costs.,"[{""name"": ""Allocated Working Capital Buffer"", ""value"": ""1.8"", ""unit"": ""billion USD"", ""observed_on"": ""2024-11-01""}]",Finance,reported,"{finance,investigate}",Operations;Finance,"Finance worked with international banking syndicates (Citi, HSBC) to establish local rupee-denominated trade credit facilities; Operations verified component lead times; Treasury monitored currency hedging requirements."
AAPL-2024Q4-0084,Apple Inc.,2024-11-01,quarterly_filings/2024_Q4.pdf,https://www.sec.gov/ix?doc=/Archives/edgar/data/0000320193/000032019324000106/aapl-20240928.htm,Item 2. MD&A - Products and Services,"Disclosure Context (2024_Q4): Trigger: 'Apple FY2024 Form 10-K (filed November 1, 2024) discloses operational, financial, and regulatory context for Finance management decisions'. Management Action: 'Audit Secondary Electronics Trade-In Scrap Recovery Values with Brightstar'. Scope: 'Authorized and documented in Item 2. MD&A - Products and Services'. Rationale: 'Protects corporate gross margins by ensuring Apple receives fair market value on millions of recycled customer trade-in devices liquidated through thi'.",Audit Secondary Electronics Trade-In Scrap Recovery Values with Brightstar,"Execute a forensic audit on secondary electronics liquidation contracts with trade-in logistics partners (Brightstar, Aihuishou), evaluating whether recovered scrap and precious metal recycling credits accurately offset retail trade-in voucher liabilities.",Audit trade-in hardware scrap recovery credits,maintain,Protects corporate gross margins by ensuring Apple receives fair market value on millions of recycled customer trade-in devices liquidated through third-party secondary electronics brokers.,"[{""name"": ""Annual Liquidated Trade-In Units"", ""value"": ""12,000,000"", ""unit"": ""devices"", ""observed_on"": ""2024-11-01""}]",Finance,reported,"{finance,maintain}",Finance;Operations,Finance noticed a 6% discrepancy in scrap gold and cobalt recovery payments from recycling vendors; Operations conducted unannounced physical audits at processing facilities; Legal amended partner contracts to mandate third-party assay verification.
AAPL-2024Q4-0085,Apple Inc.,2024-11-01,quarterly_filings/2024_Q4.pdf,https://www.sec.gov/ix?doc=/Archives/edgar/data/0000320193/000032019324000106/aapl-20240928.htm,Item 1. Business - Properties,"Disclosure Context (2024_Q4): Trigger: 'Apple FY2024 Form 10-K (filed November 1, 2024) discloses operational, financial, and regulatory context for Finance management decisions'. Management Action: 'Evaluate Commercial Property Insurance Renewal Terms Post-Hurricane Helene'. Scope: 'Authorized and documented in Item 1. Business - Properties'. Rationale: 'Assesses balance-sheet property damage claims and evaluates insurance market rate increases exceeding 25% for coastal and riverine southeastern facili'.",Evaluate Commercial Property Insurance Renewal Terms Post-Hurricane Helene,Conduct an emergency financial review of commercial property and business interruption insurance policy renewals covering distribution facilities and corporate offices in North Carolina and Florida following widespread devastation caused by Hurricane Helene in late September 2024.,Audit commercial property insurance post-Helene,investigate,Assesses balance-sheet property damage claims and evaluates insurance market rate increases exceeding 25% for coastal and riverine southeastern facilities.,"[{""name"": ""Insured Property Footprint"", ""value"": ""1.8"", ""unit"": ""billion USD insured value"", ""observed_on"": ""2024-11-01""}]",Finance,reported,"{finance,investigate}",Operations;Finance,Operations verified that Apple's Maiden data center suffered zero structural damage; Insurance brokers reported that catastrophic regional flooding across western North Carolina triggered massive reinsurance losses; Underwriters demanded an unbudgeted $32M property insurance premium hike.
AAPL-2024Q4-0086,Apple Inc.,2024-11-01,quarterly_filings/2024_Q4.pdf,https://www.sec.gov/ix?doc=/Archives/edgar/data/0000320193/000032019324000106/aapl-20240928.htm,Item 10. Directors and Corporate Governance,"Disclosure Context (2024_Q4): Trigger: 'Apple FY2024 Form 10-K (filed November 1, 2024) discloses operational, financial, and regulatory context for Finance management decisions'. Management Action: 'Prepare Board Nominating Charter Updates on Artificial Intelligence Oversight'. Scope: 'Authorized and documented in Item 10. Directors and Corporate Governance'. Rationale: 'Responds directly to institutional shareholder feedback from the 2024 proxy voting season, embedding formal fiduciary oversight of Apple Intelligence '.",Prepare Board Nominating Charter Updates on Artificial Intelligence Oversight,"Draft comprehensive corporate governance amendments to the charter of the Nominating and Corporate Governance Committee of the Board of Directors, formally establishing board-level oversight responsibilities for artificial intelligence ethics, cybersecurity, and human rights.",Amend Board charter for AI governance oversight,maintain,"Responds directly to institutional shareholder feedback from the 2024 proxy voting season, embedding formal fiduciary oversight of Apple Intelligence foundation model safety at the highest corporate level.","[{""name"": ""Board Committee"", ""value"": ""Nominating and Corporate Governance"", ""unit"": ""committee"", ""observed_on"": ""2024-11-01""}]",Finance,reported,"{finance,maintain}",Legal;Corporate Governance,"Legal drafted charter language defining quarterly AI risk review cadences; Institutional shareholder advisory firms (ISS, Glass Lewis) commended the proactive governance enhancement; The Board of Directors unanimously ratified the charter updates."
AAPL-2024Q4-0087,Apple Inc.,2024-11-01,quarterly_filings/2024_Q4.pdf,https://www.sec.gov/ix?doc=/Archives/edgar/data/0000320193/000032019324000106/aapl-20240928.htm,Note 6 – Income Taxes,"Disclosure Context (2024_Q4): Trigger: 'Apple FY2024 Form 10-K (filed November 1, 2024) discloses operational, financial, and regulatory context for Finance management decisions'. Management Action: 'Audit Global Corporate Minimum Tax Compliance Under OECD Pillar Two'. Scope: 'Authorized and documented in Note 6 – Income Taxes'. Rationale: 'Ensures total corporate adherence to international tax reform frameworks, calculating localized qualified domestic minimum top-up taxes (QDMTT) to eli'.",Audit Global Corporate Minimum Tax Compliance Under OECD Pillar Two,"Execute a cross-jurisdictional tax compliance audit across 45 operating subsidiaries in Europe and Asia, establishing standardized global minimum tax accounting systems to comply with the 15% minimum corporate tax under OECD Pillar Two effective in fiscal 2024 and 2025.",Audit OECD Pillar Two global minimum tax systems,maintain,"Ensures total corporate adherence to international tax reform frameworks, calculating localized qualified domestic minimum top-up taxes (QDMTT) to eliminate corporate tax penalty exposure.","[{""name"": ""OECD Pillar Two Jurisdictions"", ""value"": ""45"", ""unit"": ""operating countries"", ""observed_on"": ""2024-11-01""}, {""name"": ""Statutory Minimum Tax Rate"", ""value"": ""15"", ""unit"": ""percent"", ""observed_on"": ""2024-11-01""}]",Finance,reported,"{finance,maintain}",Finance;Legal,Tax accountants deployed specialized Pillar Two reporting software across global finance ledgers; Legal verified compliance with national statutory enactments; Finance estimated top-up tax liabilities at less than $180M annually.
AAPL-2024Q4-0088,Apple Inc.,2024-11-01,quarterly_filings/2024_Q4.pdf,https://www.sec.gov/ix?doc=/Archives/edgar/data/0000320193/000032019324000106/aapl-20240928.htm,Item 7. MD&A - Capital Resources,"Disclosure Context (2024_Q4): Trigger: 'Apple FY2024 Form 10-K (filed November 1, 2024) discloses operational, financial, and regulatory context for Finance management decisions'. Management Action: 'Model Financial Feasibility of Dedicated Corporate Captive Reinsurance Unit'. Scope: 'Authorized and documented in Item 7. MD&A - Capital Resources'. Rationale: 'Explores internal risk financing mechanisms to reduce annual commercial insurance premium spending while capturing underwriting investment returns on '.",Model Financial Feasibility of Dedicated Corporate Captive Reinsurance Unit,"Evaluate the economic and legal feasibility of forming a wholly-owned corporate captive reinsurance subsidiary in Vermont to reinsure high-deductible property and cyber risk policies, mitigating surging commercial commercial insurance premiums.",Model captive reinsurance subsidiary formation,investigate,Explores internal risk financing mechanisms to reduce annual commercial insurance premium spending while capturing underwriting investment returns on captive reserves.,"[{""name"": ""Annual Commercial Insurance Outlay"", ""value"": ""115"", ""unit"": ""million USD"", ""observed_on"": ""2024-11-01""}]",Finance,reported,"{finance,investigate}",Finance;Legal,Treasury proved that a captive insurer could save $24M annually in broker overhead; Legal reviewed state captive insurance regulatory capitalization rules; Risk management committees approved drafting articles of incorporation.
AAPL-2024Q4-0089,Apple Inc.,2024-11-01,quarterly_filings/2024_Q4.pdf,https://www.sec.gov/ix?doc=/Archives/edgar/data/0000320193/000032019324000106/aapl-20240928.htm,Item 11. Executive Compensation,"Disclosure Context (2024_Q4): Trigger: 'Apple FY2024 Form 10-K (filed November 1, 2024) discloses operational, financial, and regulatory context for Finance management decisions'. Management Action: 'Audit Corporate Aircraft Operating Expense Reporting Under SEC Perquisites Rules'. Scope: 'Authorized and documented in Item 11. Executive Compensation'. Rationale: 'Ensures transparent, fully compliant disclosure of executive compensation perquisites in strict accordance with SEC rules, maintaining high corporate '.",Audit Corporate Aircraft Operating Expense Reporting Under SEC Perquisites Rules,"Conduct an annual legal and financial audit on corporate aircraft usage and personal security expenditures provided to CEO Tim Cook under SEC Item 402 perquisites disclosure guidelines, preparing required tabular disclosures for the annual proxy statement.",Audit executive aircraft and security perquisites,maintain,"Ensures transparent, fully compliant disclosure of executive compensation perquisites in strict accordance with SEC rules, maintaining high corporate governance standing.","[{""name"": ""Audited Security and Flight Expenses"", ""value"": ""2.4"", ""unit"": ""million USD"", ""observed_on"": ""2024-11-01""}]",Finance,reported,"{finance,maintain}",Legal;Corporate Governance,Legal verified flight log categorizations between business travel and personal security requirements mandated by the Board; Finance calculated incremental direct variable flight costs; Independent auditors tested expense ledgers.
AAPL-2024Q4-0090,Apple Inc.,2024-11-01,quarterly_filings/2024_Q4.pdf,https://www.sec.gov/ix?doc=/Archives/edgar/data/0000320193/000032019324000106/aapl-20240928.htm,Item 7. MD&A - Research and Development,"Disclosure Context (2024_Q4): Trigger: 'Apple FY2024 Form 10-K (filed November 1, 2024) discloses operational, financial, and regulatory context for Finance management decisions'. Management Action: 'Assess Impact of Discontinued In-House Micro-LED Display Project on FY2024 R&D Ratios'. Scope: 'Authorized and documented in Item 7. MD&A - Research and Development'. Rationale: 'Ensures clean financial closeout of canceled display engineering programs, verifying that all specialized engineering assets and severance allocations'.",Assess Impact of Discontinued In-House Micro-LED Display Project on FY2024 R&D Ratios,"Conduct a final financial accounting review on research and development expenses incurred for Apple's canceled proprietary micro-LED smartwatch display project (Project T159), analyzing the project's contribution to full-year R&D expenditures of $31.37 billion.",Audit Project T159 micro-LED R&D closeout costs,reduce,"Ensures clean financial closeout of canceled display engineering programs, verifying that all specialized engineering assets and severance allocations were fully accounted for in fiscal 2024 results.","[{""name"": ""Full-Year R&D Expense"", ""value"": ""31,370"", ""unit"": ""million USD"", ""observed_on"": ""2024-11-01""}, {""name"": ""R&D Expense Ratio"", ""value"": ""8.0"", ""unit"": ""percent of total net sales"", ""observed_on"": ""2024-11-01""}]",Finance,reported,"{finance,reduce}",R&D;Finance,"Finance confirmed that R&D spending expanded 5% year-over-year to $31.4B, driven by AI and silicon investments even after absorbing micro-LED closeout costs; R&D redeployed 450 optical engineers into Vision Pro and silicon divisions; Accounting completed program derecognition."
AAPL-2024Q4-0091,Apple Inc.,2024-11-01,quarterly_filings/2024_Q4.pdf,https://www.sec.gov/ix?doc=/Archives/edgar/data/0000320193/000032019324000106/aapl-20240928.htm,Item 2. MD&A - Research and Development,"Disclosure Context (2024_Q4): Trigger: 'Apple FY2024 Form 10-K (filed November 1, 2024) discloses operational, financial, and regulatory context for R&D management decisions'. Management Action: 'Deploy Apple Intelligence Writing Tools Across iOS 18.1 and macOS Sequoia'. Scope: 'Authorized and documented in Item 2. MD&A - Research and Development'. Rationale: 'Delivers the foundational generative AI capability of Apple Intelligence to millions of A17 Pro, A18, and M-series Mac users, establishing a seamless '.",Deploy Apple Intelligence Writing Tools Across iOS 18.1 and macOS Sequoia,"Ship system-wide Apple Intelligence Writing Tools (Proofread, Rewrite, and Summarize) in the public release of iOS 18.1 and macOS Sequoia 15.1, executing real-time on-device language model transformations across native text fields and third-party apps via the AppKit and UIKit text input system.",Deploy system-wide Writing Tools,expand,"Delivers the foundational generative AI capability of Apple Intelligence to millions of A17 Pro, A18, and M-series Mac users, establishing a seamless baseline for everyday consumer and enterprise productivity.","[{""name"": ""Supported Silicon Architecture"", ""value"": ""A17 Pro, A18, M-Series"", ""unit"": ""SoC families"", ""observed_on"": ""2024-11-01""}, {""name"": ""Release Date"", ""value"": ""2024-10-28"", ""unit"": ""date"", ""observed_on"": ""2024-11-01""}]",R&D,reported,"{rd,expand}",Operations;Finance,R&D fine-tuned prompt injection safeguards to prevent jailbreaks; Operations verified seamless OTA delta update distribution across 150 million eligible devices; Marketing showcased professional tone rewrites in flagship retail stores.
AAPL-2024Q4-0092,Apple Inc.,2024-11-01,quarterly_filings/2024_Q4.pdf,https://www.sec.gov/ix?doc=/Archives/edgar/data/0000320193/000032019324000106/aapl-20240928.htm,Item 2. MD&A - Research and Development,"Disclosure Context (2024_Q4): Trigger: 'Apple FY2024 Form 10-K (filed November 1, 2024) discloses operational, financial, and regulatory context for R&D management decisions'. Management Action: 'Calibrate Notification Summarization Neural Model to Reduce Hallucinations'. Scope: 'Authorized and documented in Item 2. MD&A - Research and Development'. Rationale: 'Reduces semantic truncation and inaccurate tone flattening on urgent lock-screen notifications, preserving critical factual nuances in personal and em'.",Calibrate Notification Summarization Neural Model to Reduce Hallucinations,"Deploy updated neural language model attention weights for Apple Intelligence Notification Summaries in iOS 18.1, addressing machine learning semantic extraction errors that generated humorous, misleading, or distressing summaries of multi-message group chat threads.",Calibrate notification summary attention weights,revise,"Reduces semantic truncation and inaccurate tone flattening on urgent lock-screen notifications, preserving critical factual nuances in personal and emergency messaging.","[{""name"": ""Summary Compression Ratio"", ""value"": ""75"", ""unit"": ""percent word reduction"", ""observed_on"": ""2024-11-01""}]",R&D,reported,"{rd,revise}",Marketing;Operations,Software engineers recognized that compact 3B models struggled with nuanced human sarcasm and frantic group texts; Marketing pushed back against viral social media posts ridiculing inaccurate notification summaries; Product teams added an instant per-app toggle to disable summaries.
AAPL-2024Q4-0093,Apple Inc.,2024-11-01,quarterly_filings/2024_Q4.pdf,https://www.sec.gov/ix?doc=/Archives/edgar/data/0000320193/000032019324000106/aapl-20240928.htm,Item 2. MD&A - Research and Development,"Disclosure Context (2024_Q4): Trigger: 'Apple FY2024 Form 10-K (filed November 1, 2024) discloses operational, financial, and regulatory context for R&D management decisions'. Management Action: 'Integrate OpenAI ChatGPT API Extension in iOS 18.2 Developer Beta'. Scope: 'Authorized and documented in Item 2. MD&A - Research and Development'. Rationale: 'Allows Apple users to seamlessly access world-class world knowledge and multi-modal document reasoning without creating an account or exposing persona'.",Integrate OpenAI ChatGPT API Extension in iOS 18.2 Developer Beta,"Integrate the OpenAI ChatGPT (GPT-4o) external extension point into Siri and system-wide Writing Tools within the iOS 18.2 and macOS Sequoia 15.2 developer beta, incorporating explicit privacy confirmation sheets, IP address obfuscation, and zero data retention guarantees.",Integrate ChatGPT extension in iOS 18.2,expand,Allows Apple users to seamlessly access world-class world knowledge and multi-modal document reasoning without creating an account or exposing personal credentials to third-party AI providers.,"[{""name"": ""Partner Foundation Model"", ""value"": ""GPT-4o"", ""unit"": ""model"", ""observed_on"": ""2024-11-01""}]",R&D,reported,"{rd,expand}",Legal;Marketing,Legal negotiated binding data processing covenants with OpenAI stipulating zero prompt logging; Marketing celebrated the integration as proof of Apple's partner-friendly AI architecture; Security teams verified that Siri prompts required explicit two-tap user authorization.
AAPL-2024Q4-0094,Apple Inc.,2024-11-01,quarterly_filings/2024_Q4.pdf,https://www.sec.gov/ix?doc=/Archives/edgar/data/0000320193/000032019324000106/aapl-20240928.htm,Item 2. MD&A - Products and Services,"Disclosure Context (2024_Q4): Trigger: 'Apple FY2024 Form 10-K (filed November 1, 2024) discloses operational, financial, and regulatory context for R&D management decisions'. Management Action: 'Deploy Image Playground and Genmoji Diffusion Engine in iOS 18.2 Beta'. Scope: 'Authorized and documented in Item 2. MD&A - Products and Services'. Rationale: 'Brings playful, creative generative AI capabilities directly into native messaging workflows, differentiating Apple from cloud-dependent image generat'.",Deploy Image Playground and Genmoji Diffusion Engine in iOS 18.2 Beta,"Ship the first public beta of Image Playground, Genmoji, and Image Wand in iOS 18.2, utilizing an on-device 1.2-billion-parameter text-to-image diffusion model executing entirely on the Apple Neural Engine to generate stylized avatars and cartoon graphics within Messages and Notes.",Deploy on-device image generation engine,expand,"Brings playful, creative generative AI capabilities directly into native messaging workflows, differentiating Apple from cloud-dependent image generation platforms through local execution and privacy.","[{""name"": ""Image Generation Time"", ""value"": ""5"", ""unit"": ""seconds on A18 Pro"", ""observed_on"": ""2024-11-01""}]",R&D,reported,"{rd,expand}",Marketing;Legal,Legal insisted on cartoon and illustrative style constraints to avoid deepfake photorealism liabilities; Marketing managed consumer waitlist rollouts to meter server-side asset downloads; R&D tuned thermal memory footprint to prevent background app termination.
AAPL-2024Q4-0095,Apple Inc.,2024-11-01,quarterly_filings/2024_Q4.pdf,https://www.sec.gov/ix?doc=/Archives/edgar/data/0000320193/000032019324000106/aapl-20240928.htm,Item 2. MD&A - Research and Development,"Disclosure Context (2024_Q4): Trigger: 'Apple FY2024 Form 10-K (filed November 1, 2024) discloses operational, financial, and regulatory context for R&D management decisions'. Management Action: 'Accelerate Siri On-Screen Awareness and Semantic Indexing for iOS 18.4'. Scope: 'Authorized and documented in Item 2. MD&A - Research and Development'. Rationale: 'Aims to compress engineering timelines for the true next-generation Siri overhaul, mitigating competitive market share loss to Google Gemini and OpenA'.",Accelerate Siri On-Screen Awareness and Semantic Indexing for iOS 18.4,"Authorize an emergency engineering sprint across Apple's AI and machine learning organizations, allocating 250 additional software engineers to accelerate the development of Siri's on-screen content awareness, personal context semantic indexing, and cross-app action execution scheduled for spring 2025.",Accelerate Siri personal context engineering,expand,"Aims to compress engineering timelines for the true next-generation Siri overhaul, mitigating competitive market share loss to Google Gemini and OpenAI Advanced Voice Mode.","[{""name"": ""Reallocated AI Engineers"", ""value"": ""250"", ""unit"": ""software engineers"", ""observed_on"": ""2024-11-01""}, {""name"": ""Target Release Window"", ""value"": ""Spring 2025 (iOS 18.4)"", ""unit"": ""release"", ""observed_on"": ""2024-11-01""}]",R&D,reported,"{rd,expand}",Finance;Operations,Engineering leadership warned that multi-intent execution across thousands of third-party apps required comprehensive semantic testing; Finance approved an emergency $45M software engineering contracting budget; Product managers struggled to resolve cross-app security sandboxing.
AAPL-2024Q4-0096,Apple Inc.,2024-11-01,quarterly_filings/2024_Q4.pdf,https://www.sec.gov/ix?doc=/Archives/edgar/data/0000320193/000032019324000106/aapl-20240928.htm,Item 2. MD&A - Research and Development,"Disclosure Context (2024_Q4): Trigger: 'Apple FY2024 Form 10-K (filed November 1, 2024) discloses operational, financial, and regulatory context for R&D management decisions'. Management Action: 'Commercialize M4 Pro and M4 Max Silicon on TSMC Second-Generation 3nm Process'. Scope: 'Authorized and documented in Item 2. MD&A - Research and Development'. Rationale: 'Establishes undisputed performance-per-watt workstation leadership over competitive Intel Core Ultra (Lunar Lake) and AMD Ryzen AI processors, solidif'.",Commercialize M4 Pro and M4 Max Silicon on TSMC Second-Generation 3nm Process,"Commercialize the M4 Pro and M4 Max system-on-chip architectures in the flagship 14-inch and 16-inch MacBook Pro, featuring up to 16 CPU cores, 40 GPU cores, a 16-core Neural Engine, and memory bandwidth scaling up to 546 GB/s on TSMC's enhanced N3E node.",Commercialize M4 Pro and M4 Max silicon,expand,"Establishes undisputed performance-per-watt workstation leadership over competitive Intel Core Ultra (Lunar Lake) and AMD Ryzen AI processors, solidifying the Mac as the premier platform for local AI model training and 8K video production.","[{""name"": ""Max GPU Cores"", ""value"": ""40"", ""unit"": ""cores"", ""observed_on"": ""2024-11-01""}, {""name"": ""Max Memory Bandwidth"", ""value"": ""546"", ""unit"": ""GB/s"", ""observed_on"": ""2024-11-01""}]",R&D,reported,"{rd,expand}",Operations;Finance,Silicon micro-architects engineered custom on-die interconnect fabrics to scale memory bandwidth; Operations collaborated with TSMC to manage advanced packaging yields on massive silicon dies; Finance verified that pro laptop bill-of-materials preserved 42%+ gross margins.
AAPL-2024Q4-0097,Apple Inc.,2024-11-01,quarterly_filings/2024_Q4.pdf,https://www.sec.gov/ix?doc=/Archives/edgar/data/0000320193/000032019324000106/aapl-20240928.htm,Item 2. MD&A - Products Performance,"Disclosure Context (2024_Q4): Trigger: 'Apple FY2024 Form 10-K (filed November 1, 2024) discloses operational, financial, and regulatory context for R&D management decisions'. Management Action: 'Integrate Dual-Blower Centrifugal Cooling System in 5x5-Inch Mac mini'. Scope: 'Authorized and documented in Item 2. MD&A - Products Performance'. Rationale: 'Enables desktop workstation performance in an ultra-miniaturized 5x5-inch form factor that occupies less than half the volume of its predecessor, esta'.",Integrate Dual-Blower Centrifugal Cooling System in 5x5-Inch Mac mini,"Complete thermal fluid dynamics engineering for the ultra-compact M4 and M4 Pro Mac mini unibody chassis, integrating a bottom-intake dual-blower centrifugal fan and custom fin-stack copper heat pipe that exhausts heat through the base ring while sustaining 65W thermal dissipation.",Deploy compact Mac mini thermal cooling system,expand,"Enables desktop workstation performance in an ultra-miniaturized 5x5-inch form factor that occupies less than half the volume of its predecessor, establishing an industry benchmark for compact desktop engineering.","[{""name"": ""Chassis Dimensions"", ""value"": ""5.0 x 5.0"", ""unit"": ""inches"", ""observed_on"": ""2024-11-01""}, {""name"": ""Sustained Thermal Budget"", ""value"": ""65"", ""unit"": ""watts"", ""observed_on"": ""2024-11-01""}]",R&D,reported,"{rd,expand}",Operations;Finance,"Thermal engineers conducted acoustic noise testing, confirming near-silent operation (< 18 dBA) under everyday office productivity; Operations qualified robotic assembly fixtures in Chengdu; Finance noted positive shipping freight cost savings from compact packaging."
AAPL-2024Q4-0098,Apple Inc.,2024-11-01,quarterly_filings/2024_Q4.pdf,https://www.sec.gov/ix?doc=/Archives/edgar/data/0000320193/000032019324000106/aapl-20240928.htm,Item 2. MD&A - Products Performance,"Disclosure Context (2024_Q4): Trigger: 'Apple FY2024 Form 10-K (filed November 1, 2024) discloses operational, financial, and regulatory context for R&D management decisions'. Management Action: 'Develop Hardware Thunderbolt 5 Controller with 120Gbps Bandwidth Boost'. Scope: 'Authorized and documented in Item 2. MD&A - Products Performance'. Rationale: 'Triples external data transfer speeds compared to Thunderbolt 4, establishing Mac workstations as the most expandable modular I/O computing platform f'.",Develop Hardware Thunderbolt 5 Controller with 120Gbps Bandwidth Boost,"Deploy Apple's custom-designed Thunderbolt 5 controller silicon within M4 Pro and M4 Max Mac mini and MacBook Pro models, delivering bi-directional data throughput up to 80 Gbps and asymmetric Bandwidth Boost up to 120 Gbps for high-resolution multi-monitor and PCIe storage arrays.",Deploy Thunderbolt 5 controller silicon,expand,"Triples external data transfer speeds compared to Thunderbolt 4, establishing Mac workstations as the most expandable modular I/O computing platform for professional cinema production and scientific data visualization.","[{""name"": ""Peak Bandwidth Boost"", ""value"": ""120"", ""unit"": ""Gbps"", ""observed_on"": ""2024-11-01""}]",R&D,reported,"{rd,expand}",Operations;R&D,Hardware engineers verified signal eye-diagram integrity across high-speed USB-C physical layer transceivers; Operations partnered with Intel and peripheral vendors to certify interoperability; Pro video creators lauded direct connection to triple 6K displays.
AAPL-2024Q4-0099,Apple Inc.,2024-11-01,quarterly_filings/2024_Q4.pdf,https://www.sec.gov/ix?doc=/Archives/edgar/data/0000320193/000032019324000106/aapl-20240928.htm,Item 2. MD&A - Products Performance,"Disclosure Context (2024_Q4): Trigger: 'Apple FY2024 Form 10-K (filed November 1, 2024) discloses operational, financial, and regulatory context for R&D management decisions'. Management Action: 'Engineer Nano-Texture Matte Display Glass for Pro Mac Laptop Lineup'. Scope: 'Authorized and documented in Item 2. MD&A - Products Performance'. Rationale: 'Delivers an anti-glare display surface specifically tailored for digital artists, outdoor cinematographers, and pro developers working in challenging '.",Engineer Nano-Texture Matte Display Glass for Pro Mac Laptop Lineup,"Complete optical and mechanical integration of custom etched nano-texture glass as a configure-to-order display option on the 14-inch and 16-inch MacBook Pro, scattering ambient specular reflections while preserving sharp contrast and 1,000-nit sustained XDR brightness.",Deploy nano-texture display on MacBook Pro,expand,"Delivers an anti-glare display surface specifically tailored for digital artists, outdoor cinematographers, and pro developers working in challenging high-glare ambient lighting conditions.","[{""name"": ""Sustained Full-Screen XDR Brightness"", ""value"": ""1,000"", ""unit"": ""nits"", ""observed_on"": ""2024-11-01""}]",R&D,reported,"{rd,expand}",Finance;Operations,Operations managed low chemical etching fabrication yields at Lens Technology; Finance established a $150 CTO price premium; Pro creative reviewers praised the elimination of mirror-like glare without degrading text sharpness.
AAPL-2024Q4-0100,Apple Inc.,2024-11-01,quarterly_filings/2024_Q4.pdf,https://www.sec.gov/ix?doc=/Archives/edgar/data/0000320193/000032019324000106/aapl-20240928.htm,Item 2. MD&A - Products and Services,"Disclosure Context (2024_Q4): Trigger: 'Apple FY2024 Form 10-K (filed November 1, 2024) discloses operational, financial, and regulatory context for R&D management decisions'. Management Action: 'Standardize 16GB Baseline Memory Across All Existing M2 and M3 Mac Models'. Scope: 'Authorized and documented in Item 2. MD&A - Products and Services'. Rationale: 'Permanently eliminates the 8GB baseline memory constraint across Apple's entire active Mac product portfolio, future-proofing consumer laptops for mul'.",Standardize 16GB Baseline Memory Across All Existing M2 and M3 Mac Models,"Authorize firmware and system architecture updates standardizing 16GB of unified memory as the baseline specification across all continuing M2 and M3 MacBook Air models without increasing retail starting prices ($999 and $1,099).",Standardize 16GB baseline on legacy MacBook Air,revise,"Permanently eliminates the 8GB baseline memory constraint across Apple's entire active Mac product portfolio, future-proofing consumer laptops for multi-tasking and local Apple Intelligence inference.","[{""name"": ""Standardized Base RAM"", ""value"": ""16"", ""unit"": ""GB"", ""observed_on"": ""2024-11-01""}, {""name"": ""MacBook Air Starting Price"", ""value"": ""999"", ""unit"": ""USD"", ""observed_on"": ""2024-11-01""}]",R&D,reported,"{rd,revise}",Finance;Marketing,Finance opposed giving away $200 memory upgrades for free; Marketing argued that retaining 8GB on any Mac undermined the credibility of Apple Intelligence; Executive leadership mandated universal 16GB standardization.
AAPL-2024Q4-0101,Apple Inc.,2024-11-01,quarterly_filings/2024_Q4.pdf,https://www.sec.gov/ix?doc=/Archives/edgar/data/0000320193/000032019324000106/aapl-20240928.htm,Item 2. MD&A - Products Performance,"Disclosure Context (2024_Q4): Trigger: 'Apple FY2024 Form 10-K (filed November 1, 2024) discloses operational, financial, and regulatory context for R&D management decisions'. Management Action: 'Deploy Wide and Ultra-Wide Curved Mac Virtual Display in visionOS 2.2'. Scope: 'Authorized and documented in Item 2. MD&A - Products Performance'. Rationale: 'Delivers the most compelling productivity feature on Apple Vision Pro, transforming the spatial headset into an indispensable dual-monitor portable wo'.",Deploy Wide and Ultra-Wide Curved Mac Virtual Display in visionOS 2.2,"Release visionOS 2.2 beta with Wide and Ultra-Wide panoramic Mac Virtual Display modes, utilizing advanced foveated video streaming over Wi-Fi 6 to project an ultra-sharp, curved virtual workspace equivalent to two 4K physical monitors side-by-side with integrated spatial audio.",Deploy Ultra-Wide Mac Virtual Display,expand,"Delivers the most compelling productivity feature on Apple Vision Pro, transforming the spatial headset into an indispensable dual-monitor portable workstation for software developers and video editors.","[{""name"": ""Equivalent Display Real Estate"", ""value"": ""Dual 4K Curved"", ""unit"": ""virtual monitors"", ""observed_on"": ""2024-11-01""}]",R&D,reported,"{rd,expand}",Operations;Marketing,Software engineers optimized dynamic foveation on the R1 chip to keep display latency below 15ms; Marketing promoted the feature to enterprise pro Mac buyers; Tech reviewers hailed it as the definitive killer app for Vision Pro.
AAPL-2024Q4-0102,Apple Inc.,2024-11-01,quarterly_filings/2024_Q4.pdf,https://www.sec.gov/ix?doc=/Archives/edgar/data/0000320193/000032019324000106/aapl-20240928.htm,Item 2. MD&A - Research and Development,"Disclosure Context (2024_Q4): Trigger: 'Apple FY2024 Form 10-K (filed November 1, 2024) discloses operational, financial, and regulatory context for R&D management decisions'. Management Action: 'Formulate Optical Architecture for Second-Generation Budget Spatial Headset'. Scope: 'Authorized and documented in Item 2. MD&A - Research and Development'. Rationale: 'Explores hardware cost-reduction pathways to democratize spatial computing, addressing the primary consumer adoption barrier of the original Vision Pr'.",Formulate Optical Architecture for Second-Generation Budget Spatial Headset,"Formulate core display and optical specifications for a future lower-cost consumer spatial computing headset (Project N109), evaluating lower-resolution OLED-on-silicon displays and tethering compute to an iPhone or Mac to cut retail price from $3,499 toward $1,500.",Evaluate budget spatial headset optical design,investigate,"Explores hardware cost-reduction pathways to democratize spatial computing, addressing the primary consumer adoption barrier of the original Vision Pro.","[{""name"": ""Target Consumer Retail ASP"", ""value"": ""1,500"", ""unit"": ""USD target"", ""observed_on"": ""2024-11-01""}]",R&D,reported,"{rd,investigate}",Finance;R&D,"Finance demanded aggressive BOM reductions to achieve 40% hardware margins at a $1,500 price point; R&D objected that removing the EyeSight external display and using lower-density panels would compromise the premium spatial experience; Management directed continued prototype development."
AAPL-2024Q4-0103,Apple Inc.,2024-11-01,quarterly_filings/2024_Q4.pdf,https://www.sec.gov/ix?doc=/Archives/edgar/data/0000320193/000032019324000106/aapl-20240928.htm,Item 2. MD&A - Products and Services,"Disclosure Context (2024_Q4): Trigger: 'Apple FY2024 Form 10-K (filed November 1, 2024) discloses operational, financial, and regulatory context for R&D management decisions'. Management Action: 'Optimize Spatial Persona Multi-Party Eye Contact Alignment in visionOS 2.1'. Scope: 'Authorized and documented in Item 2. MD&A - Products and Services'. Rationale: 'Mitigates uncanny valley visual drift where participants appear to be looking away during shared 3D collaborative app sessions, making virtual meeting'.",Optimize Spatial Persona Multi-Party Eye Contact Alignment in visionOS 2.1,"Deploy updated neural gaze tracking and facial landmark triangulation models in visionOS 2.1, improving mutual eye contact perception and head orientation rendering during multi-user Spatial Persona FaceTime calls.",Refine Spatial Persona mutual eye contact algorithms,revise,"Mitigates uncanny valley visual drift where participants appear to be looking away during shared 3D collaborative app sessions, making virtual meetings feel natural and persuasive.","[{""name"": ""Tracking Accuracy Improvement"", ""value"": ""25"", ""unit"": ""percent gaze accuracy"", ""observed_on"": ""2024-11-01""}]",R&D,reported,"{rd,revise}",R&D;Operations,R&D computer vision scientists trained gaze networks across diverse optical facial fits; Operations integrated telemetry into beta builds; Users reported noticeable improvements in natural eye contact during one-on-one calls.
AAPL-2024Q4-0104,Apple Inc.,2024-11-01,quarterly_filings/2024_Q4.pdf,https://www.sec.gov/ix?doc=/Archives/edgar/data/0000320193/000032019324000106/aapl-20240928.htm,Item 2. MD&A - Research and Development,"Disclosure Context (2024_Q4): Trigger: 'Apple FY2024 Form 10-K (filed November 1, 2024) discloses operational, financial, and regulatory context for R&D management decisions'. Management Action: 'Investigate Spatial Audio Room Calibration Latency in visionOS Video Passthrough'. Scope: 'Authorized and documented in Item 2. MD&A - Research and Development'. Rationale: 'Ensures immersive environmental audio processing does not steal critical memory bandwidth from 90fps camera passthrough rendering.'.",Investigate Spatial Audio Room Calibration Latency in visionOS Video Passthrough,"Conduct an acoustic propagation and DSP latency audit on real-time spatial audio rendering during 4K video passthrough on Apple Vision Pro, testing whether ambient room reverb simulation introduces micro-stutters during intensive multi-window spatial multitasking.",Audit spatial audio passthrough DSP latency,investigate,Ensures immersive environmental audio processing does not steal critical memory bandwidth from 90fps camera passthrough rendering.,"[{""name"": ""Audio Processing Buffer Window"", ""value"": ""8"", ""unit"": ""milliseconds"", ""observed_on"": ""2024-11-01""}]",R&D,reported,"{rd,investigate}",R&D;Operations,Acoustic engineers identified thread contention between CoreAudio real-time DSP workers and R1 camera passthrough frame composers; Operations verified audio dropouts under heavy 3D gaming loads; Software teams developed prioritized thread scheduling.
AAPL-2024Q4-0105,Apple Inc.,2024-11-01,quarterly_filings/2024_Q4.pdf,https://www.sec.gov/ix?doc=/Archives/edgar/data/0000320193/000032019324000106/aapl-20240928.htm,Item 2. MD&A - Products Performance,"Disclosure Context (2024_Q4): Trigger: 'Apple FY2024 Form 10-K (filed November 1, 2024) discloses operational, financial, and regulatory context for R&D management decisions'. Management Action: 'Audit Vision Pro Ergonomic Weight Distribution and Third-Party Strap Integration'. Scope: 'Authorized and documented in Item 2. MD&A - Products Performance'. Rationale: 'Addresses the single most common ergonomic complaint among Vision Pro users—facial fatigue caused by front-heavy device weight distribution—to extend '.",Audit Vision Pro Ergonomic Weight Distribution and Third-Party Strap Integration,"Execute an ergonomic mechanical pressure-mapping audit across 200 human test subjects evaluating frontal facial cheekbone pressure exerted by the Apple Vision Pro enclosure, assessing the feasibility of officially certifying dual-strap rigid halo headbands.",Audit Vision Pro facial pressure distribution,investigate,Addresses the single most common ergonomic complaint among Vision Pro users—facial fatigue caused by front-heavy device weight distribution—to extend comfortable daily wearing duration.,"[{""name"": ""Target Wearing Duration"", ""value"": ""120"", ""unit"": ""minutes continuous wear"", ""observed_on"": ""2024-11-01""}]",R&D,reported,"{rd,investigate}",R&D;Marketing,Ergonomic testers proved that rigid halo straps shifted weight from sensitive facial tissue to the forehead and top skull; Industrial design purists resisted adding bulky third-party structural halo mounts; Management recognized that comfort was vital for pro adoption.
AAPL-2024Q4-0106,Apple Inc.,2024-11-01,quarterly_filings/2024_Q4.pdf,https://www.sec.gov/ix?doc=/Archives/edgar/data/0000320193/000032019324000106/aapl-20240928.htm,Item 1. Business - Products,"Disclosure Context (2024_Q4): Trigger: 'Apple FY2024 Form 10-K (filed November 1, 2024) discloses operational, financial, and regulatory context for R&D management decisions'. Management Action: 'Commercialize Apple Watch Sleep Apnea Notifications in watchOS 11'. Scope: 'Authorized and documented in Item 1. Business - Products'. Rationale: 'Empowers millions of undiagnosed sleep apnea sufferers worldwide with actionable medical insights, establishing the Apple Watch as an indispensable pr'.",Commercialize Apple Watch Sleep Apnea Notifications in watchOS 11,"Deploy the FDA-cleared Sleep Apnea Breathing Disturbance Notification feature in the public release of watchOS 11 across Apple Watch Series 9, Series 10, and Ultra 2, utilizing the accelerometer to track wrist micro-movements associated with interruptions in normal respiratory patterns.",Deploy FDA-cleared sleep apnea notifications,expand,"Empowers millions of undiagnosed sleep apnea sufferers worldwide with actionable medical insights, establishing the Apple Watch as an indispensable proactive preventative healthcare tool.","[{""name"": ""Commercial Availability Scope"", ""value"": ""150+"", ""unit"": ""countries"", ""observed_on"": ""2024-11-01""}]",R&D,reported,"{rd,expand}",Legal;Marketing,Clinical algorithms analyzed 30-day longitudinal breathing disturbance trends before issuing notifications; Legal ensured strict adherence to FDA De Novo cleared labeling; Marketing coordinated global public health awareness campaigns.
AAPL-2024Q4-0107,Apple Inc.,2024-11-01,quarterly_filings/2024_Q4.pdf,https://www.sec.gov/ix?doc=/Archives/edgar/data/0000320193/000032019324000106/aapl-20240928.htm,Item 1. Business - Products,"Disclosure Context (2024_Q4): Trigger: 'Apple FY2024 Form 10-K (filed November 1, 2024) discloses operational, financial, and regulatory context for R&D management decisions'. Management Action: 'Deploy AirPods Pro 2 OTC Hearing Aid and Hearing Test Worldwide'. Scope: 'Authorized and documented in Item 1. Business - Products'. Rationale: 'Disrupts the multi-thousand-dollar prescription hearing aid industry by transforming widely adopted consumer wireless earbuds into accessible, stigmat'.",Deploy AirPods Pro 2 OTC Hearing Aid and Hearing Test Worldwide,"Roll out the scientifically validated Hearing Test and clinical-grade over-the-counter (OTC) Hearing Aid software feature via firmware update for AirPods Pro 2 across the U.S., Germany, Japan, and 100+ countries following FDA De Novo authorization.",Deploy AirPods Pro OTC hearing aid software,expand,"Disrupts the multi-thousand-dollar prescription hearing aid industry by transforming widely adopted consumer wireless earbuds into accessible, stigmatizing-free hearing health tools.","[{""name"": ""Target Hearing Loss Category"", ""value"": ""Mild to Moderate"", ""unit"": ""clinical classification"", ""observed_on"": ""2024-11-01""}]",R&D,reported,"{rd,expand}",Legal;Marketing,Acoustic engineers calibrated personalized audiogram amplification algorithms; Legal managed international health ministry clearances; Marketing launched moving consumer testimonial campaigns showcasing improved social conversation.
AAPL-2024Q4-0108,Apple Inc.,2024-11-01,quarterly_filings/2024_Q4.pdf,https://www.sec.gov/ix?doc=/Archives/edgar/data/0000320193/000032019324000106/aapl-20240928.htm,Note 9 – Contingencies,"Disclosure Context (2024_Q4): Trigger: 'Apple FY2024 Form 10-K (filed November 1, 2024) discloses operational, financial, and regulatory context for R&D management decisions'. Management Action: 'Engineer Non-Infringing Pulse Oximetry Optical Sensor Architecture for U.S. Apple Watch'. Scope: 'Authorized and documented in Note 9 – Contingencies'. Rationale: 'Aims to secure U.S. Customs and Border Protection and court clearance to restore blood oxygen saturation monitoring on U.S. Apple Watch models without'.",Engineer Non-Infringing Pulse Oximetry Optical Sensor Architecture for U.S. Apple Watch,"Develop an alternative, non-infringing photoplethysmography sensor algorithm and optical filtering pipeline for Apple Watch pulse oximetry, designing around Masimo's asserted utility patents to prepare for legal re-activation in the United States.",Develop non-infringing pulse oximetry algorithms,revise,Aims to secure U.S. Customs and Border Protection and court clearance to restore blood oxygen saturation monitoring on U.S. Apple Watch models without paying disputed licensing royalties.,"[{""name"": ""Target SpO2 Measurement Accuracy"", ""value"": ""\u00b12"", ""unit"": ""percent vs clinical oximeter"", ""observed_on"": ""2024-11-01""}]",R&D,reported,"{rd,revise}",Legal;R&D,R&D optical scientists developed multi-spectral deconvolution algorithms that bypassed Masimo's physiological signal extraction claims; Legal analyzed patent claim charts to verify non-infringement; Engineering submitted documentation to CBP.
AAPL-2024Q4-0109,Apple Inc.,2024-11-01,quarterly_filings/2024_Q4.pdf,https://www.sec.gov/ix?doc=/Archives/edgar/data/0000320193/000032019324000106/aapl-20240928.htm,Item 2. MD&A - Research and Development,"Disclosure Context (2024_Q4): Trigger: 'Apple FY2024 Form 10-K (filed November 1, 2024) discloses operational, financial, and regulatory context for R&D management decisions'. Management Action: 'Advance Silicon Photonics Prototype for Non-Invasive Blood Glucose Tracking'. Scope: 'Authorized and documented in Item 2. MD&A - Research and Development'. Rationale: 'Progresses Apple's most ambitious moonshot biomedical research project (Project E5) toward an eventually miniaturizable Apple Watch health sensor modu'.",Advance Silicon Photonics Prototype for Non-Invasive Blood Glucose Tracking,"Tape out an advanced silicon photonics integrated circuit (PIC) sensor prototype fabricated at TSMC, combining miniaturized tunable laser arrays and optical spectroscopy sensors designed to measure glucose concentration in interstitial dermal fluid without skin pricking.",Tape out silicon photonics glucose sensor PIC,investigate,Progresses Apple's most ambitious moonshot biomedical research project (Project E5) toward an eventually miniaturizable Apple Watch health sensor module.,"[{""name"": ""Research Duration"", ""value"": ""12+"", ""unit"": ""years ongoing"", ""observed_on"": ""2024-11-01""}]",R&D,reported,"{rd,investigate}",Finance;Operations,R&D biomedical teams validated optical glucose absorption peak detection in controlled clinical trials; Finance tracked long-term R&D capital commitments; Engineering noted that the prototype remained the size of an iPhone and required multi-year miniaturization.
AAPL-2024Q4-0110,Apple Inc.,2024-11-01,quarterly_filings/2024_Q4.pdf,https://www.sec.gov/ix?doc=/Archives/edgar/data/0000320193/000032019324000106/aapl-20240928.htm,Item 2. MD&A - Research and Development,"Disclosure Context (2024_Q4): Trigger: 'Apple FY2024 Form 10-K (filed November 1, 2024) discloses operational, financial, and regulatory context for R&D management decisions'. Management Action: 'Audit Hypertension Wrist Cuffless Blood Pressure Feasibility and Motion Artifacts'. Scope: 'Authorized and documented in Item 2. MD&A - Research and Development'. Rationale: 'Evaluates whether non-invasive hypertension risk notifications can achieve acceptable false-alarm rates during everyday active movement.'.",Audit Hypertension Wrist Cuffless Blood Pressure Feasibility and Motion Artifacts,"Execute continuous multi-day field testing on 500 clinical trial participants wearing experimental Apple Watch prototypes equipped with dual-sensor pulse transit time (PTT) blood pressure algorithms, analyzing systolic and diastolic tracking drift caused by physical wrist movement.",Audit wrist pulse transit time blood pressure tracking,investigate,Evaluates whether non-invasive hypertension risk notifications can achieve acceptable false-alarm rates during everyday active movement.,"[{""name"": ""Clinical Cohort Size"", ""value"": ""500"", ""unit"": ""participants"", ""observed_on"": ""2024-11-01""}]",R&D,reported,"{rd,investigate}",Legal;R&D,"R&D data scientists discovered that everyday hand gestures and wrist flexion induced severe PTT optical waveform distortion, leading to false hypertension alerts in 34% of active daytime wear; Legal warned against releasing medically unvalidated algorithms."
AAPL-2024Q4-0111,Apple Inc.,2024-11-01,quarterly_filings/2024_Q4.pdf,https://www.sec.gov/ix?doc=/Archives/edgar/data/0000320193/000032019324000106/aapl-20240928.htm,Item 2. MD&A - Regulatory Matters,"Disclosure Context (2024_Q4): Trigger: 'Apple FY2024 Form 10-K (filed November 1, 2024) discloses operational, financial, and regulatory context for R&D management decisions'. Management Action: 'Deploy EU Default App Management Architecture in iOS 18.2 Under DMA Mandates'. Scope: 'Authorized and documented in Item 2. MD&A - Regulatory Matters'. Rationale: 'Fulfills mandatory statutory compliance obligations under Article 6(3) of the Digital Markets Act, giving European consumers full control over core op'.",Deploy EU Default App Management Architecture in iOS 18.2 Under DMA Mandates,"Engineer and ship a dedicated Default Apps management interface within Settings on iOS 18.2 for European Union users, allowing consumers to set third-party apps as defaults for phone calling, messaging, keyboard input, web browsing, password management, and navigation.",Deploy EU default app management settings,expand,"Fulfills mandatory statutory compliance obligations under Article 6(3) of the Digital Markets Act, giving European consumers full control over core operating system defaults.","[{""name"": ""Configurable Default App Categories"", ""value"": ""7"", ""unit"": ""system categories"", ""observed_on"": ""2024-11-01""}]",R&D,reported,"{rd,expand}",Legal;Operations,Software engineers decoupled deep iOS system hooks to allow third-party messaging apps to receive system intents; Legal verified that the settings architecture satisfied European Commission compliance monitors; Security teams validated sandboxing boundaries.
AAPL-2024Q4-0112,Apple Inc.,2024-11-01,quarterly_filings/2024_Q4.pdf,https://www.sec.gov/ix?doc=/Archives/edgar/data/0000320193/000032019324000106/aapl-20240928.htm,Item 2. MD&A - Products and Services,"Disclosure Context (2024_Q4): Trigger: 'Apple FY2024 Form 10-K (filed November 1, 2024) discloses operational, financial, and regulatory context for R&D management decisions'. Management Action: 'Deploy macOS Sequoia 15.2 Advanced AirPlay Audio Receiver and Screen Sharing'. Scope: 'Authorized and documented in Item 2. MD&A - Products and Services'. Rationale: 'Transforms Mac collaborative support and family troubleshooting, allowing power users and IT administrators to remotely assist colleagues and family m'.",Deploy macOS Sequoia 15.2 Advanced AirPlay Audio Receiver and Screen Sharing,"Ship macOS Sequoia 15.2 with low-latency AirPlay audio routing enhancements and upgraded SharePlay screen sharing with remote control and drawing tools, allowing users to draw on another user's Mac screen or take remote control of their device with explicit permission.",Deploy SharePlay remote control on Mac,expand,"Transforms Mac collaborative support and family troubleshooting, allowing power users and IT administrators to remotely assist colleagues and family members directly over FaceTime.","[{""name"": ""Target Release"", ""value"": ""macOS Sequoia 15.2"", ""unit"": ""version"", ""observed_on"": ""2024-11-01""}]",R&D,reported,"{rd,expand}",Operations;Legal,Security engineering implemented rigorous two-factor confirmation dialogs to prevent unauthorized remote takeover; Legal verified that the feature complied with wiretapping and remote access statutes; Enterprise IT administrators welcomed built-in remote assistance.
AAPL-2024Q4-0113,Apple Inc.,2024-11-01,quarterly_filings/2024_Q4.pdf,https://www.sec.gov/ix?doc=/Archives/edgar/data/0000320193/000032019324000106/aapl-20240928.htm,Item 2. MD&A - Products and Services,"Disclosure Context (2024_Q4): Trigger: 'Apple FY2024 Form 10-K (filed November 1, 2024) discloses operational, financial, and regulatory context for R&D management decisions'. Management Action: 'Implement Genmoji CoreML Font Rendering Engine in Messages'. Scope: 'Authorized and documented in Item 2. MD&A - Products and Services'. Rationale: 'Integrates generative AI directly into the fundamental fabric of mobile texting, allowing users to synthesize expressive, hyper-personalized emoji cha'.",Implement Genmoji CoreML Font Rendering Engine in Messages,"Develop an automated CoreML and CoreGraphics glyph rasterization engine within the iOS 18.2 keyboard, dynamically generating and rendering custom AI-generated Genmoji stickers as inline text characters that scale perfectly with system fonts and dark mode themes.",Deploy inline Genmoji glyph rasterization engine,expand,"Integrates generative AI directly into the fundamental fabric of mobile texting, allowing users to synthesize expressive, hyper-personalized emoji characters that behave like native Unicode glyphs.","[{""name"": ""Dynamic Glyph Resolution"", ""value"": ""160 x 160"", ""unit"": ""pixels"", ""observed_on"": ""2024-11-01""}]",R&D,reported,"{rd,expand}",Marketing;Operations,Software engineers devised a custom rich-text NSAttributedString backing store to handle non-standard emoji glyphs across iMessage; Marketing highlighted Genmoji as a social sensation; QA tested backward compatibility on older iOS versions.
AAPL-2024Q4-0114,Apple Inc.,2024-11-01,quarterly_filings/2024_Q4.pdf,https://www.sec.gov/ix?doc=/Archives/edgar/data/0000320193/000032019324000106/aapl-20240928.htm,Item 2. MD&A - Regulatory Matters,"Disclosure Context (2024_Q4): Trigger: 'Apple FY2024 Form 10-K (filed November 1, 2024) discloses operational, financial, and regulatory context for R&D management decisions'. Management Action: 'Investigate iPhone Mirroring EU Compliance and Interoperability Sandboxing'. Scope: 'Authorized and documented in Item 2. MD&A - Regulatory Matters'. Rationale: 'Evaluates whether technical interoperability concessions can resolve European Commission antitrust objections and allow Apple to legally deploy iPhone'.",Investigate iPhone Mirroring EU Compliance and Interoperability Sandboxing,"Conduct an intensive operating system security investigation into whether iPhone Mirroring can be re-architected under the Digital Markets Act to permit non-Apple laptops (Windows, Linux) to control an iPhone without exposing unencrypted iOS system memory or bypassing biometric locks.",Investigate cross-platform iPhone Mirroring architecture,investigate,Evaluates whether technical interoperability concessions can resolve European Commission antitrust objections and allow Apple to legally deploy iPhone Mirroring in the European Union.,"[{""name"": ""Investigated Platforms"", ""value"": ""Windows, Linux"", ""unit"": ""operating systems"", ""observed_on"": ""2024-11-01""}]",R&D,reported,"{rd,investigate}",Legal;R&D,Security architects proved that extending wireless hardware-rooted screen mirroring to unverified Windows operating systems created critical attack vectors for malware and keystroke logging; Legal cautioned that DMA Article 6(7) mandated non-discriminatory interoperability; Management refused to compromise security.
AAPL-2024Q4-0115,Apple Inc.,2024-11-01,quarterly_filings/2024_Q4.pdf,https://www.sec.gov/ix?doc=/Archives/edgar/data/0000320193/000032019324000106/aapl-20240928.htm,Item 2. MD&A - Products and Services,"Disclosure Context (2024_Q4): Trigger: 'Apple FY2024 Form 10-K (filed November 1, 2024) discloses operational, financial, and regulatory context for R&D management decisions'. Management Action: 'Audit Standalone Apple Passwords Cross-Platform Cloud Sync Reliability'. Scope: 'Authorized and documented in Item 2. MD&A - Products and Services'. Rationale: 'Ensures that newly created passkeys and updated credentials propagate instantaneously across all user devices without sync conflicts, data corruption,'.",Audit Standalone Apple Passwords Cross-Platform Cloud Sync Reliability,"Execute end-to-end cryptographic synchronization stress tests across 50 million active iCloud Keychain user vaults following the release of the standalone Apple Passwords app in iOS 18 and macOS Sequoia, auditing credential sync latency across mixed Apple and Windows iCloud environments.",Audit Apple Passwords cloud sync integrity,maintain,"Ensures that newly created passkeys and updated credentials propagate instantaneously across all user devices without sync conflicts, data corruption, or credential lockouts.","[{""name"": ""Audited User Vaults"", ""value"": ""50,000,000"", ""unit"": ""accounts"", ""observed_on"": ""2024-11-01""}]",R&D,reported,"{rd,maintain}",Operations;R&D,Security engineers tested zero-knowledge end-to-end encryption protocols; Operations monitored cloud database sync queues during launch surges; Quality assurance verified that passkey authentication succeeded on 99.98% of WebAuthn login requests.
AAPL-2024Q4-0116,Apple Inc.,2024-11-01,quarterly_filings/2024_Q4.pdf,https://www.sec.gov/ix?doc=/Archives/edgar/data/0000320193/000032019324000106/aapl-20240928.htm,Item 2. MD&A - Products and Services,"Disclosure Context (2024_Q4): Trigger: 'Apple FY2024 Form 10-K (filed November 1, 2024) discloses operational, financial, and regulatory context for R&D management decisions'. Management Action: 'Deploy Two-Way Satellite Messaging for SMS and iMessage in iOS 18'. Scope: 'Authorized and documented in Item 2. MD&A - Products and Services'. Rationale: 'Keeps Apple users connected with friends and family from remote wilderness trails and offshore waters, establishing a groundbreaking consumer safety a'.",Deploy Two-Way Satellite Messaging for SMS and iMessage in iOS 18,"Commercialize two-way Messages via Satellite in iOS 18 across the U.S. and Canada, expanding Apple's satellite communications platform from emergency SOS to everyday text messaging over Globalstar's Low Earth Orbit (LEO) satellite constellation when completely outside cellular and Wi-Fi coverage.",Deploy Messages via Satellite for everyday texting,expand,"Keeps Apple users connected with friends and family from remote wilderness trails and offshore waters, establishing a groundbreaking consumer safety and communication capability unmatched by competing mobile platforms.","[{""name"": ""Constellation Partner"", ""value"": ""Globalstar"", ""unit"": ""satellite network"", ""observed_on"": ""2024-11-01""}]",R&D,reported,"{rd,expand}",Operations;Finance,RF engineers designed dynamic antenna beam-forming in iOS to guide users toward moving satellites; Finance monitored satellite constellation ground infrastructure investments; Marketing promoted the feature for outdoor adventurers.
AAPL-2024Q4-0117,Apple Inc.,2024-11-01,quarterly_filings/2024_Q4.pdf,https://www.sec.gov/ix?doc=/Archives/edgar/data/0000320193/000032019324000106/aapl-20240928.htm,Note 3 – Commitments and Contingencies,"Disclosure Context (2024_Q4): Trigger: 'Apple FY2024 Form 10-K (filed November 1, 2024) discloses operational, financial, and regulatory context for R&D management decisions'. Management Action: 'Commit $1.1B Infrastructure Investment in Globalstar for LEO Satellite Network'. Scope: 'Authorized and documented in Note 3 – Commitments and Contingencies'. Rationale: 'Secures long-term dedicated satellite orbital capacity and high-bandwidth spectrum for future Apple mobile devices, paving the way for expanded satell'.",Commit $1.1B Infrastructure Investment in Globalstar for LEO Satellite Network,"Authorize a definitive $1.1 billion capital commitment and 20% equity investment in Globalstar, Inc., funding the construction and launch of an advanced next-generation Low Earth Orbit satellite constellation and expanded terrestrial ground station gateways.",Authorize $1.1B Globalstar satellite constellation investment,approve,"Secures long-term dedicated satellite orbital capacity and high-bandwidth spectrum for future Apple mobile devices, paving the way for expanded satellite data, voice, and visual communication features.","[{""name"": ""Total Capital Commitment"", ""value"": ""1.1"", ""unit"": ""billion USD"", ""observed_on"": ""2024-11-01""}, {""name"": ""Equity Stake"", ""value"": ""20"", ""unit"": ""percent of Globalstar"", ""observed_on"": ""2024-11-01""}]",R&D,reported,"{rd,approve}",Finance;Legal,Finance verified that the investment secured 85% of Globalstar's network capacity for Apple; Legal drafted strategic partnership and equity warrant agreements; The Board of Directors ratified the milestone investment.
AAPL-2024Q4-0118,Apple Inc.,2024-11-01,quarterly_filings/2024_Q4.pdf,https://www.sec.gov/ix?doc=/Archives/edgar/data/0000320193/000032019324000106/aapl-20240928.htm,Item 2. MD&A - Research and Development,"Disclosure Context (2024_Q4): Trigger: 'Apple FY2024 Form 10-K (filed November 1, 2024) discloses operational, financial, and regulatory context for R&D management decisions'. Management Action: 'Audit 5G In-House Modem Silicon Prototype Performance Against Qualcomm Snapdragon'. Scope: 'Authorized and documented in Item 2. MD&A - Research and Development'. Rationale: 'Evaluates whether Apple's proprietary cellular baseband silicon satisfies commercial network certification standards ahead of targeted commercial depl'.",Audit 5G In-House Modem Silicon Prototype Performance Against Qualcomm Snapdragon,"Execute intensive laboratory RF and field-drive benchmarks on Apple's proprietary in-house 5G cellular modem silicon prototypes (Project Sinope), comparing downlink throughput, mmWave beamforming, and battery consumption against Qualcomm's Snapdragon X75 modem.",Benchmark in-house 5G modem against Qualcomm,investigate,Evaluates whether Apple's proprietary cellular baseband silicon satisfies commercial network certification standards ahead of targeted commercial deployment in entry-level 2025 iPhone hardware.,"[{""name"": ""Benchmarked Cellular Standard"", ""value"": ""5G Sub-6GHz and mmWave"", ""unit"": ""cellular standards"", ""observed_on"": ""2024-11-01""}]",R&D,reported,"{rd,investigate}",Operations;Finance,RF engineers achieved parity on standard Sub-6GHz carrier aggregation; Operations noted that mmWave beamforming and carrier network interoperability testing in complex urban environments exhibited higher packet loss than Qualcomm; Engineering recommended phased entry.
AAPL-2024Q4-0119,Apple Inc.,2024-11-01,quarterly_filings/2024_Q4.pdf,https://www.sec.gov/ix?doc=/Archives/edgar/data/0000320193/000032019324000106/aapl-20240928.htm,Item 2. MD&A - Products Performance,"Disclosure Context (2024_Q4): Trigger: 'Apple FY2024 Form 10-K (filed November 1, 2024) discloses operational, financial, and regulatory context for R&D management decisions'. Management Action: 'Deploy Wi-Fi 7 (802.11be) Multi-Link Operation on iPhone 16 Lineup'. Scope: 'Authorized and documented in Item 2. MD&A - Products Performance'. Rationale: 'Significantly boosts local wireless network throughput and reduces latency for 4K video streaming, high-speed AirDrop file transfers, and ultra-smooth'.",Deploy Wi-Fi 7 (802.11be) Multi-Link Operation on iPhone 16 Lineup,"Integrate 2x2 MIMO Wi-Fi 7 (802.11be) hardware transceivers across the entire iPhone 16 and iPhone 16 Pro family, enabling simultaneous Multi-Link Operation (MLO) across 2.4GHz, 5GHz, and 6GHz bands to deliver theoretical data transfer speeds up to 46 Gbps with ultra-low latency.",Deploy Wi-Fi 7 Multi-Link Operation on iPhone 16,expand,"Significantly boosts local wireless network throughput and reduces latency for 4K video streaming, high-speed AirDrop file transfers, and ultra-smooth Apple Vision Pro spatial video tethering.","[{""name"": ""Wireless Standard"", ""value"": ""Wi-Fi 7 (802.11be)"", ""unit"": ""standard"", ""observed_on"": ""2024-11-01""}]",R&D,reported,"{rd,expand}",Operations;Marketing,Wireless engineers tuned MLO band-aggregation firmware; Operations qualified dual-band antenna arrays across Foxconn lines; Marketing highlighted 5x faster AirDrop speeds with compatible Wi-Fi 7 home routers.
AAPL-2024Q4-0120,Apple Inc.,2024-11-01,quarterly_filings/2024_Q4.pdf,https://www.sec.gov/ix?doc=/Archives/edgar/data/0000320193/000032019324000106/aapl-20240928.htm,Item 2. MD&A - Research and Development,"Disclosure Context (2024_Q4): Trigger: 'Apple FY2024 Form 10-K (filed November 1, 2024) discloses operational, financial, and regulatory context for R&D management decisions'. Management Action: 'Investigate Bluetooth 6.0 Channel Sounding for Centimeter-Level Precision Finding'. Scope: 'Authorized and documented in Item 2. MD&A - Research and Development'. Rationale: 'Explores next-generation wireless tracking technologies to enhance Apple's Find My ecosystem, supplementing Ultra Wideband (UWB) with universal Blueto'.",Investigate Bluetooth 6.0 Channel Sounding for Centimeter-Level Precision Finding,"Conduct preliminary engineering development on Bluetooth 6.0 Channel Sounding specifications for future AirTag and iPhone hardware revisions, evaluating high-frequency phase-based distance measurement to achieve true centimeter-level item tracking accuracy.",Evaluate Bluetooth 6.0 Channel Sounding for AirTag,investigate,"Explores next-generation wireless tracking technologies to enhance Apple's Find My ecosystem, supplementing Ultra Wideband (UWB) with universal Bluetooth centimeter-level positioning.","[{""name"": ""Target Positioning Precision"", ""value"": ""1"", ""unit"": ""centimeter target"", ""observed_on"": ""2024-11-01""}]",R&D,reported,"{rd,investigate}",R&D;Operations,Wireless research teams demonstrated that Channel Sounding provided robust distance verification immune to relay attacks; Operations evaluated antenna packaging in next-gen AirTag prototypes; Engineering approved incorporating the standard into future silicon roadmaps.
AAPL-2024Q4-0121,Apple Inc.,2024-11-01,quarterly_filings/2024_Q4.pdf,https://www.sec.gov/ix?doc=/Archives/edgar/data/0000320193/000032019324000106/aapl-20240928.htm,Item 2. MD&A - Products Performance,"Disclosure Context (2024_Q4): Trigger: 'Apple FY2024 Form 10-K (filed November 1, 2024) discloses operational, financial, and regulatory context for R&D management decisions'. Management Action: 'Deploy Photographic Styles Real-Time Tone and Color Rendering Pipeline'. Scope: 'Authorized and documented in Item 2. MD&A - Products Performance'. Rationale: 'Gives photographers unprecedented creative control over color rendering and skin tones, replacing static post-capture photo filters with real-time com'.",Deploy Photographic Styles Real-Time Tone and Color Rendering Pipeline,"Deploy the next generation of Photographic Styles across the iPhone 16 lineup, utilizing advanced machine learning color-mapping algorithms to adjust undertones, skin tones, and color palettes in real time directly within the live camera preview without flattening dynamic range.",Deploy next-gen Photographic Styles camera pipeline,expand,"Gives photographers unprecedented creative control over color rendering and skin tones, replacing static post-capture photo filters with real-time computational color science.","[{""name"": ""Adjustable Tone and Color Grid"", ""value"": ""2D Control Pad"", ""unit"": ""UI interface"", ""observed_on"": ""2024-11-01""}]",R&D,reported,"{rd,expand}",Marketing;Operations,Camera software teams tuned skin tone rendering models across diverse global demographic datasets; Marketing showcased the feature to pro portrait photographers; Users praised the ability to preserve authentic skin undertones while styling background colors.
AAPL-2024Q4-0122,Apple Inc.,2024-11-01,quarterly_filings/2024_Q4.pdf,https://www.sec.gov/ix?doc=/Archives/edgar/data/0000320193/000032019324000106/aapl-20240928.htm,Item 2. MD&A - Products Performance,"Disclosure Context (2024_Q4): Trigger: 'Apple FY2024 Form 10-K (filed November 1, 2024) discloses operational, financial, and regulatory context for R&D management decisions'. Management Action: 'Deploy Audio Mix Machine Learning Speech Separation in iPhone 16 Video'. Scope: 'Authorized and documented in Item 2. MD&A - Products Performance'. Rationale: 'Transforms mobile video production by allowing amateur videographers to eliminate distracting background noise and isolate subject voices with studio-'.",Deploy Audio Mix Machine Learning Speech Separation in iPhone 16 Video,"Ship the new Audio Mix video editing feature in iOS 18 across iPhone 16 models, utilizing advanced machine learning voice-isolation and spatial beamforming algorithms to let users adjust vocal presence after video capture across three distinct sound options (In-Frame, Studio, and Cinematic).",Deploy Audio Mix computational speech separation,expand,Transforms mobile video production by allowing amateur videographers to eliminate distracting background noise and isolate subject voices with studio-grade acoustic clarity directly within the native Photos app.,"[{""name"": ""Sound Mixing Modes"", ""value"": ""3"", ""unit"": ""mixing profiles"", ""observed_on"": ""2024-11-01""}]",R&D,reported,"{rd,expand}",Marketing;Operations,Acoustic researchers trained deep speech separation networks on the A18 Neural Engine; Marketing demonstrated studio vocal isolation in noisy café environments; Independent filmmakers lauded the feature as an indispensable production tool.
AAPL-2024Q4-0123,Apple Inc.,2024-11-01,quarterly_filings/2024_Q4.pdf,https://www.sec.gov/ix?doc=/Archives/edgar/data/0000320193/000032019324000106/aapl-20240928.htm,Item 2. MD&A - Products Performance,"Disclosure Context (2024_Q4): Trigger: 'Apple FY2024 Form 10-K (filed November 1, 2024) discloses operational, financial, and regulatory context for R&D management decisions'. Management Action: 'Audit Spatial Video Capture Parallax Quality on Standard iPhone 16'. Scope: 'Authorized and documented in Item 2. MD&A - Products Performance'. Rationale: 'Verifies that mainstream non-Pro iPhone models deliver authentic 3D spatial memories that immerse viewers without inducing visual fatigue during Apple'.",Audit Spatial Video Capture Parallax Quality on Standard iPhone 16,"Conduct an optical stereoscopic alignment and depth-map accuracy audit on spatial video capture recorded using the vertically aligned camera lenses on the baseline iPhone 16, evaluating whether narrower lens spacing causes stereoscopic depth flattening on Vision Pro playback.",Audit baseline iPhone 16 spatial video depth fidelity,investigate,Verifies that mainstream non-Pro iPhone models deliver authentic 3D spatial memories that immerse viewers without inducing visual fatigue during Apple Vision Pro playback.,"[{""name"": ""Camera Lens Spacing"", ""value"": ""20"", ""unit"": ""mm baseline"", ""observed_on"": ""2024-11-01""}]",R&D,reported,"{rd,investigate}",R&D;Operations,Optics engineers discovered that the 20mm physical lens separation on the baseline iPhone 16 produced noticeably flatter 3D depth perception compared to the wider spacing on Pro Max models; Software teams implemented synthetic disparity expansion algorithms.
AAPL-2024Q4-0124,Apple Inc.,2024-11-01,quarterly_filings/2024_Q4.pdf,https://www.sec.gov/ix?doc=/Archives/edgar/data/0000320193/000032019324000106/aapl-20240928.htm,Item 2. MD&A - Research and Development,"Disclosure Context (2024_Q4): Trigger: 'Apple FY2024 Form 10-K (filed November 1, 2024) discloses operational, financial, and regulatory context for R&D management decisions'. Management Action: 'Develop CoreML 8 Compiler Optimizations for Sparse Transformer Attention'. Scope: 'Authorized and documented in Item 2. MD&A - Research and Development'. Rationale: 'Dramatically reduces memory bandwidth consumption and speeds up context processing for third-party developer LLMs running locally on Apple Silicon.'.",Develop CoreML 8 Compiler Optimizations for Sparse Transformer Attention,"Engineer compiler optimizations within CoreML 8 for Xcode 16.2, adding hardware acceleration for FlashAttention-2 and block-sparse matrix multiplication on M4 and A18 Neural Engines to accelerate third-party on-device transformer model execution.",Deploy CoreML FlashAttention compiler optimizations,expand,Dramatically reduces memory bandwidth consumption and speeds up context processing for third-party developer LLMs running locally on Apple Silicon.,"[{""name"": ""Transformer Inference Speedup"", ""value"": ""2.2"", ""unit"": ""x faster execution"", ""observed_on"": ""2024-11-01""}]",R&D,reported,"{rd,expand}",Operations;Finance,Compiler engineers collaborated with TSMC silicon teams to maximize Neural Engine register utilization; Developer relations teams shared optimized CoreML models on GitHub; AI developers praised significant inference efficiency gains.
AAPL-2024Q4-0125,Apple Inc.,2024-11-01,quarterly_filings/2024_Q4.pdf,https://www.sec.gov/ix?doc=/Archives/edgar/data/0000320193/000032019324000106/aapl-20240928.htm,Item 2. MD&A - Research and Development,"Disclosure Context (2024_Q4): Trigger: 'Apple FY2024 Form 10-K (filed November 1, 2024) discloses operational, financial, and regulatory context for R&D management decisions'. Management Action: 'Investigate Metal 4 Micro-Architecture for Upcoming A19 and M5 Silicon'. Scope: 'Authorized and documented in Item 2. MD&A - Research and Development'. Rationale: 'Prepares Apple's graphics software stack for the next frontier of real-time photorealistic spatial computing and generative neural rendering on custom'.",Investigate Metal 4 Micro-Architecture for Upcoming A19 and M5 Silicon,"Initiate early architectural design explorations for the next-generation Metal 4 graphics API, formulating compiler specifications for hardware-accelerated neural radiance fields (NeRFs), mesh shaders, and unified AI-graphics pipeline synchronization on future A19 and M5 silicon.",Formulate Metal 4 graphics API micro-architecture,investigate,Prepares Apple's graphics software stack for the next frontier of real-time photorealistic spatial computing and generative neural rendering on custom Apple Silicon.,"[{""name"": ""Target Silicon Generation"", ""value"": ""A19 / M5"", ""unit"": ""processor families"", ""observed_on"": ""2024-11-01""}]",R&D,reported,"{rd,investigate}",R&D;Finance,"R&D graphics teams worked with leading game engine developers (Epic Unreal Engine, Unity) to define next-generation GPU hardware features; Finance budgeted multi-year silicon architecture simulation tools; Management confirmed high strategic priority."
AAPL-2024Q4-0126,Apple Inc.,2024-11-01,quarterly_filings/2024_Q4.pdf,https://www.sec.gov/ix?doc=/Archives/edgar/data/0000320193/000032019324000106/aapl-20240928.htm,Item 1. Business - Environment,"Disclosure Context (2024_Q4): Trigger: 'Apple FY2024 Form 10-K (filed November 1, 2024) discloses operational, financial, and regulatory context for R&D management decisions'. Management Action: 'Scale 100% Recycled Rare Earth Magnets Across Full Hardware Portfolio'. Scope: 'Authorized and documented in Item 1. Business - Environment'. Rationale: 'Fulfills Apple's industry-leading environmental milestone of eliminating virgin rare earth mining across all flagship hardware lines, significantly re'.",Scale 100% Recycled Rare Earth Magnets Across Full Hardware Portfolio,"Finalize and certify metallurgical supply chain workflows ensuring that 100% of the rare earth elements used in all magnets across iPhone 16, Apple Watch Series 10, and M4 Macs originate from certified post-consumer recycled sources.",Deploy 100% recycled rare earth magnets across portfolio,maintain,"Fulfills Apple's industry-leading environmental milestone of eliminating virgin rare earth mining across all flagship hardware lines, significantly reducing corporate supply chain carbon intensity.","[{""name"": ""Recycled Rare Earth Content"", ""value"": ""100"", ""unit"": ""percent"", ""observed_on"": ""2024-11-01""}]",R&D,reported,"{rd,maintain}",Operations;Finance,Materials scientists partnered with magnet recyclers in Japan and Australia; Operations validated magnetic flux and thermal coercivity of recycled neodymium magnets; Independent auditor SCS Global Services certified the chain of custody.
AAPL-2024Q4-0127,Apple Inc.,2024-11-01,quarterly_filings/2024_Q4.pdf,https://www.sec.gov/ix?doc=/Archives/edgar/data/0000320193/000032019324000106/aapl-20240928.htm,Item 2. MD&A - Research and Development,"Disclosure Context (2024_Q4): Trigger: 'Apple FY2024 Form 10-K (filed November 1, 2024) discloses operational, financial, and regulatory context for R&D management decisions'. Management Action: 'Investigate Bio-Based Vegan Leather Alternatives to Replace FineWoven'. Scope: 'Authorized and documented in Item 2. MD&A - Research and Development'. Rationale: 'Aims to develop an ultra-durable, scratch-resistant, luxury non-leather material for premium iPhone cases and watch bands that satisfies eco-conscious'.",Investigate Bio-Based Vegan Leather Alternatives to Replace FineWoven,"Commission an accelerated materials science research program with specialized biomaterials partners, evaluating mushroom mycelium, apple-peel polyurethane, and recycled micro-fiber formulations to develop a premium vegan leather accessory line replacing discontinued FineWoven products.",Investigate bio-based vegan leather formulations,investigate,"Aims to develop an ultra-durable, scratch-resistant, luxury non-leather material for premium iPhone cases and watch bands that satisfies eco-conscious consumers without repeating FineWoven durability failures.","[{""name"": ""Tested Bio-Based Formulations"", ""value"": ""8"", ""unit"": ""material composites"", ""observed_on"": ""2024-11-01""}]",R&D,reported,"{rd,investigate}",Marketing;Operations,Materials engineers subjected composite swatches to 500-cycle Taber abrasion and moisture staining tests; Marketing insisted on a luxurious hand-feel comparable to premium Hermès leather; Several plant-based prototypes exhibited premature edge peeling under sweat exposure.
AAPL-2024Q4-0128,Apple Inc.,2024-11-01,quarterly_filings/2024_Q4.pdf,https://www.sec.gov/ix?doc=/Archives/edgar/data/0000320193/000032019324000106/aapl-20240928.htm,Item 1. Business - Environment,"Disclosure Context (2024_Q4): Trigger: 'Apple FY2024 Form 10-K (filed November 1, 2024) discloses operational, financial, and regulatory context for R&D management decisions'. Management Action: 'Certify Aerospace-Grade Grade 5 Titanium Recycling Closed-Loop Process'. Scope: 'Authorized and documented in Item 1. Business - Environment'. Rationale: 'Recovers valuable titanium alloys from manufacturing waste streams, lowering raw material procurement costs and cutting carbon emissions from primary '.",Certify Aerospace-Grade Grade 5 Titanium Recycling Closed-Loop Process,"Establish an industrial closed-loop titanium scrap recycling process with Biel Crystal and Foxconn, collecting 100% of CNC machining swarf and off-cuts from iPhone 16 Pro band milling and re-smelting it into aerospace-grade Grade 5 titanium bars.",Certify closed-loop titanium scrap recycling,expand,"Recovers valuable titanium alloys from manufacturing waste streams, lowering raw material procurement costs and cutting carbon emissions from primary titanium smelting by 65%.","[{""name"": ""Smelting Carbon Reduction"", ""value"": ""65"", ""unit"": ""percent"", ""observed_on"": ""2024-11-01""}]",R&D,reported,"{rd,expand}",Finance;Operations,Metallurgical engineers verified that re-smelted titanium bars matched strict tensile strength and anodization color-uniformity standards; Finance calculated $22M in annual raw metal procurement savings; Environmental agencies certified the closed-loop process.
AAPL-2024Q4-0129,Apple Inc.,2024-11-01,quarterly_filings/2024_Q4.pdf,https://www.sec.gov/ix?doc=/Archives/edgar/data/0000320193/000032019324000106/aapl-20240928.htm,Item 1. Legal Proceedings,"Disclosure Context (2024_Q4): Trigger: 'Apple FY2024 Form 10-K (filed November 1, 2024) discloses operational, financial, and regulatory context for Legal management decisions'. Management Action: 'File Motion to Dismiss in United States v. Apple Antitrust Suit in D.N.J.'. Scope: 'Authorized and documented in Item 1. Legal Proceedings'. Rationale: 'Seeks early judicial dismissal or substantial narrowing of the federal government's claims challenging Apple's smartphone ecosystem restrictions, prot'.",File Motion to Dismiss in United States v. Apple Antitrust Suit in D.N.J.,"File Apple's formal comprehensive Motion to Dismiss in the U.S. District Court for the District of New Jersey in United States v. Apple Inc. (Docket 2:24-cv-04051), asserting that the Department of Justice failed to allege plausible antitrust harm, monopoly power, or exclusionary conduct under Section 2 of the Sherman Act across all five targeted technologies.",File antitrust motion to dismiss in federal court,investigate,"Seeks early judicial dismissal or substantial narrowing of the federal government's claims challenging Apple's smartphone ecosystem restrictions, protecting Apple Watch, iMessage, and Apple Pay integrations from structural remedies.","[{""name"": ""DOJ Docket"", ""value"": ""2:24-cv-04051"", ""unit"": ""docket"", ""observed_on"": ""2024-11-01""}, {""name"": ""State AG Co-Plaintiffs"", ""value"": ""19"", ""unit"": ""states"", ""observed_on"": ""2024-11-01""}]",Legal,reported,"{legal,investigate}",Finance;Corporate Governance,"Outside antitrust counsel (Gibson Dunn, Paul Weiss) argued that the DOJ's complaint relied on legally untenable 'duty to deal' theories rejected by the Supreme Court in Trinko; The DOJ opposed dismissal, claiming Apple engaged in systematic lock-in; Finance budgeted $75M in ongoing legal defense costs."
AAPL-2024Q4-0130,Apple Inc.,2024-11-01,quarterly_filings/2024_Q4.pdf,https://www.sec.gov/ix?doc=/Archives/edgar/data/0000320193/000032019324000106/aapl-20240928.htm,Item 1. Legal Proceedings,"Disclosure Context (2024_Q4): Trigger: 'Apple FY2024 Form 10-K (filed November 1, 2024) discloses operational, financial, and regulatory context for Legal management decisions'. Management Action: 'Defend Against DOJ Demands for Executive Private Messaging Communications'. Scope: 'Authorized and documented in Item 1. Legal Proceedings'. Rationale: 'Protects corporate leadership's constitutional privacy rights and prevents intrusive governmental overreach into personal mobile devices that contain '.",Defend Against DOJ Demands for Executive Private Messaging Communications,"File emergency protective order motions before the federal magistrate judge in D.N.J., opposing DOJ discovery subpoenas demanding forensic physical extraction of personal text messages and encrypted communications from Apple executive officers.",File protective order on executive personal messaging,maintain,Protects corporate leadership's constitutional privacy rights and prevents intrusive governmental overreach into personal mobile devices that contain no relevant corporate business records.,"[{""name"": ""Targeted Corporate Executives"", ""value"": ""25"", ""unit"": ""senior officers"", ""observed_on"": ""2024-11-01""}]",Legal,reported,"{legal,maintain}",Corporate Governance;Legal,Legal proved that all business communications were already preserved through enterprise archiving tools; DOJ prosecutors insisted on inspecting personal devices for evidence of auto-deleting messaging apps; The magistrate judge reviewed privacy protocols.
AAPL-2024Q4-0131,Apple Inc.,2024-11-01,quarterly_filings/2024_Q4.pdf,https://www.sec.gov/ix?doc=/Archives/edgar/data/0000320193/000032019324000106/aapl-20240928.htm,Item 1. Legal Proceedings,"Disclosure Context (2024_Q4): Trigger: 'Apple FY2024 Form 10-K (filed November 1, 2024) discloses operational, financial, and regulatory context for Legal management decisions'. Management Action: 'Formulate Rebuttal on DOJ Smartwatch Ecosystem Tying Allegations'. Scope: 'Authorized and documented in Item 1. Legal Proceedings'. Rationale: 'Demonstrates that developing Apple Watch as an integrated iPhone companion device reflects pro-competitive product design rather than an exclusionary '.",Formulate Rebuttal on DOJ Smartwatch Ecosystem Tying Allegations,Prepare expert antitrust economic declarations and technical specifications refuting the DOJ's claim that Apple unlawfully locks consumers into the iPhone ecosystem by refusing to build an Apple Watch client for Google Android devices.,Prepare smartwatch antitrust economic defense,investigate,Demonstrates that developing Apple Watch as an integrated iPhone companion device reflects pro-competitive product design rather than an exclusionary Section 2 Sherman Act violation.,"[{""name"": ""Global Wearables Market Share"", ""value"": ""22"", ""unit"": ""percent"", ""observed_on"": ""2024-11-01""}]",Legal,reported,"{legal,investigate}",R&D;Finance,"R&D proved that supporting Android would have required massive architectural compromises that degraded biometric health sensor battery life; Economists demonstrated that Android users had ample competing smartwatch alternatives (Samsung Galaxy Watch, Garmin); Finance tracked litigation defense reserves."
AAPL-2024Q4-0132,Apple Inc.,2024-11-01,quarterly_filings/2024_Q4.pdf,https://www.sec.gov/ix?doc=/Archives/edgar/data/0000320193/000032019324000106/aapl-20240928.htm,Item 1. Legal Proceedings,"Disclosure Context (2024_Q4): Trigger: 'Apple FY2024 Form 10-K (filed November 1, 2024) discloses operational, financial, and regulatory context for Legal management decisions'. Management Action: 'Audit Cross-Platform Messaging Antitrust Exposure Post-RCS Deployment'. Scope: 'Authorized and documented in Item 1. Legal Proceedings'. Rationale: 'Assesses whether adopting RCS eliminates the factual basis of the government's messaging claims, providing grounds for partial summary judgment in fed'.",Audit Cross-Platform Messaging Antitrust Exposure Post-RCS Deployment,Conduct an internal legal review evaluating whether the integration of GSMA Universal Profile Rich Communication Services (RCS) in iOS 18 mooted the Department of Justice's antitrust allegations regarding green-bubble degradation and messaging lock-in.,Audit messaging antitrust exposure post-RCS,investigate,"Assesses whether adopting RCS eliminates the factual basis of the government's messaging claims, providing grounds for partial summary judgment in federal court.","[{""name"": ""GSMA RCS Standard"", ""value"": ""Universal Profile 2.4"", ""unit"": ""standard"", ""observed_on"": ""2024-11-01""}]",Legal,reported,"{legal,investigate}",Operations;Corporate Communications,"Legal highlighted that high-resolution media, read receipts, and typing indicators now operate seamlessly between iOS and Android; The DOJ maintained that retaining green-bubble coloration still stigmatized non-Apple users; Outside counsel prepared supplemental briefing on technical mootness."
AAPL-2024Q4-0133,Apple Inc.,2024-11-01,quarterly_filings/2024_Q4.pdf,https://www.sec.gov/ix?doc=/Archives/edgar/data/0000320193/000032019324000106/aapl-20240928.htm,Note 9 – Contingencies,"Disclosure Context (2024_Q4): Trigger: 'Apple FY2024 Form 10-K (filed November 1, 2024) discloses operational, financial, and regulatory context for Legal management decisions'. Management Action: 'Respond to Coordinated Discovery Requests in Apple Pay Consumer Class Action'. Scope: 'Authorized and documented in Note 9 – Contingencies'. Rationale: 'Defends Apple's contactless payment hardware security architecture against plaintiffs' demands for internal transaction fee ledgers and merchant exclu'.",Respond to Coordinated Discovery Requests in Apple Pay Consumer Class Action,Submit formal responses to broad electronic discovery demands and class certification interrogatories in the U.S. District Court for the Northern District of California in consumer antitrust litigation challenging Apple Pay's exclusive access to iPhone NFC chips.,Respond to Apple Pay class certification discovery,investigate,Defends Apple's contactless payment hardware security architecture against plaintiffs' demands for internal transaction fee ledgers and merchant exclusivity agreements.,"[{""name"": ""Class Action Docket"", ""value"": ""4:22-cv-04018"", ""unit"": ""docket"", ""observed_on"": ""2024-11-01""}]",Legal,reported,"{legal,investigate}",Finance;Operations,Plaintiffs' attorneys sought billions in alleged overcharge damages representing Apple's 0.15% card issuer transaction fees; Legal emphasized that opening the NFC antenna directly compromised Secure Element payment credentials; Finance tracked class certification briefing schedules.
AAPL-2024Q4-0134,Apple Inc.,2024-11-01,quarterly_filings/2024_Q4.pdf,https://www.sec.gov/ix?doc=/Archives/edgar/data/0000320193/000032019324000106/aapl-20240928.htm,Item 2. MD&A - Regulatory Matters,"Disclosure Context (2024_Q4): Trigger: 'Apple FY2024 Form 10-K (filed November 1, 2024) discloses operational, financial, and regulatory context for Legal management decisions'. Management Action: 'Defend Against Escalating European Commission Article 5(4) Anti-Steering Sanctions'. Scope: 'Authorized and documented in Item 2. MD&A - Regulatory Matters'. Rationale: 'Aims to avert a formal non-compliance decision imposing daily periodic penalty payments or administrative fines of up to 10% of global annual turnover'.",Defend Against Escalating European Commission Article 5(4) Anti-Steering Sanctions,"Submit formal supplementary observations to the European Commission Directorate-General for Competition, responding to the Commission's escalating warnings that Apple's revised App Store link-out terms and initial acquisition fees continue to violate DMA anti-steering mandates.",Defend revised EU App Store steering terms,investigate,Aims to avert a formal non-compliance decision imposing daily periodic penalty payments or administrative fines of up to 10% of global annual turnover under the Digital Markets Act.,"[{""name"": ""Statutory Authority"", ""value"": ""Article 5(4) DMA"", ""unit"": ""statute"", ""observed_on"": ""2024-11-01""}, {""name"": ""Maximum Turnover Fine"", ""value"": ""10"", ""unit"": ""percent global turnover"", ""observed_on"": ""2024-11-01""}]",Legal,reported,"{legal,investigate}",Finance;Operations,Legal emphasized that Apple's revised terms allowed developers to freely promote offers and link out to web stores; European regulators asserted that any commercial fee levied on out-of-app user acquisition was illegal under the DMA; Finance calculated potential multi-billion euro fine exposure.
AAPL-2024Q4-0135,Apple Inc.,2024-11-01,quarterly_filings/2024_Q4.pdf,https://www.sec.gov/ix?doc=/Archives/edgar/data/0000320193/000032019324000106/aapl-20240928.htm,Item 2. MD&A - Regulatory Matters,"Disclosure Context (2024_Q4): Trigger: 'Apple FY2024 Form 10-K (filed November 1, 2024) discloses operational, financial, and regulatory context for Legal management decisions'. Management Action: 'Defend Core Technology Fee Justification in European Commission Third Investigation'. Scope: 'Authorized and documented in Item 2. MD&A - Regulatory Matters'. Rationale: 'Demonstrates that the CTF reflects legitimate cost-recovery for developer APIs, Xcode compilers, and security notarization infrastructure, refuting cl'.",Defend Core Technology Fee Justification in European Commission Third Investigation,File comprehensive accounting evidence and technical infrastructure cost studies with the European Commission defending the 0.50 EUR Core Technology Fee (CTF) in the formal non-compliance investigation opened under Article 8(2) of the Digital Markets Act.,Defend Core Technology Fee accounting basis,investigate,"Demonstrates that the CTF reflects legitimate cost-recovery for developer APIs, Xcode compilers, and security notarization infrastructure, refuting claims that the fee is an illegal deterrent to alternative app marketplaces.","[{""name"": ""Core Technology Fee"", ""value"": ""0.50"", ""unit"": ""EUR per install"", ""observed_on"": ""2024-11-01""}]",Legal,reported,"{legal,investigate}",Finance;R&D,Finance submitted audited developer tooling CapEx data demonstrating over $4B in annual platform engineering spend; European app developer coalitions testified that the 0.50 EUR fee bankrupted free viral apps; Regulators signaled profound skepticism toward per-install fees.
AAPL-2024Q4-0136,Apple Inc.,2024-11-01,quarterly_filings/2024_Q4.pdf,https://www.sec.gov/ix?doc=/Archives/edgar/data/0000320193/000032019324000106/aapl-20240928.htm,Item 2. MD&A - Regulatory Matters,"Disclosure Context (2024_Q4): Trigger: 'Apple FY2024 Form 10-K (filed November 1, 2024) discloses operational, financial, and regulatory context for Legal management decisions'. Management Action: 'Publish Compliance Roadmap for iOS 18.2 EU Default App Selection Architecture'. Scope: 'Authorized and documented in Item 2. MD&A - Regulatory Matters'. Rationale: 'Demonstrates tangible compliance with European gatekeeper obligations by enabling EU users to change defaults for phone calling, messaging, browsing, '.",Publish Compliance Roadmap for iOS 18.2 EU Default App Selection Architecture,"Publish comprehensive technical documentation and legal compliance disclosures submitted to the European Commission detailing the new Default Apps settings architecture in iOS 18.2, fulfilling DMA Article 6(3) mandates for user default selection.",Publish DMA default app compliance roadmap,expand,"Demonstrates tangible compliance with European gatekeeper obligations by enabling EU users to change defaults for phone calling, messaging, browsing, keyboards, and navigation.","[{""name"": ""Target iOS Version"", ""value"": ""18.2"", ""unit"": ""version"", ""observed_on"": ""2024-11-01""}]",Legal,reported,"{legal,expand}",R&D;Operations,Legal verified that the selection interface gave equal visibility to third-party competitors; R&D engineered system intent redirection without compromising sandbox security; Commission monitors commended the architectural implementation.
AAPL-2024Q4-0137,Apple Inc.,2024-11-01,quarterly_filings/2024_Q4.pdf,https://www.sec.gov/ix?doc=/Archives/edgar/data/0000320193/000032019324000106/aapl-20240928.htm,Item 2. MD&A - Regulatory Matters,"Disclosure Context (2024_Q4): Trigger: 'Apple FY2024 Form 10-K (filed November 1, 2024) discloses operational, financial, and regulatory context for Legal management decisions'. Management Action: 'Defend Statutory Legality of Withholding Features in EU Under DMA Article 6(7)'. Scope: 'Authorized and documented in Item 2. MD&A - Regulatory Matters'. Rationale: 'Asserts that Apple cannot be legally compelled under DMA interoperability provisions to license proprietary operating system memory and Private Cloud '.",Defend Statutory Legality of Withholding Features in EU Under DMA Article 6(7),"Submit formal legal memoranda to the European Commission Directorate-General for Communications Networks, Content and Technology (DG CONNECT), defending Apple's decision to withhold Apple Intelligence, iPhone Mirroring, and SharePlay Screen Sharing from EU users.",Defend legal right to withhold EU features,maintain,Asserts that Apple cannot be legally compelled under DMA interoperability provisions to license proprietary operating system memory and Private Cloud Compute server architectures to third-party competitors at the expense of consumer cybersecurity.,"[{""name"": ""Withheld Platform Features"", ""value"": ""3"", ""unit"": ""major software suites"", ""observed_on"": ""2024-11-01""}]",Legal,reported,"{legal,maintain}",R&D;Corporate Communications,Legal argued that forced interoperability under Article 6(7) violated Apple's intellectual property protections; EU regulators accused Apple of weaponizing feature delays to undermine the DMA; Consumer advocacy groups demanded immediate feature parity.
AAPL-2024Q4-0138,Apple Inc.,2024-11-01,quarterly_filings/2024_Q4.pdf,https://www.sec.gov/ix?doc=/Archives/edgar/data/0000320193/000032019324000106/aapl-20240928.htm,Note 9 – Contingencies,"Disclosure Context (2024_Q4): Trigger: 'Apple FY2024 Form 10-K (filed November 1, 2024) discloses operational, financial, and regulatory context for Legal management decisions'. Management Action: 'Execute Binding European Apple Pay NFC Chip Commitments Monitoring'. Scope: 'Authorized and documented in Note 9 – Contingencies'. Rationale: 'Maintains total transparent compliance with binding Article 9 antitrust commitments, ensuring third-party banks and digital wallets enjoy fair, non-di'.",Execute Binding European Apple Pay NFC Chip Commitments Monitoring,Coordinate with the independent Monitoring Trustee appointed by the European Commission to verify Apple's technical compliance with the 10-year commitments granting third-party mobile payment apps free access to the iPhone NFC chip under Host Card Emulation (HCE) APIs.,Facilitate NFC monitoring trustee compliance audits,maintain,"Maintains total transparent compliance with binding Article 9 antitrust commitments, ensuring third-party banks and digital wallets enjoy fair, non-discriminatory access to iPhone contactless payment hardware.","[{""name"": ""Commitment Duration"", ""value"": ""10"", ""unit"": ""years"", ""observed_on"": ""2024-11-01""}]",Legal,reported,"{legal,maintain}",R&D;Operations,R&D provided the Monitoring Trustee with full API source code documentation and telemetry logs; Legal reviewed third-party developer access disputes; The Trustee certified that Apple's onboarding process was objective and non-discriminatory.
AAPL-2024Q4-0139,Apple Inc.,2024-11-01,quarterly_filings/2024_Q4.pdf,https://www.sec.gov/ix?doc=/Archives/edgar/data/0000320193/000032019324000106/aapl-20240928.htm,Note 6 – Income Taxes,"Disclosure Context (2024_Q4): Trigger: 'Apple FY2024 Form 10-K (filed November 1, 2024) discloses operational, financial, and regulatory context for Legal management decisions'. Management Action: 'Execute Formal Legal Closing of ECJ Ireland State Aid Proceedings'. Scope: 'Authorized and documented in Note 6 – Income Taxes'. Rationale: 'Brings definitive, irreversible legal closure to the decade-long corporate tax dispute, terminating all active appellate proceedings and resolving all'.",Execute Formal Legal Closing of ECJ Ireland State Aid Proceedings,"Execute final legal protocols with the Court of Justice of the European Union, the European Commission, and the Irish Revenue Commissioners formally acknowledging the finality of the September 10, 2024 judgment in Case C-465/20 P.",Formally close ECJ state aid litigation,approve,"Brings definitive, irreversible legal closure to the decade-long corporate tax dispute, terminating all active appellate proceedings and resolving all outstanding state aid claims.","[{""name"": ""Settled Disputed Tax"", ""value"": ""13.0"", ""unit"": ""billion EUR"", ""observed_on"": ""2024-11-01""}]",Legal,reported,"{legal,approve}",Finance;Corporate Governance,Legal confirmed that the judgment struck down the 2020 General Court annulment without further right of appeal; Finance verified the release of restricted escrow accounts; Corporate governance committees formally retired the matter from ongoing litigation agendas.
AAPL-2024Q4-0140,Apple Inc.,2024-11-01,quarterly_filings/2024_Q4.pdf,https://www.sec.gov/ix?doc=/Archives/edgar/data/0000320193/000032019324000106/aapl-20240928.htm,Note 6 – Income Taxes,"Disclosure Context (2024_Q4): Trigger: 'Apple FY2024 Form 10-K (filed November 1, 2024) discloses operational, financial, and regulatory context for Legal management decisions'. Management Action: 'Audit Irish Corporate Entity Governance Following State Aid Disgorgement'. Scope: 'Authorized and documented in Note 6 – Income Taxes'. Rationale: 'Ensures that the final resolution of the state aid case leaves Apple's current operational headquarters in Cork, Ireland fully protected against futur'.",Audit Irish Corporate Entity Governance Following State Aid Disgorgement,"Conduct a comprehensive legal and corporate governance audit across Apple's primary Irish operating entities (Apple Operations International and Apple Sales International), verifying that current corporate structures strictly adhere to post-2015 tax residency and transfer pricing rules.",Audit post-judgment Irish corporate governance,maintain,"Ensures that the final resolution of the state aid case leaves Apple's current operational headquarters in Cork, Ireland fully protected against future tax controversy.","[{""name"": ""Audited Irish Entities"", ""value"": ""4"", ""unit"": ""operating entities"", ""observed_on"": ""2024-11-01""}]",Legal,reported,"{legal,maintain}",Finance;Legal,Legal confirmed that Irish tax residency reforms enacted in 2015 eliminated branch profit allocation agreements; Tax directors verified that intellectual property amortization complied with Irish tax statutes; Corporate controllers affirmed clean legal standing.
AAPL-2024Q4-0141,Apple Inc.,2024-11-01,quarterly_filings/2024_Q4.pdf,https://www.sec.gov/ix?doc=/Archives/edgar/data/0000320193/000032019324000106/aapl-20240928.htm,Note 9 – Contingencies,"Disclosure Context (2024_Q4): Trigger: 'Apple FY2024 Form 10-K (filed November 1, 2024) discloses operational, financial, and regulatory context for Legal management decisions'. Management Action: 'File Notice of Appeal in CJEU General Court Challenging €1.84B Music Streaming Fine'. Scope: 'Authorized and documented in Note 9 – Contingencies'. Rationale: 'Seeks to overturn or substantially reduce the €1.84B penalty by demonstrating that the Commission committed manifest legal errors by applying an unpro'.",File Notice of Appeal in CJEU General Court Challenging €1.84B Music Streaming Fine,"File Apple's formal Application for Annulment with the General Court of the European Union in Case T-392/24, contesting the European Commission's March 4, 2024 decision imposing an arbitrary 1.84 billion euro antitrust penalty regarding App Store anti-steering provisions for music streaming apps.",File CJEU application for annulment of music fine,investigate,Seeks to overturn or substantially reduce the €1.84B penalty by demonstrating that the Commission committed manifest legal errors by applying an unproven 'unfair trading conditions' theory without demonstrating actual consumer price inflation or exclusion of Spotify.,"[{""name"": ""Appealed Penalty"", ""value"": ""1.84"", ""unit"": ""billion EUR"", ""observed_on"": ""2024-11-01""}]",Legal,reported,"{legal,investigate}",Finance;Corporate Governance,Outside European competition counsel drafted comprehensive grounds of appeal challenging the Commission's arbitrary lump-sum penalty calculation; Finance maintained a 1.84 billion euro bank guarantee to stay collection; The General Court docketed the action.
AAPL-2024Q4-0142,Apple Inc.,2024-11-01,quarterly_filings/2024_Q4.pdf,https://www.sec.gov/ix?doc=/Archives/edgar/data/0000320193/000032019324000106/aapl-20240928.htm,Item 2. MD&A - Regulatory Matters,"Disclosure Context (2024_Q4): Trigger: 'Apple FY2024 Form 10-K (filed November 1, 2024) discloses operational, financial, and regulatory context for Legal management decisions'. Management Action: 'Defend Against French Competition Authority (ADLC) Statement of Objections on ATT'. Scope: 'Authorized and documented in Item 2. MD&A - Regulatory Matters'. Rationale: 'Protects the iOS privacy consent model against regulatory orders that could force Apple to weaken user tracking consent prompts or pay substantial adm'.",Defend Against French Competition Authority (ADLC) Statement of Objections on ATT,"Submit final written defense briefs and expert economic testimonies to the French Autorité de la Concurrence in Case 21/0024 F, refuting allegations that Apple's App Tracking Transparency (ATT) framework constitutes an abuse of dominance by self-preferencing Apple Search Ads over third-party ad brokers.",File final defense in French ATT antitrust action,investigate,Protects the iOS privacy consent model against regulatory orders that could force Apple to weaken user tracking consent prompts or pay substantial administrative fines in France.,"[{""name"": ""Statutory Authority"", ""value"": ""Article L. 420-2 French Commercial Code"", ""unit"": ""statute"", ""observed_on"": ""2024-11-01""}]",Legal,reported,"{legal,investigate}",Operations;Finance,Legal proved that Apple Search Ads obeys identical user tracking consent standards under GDPR; French advertising trade associations demanded behavioral remedies and financial penalties; The Autorité scheduled final oral hearings for late 2024.
AAPL-2024Q4-0143,Apple Inc.,2024-11-01,quarterly_filings/2024_Q4.pdf,https://www.sec.gov/ix?doc=/Archives/edgar/data/0000320193/000032019324000106/aapl-20240928.htm,Item 2. MD&A - Regulatory Matters,"Disclosure Context (2024_Q4): Trigger: 'Apple FY2024 Form 10-K (filed November 1, 2024) discloses operational, financial, and regulatory context for Legal management decisions'. Management Action: 'Monitor German Federal Cartel Office Section 19a Platform Oversight Proceedings'. Scope: 'Authorized and documented in Item 2. MD&A - Regulatory Matters'. Rationale: 'Seeks to prevent the German cartel office from imposing unilateral national remedy orders that conflict with or duplicate European Union Digital Marke'.",Monitor German Federal Cartel Office Section 19a Platform Oversight Proceedings,Submit legal observations to the Bundeskartellamt in Bonn regarding ongoing administrative proceedings examining Apple's App Tracking Transparency and in-app payment rules under Section 19a of the German Competition Act (GWB).,Submit observations in German cartel office probe,investigate,Seeks to prevent the German cartel office from imposing unilateral national remedy orders that conflict with or duplicate European Union Digital Markets Act rules.,"[{""name"": ""Statutory Authority"", ""value"": ""Section 19a GWB"", ""unit"": ""statute"", ""observed_on"": ""2024-11-01""}]",Legal,reported,"{legal,investigate}",Finance;Operations,Legal asserted that the Federal Court of Justice's dismissal of Apple's appeal did not give the cartel office authority to bypass EU DMA harmonized enforcement; The Bundeskartellamt defended its concurrent jurisdiction; Finance monitored compliance costs.
AAPL-2024Q4-0144,Apple Inc.,2024-11-01,quarterly_filings/2024_Q4.pdf,https://www.sec.gov/ix?doc=/Archives/edgar/data/0000320193/000032019324000106/aapl-20240928.htm,Note 9 – Contingencies,"Disclosure Context (2024_Q4): Trigger: 'Apple FY2024 Form 10-K (filed November 1, 2024) discloses operational, financial, and regulatory context for Legal management decisions'. Management Action: 'Submit Final Supplementary Briefing on 27% External Link Fee to Judge Gonzalez Rogers'. Scope: 'Authorized and documented in Note 9 – Contingencies'. Rationale: 'Rebuts Epic's motion to hold Apple in civil contempt, demonstrating that the 27% commission rate lawfully compensates Apple for platform intellectual '.",Submit Final Supplementary Briefing on 27% External Link Fee to Judge Gonzalez Rogers,"Submit final court-ordered supplemental financial declarations and economic expert statements in the U.S. District Court for the Northern District of California in Epic Games v. Apple Inc. (Docket 4:20-cv-05640), defending the reasonableness of Apple's 27% external purchase commission.",Submit final contempt defense briefing in Epic case,investigate,"Rebuts Epic's motion to hold Apple in civil contempt, demonstrating that the 27% commission rate lawfully compensates Apple for platform intellectual property and user discovery as permitted by the Ninth Circuit.","[{""name"": ""Disputed Commission Rate"", ""value"": ""27"", ""unit"": ""percent"", ""observed_on"": ""2024-11-01""}]",Legal,reported,"{legal,investigate}",Finance;Corporate Governance,Legal presented detailed platform cost accounting justifying the 27% fee; Epic argued that the fee and interstitial warning screens intentionally nullified the court's injunction; Judge Gonzalez Rogers took the matter under submission after expressing sharp skepticism of Apple's compliance.
AAPL-2024Q4-0145,Apple Inc.,2024-11-01,quarterly_filings/2024_Q4.pdf,https://www.sec.gov/ix?doc=/Archives/edgar/data/0000320193/000032019324000106/aapl-20240928.htm,Note 9 – Contingencies,"Disclosure Context (2024_Q4): Trigger: 'Apple FY2024 Form 10-K (filed November 1, 2024) discloses operational, financial, and regulatory context for Legal management decisions'. Management Action: 'Formulate Operational Contingency Roadmap for Judicial Fee Reduction Mandate'. Scope: 'Authorized and documented in Note 9 – Contingencies'. Rationale: 'Ensures operational capability to deploy compliant App Store review guidelines and StoreKit API changes within 7 business days of an adverse federal c'.",Formulate Operational Contingency Roadmap for Judicial Fee Reduction Mandate,Draft emergency engineering specifications and App Store guideline revisions preparing for a court order mandating the reduction or complete elimination of commissions on external purchase link-outs in the United States.,Prepare contingency App Store fee reduction guidelines,revise,"Ensures operational capability to deploy compliant App Store review guidelines and StoreKit API changes within 7 business days of an adverse federal court contempt ruling, preventing coercive daily judicial fines.","[{""name"": ""Implementation Window"", ""value"": ""7"", ""unit"": ""business days"", ""observed_on"": ""2024-11-01""}]",Legal,reported,"{legal,revise}",Operations;Finance,R&D prepared server-side switches to disable the 27% fee accounting check in StoreKit; Finance modeled potential U.S. gaming revenue dilution under a zero-commission scenario; Legal completed draft compliance declarations for Judge Gonzalez Rogers.
AAPL-2024Q4-0146,Apple Inc.,2024-11-01,quarterly_filings/2024_Q4.pdf,https://www.sec.gov/ix?doc=/Archives/edgar/data/0000320193/000032019324000106/aapl-20240928.htm,Item 2. MD&A - Services,"Disclosure Context (2024_Q4): Trigger: 'Apple FY2024 Form 10-K (filed November 1, 2024) discloses operational, financial, and regulatory context for Legal management decisions'. Management Action: 'Audit StoreKit External Purchase Link Warning Sheet Interstitial Compliance'. Scope: 'Authorized and documented in Item 2. MD&A - Services'. Rationale: 'Aims to eliminate UX friction points that Judge Gonzalez Rogers criticized during evidentiary hearings as deliberate deterrents to external developer '.",Audit StoreKit External Purchase Link Warning Sheet Interstitial Compliance,"Conduct an internal legal and user-experience compliance review of the modal sheet displayed when users tap an external purchase link, assessing whether removing technical warning text satisfies judicial anti-steering standards.",Audit external purchase link warning sheet UX,revise,Aims to eliminate UX friction points that Judge Gonzalez Rogers criticized during evidentiary hearings as deliberate deterrents to external developer transactions.,"[{""name"": ""Modal Sheet Display Steps"", ""value"": ""1"", ""unit"": ""confirmation dialog"", ""observed_on"": ""2024-11-01""}]",Legal,reported,"{legal,revise}",Operations;R&D,"R&D simplified the interstitial dialog to a clean, neutral notice stating that the user is leaving the App Store to complete a transaction on the web; Legal confirmed the revision addressed the court's concerns; Marketing verified customer trust."
AAPL-2024Q4-0147,Apple Inc.,2024-11-01,quarterly_filings/2024_Q4.pdf,https://www.sec.gov/ix?doc=/Archives/edgar/data/0000320193/000032019324000106/aapl-20240928.htm,Item 2. MD&A - Regulatory Matters,"Disclosure Context (2024_Q4): Trigger: 'Apple FY2024 Form 10-K (filed November 1, 2024) discloses operational, financial, and regulatory context for Legal management decisions'. Management Action: 'Defend Developer Program Account Termination Rights in Global Antitrust Inquiries'. Scope: 'Authorized and documented in Item 2. MD&A - Regulatory Matters'. Rationale: 'Preserves Apple's fundamental legal right to police platform security and contractual compliance against corporate developers who publicly advocate vi'.",Defend Developer Program Account Termination Rights in Global Antitrust Inquiries,"Submit legal briefs defending Apple's contractual right to terminate developer accounts that willfully breach platform terms (including Epic Games Sweden's developer account), refuting claims from international regulators that account enforcement constitutes abusive retaliation.",Defend developer account termination authority,maintain,Preserves Apple's fundamental legal right to police platform security and contractual compliance against corporate developers who publicly advocate violating App Store guidelines.,"[{""name"": ""Statutory Review Standard"", ""value"": ""Contractual Breach and Rule 65"", ""unit"": ""standard"", ""observed_on"": ""2024-11-01""}]",Legal,reported,"{legal,maintain}",Corporate Governance;Legal,Legal demonstrated that Epic Games had repeatedly orchestrated intentional platform breaches; European regulators warned that terminating developer accounts threatened alternative marketplace competition; Apple reinstated the account under strict compliance commitments.
AAPL-2024Q4-0148,Apple Inc.,2024-11-01,quarterly_filings/2024_Q4.pdf,https://www.sec.gov/ix?doc=/Archives/edgar/data/0000320193/000032019324000106/aapl-20240928.htm,Item 2. MD&A - Services,"Disclosure Context (2024_Q4): Trigger: 'Apple FY2024 Form 10-K (filed November 1, 2024) discloses operational, financial, and regulatory context for Legal management decisions'. Management Action: 'Audit Developer Financial Reporting Verification on External Web Transactions'. Scope: 'Authorized and documented in Item 2. MD&A - Services'. Rationale: 'Ensures accurate collection of contracted 27% commissions on web transactions initiated through App Store links, preventing systemic commission evasio'.",Audit Developer Financial Reporting Verification on External Web Transactions,"Conduct quarterly accounting audits on external purchase transaction reports submitted by participating App Store developers under the StoreKit External Purchase Link Entitlement, verifying gross receipts and calculated commission remittances.",Audit developer external sales reporting,maintain,"Ensures accurate collection of contracted 27% commissions on web transactions initiated through App Store links, preventing systemic commission evasion.","[{""name"": ""Audited Developer Portals"", ""value"": ""350"", ""unit"": ""developer accounts"", ""observed_on"": ""2024-11-01""}]",Legal,reported,"{legal,maintain}",Finance;Operations,Finance validated developer reporting ledgers against payment gateway receipts; Operations resolved transaction reconciliation disputes; Legal issued formal compliance demand letters to 18 developers who underreported web sales.
AAPL-2024Q4-0149,Apple Inc.,2024-11-01,quarterly_filings/2024_Q4.pdf,https://www.sec.gov/ix?doc=/Archives/edgar/data/0000320193/000032019324000106/aapl-20240928.htm,Item 1A. Risk Factors,"Disclosure Context (2024_Q4): Trigger: 'Apple FY2024 Form 10-K (filed November 1, 2024) discloses operational, financial, and regulatory context for Legal management decisions'. Management Action: 'Formulate Strategic Legal Response to DOJ Proposed Remedies in US v. Google'. Scope: 'Authorized and documented in Item 1A. Risk Factors'. Rationale: 'Defends Apple's legal right to negotiate commercial distribution agreements that provide users with the best out-of-the-box search experience, protect'.",Formulate Strategic Legal Response to DOJ Proposed Remedies in US v. Google,"Formulate Apple's interested-party legal and amicus briefing strategy before Judge Amit Mehta in the U.S. District Court for the District of Columbia in United States v. Google LLC (Docket 1:20-cv-03010), following the DOJ's October 2024 proposed remedies framework seeking to prohibit default search revenue sharing.",Prepare amicus response to Google antitrust remedies,investigate,"Defends Apple's legal right to negotiate commercial distribution agreements that provide users with the best out-of-the-box search experience, protecting approximately $20 billion in annual search licensing revenue.","[{""name"": ""DOJ Remedies Docket"", ""value"": ""1:20-cv-03010"", ""unit"": ""docket"", ""observed_on"": ""2024-11-01""}, {""name"": ""Estimated TAC Exposure"", ""value"": ""20.0"", ""unit"": ""billion USD annual"", ""observed_on"": ""2024-11-01""}]",Legal,reported,"{legal,investigate}",Finance;Corporate Governance,Outside antitrust counsel advised that an outright ban on revenue sharing exceeded statutory antitrust remedial authority under Section 2; Finance modeled catastrophic Services gross margin dilution; Executive management authorized filing formal interested-party briefs opposing contract invalidation.
AAPL-2024Q4-0150,Apple Inc.,2024-11-01,quarterly_filings/2024_Q4.pdf,https://www.sec.gov/ix?doc=/Archives/edgar/data/0000320193/000032019324000106/aapl-20240928.htm,Item 2. MD&A - Services,"Disclosure Context (2024_Q4): Trigger: 'Apple FY2024 Form 10-K (filed November 1, 2024) discloses operational, financial, and regulatory context for Legal management decisions'. Management Action: 'Review Contractual Renegotiation Clauses in Google Information Services Agreement'. Scope: 'Authorized and documented in Item 2. MD&A - Services'. Rationale: 'Identifies contractual mechanisms to restructure search distribution compensation—such as fixed platform access licensing fees or API query processing'.",Review Contractual Renegotiation Clauses in Google Information Services Agreement,"Execute a thorough legal audit of force majeure, regulatory invalidation, and severability clauses within Apple's confidential Information Services Agreement (ISA) with Google LLC, evaluating contract modification pathways if judicial remedies prohibit revenue sharing.",Audit Google search agreement renegotiation clauses,investigate,Identifies contractual mechanisms to restructure search distribution compensation—such as fixed platform access licensing fees or API query processing payments—in the event that percentage revenue-sharing is prohibited.,"[{""name"": ""Contract Expiration Year"", ""value"": ""2026"", ""unit"": ""year"", ""observed_on"": ""2024-11-01""}]",Legal,reported,"{legal,investigate}",Finance;Legal,Legal reviewed severability terms to ensure that a ban on revenue sharing did not automatically terminate Google's obligations to provide high-quality search APIs; Finance evaluated fixed annual licensing models; Google corporate counsel participated in joint defense discussions.
AAPL-2024Q4-0151,Apple Inc.,2024-11-01,quarterly_filings/2024_Q4.pdf,https://www.sec.gov/ix?doc=/Archives/edgar/data/0000320193/000032019324000106/aapl-20240928.htm,Part I. Item 1A. Risk Factors,"Disclosure Context (2024_Q4): Trigger: 'Apple FY2024 Form 10-K (filed November 1, 2024) discloses operational, financial, and regulatory context for Legal management decisions'. Management Action: 'Update Form 10-K Item 1A Risk Factors on Search Partner Antitrust Exposure'. Scope: 'Authorized and documented in Part I. Item 1A. Risk Factors'. Rationale: 'Fulfills SEC Regulation S-K Item 105 disclosure mandates by transparently alerting capital markets to material legal risks confronting Apple's single '.",Update Form 10-K Item 1A Risk Factors on Search Partner Antitrust Exposure,Draft and publish comprehensive risk factor disclosures in the FY2024 Form 10-K explicitly detailing the adverse legal ruling against Google in United States v. Google and warning investors that proposed remedies prohibiting revenue sharing could materially harm Services revenue.,Disclose search licensing antitrust risk in 10-K,maintain,Fulfills SEC Regulation S-K Item 105 disclosure mandates by transparently alerting capital markets to material legal risks confronting Apple's single most profitable licensing contract.,"[{""name"": ""Form 10-K Filing Date"", ""value"": ""2024-11-01"", ""unit"": ""date"", ""observed_on"": ""2024-11-01""}]",Legal,reported,"{legal,maintain}",Finance;Corporate Governance,Legal drafted precise disclosure language detailing the liability finding and pending remedy proceedings; Finance confirmed the disclosure seasoned capital markets appropriately; The Board Audit Committee ratified the expanded Item 1A text.
AAPL-2024Q4-0152,Apple Inc.,2024-11-01,quarterly_filings/2024_Q4.pdf,https://www.sec.gov/ix?doc=/Archives/edgar/data/0000320193/000032019324000106/aapl-20240928.htm,Item 2. MD&A - Regulatory Matters,"Disclosure Context (2024_Q4): Trigger: 'Apple FY2024 Form 10-K (filed November 1, 2024) discloses operational, financial, and regulatory context for Legal management decisions'. Management Action: 'Evaluate Global Search Choice Screen Regulatory Precedents in Europe and Japan'. Scope: 'Authorized and documented in Item 2. MD&A - Regulatory Matters'. Rationale: 'Provides empirical evidence to federal courts demonstrating that mandatory choice screens do not enhance competition and merely introduce consumer fri'.",Evaluate Global Search Choice Screen Regulatory Precedents in Europe and Japan,"Conduct a comparative regulatory analysis of mandatory search engine choice screens in the European Union (under the DMA) and Japan, evaluating whether user query distribution shifts provide legal precedent to guide U.S. court remedy formulations.",Analyze global search choice screen empirical impacts,investigate,Provides empirical evidence to federal courts demonstrating that mandatory choice screens do not enhance competition and merely introduce consumer friction without shifting search market share.,"[{""name"": ""Jurisdictions Analyzed"", ""value"": ""2"", ""unit"": ""regulatory regions"", ""observed_on"": ""2024-11-01""}]",Legal,reported,"{legal,investigate}",R&D;Finance,Economists proved that over 80% of European users actively selected Google when presented with a randomized search choice screen; Legal demonstrated that choice screens imposed uncompensated engineering burdens on platform providers; Finance verified consumer drop-off metrics.
AAPL-2024Q4-0153,Apple Inc.,2024-11-01,quarterly_filings/2024_Q4.pdf,https://www.sec.gov/ix?doc=/Archives/edgar/data/0000320193/000032019324000106/aapl-20240928.htm,Item 1. Business - Privacy,"Disclosure Context (2024_Q4): Trigger: 'Apple FY2024 Form 10-K (filed November 1, 2024) discloses operational, financial, and regulatory context for Legal management decisions'. Management Action: 'Audit Privacy Safeguards for Multi-Provider Search Indexing in Safari'. Scope: 'Authorized and documented in Item 1. Business - Privacy'. Rationale: 'Ensures that expanding alternative search engine integrations does not compromise consumer privacy through unauthorized IP logging or behavioral user '.",Audit Privacy Safeguards for Multi-Provider Search Indexing in Safari,"Conduct a privacy and security compliance audit on Safari's search suggestion and autocomplete routing architecture, verifying that third-party search queries sent to alternative search providers (DuckDuckGo, Ecosia) adhere strictly to zero-tracking privacy standards.",Audit Safari multi-provider search query privacy,maintain,Ensures that expanding alternative search engine integrations does not compromise consumer privacy through unauthorized IP logging or behavioral user profiling.,"[{""name"": ""Supported Search Providers"", ""value"": ""5"", ""unit"": ""search engines"", ""observed_on"": ""2024-11-01""}]",Legal,reported,"{legal,maintain}",R&D;Legal,Privacy engineering verified that all Safari search queries are stripped of personal identifiers before transmission; Legal audited third-party data processing contracts; Independent cybersecurity researchers confirmed zero query leakage.
AAPL-2024Q4-0154,Apple Inc.,2024-11-01,quarterly_filings/2024_Q4.pdf,https://www.sec.gov/ix?doc=/Archives/edgar/data/0000320193/000032019324000106/aapl-20240928.htm,Note 9 – Contingencies,"Disclosure Context (2024_Q4): Trigger: 'Apple FY2024 Form 10-K (filed November 1, 2024) discloses operational, financial, and regulatory context for Legal management decisions'. Management Action: 'Prepare Oral Argument Defense in Federal Circuit Appeal of Masimo ITC Order'. Scope: 'Authorized and documented in Note 9 – Contingencies'. Rationale: 'Seeks to vacate the ITC's limited exclusion order on grounds that Masimo lacked a qualifying domestic industry at the time of filing and that asserted'.",Prepare Oral Argument Defense in Federal Circuit Appeal of Masimo ITC Order,"Prepare formal oral argument outlines and moot-court cross-examinations for Apple Inc. v. International Trade Commission and Masimo Corp. (Docket 24-1285) in the U.S. Court of Appeals for the Federal Circuit, challenging the ITC's exclusion order barring U.S. Apple Watch imports.",Prepare CAFC appellate oral argument in Masimo case,investigate,Seeks to vacate the ITC's limited exclusion order on grounds that Masimo lacked a qualifying domestic industry at the time of filing and that asserted pulse oximetry claims were obvious over prior art.,"[{""name"": ""Appellate Docket"", ""value"": ""24-1285"", ""unit"": ""CAFC docket"", ""observed_on"": ""2024-11-01""}]",Legal,reported,"{legal,investigate}",R&D;Finance,Appellate counsel emphasized that Masimo's commercial product was merely a planned prototype when the complaint was filed; Masimo defended the ITC's statutory interpretation; R&D provided technical schematics showing independent optical algorithm development.
AAPL-2024Q4-0155,Apple Inc.,2024-11-01,quarterly_filings/2024_Q4.pdf,https://www.sec.gov/ix?doc=/Archives/edgar/data/0000320193/000032019324000106/aapl-20240928.htm,Item 2. MD&A - Operations,"Disclosure Context (2024_Q4): Trigger: 'Apple FY2024 Form 10-K (filed November 1, 2024) discloses operational, financial, and regulatory context for Legal management decisions'. Management Action: 'Maintain CBP Exclusion Order Enforcement Branch Pre-Clearance Certifications'. Scope: 'Authorized and documented in Item 2. MD&A - Operations'. Rationale: 'Guarantees that tens of millions of holiday Apple Watch shipments clear U.S. ports of entry without regulatory detention, fully complying with the act'.",Maintain CBP Exclusion Order Enforcement Branch Pre-Clearance Certifications,"Submit quarterly compliance certifications, firmware hash verifications, and physical teardown reports to U.S. Customs and Border Protection Exclusion Order Enforcement Branch, verifying that 100% of Apple Watch Series 10 and Ultra 2 units imported into the U.S. lack active pulse oximetry code per Ruling HQ H336040.",Certify ongoing Apple Watch customs compliance,maintain,"Guarantees that tens of millions of holiday Apple Watch shipments clear U.S. ports of entry without regulatory detention, fully complying with the active ITC limited exclusion order.","[{""name"": ""CBP Ruling Compliance"", ""value"": ""HQ H336040"", ""unit"": ""ruling"", ""observed_on"": ""2024-11-01""}]",Legal,reported,"{legal,maintain}",Operations;R&D,Operations verified that dual-SKU supply chain segregation operated with 100% precision; R&D certified that pulse oximetry code was stripped from all U.S. iOS and watchOS firmware factory images; Customs confirmed pre-cleared status.
AAPL-2024Q4-0156,Apple Inc.,2024-11-01,quarterly_filings/2024_Q4.pdf,https://www.sec.gov/ix?doc=/Archives/edgar/data/0000320193/000032019324000106/aapl-20240928.htm,Note 9 – Contingencies,"Disclosure Context (2024_Q4): Trigger: 'Apple FY2024 Form 10-K (filed November 1, 2024) discloses operational, financial, and regulatory context for Legal management decisions'. Management Action: 'Evaluate Commercial Terms for Global Patent Settlement with Masimo Corporation'. Scope: 'Authorized and documented in Note 9 – Contingencies'. Rationale: 'Aims to achieve a permanent global legal resolution to all pulse oximetry patent and trade secret disputes, clearing the way to legally restore blood '.",Evaluate Commercial Terms for Global Patent Settlement with Masimo Corporation,"Engage in structured bilateral settlement discussions with Masimo Corporation executive management, evaluating commercial parameters for a comprehensive global patent cross-license, mutual dismissal of pending litigation, and running per-unit royalty caps.",Negotiate comprehensive Masimo patent settlement,investigate,"Aims to achieve a permanent global legal resolution to all pulse oximetry patent and trade secret disputes, clearing the way to legally restore blood oxygen monitoring on all U.S. Apple Watch models.","[{""name"": ""Disputed Patent Families"", ""value"": ""4"", ""unit"": ""patent families"", ""observed_on"": ""2024-11-01""}]",Legal,reported,"{legal,investigate}",Finance;Operations,Masimo demanded ongoing per-device royalties exceeding $3.00 and formal public licensing acknowledgment; Finance calculated that such terms would permanently compress Wearables gross margins; Executive leadership refused to concede on public licensing terms.
AAPL-2024Q4-0157,Apple Inc.,2024-11-01,quarterly_filings/2024_Q4.pdf,https://www.sec.gov/ix?doc=/Archives/edgar/data/0000320193/000032019324000106/aapl-20240928.htm,Note 9 – Contingencies,"Disclosure Context (2024_Q4): Trigger: 'Apple FY2024 Form 10-K (filed November 1, 2024) discloses operational, financial, and regulatory context for Legal management decisions'. Management Action: 'File PTAB Final Written Decision Appeals in Masimo Patent Invalidation Disputes'. Scope: 'Authorized and documented in Note 9 – Contingencies'. Rationale: 'Continues the multi-front patent invalidation strategy, asserting that the administrative patent judges applied an overly restrictive obviousness stan'.",File PTAB Final Written Decision Appeals in Masimo Patent Invalidation Disputes,File formal notices of appeal to the U.S. Court of Appeals for the Federal Circuit from mixed Patent Trial and Appeal Board (PTAB) final written decisions that upheld the validity of select claims in Masimo's pulse oximetry patent portfolio.,Appeal PTAB patent validity decisions to CAFC,investigate,"Continues the multi-front patent invalidation strategy, asserting that the administrative patent judges applied an overly restrictive obviousness standard that ignored anticipatory 1990s medical sensor prior art.","[{""name"": ""Appealed PTAB Dockets"", ""value"": ""2"", ""unit"": ""inter partes reviews"", ""observed_on"": ""2024-11-01""}]",Legal,reported,"{legal,investigate}",R&D;Legal,Patent litigation counsel highlighted contradictory prior art interpretations between the PTAB and European patent examiners; R&D provided expert technical declarations on sensor physics; Finance approved ongoing appellate filing expenses.
AAPL-2024Q4-0158,Apple Inc.,2024-11-01,quarterly_filings/2024_Q4.pdf,https://www.sec.gov/ix?doc=/Archives/edgar/data/0000320193/000032019324000106/aapl-20240928.htm,Note 9 – Contingencies,"Disclosure Context (2024_Q4): Trigger: 'Apple FY2024 Form 10-K (filed November 1, 2024) discloses operational, financial, and regulatory context for Legal management decisions'. Management Action: 'Defend Against Masimo Trade Secret Retrial in Central District of California'. Scope: 'Authorized and documented in Note 9 – Contingencies'. Rationale: 'Aims to defeat Masimo's multi-billion dollar trade secret damages demands following a hung jury mistrial in the initial 2023 trial.'.",Defend Against Masimo Trade Secret Retrial in Central District of California,"Prepare motions in limine and expert witness disclosures in Masimo Corp. v. Apple Inc. (Docket 8:20-cv-00048) in the Central District of California, defending against claims that Apple misappropriated confidential pulse oximetry trade secrets during employee hiring in 2013.",Prepare trade secret jury retrial defense,investigate,Aims to defeat Masimo's multi-billion dollar trade secret damages demands following a hung jury mistrial in the initial 2023 trial.,"[{""name"": ""Alleged Trade Secret Claims"", ""value"": ""7"", ""unit"": ""asserted secrets"", ""observed_on"": ""2024-11-01""}]",Legal,reported,"{legal,investigate}",R&D;Finance,Legal proved that all physiological sensor algorithms were independently engineered by Apple teams without using Masimo proprietary information; Masimo sought over $3B in unjust enrichment damages; The district court scheduled retrial dates for 2025.
AAPL-2024Q4-0159,Apple Inc.,2024-11-01,quarterly_filings/2024_Q4.pdf,https://www.sec.gov/ix?doc=/Archives/edgar/data/0000320193/000032019324000106/aapl-20240928.htm,Note 9 – Contingencies,"Disclosure Context (2024_Q4): Trigger: 'Apple FY2024 Form 10-K (filed November 1, 2024) discloses operational, financial, and regulatory context for Legal management decisions'. Management Action: 'Prepare Defense in UK CAT £785M Developer Collective Action Trial Timetable'. Scope: 'Authorized and documented in Note 9 – Contingencies'. Rationale: 'Defends against an opt-out collective proceedings order claiming £785 million in aggregate damages on behalf of 1,500 UK developers, demonstrating tha'.",Prepare Defense in UK CAT £785M Developer Collective Action Trial Timetable,"Submit case management pleadings and expert witness witness rosters in the UK Competition Appeal Tribunal in Sean Ennis v. Apple Inc. (Case 1601/7/7/23), preparing for a multi-week full trial on allegations that 30% App Store commissions constitute an abuse of dominant position.",Prepare UK CAT developer collective action trial defense,investigate,"Defends against an opt-out collective proceedings order claiming £785 million in aggregate damages on behalf of 1,500 UK developers, demonstrating that commission rates reflect substantial platform R&D investments.","[{""name"": ""UK Damages Claim"", ""value"": ""785"", ""unit"": ""million GBP"", ""observed_on"": ""2024-11-01""}]",Legal,reported,"{legal,investigate}",Finance;Operations,London competition barristers prepared economic evidence showing Apple's commissions matched Google Play and Steam; Finance maintained litigation escrow reserves; The CAT set a definitive multi-week trial for early 2025.
AAPL-2024Q4-0160,Apple Inc.,2024-11-01,quarterly_filings/2024_Q4.pdf,https://www.sec.gov/ix?doc=/Archives/edgar/data/0000320193/000032019324000106/aapl-20240928.htm,Item 2. MD&A - Regulatory Matters,"Disclosure Context (2024_Q4): Trigger: 'Apple FY2024 Form 10-K (filed November 1, 2024) discloses operational, financial, and regulatory context for Legal management decisions'. Management Action: 'Formulate Operational Architecture for Japan Smartphone Competition Promotion Act'. Scope: 'Authorized and documented in Item 2. MD&A - Regulatory Matters'. Rationale: 'Ensures total corporate alignment with Japan's landmark digital platform competition legislation ahead of its mandatory 2025 enforcement date, protect'.",Formulate Operational Architecture for Japan Smartphone Competition Promotion Act,"Collaborate with the Japan Fair Trade Commission (JFTC) and Ministry of Economy, Trade and Industry (METI) to review draft enforcement ordinances under Japan's Smartphone Competition Promotion Act, preparing compliance architectures for third-party app stores in Japan.",Prepare Japan antitrust statutory compliance framework,revise,"Ensures total corporate alignment with Japan's landmark digital platform competition legislation ahead of its mandatory 2025 enforcement date, protecting platform security while preempting severe administrative fines.","[{""name"": ""Japan Full-Year Net Sales"", ""value"": ""23,767"", ""unit"": ""million USD"", ""observed_on"": ""2024-11-01""}]",Legal,reported,"{legal,revise}",Finance;Operations,Legal analyzed Japanese statutory provisions governing alternative billing and sideloading; Finance modeled potential commission rate impacts in Japan; R&D adapted European DMA third-party marketplace notary code for Japanese deployment.
