case_id,company_name,decision_date,source_document_id,source_url,source_page_or_section,source_excerpt,decision_title,decision_description,documented_action,action_type,decision_rationale,quantitative_signals,department,department_basis,tags
AAPL-2024Q2-0321,Apple Inc.,2024-05-02,quarterly_filings/2024_Q2.pdf,https://www.sec.gov/edgar/browse/?CIK=0000320193,Item 2. Management's Discussion and Analysis - Finance,Disclosure Context (2024_Q2): Trigger: '$110B authorization and EPS focus'. Management Action: 'Accelerate'. Scope: 'Increase daily repurchase velocity post-earnings.'. Rationale: 'Supports EPS during -4% revenue decline.'.,Accelerate Share Repurchase Execution,Increase daily repurchase velocity post-earnings.,Accelerate,reduce,Supports EPS during -4% revenue decline.,"[{""name"": ""Revenue"", ""value"": ""-4%"", ""unit"": ""percentage"", ""observed_on"": ""2024-05-02""}, {""name"": ""EPS"", ""value"": ""1.53"", ""unit"": ""value"", ""observed_on"": ""2024-05-02""}, {""name"": ""Buyback"", ""value"": ""$110B"", ""unit"": ""currency"", ""observed_on"": ""2024-05-02""}]",Finance,reported,"{buyback,capital_return,finance,reduce}"
AAPL-2024Q2-0322,Apple Inc.,2024-05-02,quarterly_filings/2024_Q2.pdf,https://www.sec.gov/edgar/browse/?CIK=0000320193,Item 2. Management's Discussion and Analysis - Operations,Disclosure Context (2024_Q2): Trigger: 'iPad -17% YoY'. Management Action: '-12%'. Scope: 'Cut next-quarter builds by 12%.'. Rationale: 'Prevents channel overhang.'.,Reduce iPad Build Plan,Cut next-quarter builds by 12%.,-12%,reduce,Prevents channel overhang.,"[{""name"": ""iPad"", ""value"": ""-17%"", ""unit"": ""percentage"", ""observed_on"": ""2024-05-02""}, {""name"": ""Inventory"", ""value"": ""$6.2B"", ""unit"": ""currency"", ""observed_on"": ""2024-05-02""}]",Operations,reported,"{inventory,ipad,operations,reduce}"
AAPL-2024Q2-0323,Apple Inc.,2024-05-02,quarterly_filings/2024_Q2.pdf,https://www.sec.gov/edgar/browse/?CIK=0000320193,Item 2. Management's Discussion and Analysis - R&D,Disclosure Context (2024_Q2): Trigger: 'Services record revenue'. Management Action: 'Partial'. Scope: 'Refactor backend workloads for efficiency.'. Rationale: 'Protects 74.6% GM while lowering infra cost.'.,Optimize Services Backend Costs,Refactor backend workloads for efficiency.,Partial,revise,Protects 74.6% GM while lowering infra cost.,"[{""name"": ""Services_GM"", ""value"": ""74.6%"", ""unit"": ""percentage"", ""observed_on"": ""2024-05-02""}]",R&D,reported,"{cloud,r&d,revise,services}"
AAPL-2024Q2-0324,Apple Inc.,2024-05-02,quarterly_filings/2024_Q2.pdf,https://www.sec.gov/edgar/browse/?CIK=0000320193,Item 2. Management's Discussion and Analysis - Legal,Disclosure Context (2024_Q2): Trigger: 'EU DMA investigation'. Management Action: 'Partial'. Scope: 'Revise App Store EU linking disclosures.'. Rationale: 'Reduces fine risk while preserving structure.'.,DMA Compliance Revision,Revise App Store EU linking disclosures.,Partial,revise,Reduces fine risk while preserving structure.,"[{""name"": ""EU_Sales"", ""value"": ""24B"", ""unit"": ""currency"", ""observed_on"": ""2024-05-02""}, {""name"": ""DMA_Risk"", ""value"": ""High"", ""unit"": ""value"", ""observed_on"": ""2024-05-02""}]",Legal,reported,"{dma,eu,legal,revise}"
AAPL-2024Q2-0325,Apple Inc.,2024-05-02,quarterly_filings/2024_Q2.pdf,https://www.sec.gov/edgar/browse/?CIK=0000320193,Item 2. Management's Discussion and Analysis - Finance,Disclosure Context (2024_Q2): Trigger: 'Japan -13% sales; FX volatility'. Management Action: '+15%'. Scope: 'Increase hedge coverage 15%.'. Rationale: 'Stabilizes margin exposure.'.,Increase Yen Hedge Coverage,Increase hedge coverage 15%.,+15%,expand,Stabilizes margin exposure.,"[{""name"": ""Japan"", ""value"": ""-13%"", ""unit"": ""percentage"", ""observed_on"": ""2024-05-02""}]",Finance,reported,"{expand,finance,fx,yen}"
AAPL-2024Q2-0326,Apple Inc.,2024-05-02,quarterly_filings/2024_Q2.pdf,https://www.sec.gov/edgar/browse/?CIK=0000320193,Item 2. Management's Discussion and Analysis - Operations,Disclosure Context (2024_Q2): Trigger: 'Mac +4% YoY'. Management Action: '5%'. Scope: 'Shift 5% capacity from iPad to Mac.'. Rationale: 'Captures Mac growth.'.,Shift Capacity to Mac,Shift 5% capacity from iPad to Mac.,5%,revise,Captures Mac growth.,"[{""name"": ""Mac"", ""value"": ""+4%"", ""unit"": ""percentage"", ""observed_on"": ""2024-05-02""}, {""name"": ""iPad"", ""value"": ""-17%"", ""unit"": ""percentage"", ""observed_on"": ""2024-05-02""}]",Operations,reported,"{capacity,mac,operations,revise}"
AAPL-2024Q2-0327,Apple Inc.,2024-05-02,quarterly_filings/2024_Q2.pdf,https://www.sec.gov/edgar/browse/?CIK=0000320193,Item 2. Management's Discussion and Analysis - R&D,Disclosure Context (2024_Q2): Trigger: 'Wearables -10%'. Management Action: 'Delay'. Scope: 'Delay minor refresh to fall.'. Rationale: 'Avoid weak standalone cycle.'.,Delay Wearables Refresh,Delay minor refresh to fall.,Delay,defer,Avoid weak standalone cycle.,"[{""name"": ""Wearables"", ""value"": ""-10%"", ""unit"": ""percentage"", ""observed_on"": ""2024-05-02""}]",R&D,reported,"{defer,launch,r&d,wearables}"
AAPL-2024Q2-0328,Apple Inc.,2024-05-02,quarterly_filings/2024_Q2.pdf,https://www.sec.gov/edgar/browse/?CIK=0000320193,Item 2. Management's Discussion and Analysis - Finance,Disclosure Context (2024_Q2): Trigger: 'CP outstanding $2B'. Management Action: '-50%'. Scope: 'Reduce CP by 50%.'. Rationale: 'Strengthens balance optics.'.,Reduce Commercial Paper Balance,Reduce CP by 50%.,-50%,reduce,Strengthens balance optics.,"[{""name"": ""CP"", ""value"": ""$2B"", ""unit"": ""currency"", ""observed_on"": ""2024-05-02""}, {""name"": ""OCF"", ""value"": ""$62B"", ""unit"": ""currency"", ""observed_on"": ""2024-05-02""}]",Finance,reported,"{cp,debt,finance,reduce}"
AAPL-2024Q2-0329,Apple Inc.,2024-05-02,quarterly_filings/2024_Q2.pdf,https://www.sec.gov/edgar/browse/?CIK=0000320193,Item 2. Management's Discussion and Analysis - Legal,Disclosure Context (2024_Q2): Trigger: '$34B obligations'. Management Action: '+20%'. Scope: 'Expand ESG audits 20%.'. Rationale: 'Mitigates supply risk.'.,Expand Vendor ESG Audits,Expand ESG audits 20%.,+20%,expand,Mitigates supply risk.,"[{""name"": ""Obligations"", ""value"": ""$34B"", ""unit"": ""currency"", ""observed_on"": ""2024-05-02""}]",Legal,reported,"{esg,expand,legal,vendor}"
AAPL-2024Q2-0330,Apple Inc.,2024-05-02,quarterly_filings/2024_Q2.pdf,https://www.sec.gov/edgar/browse/?CIK=0000320193,Item 2. Management's Discussion and Analysis - Operations,Disclosure Context (2024_Q2): Trigger: 'iPhone -10%'. Management Action: 'Shift'. Scope: 'Shift 8% mix toward base models.'. Rationale: 'Aligns with demand softness.'.,Adjust iPhone Mix,Shift 8% mix toward base models.,Shift,revise,Aligns with demand softness.,"[{""name"": ""iPhone"", ""value"": ""-10%"", ""unit"": ""percentage"", ""observed_on"": ""2024-05-02""}]",Operations,reported,"{iphone,mix,operations,revise}"
AAPL-2024Q2-0331,Apple Inc.,2024-05-02,quarterly_filings/2024_Q2.pdf,https://www.sec.gov/edgar/browse/?CIK=0000320193,Item 2. Management's Discussion and Analysis - Finance,Disclosure Context (2024_Q2): Trigger: '12th dividend increase'. Management Action: 'Expand messaging'. Scope: 'Enhance dividend narrative in investor call.'. Rationale: 'Supports investor stability perception.'.,Expand Dividend Communication Strategy,Enhance dividend narrative in investor call.,Expand messaging,expand,Supports investor stability perception.,"[{""name"": ""Dividend"", ""value"": ""$0.25"", ""unit"": ""currency"", ""observed_on"": ""2024-05-02""}]",Finance,reported,"{dividend,expand,finance,investor}"
AAPL-2024Q2-0332,Apple Inc.,2024-05-02,quarterly_filings/2024_Q2.pdf,https://www.sec.gov/edgar/browse/?CIK=0000320193,Item 2. Management's Discussion and Analysis - Operations,Disclosure Context (2024_Q2): Trigger: 'Freight inflation'. Management Action: '-7%'. Scope: 'Shift 7% air freight to sea.'. Rationale: 'Reduces logistics expense.'.,Reduce Air Freight Costs,Shift 7% air freight to sea.,-7%,reduce,Reduces logistics expense.,"[{""name"": ""Freight"", ""value"": ""+6%"", ""unit"": ""percentage"", ""observed_on"": ""2024-05-02""}]",Operations,reported,"{freight,logistics,operations,reduce}"
AAPL-2024Q2-0333,Apple Inc.,2024-05-02,quarterly_filings/2024_Q2.pdf,https://www.sec.gov/edgar/browse/?CIK=0000320193,Item 2. Management's Discussion and Analysis - R&D,Disclosure Context (2024_Q2): Trigger: 'Battery complaints rising'. Management Action: 'Patch'. Scope: 'Improve idle power management.'. Rationale: 'Improves user satisfaction.'.,Optimize iOS Energy Efficiency,Improve idle power management.,Patch,revise,Improves user satisfaction.,"[{""name"": ""Complaints"", ""value"": ""+11%"", ""unit"": ""percentage"", ""observed_on"": ""2024-05-02""}]",R&D,reported,"{battery,ios,r&d,revise}"
AAPL-2024Q2-0334,Apple Inc.,2024-05-02,quarterly_filings/2024_Q2.pdf,https://www.sec.gov/edgar/browse/?CIK=0000320193,Item 2. Management's Discussion and Analysis - Legal,Disclosure Context (2024_Q2): Trigger: 'AI expansion'. Management Action: 'Expanded'. Scope: 'Clarify AI data disclosures.'. Rationale: 'Mitigates regulatory scrutiny.'.,Update Global Privacy Notice,Clarify AI data disclosures.,Expanded,expand,Mitigates regulatory scrutiny.,"[{""name"": ""AI_Features"", ""value"": ""+Expanded"", ""unit"": ""value"", ""observed_on"": ""2024-05-02""}]",Legal,reported,"{ai,expand,legal,privacy}"
AAPL-2024Q2-0335,Apple Inc.,2024-05-02,quarterly_filings/2024_Q2.pdf,https://www.sec.gov/edgar/browse/?CIK=0000320193,Item 2. Management's Discussion and Analysis - Finance,Disclosure Context (2024_Q2): Trigger: 'Services record revenue'. Management Action: '+2%'. Scope: 'Update growth forecast upward 2%.'. Rationale: 'Reflects momentum but avoids overextension.'.,Refine Services Revenue Forecast,Update growth forecast upward 2%.,+2%,revise,Reflects momentum but avoids overextension.,"[{""name"": ""Services"", ""value"": ""+14%"", ""unit"": ""percentage"", ""observed_on"": ""2024-05-02""}]",Finance,reported,"{finance,forecast,revise,services}"
AAPL-2024Q2-0336,Apple Inc.,2024-05-02,quarterly_filings/2024_Q2.pdf,https://www.sec.gov/edgar/browse/?CIK=0000320193,Item 2. Management's Discussion and Analysis - Operations,Disclosure Context (2024_Q2): Trigger: 'iPad -17% revenue decline'. Management Action: 'Renegotiate 5%'. Scope: 'Renegotiate supplier pricing for lower volume commitments.'. Rationale: 'Offsets volume decline without damaging supplier relations.'.,Consolidate iPad Supplier Contracts,Renegotiate supplier pricing for lower volume commitments.,Renegotiate 5%,revise,Offsets volume decline without damaging supplier relations.,"[{""name"": ""iPad"", ""value"": ""-17%"", ""unit"": ""percentage"", ""observed_on"": ""2024-05-02""}]",Operations,reported,"{cost,ipad,operations,revise,supplier}"
AAPL-2024Q2-0337,Apple Inc.,2024-05-02,quarterly_filings/2024_Q2.pdf,https://www.sec.gov/edgar/browse/?CIK=0000320193,Item 2. Management's Discussion and Analysis - Finance,Disclosure Context (2024_Q2): Trigger: 'Services GM 74.6% record'. Management Action: 'Weekly tracking'. Scope: 'Introduce weekly GM variance tracking.'. Rationale: 'Protects high-margin business from cost creep.'.,Enhance Services Margin Tracking,Introduce weekly GM variance tracking.,Weekly tracking,revise,Protects high-margin business from cost creep.,"[{""name"": ""Services_GM"", ""value"": ""74.6%"", ""unit"": ""percentage"", ""observed_on"": ""2024-05-02""}]",Finance,reported,"{finance,margin,revise,services,tracking}"
AAPL-2024Q2-0338,Apple Inc.,2024-05-02,quarterly_filings/2024_Q2.pdf,https://www.sec.gov/edgar/browse/?CIK=0000320193,Item 2. Management's Discussion and Analysis - R&D,Disclosure Context (2024_Q2): Trigger: 'Streaming engagement plateau'. Management Action: 'Reallocate 10%'. Scope: 'Reprioritize content budget toward high ROI genres.'. Rationale: 'Improves services margin discipline.'.,Optimize Apple TV+ Content Spend,Reprioritize content budget toward high ROI genres.,Reallocate 10%,revise,Improves services margin discipline.,"[{""name"": ""Services_Record"", ""value"": ""Yes"", ""unit"": ""value"", ""observed_on"": ""2024-05-02""}]",R&D,reported,"{content,r&d,revise,roi,tvplus}"
AAPL-2024Q2-0339,Apple Inc.,2024-05-02,quarterly_filings/2024_Q2.pdf,https://www.sec.gov/edgar/browse/?CIK=0000320193,Item 2. Management's Discussion and Analysis - Legal,Disclosure Context (2024_Q2): Trigger: 'Japan sales -13%'. Management Action: 'Update JP only'. Scope: 'Update localized warranty disclosures.'. Rationale: 'Mitigates regulatory risk in weak region.'.,Review Japan Consumer Protection Rules,Update localized warranty disclosures.,Update JP only,investigate,Mitigates regulatory risk in weak region.,"[{""name"": ""Japan"", ""value"": ""-13%"", ""unit"": ""percentage"", ""observed_on"": ""2024-05-02""}]",Legal,reported,"{compliance,investigate,japan,legal,warranty}"
AAPL-2024Q2-0340,Apple Inc.,2024-05-02,quarterly_filings/2024_Q2.pdf,https://www.sec.gov/edgar/browse/?CIK=0000320193,Item 2. Management's Discussion and Analysis - Operations,Disclosure Context (2024_Q2): Trigger: 'Wearables -10%'. Management Action: '-6%'. Scope: 'Lower safety stock by 6%.'. Rationale: 'Prevents markdown risk.'.,Reduce Wearables Inventory Buffer,Lower safety stock by 6%.,-6%,reduce,Prevents markdown risk.,"[{""name"": ""Wearables"", ""value"": ""-10%"", ""unit"": ""percentage"", ""observed_on"": ""2024-05-02""}]",Operations,reported,"{inventory,operations,reduce,wearables}"
AAPL-2024Q2-0341,Apple Inc.,2024-05-02,quarterly_filings/2024_Q2.pdf,https://www.sec.gov/edgar/browse/?CIK=0000320193,Item 2. Management's Discussion and Analysis - Finance,Disclosure Context (2024_Q2): Trigger: 'FX volatility persists'. Management Action: '5%'. Scope: 'Model downside scenario impact on EPS.'. Rationale: 'Prepares investor guidance resilience.'.,Stress-Test Revenue Under 5% FX Shock,Model downside scenario impact on EPS.,5%,investigate,Prepares investor guidance resilience.,"[{""name"": ""Revenue"", ""value"": ""-4%"", ""unit"": ""percentage"", ""observed_on"": ""2024-05-02""}]",Finance,reported,"{finance,forecast,fx,investigate,stress}"
AAPL-2024Q2-0342,Apple Inc.,2024-05-02,quarterly_filings/2024_Q2.pdf,https://www.sec.gov/edgar/browse/?CIK=0000320193,Item 2. Management's Discussion and Analysis - R&D,Disclosure Context (2024_Q2): Trigger: 'New product early feedback'. Management Action: 'Patch'. Scope: 'Refine thermal firmware.'. Rationale: 'Improves user comfort without redesign.'.,Improve Vision Pro Thermal Stability,Refine thermal firmware.,Patch,revise,Improves user comfort without redesign.,"[{""name"": ""VisionPro_Launch"", ""value"": ""Q2"", ""unit"": ""value"", ""observed_on"": ""2024-05-02""}]",R&D,reported,"{r&d,revise,thermal,visionpro}"
AAPL-2024Q2-0343,Apple Inc.,2024-05-02,quarterly_filings/2024_Q2.pdf,https://www.sec.gov/edgar/browse/?CIK=0000320193,Item 2. Management's Discussion and Analysis - Legal,Disclosure Context (2024_Q2): Trigger: 'Ongoing EU/US scrutiny'. Management Action: '+200M'. Scope: 'Allocate litigation reserve.'. Rationale: 'Provides financial cushion for investigations.'.,Prepare Antitrust Defense Budget,Allocate litigation reserve.,+200M,revise,Provides financial cushion for investigations.,"[{""name"": ""DMA_Risk"", ""value"": ""High"", ""unit"": ""value"", ""observed_on"": ""2024-05-02""}]",Legal,reported,"{antitrust,legal,litigation,revise}"
AAPL-2024Q2-0344,Apple Inc.,2024-05-02,quarterly_filings/2024_Q2.pdf,https://www.sec.gov/edgar/browse/?CIK=0000320193,Item 2. Management's Discussion and Analysis - Operations,Disclosure Context (2024_Q2): Trigger: 'Mac +4% growth'. Management Action: '+6%'. Scope: 'Increase higher-margin SKU output by 6%.'. Rationale: 'Maximizes margin within demand bounds.'.,Optimize Mac Component Mix,Increase higher-margin SKU output by 6%.,+6%,revise,Maximizes margin within demand bounds.,"[{""name"": ""Mac"", ""value"": ""+4%"", ""unit"": ""percentage"", ""observed_on"": ""2024-05-02""}]",Operations,reported,"{mac,mix,operations,profitability,revise}"
AAPL-2024Q2-0345,Apple Inc.,2024-05-02,quarterly_filings/2024_Q2.pdf,https://www.sec.gov/edgar/browse/?CIK=0000320193,Item 2. Management's Discussion and Analysis - Finance,Disclosure Context (2024_Q2): Trigger: 'Revenue down 4%'. Management Action: '8%'. Scope: 'Shift 8% marketing from China to US/EU.'. Rationale: 'Improves ROI in stronger markets.'.,Rebalance Regional Marketing Spend,Shift 8% marketing from China to US/EU.,8%,revise,Improves ROI in stronger markets.,"[{""name"": ""China"", ""value"": ""-8%"", ""unit"": ""percentage"", ""observed_on"": ""2024-05-02""}]",Finance,reported,"{finance,marketing,regional,revise}"
AAPL-2024Q2-0346,Apple Inc.,2024-05-02,quarterly_filings/2024_Q2.pdf,https://www.sec.gov/edgar/browse/?CIK=0000320193,Item 2. Management's Discussion and Analysis - R&D,Disclosure Context (2024_Q2): Trigger: 'Services record usage'. Management Action: 'Patch'. Scope: 'Optimize storage compression.'. Rationale: 'Reduces storage cost growth.'.,Improve iCloud Storage Efficiency,Optimize storage compression.,Patch,revise,Reduces storage cost growth.,"[{""name"": ""Services_Record"", ""value"": ""Yes"", ""unit"": ""value"", ""observed_on"": ""2024-05-02""}]",R&D,reported,"{icloud,r&d,revise,storage}"
AAPL-2024Q2-0347,Apple Inc.,2024-05-02,quarterly_filings/2024_Q2.pdf,https://www.sec.gov/edgar/browse/?CIK=0000320193,Item 2. Management's Discussion and Analysis - Legal,Disclosure Context (2024_Q2): Trigger: 'Consumer complaints rising'. Management Action: 'Minor edit'. Scope: 'Revise auto-renewal disclosure language.'. Rationale: 'Reduces FTC scrutiny risk.'.,Update US Subscription Disclosure Rules,Revise auto-renewal disclosure language.,Minor edit,revise,Reduces FTC scrutiny risk.,"[{""name"": ""Complaints"", ""value"": ""+9%"", ""unit"": ""percentage"", ""observed_on"": ""2024-05-02""}]",Legal,reported,"{ftc,legal,revise,subscription}"
AAPL-2024Q2-0348,Apple Inc.,2024-05-02,quarterly_filings/2024_Q2.pdf,https://www.sec.gov/edgar/browse/?CIK=0000320193,Item 2. Management's Discussion and Analysis - Operations,Disclosure Context (2024_Q2): Trigger: 'Freight cost inflation'. Management Action: '-5%'. Scope: 'Shift 5% shipments to consolidated sea lanes.'. Rationale: 'Protects margin amid softer sales.'.,Reduce iPhone Freight Premium,Shift 5% shipments to consolidated sea lanes.,-5%,reduce,Protects margin amid softer sales.,"[{""name"": ""iPhone"", ""value"": ""-10%"", ""unit"": ""percentage"", ""observed_on"": ""2024-05-02""}]",Operations,reported,"{freight,iphone,operations,reduce}"
AAPL-2024Q2-0349,Apple Inc.,2024-05-02,quarterly_filings/2024_Q2.pdf,https://www.sec.gov/edgar/browse/?CIK=0000320193,Item 2. Management's Discussion and Analysis - Finance,Disclosure Context (2024_Q2): Trigger: 'Revenue down 4% but EPS record'. Management Action: 'Expand messaging'. Scope: 'Highlight cost discipline narrative.'. Rationale: 'Offsets revenue optics.'.,Enhance EPS Communication Strategy,Highlight cost discipline narrative.,Expand messaging,expand,Offsets revenue optics.,"[{""name"": ""EPS"", ""value"": ""1.53_Record"", ""unit"": ""value"", ""observed_on"": ""2024-05-02""}]",Finance,reported,"{eps,expand,finance,investor}"
AAPL-2024Q2-0350,Apple Inc.,2024-05-02,quarterly_filings/2024_Q2.pdf,https://www.sec.gov/edgar/browse/?CIK=0000320193,Item 2. Management's Discussion and Analysis - R&D,Disclosure Context (2024_Q2): Trigger: 'User feedback on response delay'. Management Action: 'Patch'. Scope: 'Improve speech recognition latency by 10%.'. Rationale: 'Enhances ecosystem stickiness.'.,Optimize Siri Latency,Improve speech recognition latency by 10%.,Patch,revise,Enhances ecosystem stickiness.,"[{""name"": ""Latency"", ""value"": ""-10%"", ""unit"": ""percentage"", ""observed_on"": ""2024-05-02""}]",R&D,reported,"{latency,r&d,revise,siri}"
AAPL-2024Q2-0351,Apple Inc.,2024-05-02,quarterly_filings/2024_Q2.pdf,https://www.sec.gov/edgar/browse/?CIK=0000320193,Item 2. Management's Discussion and Analysis - Operations,Disclosure Context (2024_Q2): Trigger: 'Revenue -4% YoY'. Management Action: 'Merge 2'. Scope: 'Merge two underutilized distribution centers in APAC.'. Rationale: 'Reduces fixed overhead amid soft hardware demand.'.,Consolidate Regional Warehousing,Merge two underutilized distribution centers in APAC.,Merge 2,revise,Reduces fixed overhead amid soft hardware demand.,"[{""name"": ""Revenue"", ""value"": ""-4%"", ""unit"": ""percentage"", ""observed_on"": ""2024-05-02""}]",Operations,reported,"{cost,logistics,operations,revise,warehouse}"
AAPL-2024Q2-0352,Apple Inc.,2024-05-02,quarterly_filings/2024_Q2.pdf,https://www.sec.gov/edgar/browse/?CIK=0000320193,Item 2. Management's Discussion and Analysis - Finance,Disclosure Context (2024_Q2): Trigger: 'Macro uncertainty and -4% revenue'. Management Action: 'Delay 6%'. Scope: 'Delay 6% of non-critical capex.'. Rationale: 'Preserves cash while sustaining core investments.'.,Reevaluate Capital Expenditure Pace,Delay 6% of non-critical capex.,Delay 6%,defer,Preserves cash while sustaining core investments.,"[{""name"": ""Capex"", ""value"": ""+R&D"", ""unit"": ""value"", ""observed_on"": ""2024-05-02""}, {""name"": ""Revenue"", ""value"": ""-4%"", ""unit"": ""percentage"", ""observed_on"": ""2024-05-02""}]",Finance,reported,"{capex,defer,discipline,finance}"
AAPL-2024Q2-0353,Apple Inc.,2024-05-02,quarterly_filings/2024_Q2.pdf,https://www.sec.gov/edgar/browse/?CIK=0000320193,Item 2. Management's Discussion and Analysis - R&D,Disclosure Context (2024_Q2): Trigger: 'iPhone -10%'. Management Action: 'Patch'. Scope: 'Release software upgrade to improve night photography.'. Rationale: 'Improves demand without BOM increase.'.,Enhance iPhone Camera Computational Mode,Release software upgrade to improve night photography.,Patch,revise,Improves demand without BOM increase.,"[{""name"": ""iPhone"", ""value"": ""-10%"", ""unit"": ""percentage"", ""observed_on"": ""2024-05-02""}]",R&D,reported,"{camera,iphone,r&d,revise,software}"
AAPL-2024Q2-0354,Apple Inc.,2024-05-02,quarterly_filings/2024_Q2.pdf,https://www.sec.gov/edgar/browse/?CIK=0000320193,Item 2. Management's Discussion and Analysis - Legal,Disclosure Context (2024_Q2): Trigger: 'Increased DOJ scrutiny'. Management Action: 'Moderate expansion'. Scope: 'Expand internal document preservation protocols.'. Rationale: 'Reduces litigation exposure.'.,Review US Antitrust Exposure,Expand internal document preservation protocols.,Moderate expansion,investigate,Reduces litigation exposure.,"[{""name"": ""Antitrust_Risk"", ""value"": ""Elevated"", ""unit"": ""value"", ""observed_on"": ""2024-05-02""}]",Legal,reported,"{antitrust,investigate,legal,us}"
AAPL-2024Q2-0355,Apple Inc.,2024-05-02,quarterly_filings/2024_Q2.pdf,https://www.sec.gov/edgar/browse/?CIK=0000320193,Item 2. Management's Discussion and Analysis - Operations,Disclosure Context (2024_Q2): Trigger: 'Hardware revenue pressure'. Management Action: '-1.5%'. Scope: 'Lower scrap rate by 1.5% through process control.'. Rationale: 'Protects margin during sales decline.'.,Reduce iPhone Component Waste,Lower scrap rate by 1.5% through process control.,-1.5%,reduce,Protects margin during sales decline.,"[{""name"": ""iPhone"", ""value"": ""-10%"", ""unit"": ""percentage"", ""observed_on"": ""2024-05-02""}]",Operations,reported,"{iphone,manufacturing,operations,reduce,scrap}"
AAPL-2024Q2-0356,Apple Inc.,2024-05-02,quarterly_filings/2024_Q2.pdf,https://www.sec.gov/edgar/browse/?CIK=0000320193,Item 2. Management's Discussion and Analysis - Finance,Disclosure Context (2024_Q2): Trigger: 'Services record quarter'. Management Action: 'Update'. Scope: 'Refine 12-month deferred revenue projection.'. Rationale: 'Improves visibility into recurring revenue.'.,Enhance Services Deferred Revenue Forecasting,Refine 12-month deferred revenue projection.,Update,defer,Improves visibility into recurring revenue.,"[{""name"": ""Services_Record"", ""value"": ""Yes"", ""unit"": ""value"", ""observed_on"": ""2024-05-02""}]",Finance,reported,"{defer,deferred_revenue,finance,services}"
AAPL-2024Q2-0357,Apple Inc.,2024-05-02,quarterly_filings/2024_Q2.pdf,https://www.sec.gov/edgar/browse/?CIK=0000320193,Item 2. Management's Discussion and Analysis - R&D,Disclosure Context (2024_Q2): Trigger: 'Mac +4% growth'. Management Action: 'Patch'. Scope: 'Enhance adaptive battery algorithms.'. Rationale: 'Improves portability perception.'.,Improve macOS Battery Optimization,Enhance adaptive battery algorithms.,Patch,revise,Improves portability perception.,"[{""name"": ""Mac"", ""value"": ""+4%"", ""unit"": ""percentage"", ""observed_on"": ""2024-05-02""}]",R&D,reported,"{battery,macos,r&d,revise}"
AAPL-2024Q2-0358,Apple Inc.,2024-05-02,quarterly_filings/2024_Q2.pdf,https://www.sec.gov/edgar/browse/?CIK=0000320193,Item 2. Management's Discussion and Analysis - Legal,Disclosure Context (2024_Q2): Trigger: 'EU digital policy shifts'. Management Action: 'Regional adjustment'. Scope: 'Align data storage practices with new regional guidance.'. Rationale: 'Prevents regulatory fines.'.,Update EU Data Localization Strategy,Align data storage practices with new regional guidance.,Regional adjustment,revise,Prevents regulatory fines.,"[{""name"": ""EU_Risk"", ""value"": ""Moderate"", ""unit"": ""currency"", ""observed_on"": ""2024-05-02""}]",Legal,reported,"{data,eu,legal,localization,revise}"
AAPL-2024Q2-0359,Apple Inc.,2024-05-02,quarterly_filings/2024_Q2.pdf,https://www.sec.gov/edgar/browse/?CIK=0000320193,Item 2. Management's Discussion and Analysis - Operations,Disclosure Context (2024_Q2): Trigger: 'Wearables -10%'. Management Action: '-8%'. Scope: 'Reduce AirPods build plan by 8%.'. Rationale: 'Prevents markdown pressure.'.,Adjust AirPods Production Forecast,Reduce AirPods build plan by 8%.,-8%,revise,Prevents markdown pressure.,"[{""name"": ""Wearables"", ""value"": ""-10%"", ""unit"": ""percentage"", ""observed_on"": ""2024-05-02""}]",Operations,reported,"{airpods,inventory,operations,revise}"
AAPL-2024Q2-0360,Apple Inc.,2024-05-02,quarterly_filings/2024_Q2.pdf,https://www.sec.gov/edgar/browse/?CIK=0000320193,Item 2. Management's Discussion and Analysis - Finance,Disclosure Context (2024_Q2): Trigger: 'Market volatility post-earnings'. Management Action: 'Tactical timing'. Scope: 'Shift buyback execution toward price dips.'. Rationale: 'Maximizes buyback efficiency.'.,Optimize Share Repurchase Timing,Shift buyback execution toward price dips.,Tactical timing,revise,Maximizes buyback efficiency.,"[{""name"": ""Buyback"", ""value"": ""$44B_6M"", ""unit"": ""currency"", ""observed_on"": ""2024-05-02""}]",Finance,reported,"{buyback,finance,revise,timing}"
AAPL-2024Q2-0361,Apple Inc.,2024-05-02,quarterly_filings/2024_Q2.pdf,https://www.sec.gov/edgar/browse/?CIK=0000320193,Item 2. Management's Discussion and Analysis - R&D,Disclosure Context (2024_Q2): Trigger: 'Services record but churn risk'. Management Action: 'Patch'. Scope: 'Improve recommendation diversity.'. Rationale: 'Enhances retention in subscription base.'.,Optimize Apple Music Discovery Algorithm,Improve recommendation diversity.,Patch,expand,Enhances retention in subscription base.,"[{""name"": ""Services_Record"", ""value"": ""Yes"", ""unit"": ""value"", ""observed_on"": ""2024-05-02""}]",R&D,reported,"{algorithm,expand,music,r&d}"
AAPL-2024Q2-0362,Apple Inc.,2024-05-02,quarterly_filings/2024_Q2.pdf,https://www.sec.gov/edgar/browse/?CIK=0000320193,Item 2. Management's Discussion and Analysis - Legal,Disclosure Context (2024_Q2): Trigger: 'DMA scrutiny'. Management Action: '+15%'. Scope: 'Increase top-tier app compliance reviews by 15%.'. Rationale: 'Reduces enforcement risk.'.,Strengthen App Store Audit Process,Increase top-tier app compliance reviews by 15%.,+15%,investigate,Reduces enforcement risk.,"[{""name"": ""DMA_Risk"", ""value"": ""High"", ""unit"": ""value"", ""observed_on"": ""2024-05-02""}]",Legal,reported,"{appstore,audit,investigate,legal}"
AAPL-2024Q2-0363,Apple Inc.,2024-05-02,quarterly_filings/2024_Q2.pdf,https://www.sec.gov/edgar/browse/?CIK=0000320193,Item 2. Management's Discussion and Analysis - Operations,Disclosure Context (2024_Q2): Trigger: 'Mac growth +4%'. Management Action: '+6%'. Scope: 'Increase spare parts inventory 6%.'. Rationale: 'Improves repair turnaround time.'.,Increase Mac Repair Spare Parts Stock,Increase spare parts inventory 6%.,+6%,expand,Improves repair turnaround time.,"[{""name"": ""Mac"", ""value"": ""+4%"", ""unit"": ""percentage"", ""observed_on"": ""2024-05-02""}]",Operations,reported,"{expand,mac,operations,repair}"
AAPL-2024Q2-0364,Apple Inc.,2024-05-02,quarterly_filings/2024_Q2.pdf,https://www.sec.gov/edgar/browse/?CIK=0000320193,Item 2. Management's Discussion and Analysis - Finance,"Disclosure Context (2024_Q2): Trigger: 'China decline, US stable'. Management Action: 'Moderate adjust'. Scope: 'Adjust regional revenue weighting assumptions.'. Rationale: 'Improves forecast realism.'.",Rebalance Geographic Revenue Forecast,Adjust regional revenue weighting assumptions.,Moderate adjust,revise,Improves forecast realism.,"[{""name"": ""China"", ""value"": ""-8%"", ""unit"": ""percentage"", ""observed_on"": ""2024-05-02""}]",Finance,reported,"{finance,forecast,regional,revise}"
AAPL-2024Q2-0365,Apple Inc.,2024-05-02,quarterly_filings/2024_Q2.pdf,https://www.sec.gov/edgar/browse/?CIK=0000320193,Item 2. Management's Discussion and Analysis - R&D,Disclosure Context (2024_Q2): Trigger: 'iPad -17%'. Management Action: 'Patch'. Scope: 'Release multitasking stability patch.'. Rationale: 'Improves productivity perception.'.,Enhance iPadOS Multitasking Stability,Release multitasking stability patch.,Patch,revise,Improves productivity perception.,"[{""name"": ""iPad"", ""value"": ""-17%"", ""unit"": ""percentage"", ""observed_on"": ""2024-05-02""}]",R&D,reported,"{ipados,r&d,revise,stability}"
AAPL-2024Q2-0366,Apple Inc.,2024-05-02,quarterly_filings/2024_Q2.pdf,https://www.sec.gov/edgar/browse/?CIK=0000320193,Item 2. Management's Discussion and Analysis - Legal,Disclosure Context (2024_Q2): Trigger: 'New product launch scrutiny'. Management Action: 'Full'. Scope: 'Verify marketing claim substantiation.'. Rationale: 'Prevents false advertising claims.'.,Audit Advertising Claims for Vision Pro,Verify marketing claim substantiation.,Full,investigate,Prevents false advertising claims.,"[{""name"": ""VisionPro_Launch"", ""value"": ""Q2"", ""unit"": ""value"", ""observed_on"": ""2024-05-02""}]",Legal,reported,"{advertising,investigate,legal,visionpro}"
AAPL-2024Q2-0367,Apple Inc.,2024-05-02,quarterly_filings/2024_Q2.pdf,https://www.sec.gov/edgar/browse/?CIK=0000320193,Item 2. Management's Discussion and Analysis - Operations,Disclosure Context (2024_Q2): Trigger: 'Demand variability'. Management Action: '-2%'. Scope: 'Reduce assembly cycle time by 2%.'. Rationale: 'Enhances flexibility amid softer demand.'.,Improve iPhone Assembly Throughput,Reduce assembly cycle time by 2%.,-2%,revise,Enhances flexibility amid softer demand.,"[{""name"": ""iPhone"", ""value"": ""-10%"", ""unit"": ""percentage"", ""observed_on"": ""2024-05-02""}]",Operations,reported,"{assembly,iphone,operations,revise}"
AAPL-2024Q2-0368,Apple Inc.,2024-05-02,quarterly_filings/2024_Q2.pdf,https://www.sec.gov/edgar/browse/?CIK=0000320193,Item 2. Management's Discussion and Analysis - Finance,Disclosure Context (2024_Q2): Trigger: 'Services momentum'. Management Action: '+1%'. Scope: 'Update 5-year CAGR assumption upward by 1%.'. Rationale: 'Balances optimism with macro caution.'.,Refine Long-Term Services CAGR Model,Update 5-year CAGR assumption upward by 1%.,+1%,revise,Balances optimism with macro caution.,"[{""name"": ""Services_Record"", ""value"": ""Yes"", ""unit"": ""value"", ""observed_on"": ""2024-05-02""}]",Finance,reported,"{cagr,finance,revise,services}"
AAPL-2024Q2-0369,Apple Inc.,2024-05-02,quarterly_filings/2024_Q2.pdf,https://www.sec.gov/edgar/browse/?CIK=0000320193,Item 2. Management's Discussion and Analysis - R&D,Disclosure Context (2024_Q2): Trigger: 'Privacy positioning'. Management Action: 'Patch'. Scope: 'Enhance encryption handshake validation.'. Rationale: 'Strengthens privacy leadership.'.,Optimize AirDrop Security Protocol,Enhance encryption handshake validation.,Patch,revise,Strengthens privacy leadership.,"[{""name"": ""Privacy_Focus"", ""value"": ""High"", ""unit"": ""value"", ""observed_on"": ""2024-05-02""}]",R&D,reported,"{airdrop,r&d,revise,security}"
AAPL-2024Q2-0370,Apple Inc.,2024-05-02,quarterly_filings/2024_Q2.pdf,https://www.sec.gov/edgar/browse/?CIK=0000320193,Item 2. Management's Discussion and Analysis - Legal,Disclosure Context (2024_Q2): Trigger: 'International tax rule changes'. Management Action: 'Global'. Scope: 'Implement centralized monitoring system.'. Rationale: 'Reduces multi-country compliance gaps.'.,Update Global Digital Services Tax Monitoring,Implement centralized monitoring system.,Global,investigate,Reduces multi-country compliance gaps.,"[{""name"": ""Digital_Tax_Risk"", ""value"": ""Moderate"", ""unit"": ""currency"", ""observed_on"": ""2024-05-02""}]",Legal,reported,"{compliance,investigate,legal,tax}"
AAPL-2024Q2-0371,Apple Inc.,2024-05-02,quarterly_filings/2024_Q2.pdf,https://www.sec.gov/edgar/browse/?CIK=0000320193,Item 2. Management's Discussion and Analysis - Operations,Disclosure Context (2024_Q2): Trigger: 'iPad sales slump'. Management Action: '5%'. Scope: 'Launch targeted channel promotions to clear 5% stock.'. Rationale: 'Prevents future write-downs.'.,Reduce Excess iPad Channel Inventory,Launch targeted channel promotions to clear 5% stock.,5%,reduce,Prevents future write-downs.,"[{""name"": ""iPad"", ""value"": ""-17%"", ""unit"": ""percentage"", ""observed_on"": ""2024-05-02""}]",Operations,reported,"{ipad,operations,promotion,reduce}"
AAPL-2024Q2-0372,Apple Inc.,2024-05-02,quarterly_filings/2024_Q2.pdf,https://www.sec.gov/edgar/browse/?CIK=0000320193,Item 2. Management's Discussion and Analysis - Finance,Disclosure Context (2024_Q2): Trigger: 'Macro uncertainty'. Management Action: '+3%'. Scope: 'Increase short-term liquidity reserve by 3%.'. Rationale: 'Improves financial flexibility.'.,Increase Liquidity Buffer Allocation,Increase short-term liquidity reserve by 3%.,+3%,expand,Improves financial flexibility.,"[{""name"": ""Cash"", ""value"": ""High"", ""unit"": ""value"", ""observed_on"": ""2024-05-02""}]",Finance,reported,"{expand,finance,liquidity}"
AAPL-2024Q2-0373,Apple Inc.,2024-05-02,quarterly_filings/2024_Q2.pdf,https://www.sec.gov/edgar/browse/?CIK=0000320193,Item 2. Management's Discussion and Analysis - R&D,Disclosure Context (2024_Q2): Trigger: 'User performance feedback'. Management Action: 'Patch'. Scope: 'Improve authentication speed 8%.'. Rationale: 'Improves daily UX.'.,Enhance FaceID Speed Optimization,Improve authentication speed 8%.,Patch,revise,Improves daily UX.,"[{""name"": ""Latency"", ""value"": ""-8%"", ""unit"": ""percentage"", ""observed_on"": ""2024-05-02""}]",R&D,reported,"{faceid,performance,r&d,revise}"
AAPL-2024Q2-0374,Apple Inc.,2024-05-02,quarterly_filings/2024_Q2.pdf,https://www.sec.gov/edgar/browse/?CIK=0000320193,Item 2. Management's Discussion and Analysis - Legal,Disclosure Context (2024_Q2): Trigger: 'AI data expansion'. Management Action: 'Moderate'. Scope: 'Revise retention timelines for audit clarity.'. Rationale: 'Reduces regulatory exposure.'.,Strengthen Global Data Retention Policy,Revise retention timelines for audit clarity.,Moderate,revise,Reduces regulatory exposure.,"[{""name"": ""AI_Expansion"", ""value"": ""Yes"", ""unit"": ""value"", ""observed_on"": ""2024-05-02""}]",Legal,reported,"{data,legal,retention,revise}"
AAPL-2024Q2-0375,Apple Inc.,2024-05-02,quarterly_filings/2024_Q2.pdf,https://www.sec.gov/edgar/browse/?CIK=0000320193,Item 2. Management's Discussion and Analysis - Operations,Disclosure Context (2024_Q2): Trigger: 'Freight cost pressure'. Management Action: '-3%'. Scope: 'Redesign packaging to cut material cost 3%.'. Rationale: 'Offsets logistics inflation.'.,Optimize MacBook Packaging Materials,Redesign packaging to cut material cost 3%.,-3%,revise,Offsets logistics inflation.,"[{""name"": ""Freight"", ""value"": ""+6%"", ""unit"": ""percentage"", ""observed_on"": ""2024-05-02""}]",Operations,reported,"{mac,operations,packaging,revise}"
AAPL-2024Q2-0376,Apple Inc.,2024-05-02,quarterly_filings/2024_Q2.pdf,https://www.sec.gov/edgar/browse/?CIK=0000320193,Item 2. Management's Discussion and Analysis - Finance,Disclosure Context (2024_Q2): Trigger: 'Revenue -4%'. Management Action: 'Narrow'. Scope: 'Narrow internal guidance range for Q3.'. Rationale: 'Signals disciplined forecasting.'.,Adjust Quarterly Guidance Range,Narrow internal guidance range for Q3.,Narrow,revise,Signals disciplined forecasting.,"[{""name"": ""Revenue"", ""value"": ""-4%"", ""unit"": ""percentage"", ""observed_on"": ""2024-05-02""}]",Finance,reported,"{finance,forecast,guidance,revise}"
AAPL-2024Q2-0377,Apple Inc.,2024-05-02,quarterly_filings/2024_Q2.pdf,https://www.sec.gov/edgar/browse/?CIK=0000320193,Item 2. Management's Discussion and Analysis - R&D,Disclosure Context (2024_Q2): Trigger: 'Smart speaker competition'. Management Action: 'Patch'. Scope: 'Enhance voice accuracy by 6%.'. Rationale: 'Improves ecosystem integration.'.,Improve HomePod Voice Recognition,Enhance voice accuracy by 6%.,Patch,revise,Improves ecosystem integration.,"[{""name"": ""Accuracy"", ""value"": ""+6%"", ""unit"": ""percentage"", ""observed_on"": ""2024-05-02""}]",R&D,reported,"{homepod,r&d,revise,voice}"
AAPL-2024Q2-0378,Apple Inc.,2024-05-02,quarterly_filings/2024_Q2.pdf,https://www.sec.gov/edgar/browse/?CIK=0000320193,Item 2. Management's Discussion and Analysis - Legal,Disclosure Context (2024_Q2): Trigger: 'Regulatory expansion'. Management Action: '+20%'. Scope: 'Increase compliance training coverage 20%.'. Rationale: 'Prevents internal compliance breaches.'.,Expand Global Compliance Training Program,Increase compliance training coverage 20%.,+20%,expand,Prevents internal compliance breaches.,"[{""name"": ""Regulatory_Risk"", ""value"": ""Elevated"", ""unit"": ""value"", ""observed_on"": ""2024-05-02""}]",Legal,reported,"{compliance,expand,legal,training}"
AAPL-2024Q2-0379,Apple Inc.,2024-05-02,quarterly_filings/2024_Q2.pdf,https://www.sec.gov/edgar/browse/?CIK=0000320193,Item 2. Management's Discussion and Analysis - Operations,Disclosure Context (2024_Q2): Trigger: 'Soft hardware demand'. Management Action: '-9%'. Scope: 'Cut overtime hours by 9%.'. Rationale: 'Aligns labor with reduced volume.'.,Reduce Assembly Overtime Costs,Cut overtime hours by 9%.,-9%,reduce,Aligns labor with reduced volume.,"[{""name"": ""Revenue"", ""value"": ""-4%"", ""unit"": ""percentage"", ""observed_on"": ""2024-05-02""}]",Operations,reported,"{cost,labor,operations,reduce}"
AAPL-2024Q2-0380,Apple Inc.,2024-05-02,quarterly_filings/2024_Q2.pdf,https://www.sec.gov/edgar/browse/?CIK=0000320193,Item 2. Management's Discussion and Analysis - Finance,Disclosure Context (2024_Q2): Trigger: 'Buyback + dividend raised'. Management Action: 'Maintain'. Scope: 'Publicly reiterate balanced reinvestment approach.'. Rationale: 'Supports long-term valuation stability.'.,Reaffirm Long-Term Capital Allocation Mix,Publicly reiterate balanced reinvestment approach.,Maintain,revise,Supports long-term valuation stability.,"[{""name"": ""Dividend"", ""value"": ""+4%"", ""unit"": ""percentage"", ""observed_on"": ""2024-05-02""}]",Finance,reported,"{allocation,capital,finance,revise}"
AAPL-2024Q2-0381,Apple Inc.,2024-05-02,quarterly_filings/2024_Q2.pdf,https://www.sec.gov/edgar/browse/?CIK=0000320193,Item 2. Management's Discussion and Analysis - R&D,Disclosure Context (2024_Q2): Trigger: 'User performance feedback'. Management Action: 'Patch'. Scope: 'Reduce indexing latency 12%.'. Rationale: 'Improves daily usability.'.,Optimize Spotlight Search Speed,Reduce indexing latency 12%.,Patch,revise,Improves daily usability.,"[{""name"": ""Latency"", ""value"": ""-12%"", ""unit"": ""percentage"", ""observed_on"": ""2024-05-02""}]",R&D,reported,"{performance,r&d,revise,spotlight}"
AAPL-2024Q2-0382,Apple Inc.,2024-05-02,quarterly_filings/2024_Q2.pdf,https://www.sec.gov/edgar/browse/?CIK=0000320193,Item 2. Management's Discussion and Analysis - Legal,Disclosure Context (2024_Q2): Trigger: 'Device ecosystem expansion'. Management Action: 'Global'. Scope: 'Align documentation with updated accessibility laws.'. Rationale: 'Prevents accessibility litigation risk.'.,Update Global Accessibility Compliance Standards,Align documentation with updated accessibility laws.,Global,revise,Prevents accessibility litigation risk.,"[{""name"": ""Accessibility_Risk"", ""value"": ""Moderate"", ""unit"": ""currency"", ""observed_on"": ""2024-05-02""}]",Legal,reported,"{accessibility,legal,revise}"
AAPL-2024Q2-0383,Apple Inc.,2024-05-02,quarterly_filings/2024_Q2.pdf,https://www.sec.gov/edgar/browse/?CIK=0000320193,Item 2. Management's Discussion and Analysis - Operations,Disclosure Context (2024_Q2): Trigger: 'Hardware softness'. Management Action: '-7%'. Scope: 'Reduce returns processing time 7%.'. Rationale: 'Improves cash cycle efficiency.'.,Optimize Returns Processing Time,Reduce returns processing time 7%.,-7%,revise,Improves cash cycle efficiency.,"[{""name"": ""Revenue"", ""value"": ""-4%"", ""unit"": ""percentage"", ""observed_on"": ""2024-05-02""}]",Operations,reported,"{operations,ops,returns,revise}"
AAPL-2024Q2-0384,Apple Inc.,2024-05-02,quarterly_filings/2024_Q2.pdf,https://www.sec.gov/edgar/browse/?CIK=0000320193,Item 2. Management's Discussion and Analysis - Finance,Disclosure Context (2024_Q2): Trigger: 'Dividend raised 4%'. Management Action: 'Update'. Scope: 'Update 5-year payout sustainability model.'. Rationale: 'Ensures responsible capital return policy.'.,Enhance Dividend Sustainability Analysis,Update 5-year payout sustainability model.,Update,revise,Ensures responsible capital return policy.,"[{""name"": ""Dividend"", ""value"": ""+4%"", ""unit"": ""percentage"", ""observed_on"": ""2024-05-02""}]",Finance,reported,"{dividend,finance,planning,revise}"
AAPL-2024Q2-0385,Apple Inc.,2024-05-02,quarterly_filings/2024_Q2.pdf,https://www.sec.gov/edgar/browse/?CIK=0000320193,Item 2. Management's Discussion and Analysis - R&D,Disclosure Context (2024_Q2): Trigger: 'Cross-device integration focus'. Management Action: 'Patch'. Scope: 'Enhance Bluetooth stability across devices.'. Rationale: 'Strengthens ecosystem stickiness.'.,Improve Handoff Connectivity Stability,Enhance Bluetooth stability across devices.,Patch,revise,Strengthens ecosystem stickiness.,"[{""name"": ""Connectivity_Issues"", ""value"": ""-5%"", ""unit"": ""percentage"", ""observed_on"": ""2024-05-02""}]",R&D,reported,"{connectivity,handoff,r&d,revise}"
AAPL-2024Q2-0386,Apple Inc.,2024-05-02,quarterly_filings/2024_Q2.pdf,https://www.sec.gov/edgar/browse/?CIK=0000320193,Item 2. Management's Discussion and Analysis - Operations,Disclosure Context (2024_Q2): Trigger: 'iPhone -10% YoY'. Management Action: 'Slow 5%'. Scope: 'Adjust replenishment cadence to avoid overstock.'. Rationale: 'Aligns supply with weaker demand.'.,Optimize iPhone Channel Replenishment,Adjust replenishment cadence to avoid overstock.,Slow 5%,reduce,Aligns supply with weaker demand.,"[{""name"": ""iPhone"", ""value"": ""-10%"", ""unit"": ""percentage"", ""observed_on"": ""2024-05-02""}]",Operations,reported,"{distribution,iphone,operations,reduce}"
AAPL-2024Q2-0387,Apple Inc.,2024-05-02,quarterly_filings/2024_Q2.pdf,https://www.sec.gov/edgar/browse/?CIK=0000320193,Item 2. Management's Discussion and Analysis - Finance,Disclosure Context (2024_Q2): Trigger: 'Services record revenue'. Management Action: 'Update'. Scope: 'Refine internal cost attribution to hardware teams.'. Rationale: 'Improves margin transparency.'.,Adjust Services Cost Allocation Model,Refine internal cost attribution to hardware teams.,Update,revise,Improves margin transparency.,"[{""name"": ""Services_GM"", ""value"": ""74.6%"", ""unit"": ""percentage"", ""observed_on"": ""2024-05-02""}]",Finance,reported,"{allocation,finance,revise,services}"
AAPL-2024Q2-0388,Apple Inc.,2024-05-02,quarterly_filings/2024_Q2.pdf,https://www.sec.gov/edgar/browse/?CIK=0000320193,Item 2. Management's Discussion and Analysis - R&D,Disclosure Context (2024_Q2): Trigger: 'Browser competition pressure'. Management Action: 'Patch'. Scope: 'Improve JavaScript rendering speed 7%.'. Rationale: 'Boosts ecosystem competitiveness.'.,Enhance Safari Performance Benchmarks,Improve JavaScript rendering speed 7%.,Patch,investigate,Boosts ecosystem competitiveness.,"[{""name"": ""Speed"", ""value"": ""+7%"", ""unit"": ""percentage"", ""observed_on"": ""2024-05-02""}]",R&D,reported,"{investigate,performance,r&d,safari}"
AAPL-2024Q2-0389,Apple Inc.,2024-05-02,quarterly_filings/2024_Q2.pdf,https://www.sec.gov/edgar/browse/?CIK=0000320193,Item 2. Management's Discussion and Analysis - Legal,Disclosure Context (2024_Q2): Trigger: 'AI feature expansion'. Management Action: 'Minor update'. Scope: 'Update ToS language for AI-generated content.'. Rationale: 'Reduces liability exposure.'.,Revise Global Terms of Service,Update ToS language for AI-generated content.,Minor update,revise,Reduces liability exposure.,"[{""name"": ""AI_Expansion"", ""value"": ""Yes"", ""unit"": ""value"", ""observed_on"": ""2024-05-02""}]",Legal,reported,"{ai,legal,revise,tos}"
AAPL-2024Q2-0390,Apple Inc.,2024-05-02,quarterly_filings/2024_Q2.pdf,https://www.sec.gov/edgar/browse/?CIK=0000320193,Item 2. Management's Discussion and Analysis - Operations,Disclosure Context (2024_Q2): Trigger: 'Mac +4%'. Management Action: '-6%'. Scope: 'Shorten transit time by 6%.'. Rationale: 'Improves customer delivery experience.'.,Reduce Mac Logistics Lead Time,Shorten transit time by 6%.,-6%,reduce,Improves customer delivery experience.,"[{""name"": ""Mac"", ""value"": ""+4%"", ""unit"": ""percentage"", ""observed_on"": ""2024-05-02""}]",Operations,reported,"{logistics,mac,operations,reduce}"
AAPL-2024Q2-0391,Apple Inc.,2024-05-02,quarterly_filings/2024_Q2.pdf,https://www.sec.gov/edgar/browse/?CIK=0000320193,Item 2. Management's Discussion and Analysis - Finance,Disclosure Context (2024_Q2): Trigger: 'Revenue -4% volatility'. Management Action: 'Expand'. Scope: 'Expand GM downside scenario modeling.'. Rationale: 'Improves earnings resilience.'.,Enhance Gross Margin Sensitivity Analysis,Expand GM downside scenario modeling.,Expand,expand,Improves earnings resilience.,"[{""name"": ""Revenue"", ""value"": ""-4%"", ""unit"": ""percentage"", ""observed_on"": ""2024-05-02""}]",Finance,reported,"{analysis,expand,finance,margin}"
AAPL-2024Q2-0392,Apple Inc.,2024-05-02,quarterly_filings/2024_Q2.pdf,https://www.sec.gov/edgar/browse/?CIK=0000320193,Item 2. Management's Discussion and Analysis - R&D,Disclosure Context (2024_Q2): Trigger: 'Wearables -10%'. Management Action: 'Patch'. Scope: 'Extend battery longevity by 5%.'. Rationale: 'Enhances user satisfaction.'.,Improve AirPods Battery Firmware,Extend battery longevity by 5%.,Patch,revise,Enhances user satisfaction.,"[{""name"": ""Battery"", ""value"": ""+5%"", ""unit"": ""percentage"", ""observed_on"": ""2024-05-02""}]",R&D,reported,"{airpods,battery,r&d,revise}"
AAPL-2024Q2-0393,Apple Inc.,2024-05-02,quarterly_filings/2024_Q2.pdf,https://www.sec.gov/edgar/browse/?CIK=0000320193,Item 2. Management's Discussion and Analysis - Legal,Disclosure Context (2024_Q2): Trigger: 'International scrutiny'. Management Action: '+15%'. Scope: 'Increase data audit coverage 15%.'. Rationale: 'Reduces enforcement exposure.'.,Expand Cross-Border Data Compliance Checks,Increase data audit coverage 15%.,+15%,expand,Reduces enforcement exposure.,"[{""name"": ""Global_Risk"", ""value"": ""Elevated"", ""unit"": ""value"", ""observed_on"": ""2024-05-02""}]",Legal,reported,"{compliance,data,expand,legal}"
AAPL-2024Q2-0394,Apple Inc.,2024-05-02,quarterly_filings/2024_Q2.pdf,https://www.sec.gov/edgar/browse/?CIK=0000320193,Item 2. Management's Discussion and Analysis - Operations,Disclosure Context (2024_Q2): Trigger: 'iPad -17%'. Management Action: '8%'. Scope: 'Reassign 8% labor hours to Mac line.'. Rationale: 'Aligns labor with demand mix.'.,Optimize iPad Assembly Labor Allocation,Reassign 8% labor hours to Mac line.,8%,revise,Aligns labor with demand mix.,"[{""name"": ""iPad"", ""value"": ""-17%"", ""unit"": ""percentage"", ""observed_on"": ""2024-05-02""}, {""name"": ""Mac"", ""value"": ""+4%"", ""unit"": ""percentage"", ""observed_on"": ""2024-05-02""}]",Operations,reported,"{allocation,ipad,labor,operations,revise}"
AAPL-2024Q2-0395,Apple Inc.,2024-05-02,quarterly_filings/2024_Q2.pdf,https://www.sec.gov/edgar/browse/?CIK=0000320193,Item 2. Management's Discussion and Analysis - Finance,Disclosure Context (2024_Q2): Trigger: 'Services record revenue'. Management Action: 'Study'. Scope: 'Conduct pricing elasticity study.'. Rationale: 'Prepares for sustainable growth.'.,Reassess Long-Term Services Pricing Strategy,Conduct pricing elasticity study.,Study,investigate,Prepares for sustainable growth.,"[{""name"": ""Services_Record"", ""value"": ""Yes"", ""unit"": ""value"", ""observed_on"": ""2024-05-02""}]",Finance,reported,"{finance,investigate,pricing,services}"
AAPL-2024Q2-0396,Apple Inc.,2024-05-02,quarterly_filings/2024_Q2.pdf,https://www.sec.gov/edgar/browse/?CIK=0000320193,Item 2. Management's Discussion and Analysis - R&D,Disclosure Context (2024_Q2): Trigger: 'Services growth'. Management Action: 'Patch'. Scope: 'Improve fraud detection accuracy 9%.'. Rationale: 'Reduces transaction losses.'.,Enhance Apple Pay Fraud Detection,Improve fraud detection accuracy 9%.,Patch,revise,Reduces transaction losses.,"[{""name"": ""Fraud"", ""value"": ""-9%"", ""unit"": ""percentage"", ""observed_on"": ""2024-05-02""}]",R&D,reported,"{applepay,fraud,r&d,revise}"
AAPL-2024Q2-0397,Apple Inc.,2024-05-02,quarterly_filings/2024_Q2.pdf,https://www.sec.gov/edgar/browse/?CIK=0000320193,Item 2. Management's Discussion and Analysis - Legal,Disclosure Context (2024_Q2): Trigger: 'AI scrutiny rising'. Management Action: 'Global'. Scope: 'Draft internal AI oversight framework.'. Rationale: 'Mitigates reputational and legal risk.'.,Update Regional AI Governance Policy,Draft internal AI oversight framework.,Global,revise,Mitigates reputational and legal risk.,"[{""name"": ""AI_Risk"", ""value"": ""High"", ""unit"": ""value"", ""observed_on"": ""2024-05-02""}]",Legal,reported,"{ai,governance,legal,revise}"
AAPL-2024Q2-0398,Apple Inc.,2024-05-02,quarterly_filings/2024_Q2.pdf,https://www.sec.gov/edgar/browse/?CIK=0000320193,Item 2. Management's Discussion and Analysis - Operations,Disclosure Context (2024_Q2): Trigger: 'Hardware softness'. Management Action: '+10%'. Scope: 'Increase restocking throughput 10%.'. Rationale: 'Reduces inventory holding time.'.,Improve Returns Restocking Efficiency,Increase restocking throughput 10%.,+10%,revise,Reduces inventory holding time.,"[{""name"": ""Revenue"", ""value"": ""-4%"", ""unit"": ""percentage"", ""observed_on"": ""2024-05-02""}]",Operations,reported,"{operations,restock,returns,revise}"
AAPL-2024Q2-0399,Apple Inc.,2024-05-02,quarterly_filings/2024_Q2.pdf,https://www.sec.gov/edgar/browse/?CIK=0000320193,Item 2. Management's Discussion and Analysis - Finance,Disclosure Context (2024_Q2): Trigger: '$110B authorization'. Management Action: 'Moderate'. Scope: 'Increase granularity in quarterly buyback reporting.'. Rationale: 'Supports transparency narrative.'.,Expand Share Repurchase Disclosure Detail,Increase granularity in quarterly buyback reporting.,Moderate,expand,Supports transparency narrative.,"[{""name"": ""Buyback"", ""value"": ""$110B"", ""unit"": ""currency"", ""observed_on"": ""2024-05-02""}]",Finance,reported,"{buyback,disclosure,expand,finance}"
AAPL-2024Q2-0400,Apple Inc.,2024-05-02,quarterly_filings/2024_Q2.pdf,https://www.sec.gov/edgar/browse/?CIK=0000320193,Item 2. Management's Discussion and Analysis - R&D,Disclosure Context (2024_Q2): Trigger: 'User feedback'. Management Action: 'Patch'. Scope: 'Reduce boot time 8%.'. Rationale: 'Improves everyday usability.'.,Optimize macOS Startup Speed,Reduce boot time 8%.,Patch,revise,Improves everyday usability.,"[{""name"": ""Boot_Time"", ""value"": ""-8%"", ""unit"": ""percentage"", ""observed_on"": ""2024-05-02""}]",R&D,reported,"{macos,r&d,revise,startup}"
AAPL-2024Q2-0401,Apple Inc.,2024-05-02,quarterly_filings/2024_Q2.pdf,https://www.sec.gov/edgar/browse/?CIK=0000320193,Item 2. Management's Discussion and Analysis - Legal,Disclosure Context (2024_Q2): Trigger: 'Consumer complaints'. Management Action: 'Minor'. Scope: 'Revise arbitration clause wording.'. Rationale: 'Reduces litigation ambiguity.'.,Enhance Consumer Arbitration Policy Clarity,Revise arbitration clause wording.,Minor,revise,Reduces litigation ambiguity.,"[{""name"": ""Complaints"", ""value"": ""+9%"", ""unit"": ""percentage"", ""observed_on"": ""2024-05-02""}]",Legal,reported,"{arbitration,legal,revise}"
AAPL-2024Q2-0402,Apple Inc.,2024-05-02,quarterly_filings/2024_Q2.pdf,https://www.sec.gov/edgar/browse/?CIK=0000320193,Item 2. Management's Discussion and Analysis - Operations,Disclosure Context (2024_Q2): Trigger: 'Freight inflation'. Management Action: '-4%'. Scope: 'Optimize box dimensions for 4% volume reduction.'. Rationale: 'Lowers freight cost exposure.'.,Reduce Packaging Freight Volume,Optimize box dimensions for 4% volume reduction.,-4%,reduce,Lowers freight cost exposure.,"[{""name"": ""Freight"", ""value"": ""+6%"", ""unit"": ""percentage"", ""observed_on"": ""2024-05-02""}]",Operations,reported,"{freight,operations,packaging,reduce}"
AAPL-2024Q2-0403,Apple Inc.,2024-05-02,quarterly_filings/2024_Q2.pdf,https://www.sec.gov/edgar/browse/?CIK=0000320193,Item 2. Management's Discussion and Analysis - Finance,Disclosure Context (2024_Q2): Trigger: 'Dividend raised 4%'. Management Action: 'Update'. Scope: 'Adjust payout sustainability assumptions.'. Rationale: 'Ensures disciplined capital return.'.,Update Long-Term Dividend Projection Model,Adjust payout sustainability assumptions.,Update,revise,Ensures disciplined capital return.,"[{""name"": ""Dividend"", ""value"": ""+4%"", ""unit"": ""percentage"", ""observed_on"": ""2024-05-02""}]",Finance,reported,"{dividend,finance,projection,revise}"
AAPL-2024Q2-0404,Apple Inc.,2024-05-02,quarterly_filings/2024_Q2.pdf,https://www.sec.gov/edgar/browse/?CIK=0000320193,Item 2. Management's Discussion and Analysis - R&D,Disclosure Context (2024_Q2): Trigger: 'Accessory engagement steady'. Management Action: 'Patch'. Scope: 'Improve UWB triangulation 6%.'. Rationale: 'Boosts differentiation.'.,Enhance AirTag Location Precision,Improve UWB triangulation 6%.,Patch,revise,Boosts differentiation.,"[{""name"": ""Precision"", ""value"": ""+6%"", ""unit"": ""percentage"", ""observed_on"": ""2024-05-02""}]",R&D,reported,"{airtag,r&d,revise,uwb}"
AAPL-2024Q2-0405,Apple Inc.,2024-05-02,quarterly_filings/2024_Q2.pdf,https://www.sec.gov/edgar/browse/?CIK=0000320193,Item 2. Management's Discussion and Analysis - Legal,Disclosure Context (2024_Q2): Trigger: 'Global digital tax shifts'. Management Action: '+20%'. Scope: 'Increase review frequency 20%.'. Rationale: 'Reduces cross-border exposure.'.,Strengthen International Tax Compliance Reviews,Increase review frequency 20%.,+20%,investigate,Reduces cross-border exposure.,"[{""name"": ""Digital_Tax_Risk"", ""value"": ""Moderate"", ""unit"": ""currency"", ""observed_on"": ""2024-05-02""}]",Legal,reported,"{compliance,investigate,legal,tax}"
AAPL-2024Q2-0406,Apple Inc.,2024-05-02,quarterly_filings/2024_Q2.pdf,https://www.sec.gov/edgar/browse/?CIK=0000320193,Item 2. Management's Discussion and Analysis - Operations,Disclosure Context (2024_Q2): Trigger: 'iPhone softness'. Management Action: '-9%'. Scope: 'Reduce repair cycle by 9%.'. Rationale: 'Improves customer satisfaction.'.,Optimize iPhone Repair Turnaround Time,Reduce repair cycle by 9%.,-9%,revise,Improves customer satisfaction.,"[{""name"": ""iPhone"", ""value"": ""-10%"", ""unit"": ""percentage"", ""observed_on"": ""2024-05-02""}]",Operations,reported,"{iphone,operations,repair,revise}"
AAPL-2024Q2-0407,Apple Inc.,2024-05-02,quarterly_filings/2024_Q2.pdf,https://www.sec.gov/edgar/browse/?CIK=0000320193,Item 2. Management's Discussion and Analysis - Finance,Disclosure Context (2024_Q2): Trigger: '$34.2B obligations'. Management Action: 'Moderate'. Scope: 'Model downside demand scenario.'. Rationale: 'Prepares for demand volatility.'.,Reassess Manufacturing Obligation Exposure,Model downside demand scenario.,Moderate,investigate,Prepares for demand volatility.,"[{""name"": ""Obligations"", ""value"": ""$34.2B"", ""unit"": ""currency"", ""observed_on"": ""2024-05-02""}]",Finance,reported,"{finance,investigate,manufacturing,risk}"
AAPL-2024Q2-0408,Apple Inc.,2024-05-02,quarterly_filings/2024_Q2.pdf,https://www.sec.gov/edgar/browse/?CIK=0000320193,Item 2. Management's Discussion and Analysis - R&D,Disclosure Context (2024_Q2): Trigger: 'User reliability feedback'. Management Action: 'Patch'. Scope: 'Enhance message queue handling.'. Rationale: 'Improves ecosystem stickiness.'.,Improve iMessage Delivery Reliability,Enhance message queue handling.,Patch,revise,Improves ecosystem stickiness.,"[{""name"": ""Reliability"", ""value"": ""+7%"", ""unit"": ""percentage"", ""observed_on"": ""2024-05-02""}]",R&D,reported,"{imessage,r&d,reliability,revise}"
AAPL-2024Q2-0409,Apple Inc.,2024-05-02,quarterly_filings/2024_Q2.pdf,https://www.sec.gov/edgar/browse/?CIK=0000320193,Item 2. Management's Discussion and Analysis - Legal,Disclosure Context (2024_Q2): Trigger: 'Consumer regulation tightening'. Management Action: 'Global'. Scope: 'Standardize refund disclosures.'. Rationale: 'Reduces dispute exposure.'.,Revise Global Refund Policy Documentation,Standardize refund disclosures.,Global,revise,Reduces dispute exposure.,"[{""name"": ""Refund_Risk"", ""value"": ""Moderate"", ""unit"": ""currency"", ""observed_on"": ""2024-05-02""}]",Legal,reported,"{legal,refund,revise}"
AAPL-2024Q2-0410,Apple Inc.,2024-05-02,quarterly_filings/2024_Q2.pdf,https://www.sec.gov/edgar/browse/?CIK=0000320193,Item 2. Management's Discussion and Analysis - Operations,Disclosure Context (2024_Q2): Trigger: 'Cost + ESG focus'. Management Action: '-5%'. Scope: 'Reduce assembly energy usage 5%.'. Rationale: 'Cuts cost and improves ESG optics.'.,Enhance Assembly Energy Efficiency,Reduce assembly energy usage 5%.,-5%,revise,Cuts cost and improves ESG optics.,"[{""name"": ""Energy"", ""value"": ""-5%"", ""unit"": ""percentage"", ""observed_on"": ""2024-05-02""}]",Operations,reported,"{energy,esg,operations,revise}"
AAPL-2024Q2-0411,Apple Inc.,2024-05-02,quarterly_filings/2024_Q2.pdf,https://www.sec.gov/edgar/browse/?CIK=0000320193,Item 2. Management's Discussion and Analysis - Finance,Disclosure Context (2024_Q2): Trigger: 'Revenue volatility'. Management Action: 'Weekly'. Scope: 'Increase monitoring frequency.'. Rationale: 'Improves liquidity discipline.'.,Enhance Working Capital Monitoring,Increase monitoring frequency.,Weekly,investigate,Improves liquidity discipline.,"[{""name"": ""Revenue"", ""value"": ""-4%"", ""unit"": ""percentage"", ""observed_on"": ""2024-05-02""}]",Finance,reported,"{finance,investigate,working_capital}"
AAPL-2024Q2-0412,Apple Inc.,2024-05-02,quarterly_filings/2024_Q2.pdf,https://www.sec.gov/edgar/browse/?CIK=0000320193,Item 2. Management's Discussion and Analysis - R&D,Disclosure Context (2024_Q2): Trigger: 'Services momentum'. Management Action: 'Moderate rebalance'. Scope: 'Rebalance workout content categories.'. Rationale: 'Boosts engagement without cost spike.'.,Improve Apple Fitness+ Content Mix,Rebalance workout content categories.,Moderate rebalance,revise,Boosts engagement without cost spike.,"[{""name"": ""Services_Record"", ""value"": ""Yes"", ""unit"": ""value"", ""observed_on"": ""2024-05-02""}]",R&D,reported,"{fitness,r&d,revise,services}"
AAPL-2024Q2-0413,Apple Inc.,2024-05-02,quarterly_filings/2024_Q2.pdf,https://www.sec.gov/edgar/browse/?CIK=0000320193,Item 2. Management's Discussion and Analysis - Legal,Disclosure Context (2024_Q2): Trigger: 'International expansion'. Management Action: 'Full'. Scope: 'Standardize contract clauses globally.'. Rationale: 'Reduces regional legal inconsistency.'.,Enhance Cross-Border Contract Templates,Standardize contract clauses globally.,Full,revise,Reduces regional legal inconsistency.,"[{""name"": ""Global_Risk"", ""value"": ""Moderate"", ""unit"": ""currency"", ""observed_on"": ""2024-05-02""}]",Legal,reported,"{contracts,legal,revise}"
AAPL-2024Q2-0414,Apple Inc.,2024-05-02,quarterly_filings/2024_Q2.pdf,https://www.sec.gov/edgar/browse/?CIK=0000320193,Item 2. Management's Discussion and Analysis - Operations,Disclosure Context (2024_Q2): Trigger: 'New product scaling'. Management Action: '-2%'. Scope: 'Lower scrap rate 2%.'. Rationale: 'Protects margins during ramp.'.,Reduce Vision Pro Component Waste,Lower scrap rate 2%.,-2%,reduce,Protects margins during ramp.,"[{""name"": ""VisionPro_Launch"", ""value"": ""Q2"", ""unit"": ""value"", ""observed_on"": ""2024-05-02""}]",Operations,reported,"{operations,reduce,scrap,visionpro}"
AAPL-2024Q2-0415,Apple Inc.,2024-05-02,quarterly_filings/2024_Q2.pdf,https://www.sec.gov/edgar/browse/?CIK=0000320193,Item 2. Management's Discussion and Analysis - Finance,Disclosure Context (2024_Q2): Trigger: 'Buyback acceleration'. Management Action: 'Update'. Scope: 'Update 3-year share count model.'. Rationale: 'Improves valuation clarity.'.,Refine Long-Term Share Count Projection,Update 3-year share count model.,Update,revise,Improves valuation clarity.,"[{""name"": ""Buyback"", ""value"": ""$110B"", ""unit"": ""currency"", ""observed_on"": ""2024-05-02""}]",Finance,reported,"{buyback,finance,revise,shares}"
AAPL-2024Q2-0416,Apple Inc.,2024-05-02,quarterly_filings/2024_Q2.pdf,https://www.sec.gov/edgar/browse/?CIK=0000320193,Item 2. Management's Discussion and Analysis - R&D,Disclosure Context (2024_Q2): Trigger: 'Services record quarter'. Management Action: 'Patch'. Scope: 'Improve recommendation precision 5%.'. Rationale: 'Increases user time-on-app.'.,Optimize Apple News Personalization,Improve recommendation precision 5%.,Patch,revise,Increases user time-on-app.,"[{""name"": ""Precision"", ""value"": ""+5%"", ""unit"": ""percentage"", ""observed_on"": ""2024-05-02""}]",R&D,reported,"{news,personalization,r&d,revise}"
AAPL-2024Q2-0417,Apple Inc.,2024-05-02,quarterly_filings/2024_Q2.pdf,https://www.sec.gov/edgar/browse/?CIK=0000320193,Item 2. Management's Discussion and Analysis - Legal,Disclosure Context (2024_Q2): Trigger: 'DMA monitoring'. Management Action: 'Moderate'. Scope: 'Expand internal competition audit steps.'. Rationale: 'Prevents regulatory penalty escalation.'.,Update EU Competition Compliance Checklist,Expand internal competition audit steps.,Moderate,revise,Prevents regulatory penalty escalation.,"[{""name"": ""DMA_Risk"", ""value"": ""High"", ""unit"": ""value"", ""observed_on"": ""2024-05-02""}]",Legal,reported,"{competition,dma,legal,revise}"
AAPL-2024Q2-0418,Apple Inc.,2024-05-02,quarterly_filings/2024_Q2.pdf,https://www.sec.gov/edgar/browse/?CIK=0000320193,Item 2. Management's Discussion and Analysis - Operations,Disclosure Context (2024_Q2): Trigger: 'Repair demand stable'. Management Action: 'Partial centralize'. Scope: 'Centralize spare parts allocation model.'. Rationale: 'Improves cost efficiency.'.,Optimize Spare Parts Distribution,Centralize spare parts allocation model.,Partial centralize,revise,Improves cost efficiency.,"[{""name"": ""Repair_Demand"", ""value"": ""Stable"", ""unit"": ""value"", ""observed_on"": ""2024-05-02""}]",Operations,reported,"{operations,ops,revise,spare_parts}"
AAPL-2024Q2-0419,Apple Inc.,2024-05-02,quarterly_filings/2024_Q2.pdf,https://www.sec.gov/edgar/browse/?CIK=0000320193,Item 2. Management's Discussion and Analysis - Finance,Disclosure Context (2024_Q2): Trigger: 'EPS record quarter'. Management Action: 'Maintain'. Scope: 'Publicly reiterate mid-term EPS growth objective.'. Rationale: 'Stabilizes valuation narrative.'.,Reaffirm Long-Term EPS Growth Target,Publicly reiterate mid-term EPS growth objective.,Maintain,expand,Stabilizes valuation narrative.,"[{""name"": ""EPS"", ""value"": ""Record_Q2"", ""unit"": ""value"", ""observed_on"": ""2024-05-02""}]",Finance,reported,"{eps,expand,finance,guidance}"
AAPL-2024Q2-0420,Apple Inc.,2024-05-02,quarterly_filings/2024_Q2.pdf,https://www.sec.gov/edgar/browse/?CIK=0000320193,Item 2. Management's Discussion and Analysis - R&D,Disclosure Context (2024_Q2): Trigger: 'Subscription retention focus'. Management Action: 'Moderate expansion'. Scope: 'Add new genre diversity.'. Rationale: 'Improves engagement breadth.'.,Improve Apple Arcade Content Diversity,Add new genre diversity.,Moderate expansion,revise,Improves engagement breadth.,"[{""name"": ""Services_Record"", ""value"": ""Yes"", ""unit"": ""value"", ""observed_on"": ""2024-05-02""}]",R&D,reported,"{arcade,r&d,revise,services}"
AAPL-2024Q2-0421,Apple Inc.,2024-05-02,quarterly_filings/2024_Q2.pdf,https://www.sec.gov/edgar/browse/?CIK=0000320193,Item 2. Management's Discussion and Analysis - Legal,Disclosure Context (2024_Q2): Trigger: 'Consumer dispute trends'. Management Action: 'Global'. Scope: 'Harmonize escalation procedures.'. Rationale: 'Reduces dispute inconsistency.'.,Standardize Global Refund Escalation Policy,Harmonize escalation procedures.,Global,revise,Reduces dispute inconsistency.,"[{""name"": ""Refund_Risk"", ""value"": ""Moderate"", ""unit"": ""currency"", ""observed_on"": ""2024-05-02""}]",Legal,reported,"{legal,policy,refund,revise}"
AAPL-2024Q2-0422,Apple Inc.,2024-05-02,quarterly_filings/2024_Q2.pdf,https://www.sec.gov/edgar/browse/?CIK=0000320193,Item 2. Management's Discussion and Analysis - Operations,Disclosure Context (2024_Q2): Trigger: 'Mac growth +4%'. Management Action: '-5%'. Scope: 'Reduce QC bottlenecks 5%.'. Rationale: 'Maintains quality while improving throughput.'.,Improve MacBook Final QC Efficiency,Reduce QC bottlenecks 5%.,-5%,revise,Maintains quality while improving throughput.,"[{""name"": ""Mac"", ""value"": ""+4%"", ""unit"": ""percentage"", ""observed_on"": ""2024-05-02""}]",Operations,reported,"{mac,operations,quality,revise}"
AAPL-2024Q2-0423,Apple Inc.,2024-05-02,quarterly_filings/2024_Q2.pdf,https://www.sec.gov/edgar/browse/?CIK=0000320193,Item 2. Management's Discussion and Analysis - Finance,Disclosure Context (2024_Q2): Trigger: 'Hardware decline'. Management Action: '3 scenarios'. Scope: 'Model recovery scenarios under 3 macro cases.'. Rationale: 'Improves planning readiness.'.,Expand Scenario Planning for Hardware Recovery,Model recovery scenarios under 3 macro cases.,3 scenarios,expand,Improves planning readiness.,"[{""name"": ""Revenue"", ""value"": ""-4%"", ""unit"": ""percentage"", ""observed_on"": ""2024-05-02""}]",Finance,reported,"{expand,finance,forecast,hardware}"
AAPL-2024Q2-0424,Apple Inc.,2024-05-02,quarterly_filings/2024_Q2.pdf,https://www.sec.gov/edgar/browse/?CIK=0000320193,Item 2. Management's Discussion and Analysis - R&D,Disclosure Context (2024_Q2): Trigger: 'Cross-device ecosystem'. Management Action: 'Patch'. Scope: 'Improve handoff reliability 6%.'. Rationale: 'Strengthens ecosystem cohesion.'.,Enhance Continuity Camera Stability,Improve handoff reliability 6%.,Patch,revise,Strengthens ecosystem cohesion.,"[{""name"": ""Reliability"", ""value"": ""+6%"", ""unit"": ""percentage"", ""observed_on"": ""2024-05-02""}]",R&D,reported,"{camera,continuity,r&d,revise}"
AAPL-2024Q2-0425,Apple Inc.,2024-05-02,quarterly_filings/2024_Q2.pdf,https://www.sec.gov/edgar/browse/?CIK=0000320193,Item 2. Management's Discussion and Analysis - Legal,Disclosure Context (2024_Q2): Trigger: 'Growing global scrutiny'. Management Action: 'Full'. Scope: 'Centralize regulatory reporting data.'. Rationale: 'Improves oversight efficiency.'.,Enhance Internal Regulatory Reporting Dashboard,Centralize regulatory reporting data.,Full,revise,Improves oversight efficiency.,"[{""name"": ""Regulatory_Risk"", ""value"": ""Elevated"", ""unit"": ""value"", ""observed_on"": ""2024-05-02""}]",Legal,reported,"{dashboard,legal,regulatory,revise}"
AAPL-2024Q2-0426,Apple Inc.,2024-05-02,quarterly_filings/2024_Q2.pdf,https://www.sec.gov/edgar/browse/?CIK=0000320193,Item 2. Management's Discussion and Analysis - Operations,Disclosure Context (2024_Q2): Trigger: 'Freight cost inflation'. Management Action: '-3%'. Scope: 'Renegotiate 3% shipping contract discount.'. Rationale: 'Offsets logistics inflation.'.,Optimize Global Shipping Contracts,Renegotiate 3% shipping contract discount.,-3%,revise,Offsets logistics inflation.,"[{""name"": ""Freight"", ""value"": ""+6%"", ""unit"": ""percentage"", ""observed_on"": ""2024-05-02""}]",Operations,reported,"{contracts,operations,revise,shipping}"
AAPL-2024Q2-0427,Apple Inc.,2024-05-02,quarterly_filings/2024_Q2.pdf,https://www.sec.gov/edgar/browse/?CIK=0000320193,Item 2. Management's Discussion and Analysis - Finance,Disclosure Context (2024_Q2): Trigger: 'R&D + SG&A growth'. Management Action: 'Moderate revise'. Scope: 'Update 5-year opex projection.'. Rationale: 'Ensures sustainable cost structure.'.,Refine Long-Term Opex Growth Assumptions,Update 5-year opex projection.,Moderate revise,expand,Ensures sustainable cost structure.,"[{""name"": ""Opex"", ""value"": ""+Growth"", ""unit"": ""value"", ""observed_on"": ""2024-05-02""}]",Finance,reported,"{expand,finance,forecast,opex}"
AAPL-2024Q2-0428,Apple Inc.,2024-05-02,quarterly_filings/2024_Q2.pdf,https://www.sec.gov/edgar/browse/?CIK=0000320193,Item 2. Management's Discussion and Analysis - R&D,Disclosure Context (2024_Q2): Trigger: 'Competitive differentiation'. Management Action: 'Patch'. Scope: 'Enhance calibration accuracy 4%.'. Rationale: 'Improves premium perception.'.,Improve AirPods Spatial Audio Calibration,Enhance calibration accuracy 4%.,Patch,revise,Improves premium perception.,"[{""name"": ""Calibration"", ""value"": ""+4%"", ""unit"": ""percentage"", ""observed_on"": ""2024-05-02""}]",R&D,reported,"{airpods,audio,r&d,revise}"
AAPL-2024Q2-0429,Apple Inc.,2024-05-02,quarterly_filings/2024_Q2.pdf,https://www.sec.gov/edgar/browse/?CIK=0000320193,Item 2. Management's Discussion and Analysis - Legal,Disclosure Context (2024_Q2): Trigger: 'AI expansion'. Management Action: 'Moderate'. Scope: 'Revise internal PIA documentation.'. Rationale: 'Reduces enforcement exposure.'.,Update US Privacy Impact Assessments,Revise internal PIA documentation.,Moderate,investigate,Reduces enforcement exposure.,"[{""name"": ""AI_Risk"", ""value"": ""Elevated"", ""unit"": ""value"", ""observed_on"": ""2024-05-02""}]",Legal,reported,"{investigate,legal,privacy,us}"
AAPL-2024Q2-0430,Apple Inc.,2024-05-02,quarterly_filings/2024_Q2.pdf,https://www.sec.gov/edgar/browse/?CIK=0000320193,Item 2. Management's Discussion and Analysis - Operations,Disclosure Context (2024_Q2): Trigger: 'Customer support data'. Management Action: '-1%'. Scope: 'Improve defect detection upstream 1%.'. Rationale: 'Reduces warranty expense.'.,Reduce iPhone Warranty Claims Rate,Improve defect detection upstream 1%.,-1%,reduce,Reduces warranty expense.,"[{""name"": ""Warranty_Rate"", ""value"": ""-1%"", ""unit"": ""percentage"", ""observed_on"": ""2024-05-02""}]",Operations,reported,"{iphone,operations,reduce,warranty}"
AAPL-2024Q2-0431,Apple Inc.,2024-05-02,quarterly_filings/2024_Q2.pdf,https://www.sec.gov/edgar/browse/?CIK=0000320193,Item 2. Management's Discussion and Analysis - Finance,Disclosure Context (2024_Q2): Trigger: 'Revenue volatility'. Management Action: 'Update'. Scope: 'Refine CCC forecast inputs.'. Rationale: 'Improves liquidity discipline.'.,Enhance Cash Conversion Cycle Modeling,Refine CCC forecast inputs.,Update,revise,Improves liquidity discipline.,"[{""name"": ""CCC"", ""value"": ""Improved"", ""unit"": ""value"", ""observed_on"": ""2024-05-02""}]",Finance,reported,"{ccc,finance,revise}"
AAPL-2024Q2-0432,Apple Inc.,2024-05-02,quarterly_filings/2024_Q2.pdf,https://www.sec.gov/edgar/browse/?CIK=0000320193,Item 2. Management's Discussion and Analysis - R&D,Disclosure Context (2024_Q2): Trigger: 'Subscription retention focus'. Management Action: 'Patch'. Scope: 'Enhance personalization precision 6%.'. Rationale: 'Boosts engagement time.'.,Improve Apple Books Recommendation Engine,Enhance personalization precision 6%.,Patch,revise,Boosts engagement time.,"[{""name"": ""Precision"", ""value"": ""+6%"", ""unit"": ""percentage"", ""observed_on"": ""2024-05-02""}]",R&D,reported,"{books,r&d,revise,services}"
AAPL-2024Q2-0433,Apple Inc.,2024-05-02,quarterly_filings/2024_Q2.pdf,https://www.sec.gov/edgar/browse/?CIK=0000320193,Item 2. Management's Discussion and Analysis - Legal,Disclosure Context (2024_Q2): Trigger: 'Rising contract volume'. Management Action: 'Full'. Scope: 'Deploy automated contract scanning tool.'. Rationale: 'Improves review efficiency.'.,Strengthen Global Contract Review Automation,Deploy automated contract scanning tool.,Full,investigate,Improves review efficiency.,"[{""name"": ""Contract_Volume"", ""value"": ""+8%"", ""unit"": ""percentage"", ""observed_on"": ""2024-05-02""}]",Legal,reported,"{automation,contracts,investigate,legal}"
AAPL-2024Q2-0434,Apple Inc.,2024-05-02,quarterly_filings/2024_Q2.pdf,https://www.sec.gov/edgar/browse/?CIK=0000320193,Item 2. Management's Discussion and Analysis - Operations,Disclosure Context (2024_Q2): Trigger: 'Mac +4%'. Management Action: 'Reconfigure'. Scope: 'Reconfigure floor for 3% efficiency gain.'. Rationale: 'Improves output without capex spike.'.,Optimize Mac Assembly Floor Layout,Reconfigure floor for 3% efficiency gain.,Reconfigure,revise,Improves output without capex spike.,"[{""name"": ""Mac"", ""value"": ""+4%"", ""unit"": ""percentage"", ""observed_on"": ""2024-05-02""}]",Operations,reported,"{assembly,mac,operations,revise}"
AAPL-2024Q2-0435,Apple Inc.,2024-05-02,quarterly_filings/2024_Q2.pdf,https://www.sec.gov/edgar/browse/?CIK=0000320193,Item 2. Management's Discussion and Analysis - Finance,Disclosure Context (2024_Q2): Trigger: 'Buyback + dividend raised'. Management Action: 'Maintain'. Scope: 'Public reaffirmation of balanced allocation.'. Rationale: 'Signals long-term stability.'.,Reconfirm Balanced Capital Return Strategy,Public reaffirmation of balanced allocation.,Maintain,revise,Signals long-term stability.,"[{""name"": ""Dividend"", ""value"": ""+4%"", ""unit"": ""percentage"", ""observed_on"": ""2024-05-02""}, {""name"": ""Buyback"", ""value"": ""$110B"", ""unit"": ""currency"", ""observed_on"": ""2024-05-02""}]",Finance,reported,"{capital_return,finance,revise,strategy}"
AAPL-2024Q2-0436,Apple Inc.,2024-05-02,quarterly_filings/2024_Q2.pdf,https://www.sec.gov/edgar/browse/?CIK=0000320193,Item 2. Management's Discussion and Analysis - Operations,Disclosure Context (2024_Q2): Trigger: 'iPhone -10% revenue'. Management Action: '+4%'. Scope: 'Increase packaging automation speed by 4%.'. Rationale: 'Improves throughput without excess labor cost.'.,Optimize iPhone Packaging Line Speed,Increase packaging automation speed by 4%.,+4%,revise,Improves throughput without excess labor cost.,"[{""name"": ""iPhone"", ""value"": ""-10%"", ""unit"": ""percentage"", ""observed_on"": ""2024-05-02""}]",Operations,reported,"{efficiency,iphone,operations,packaging,revise}"
AAPL-2024Q2-0437,Apple Inc.,2024-05-02,quarterly_filings/2024_Q2.pdf,https://www.sec.gov/edgar/browse/?CIK=0000320193,Item 2. Management's Discussion and Analysis - Finance,Disclosure Context (2024_Q2): Trigger: 'Services record revenue'. Management Action: 'Minor adjust'. Scope: 'Review timing assumptions for deferred revenue.'. Rationale: 'Improves forecasting precision.'.,Refine Services Revenue Recognition Timing,Review timing assumptions for deferred revenue.,Minor adjust,revise,Improves forecasting precision.,"[{""name"": ""Services_GM"", ""value"": ""74.6%"", ""unit"": ""percentage"", ""observed_on"": ""2024-05-02""}]",Finance,reported,"{accounting,finance,revise,services}"
AAPL-2024Q2-0438,Apple Inc.,2024-05-02,quarterly_filings/2024_Q2.pdf,https://www.sec.gov/edgar/browse/?CIK=0000320193,Item 2. Management's Discussion and Analysis - R&D,Disclosure Context (2024_Q2): Trigger: 'Vision Pro launch quarter'. Management Action: 'Patch'. Scope: 'Release SDK performance profiling upgrade.'. Rationale: 'Improves developer adoption.'.,Enhance Vision Pro App Optimization Tools,Release SDK performance profiling upgrade.,Patch,revise,Improves developer adoption.,"[{""name"": ""VisionPro_Launch"", ""value"": ""Q2"", ""unit"": ""value"", ""observed_on"": ""2024-05-02""}]",R&D,reported,"{r&d,revise,sdk,visionpro}"
AAPL-2024Q2-0439,Apple Inc.,2024-05-02,quarterly_filings/2024_Q2.pdf,https://www.sec.gov/edgar/browse/?CIK=0000320193,Item 2. Management's Discussion and Analysis - Legal,Disclosure Context (2024_Q2): Trigger: 'Rising compliance expectations'. Management Action: 'Global'. Scope: 'Update whistleblower protections globally.'. Rationale: 'Reduces internal compliance risk.'.,Strengthen Global Whistleblower Policy,Update whistleblower protections globally.,Global,reduce,Reduces internal compliance risk.,"[{""name"": ""Compliance_Risk"", ""value"": ""Elevated"", ""unit"": ""value"", ""observed_on"": ""2024-05-02""}]",Legal,reported,"{compliance,governance,legal,reduce}"
AAPL-2024Q2-0440,Apple Inc.,2024-05-02,quarterly_filings/2024_Q2.pdf,https://www.sec.gov/edgar/browse/?CIK=0000320193,Item 2. Management's Discussion and Analysis - Operations,Disclosure Context (2024_Q2): Trigger: 'Mac +4% steady growth'. Management Action: '-5%'. Scope: 'Lower component buffer 5%.'. Rationale: 'Improves working capital.'.,Reduce Excess MacBook Component Buffer,Lower component buffer 5%.,-5%,reduce,Improves working capital.,"[{""name"": ""Mac"", ""value"": ""+4%"", ""unit"": ""percentage"", ""observed_on"": ""2024-05-02""}]",Operations,reported,"{inventory,mac,operations,reduce}"
AAPL-2024Q2-0441,Apple Inc.,2024-05-02,quarterly_filings/2024_Q2.pdf,https://www.sec.gov/edgar/browse/?CIK=0000320193,Item 2. Management's Discussion and Analysis - Finance,Disclosure Context (2024_Q2): Trigger: 'Dividend raised 4%'. Management Action: 'Expand'. Scope: 'Model downside payout sustainability.'. Rationale: 'Ensures long-term payout resilience.'.,Expand Sensitivity Analysis for Dividend Sustainability,Model downside payout sustainability.,Expand,expand,Ensures long-term payout resilience.,"[{""name"": ""Dividend"", ""value"": ""+4%"", ""unit"": ""percentage"", ""observed_on"": ""2024-05-02""}]",Finance,reported,"{dividend,expand,finance,sensitivity}"
AAPL-2024Q2-0442,Apple Inc.,2024-05-02,quarterly_filings/2024_Q2.pdf,https://www.sec.gov/edgar/browse/?CIK=0000320193,Item 2. Management's Discussion and Analysis - R&D,Disclosure Context (2024_Q2): Trigger: 'User cross-device feedback'. Management Action: 'Patch'. Scope: 'Enhance streaming reliability 6%.'. Rationale: 'Strengthens ecosystem reliability.'.,Improve AirPlay Stability Across Devices,Enhance streaming reliability 6%.,Patch,revise,Strengthens ecosystem reliability.,"[{""name"": ""Reliability"", ""value"": ""+6%"", ""unit"": ""percentage"", ""observed_on"": ""2024-05-02""}]",R&D,reported,"{airplay,r&d,revise,stability}"
AAPL-2024Q2-0443,Apple Inc.,2024-05-02,quarterly_filings/2024_Q2.pdf,https://www.sec.gov/edgar/browse/?CIK=0000320193,Item 2. Management's Discussion and Analysis - Legal,Disclosure Context (2024_Q2): Trigger: 'AI scrutiny increasing'. Management Action: 'Moderate'. Scope: 'Publish expanded transparency report.'. Rationale: 'Balances openness with IP protection.'.,Update Regional AI Transparency Reporting,Publish expanded transparency report.,Moderate,revise,Balances openness with IP protection.,"[{""name"": ""AI_Risk"", ""value"": ""High"", ""unit"": ""value"", ""observed_on"": ""2024-05-02""}]",Legal,reported,"{ai,legal,revise,transparency}"
AAPL-2024Q2-0444,Apple Inc.,2024-05-02,quarterly_filings/2024_Q2.pdf,https://www.sec.gov/edgar/browse/?CIK=0000320193,Item 2. Management's Discussion and Analysis - Operations,Disclosure Context (2024_Q2): Trigger: 'Repair volume stable'. Management Action: 'Regional pilot'. Scope: 'Implement predictive demand model.'. Rationale: 'Reduces overstock risk.'.,Optimize Global Spare Parts Forecasting,Implement predictive demand model.,Regional pilot,revise,Reduces overstock risk.,"[{""name"": ""Repair_Demand"", ""value"": ""Stable"", ""unit"": ""value"", ""observed_on"": ""2024-05-02""}]",Operations,reported,"{forecast,operations,revise,spare_parts}"
AAPL-2024Q2-0445,Apple Inc.,2024-05-02,quarterly_filings/2024_Q2.pdf,https://www.sec.gov/edgar/browse/?CIK=0000320193,Item 2. Management's Discussion and Analysis - Finance,Disclosure Context (2024_Q2): Trigger: '74.6% GM record'. Management Action: 'Maintain'. Scope: 'Maintain conservative GM target despite peak.'. Rationale: 'Prevents over-optimistic guidance.'.,Adjust Long-Term Services Gross Margin Target,Maintain conservative GM target despite peak.,Maintain,revise,Prevents over-optimistic guidance.,"[{""name"": ""Services_GM"", ""value"": ""74.6%"", ""unit"": ""percentage"", ""observed_on"": ""2024-05-02""}]",Finance,reported,"{finance,margin,revise,services,target}"
AAPL-2024Q2-0446,Apple Inc.,2024-05-02,quarterly_filings/2024_Q2.pdf,https://www.sec.gov/edgar/browse/?CIK=0000320193,Item 2. Management's Discussion and Analysis - R&D,Disclosure Context (2024_Q2): Trigger: 'Battery efficiency feedback'. Management Action: 'Patch'. Scope: 'Reduce background power usage 5%.'. Rationale: 'Improves daily battery experience.'.,Enhance iOS Background App Efficiency,Reduce background power usage 5%.,Patch,revise,Improves daily battery experience.,"[{""name"": ""Battery"", ""value"": ""+5%"", ""unit"": ""percentage"", ""observed_on"": ""2024-05-02""}]",R&D,reported,"{battery,ios,r&d,revise}"
AAPL-2024Q2-0447,Apple Inc.,2024-05-02,quarterly_filings/2024_Q2.pdf,https://www.sec.gov/edgar/browse/?CIK=0000320193,Item 2. Management's Discussion and Analysis - Legal,Disclosure Context (2024_Q2): Trigger: 'Cross-border data scrutiny'. Management Action: 'Global'. Scope: 'Harmonize DPAs globally.'. Rationale: 'Reduces legal fragmentation risk.'.,Standardize Global Data Processing Agreements,Harmonize DPAs globally.,Global,revise,Reduces legal fragmentation risk.,"[{""name"": ""Data_Risk"", ""value"": ""Elevated"", ""unit"": ""value"", ""observed_on"": ""2024-05-02""}]",Legal,reported,"{contracts,data,legal,revise}"
AAPL-2024Q2-0448,Apple Inc.,2024-05-02,quarterly_filings/2024_Q2.pdf,https://www.sec.gov/edgar/browse/?CIK=0000320193,Item 2. Management's Discussion and Analysis - Operations,Disclosure Context (2024_Q2): Trigger: 'iPad -17% volatility'. Management Action: 'Pilot'. Scope: 'Implement demand sensing model.'. Rationale: 'Reduces future inventory swings.'.,Improve iPad Production Forecast Accuracy,Implement demand sensing model.,Pilot,revise,Reduces future inventory swings.,"[{""name"": ""iPad"", ""value"": ""-17%"", ""unit"": ""percentage"", ""observed_on"": ""2024-05-02""}]",Operations,reported,"{forecast,ipad,operations,revise}"
AAPL-2024Q2-0449,Apple Inc.,2024-05-02,quarterly_filings/2024_Q2.pdf,https://www.sec.gov/edgar/browse/?CIK=0000320193,Item 2. Management's Discussion and Analysis - Finance,Disclosure Context (2024_Q2): Trigger: '$110B authorization'. Management Action: 'Update'. Scope: 'Refine EPS accretion modeling.'. Rationale: 'Improves transparency on capital return.'.,Enhance Buyback Impact Modeling,Refine EPS accretion modeling.,Update,revise,Improves transparency on capital return.,"[{""name"": ""Buyback"", ""value"": ""$110B"", ""unit"": ""currency"", ""observed_on"": ""2024-05-02""}]",Finance,reported,"{buyback,eps,finance,revise}"
AAPL-2024Q2-0450,Apple Inc.,2024-05-02,quarterly_filings/2024_Q2.pdf,https://www.sec.gov/edgar/browse/?CIK=0000320193,Item 2. Management's Discussion and Analysis - R&D,Disclosure Context (2024_Q2): Trigger: 'Urban transit expansion'. Management Action: 'Patch'. Scope: 'Improve QR recognition speed 5%.'. Rationale: 'Improves real-world utility.'.,Optimize Apple Wallet Transit Integration,Improve QR recognition speed 5%.,Patch,revise,Improves real-world utility.,"[{""name"": ""Recognition"", ""value"": ""+5%"", ""unit"": ""percentage"", ""observed_on"": ""2024-05-02""}]",R&D,reported,"{r&d,revise,transit,wallet}"
AAPL-2024Q2-0451,Apple Inc.,2024-05-02,quarterly_filings/2024_Q2.pdf,https://www.sec.gov/edgar/browse/?CIK=0000320193,Item 2. Management's Discussion and Analysis - Legal,Disclosure Context (2024_Q2): Trigger: 'EU portability rules'. Management Action: 'Full'. Scope: 'Improve export tools.'. Rationale: 'Reduces regulatory friction.'.,Strengthen Consumer Data Portability Process,Improve export tools.,Full,revise,Reduces regulatory friction.,"[{""name"": ""DMA_Risk"", ""value"": ""High"", ""unit"": ""value"", ""observed_on"": ""2024-05-02""}]",Legal,reported,"{data,legal,portability,revise}"
AAPL-2024Q2-0452,Apple Inc.,2024-05-02,quarterly_filings/2024_Q2.pdf,https://www.sec.gov/edgar/browse/?CIK=0000320193,Item 2. Management's Discussion and Analysis - Operations,Disclosure Context (2024_Q2): Trigger: 'Repair cost focus'. Management Action: '+4%'. Scope: 'Increase refurb reuse rate 4%.'. Rationale: 'Reduces service cost.'.,Optimize Mac Repair Parts Reuse,Increase refurb reuse rate 4%.,+4%,revise,Reduces service cost.,"[{""name"": ""Reuse"", ""value"": ""+4%"", ""unit"": ""percentage"", ""observed_on"": ""2024-05-02""}]",Operations,reported,"{mac,operations,repair,reuse,revise}"
AAPL-2024Q2-0453,Apple Inc.,2024-05-02,quarterly_filings/2024_Q2.pdf,https://www.sec.gov/edgar/browse/?CIK=0000320193,Item 2. Management's Discussion and Analysis - Finance,Disclosure Context (2024_Q2): Trigger: 'Hardware volatility'. Management Action: 'Full'. Scope: 'Model 3-year downside scenario.'. Rationale: 'Enhances resilience planning.'.,Expand Multi-Year Scenario Modeling,Model 3-year downside scenario.,Full,expand,Enhances resilience planning.,"[{""name"": ""Revenue"", ""value"": ""-4%"", ""unit"": ""percentage"", ""observed_on"": ""2024-05-02""}]",Finance,reported,"{expand,finance,forecast,strategy}"
AAPL-2024Q2-0454,Apple Inc.,2024-05-02,quarterly_filings/2024_Q2.pdf,https://www.sec.gov/edgar/browse/?CIK=0000320193,Item 2. Management's Discussion and Analysis - R&D,Disclosure Context (2024_Q2): Trigger: 'Streaming engagement focus'. Management Action: 'Patch'. Scope: 'Reduce UI latency 6%.'. Rationale: 'Enhances premium perception.'.,Improve Apple TV Interface Responsiveness,Reduce UI latency 6%.,Patch,revise,Enhances premium perception.,"[{""name"": ""Latency"", ""value"": ""-6%"", ""unit"": ""percentage"", ""observed_on"": ""2024-05-02""}]",R&D,reported,"{appletv,r&d,revise,ux}"
AAPL-2024Q2-0455,Apple Inc.,2024-05-02,quarterly_filings/2024_Q2.pdf,https://www.sec.gov/edgar/browse/?CIK=0000320193,Item 2. Management's Discussion and Analysis - Legal,Disclosure Context (2024_Q2): Trigger: 'AI + privacy scrutiny'. Management Action: 'Moderate'. Scope: 'Expand employee privacy training.'. Rationale: 'Reduces internal breach risk.'.,Update Global Privacy Training Curriculum,Expand employee privacy training.,Moderate,revise,Reduces internal breach risk.,"[{""name"": ""Privacy_Risk"", ""value"": ""Elevated"", ""unit"": ""value"", ""observed_on"": ""2024-05-02""}]",Legal,reported,"{legal,privacy,revise,training}"
AAPL-2024Q2-0456,Apple Inc.,2024-05-02,quarterly_filings/2024_Q2.pdf,https://www.sec.gov/edgar/browse/?CIK=0000320193,Item 2. Management's Discussion and Analysis - Operations,Disclosure Context (2024_Q2): Trigger: 'Freight inflation'. Management Action: '-6%'. Scope: 'Shift 6% air freight to sea.'. Rationale: 'Protects gross margin.'.,Optimize International Shipping Mix,Shift 6% air freight to sea.,-6%,revise,Protects gross margin.,"[{""name"": ""Freight"", ""value"": ""+6%"", ""unit"": ""percentage"", ""observed_on"": ""2024-05-02""}]",Operations,reported,"{logistics,operations,revise,shipping}"
AAPL-2024Q2-0457,Apple Inc.,2024-05-02,quarterly_filings/2024_Q2.pdf,https://www.sec.gov/edgar/browse/?CIK=0000320193,Item 2. Management's Discussion and Analysis - Finance,Disclosure Context (2024_Q2): Trigger: 'Services record quarter'. Management Action: 'Update'. Scope: 'Adjust churn model sensitivity.'. Rationale: 'Improves LTV forecasting.'.,Refine Long-Term Services Retention Assumptions,Adjust churn model sensitivity.,Update,revise,Improves LTV forecasting.,"[{""name"": ""Services_Record"", ""value"": ""Yes"", ""unit"": ""value"", ""observed_on"": ""2024-05-02""}]",Finance,reported,"{finance,retention,revise,services}"
AAPL-2024Q2-0458,Apple Inc.,2024-05-02,quarterly_filings/2024_Q2.pdf,https://www.sec.gov/edgar/browse/?CIK=0000320193,Item 2. Management's Discussion and Analysis - R&D,Disclosure Context (2024_Q2): Trigger: 'Growing storage usage'. Management Action: 'Patch'. Scope: 'Improve upload speed 7%.'. Rationale: 'Improves customer experience.'.,Enhance iCloud Backup Speed,Improve upload speed 7%.,Patch,revise,Improves customer experience.,"[{""name"": ""Speed"", ""value"": ""+7%"", ""unit"": ""percentage"", ""observed_on"": ""2024-05-02""}]",R&D,reported,"{backup,icloud,r&d,revise}"
AAPL-2024Q2-0459,Apple Inc.,2024-05-02,quarterly_filings/2024_Q2.pdf,https://www.sec.gov/edgar/browse/?CIK=0000320193,Item 2. Management's Discussion and Analysis - Legal,Disclosure Context (2024_Q2): Trigger: 'Global scrutiny rising'. Management Action: 'Full'. Scope: 'Implement centralized monitoring dashboard.'. Rationale: 'Enhances proactive compliance.'.,Strengthen Cross-Region Antitrust Monitoring,Implement centralized monitoring dashboard.,Full,investigate,Enhances proactive compliance.,"[{""name"": ""Antitrust_Risk"", ""value"": ""High"", ""unit"": ""value"", ""observed_on"": ""2024-05-02""}]",Legal,reported,"{antitrust,investigate,legal,monitoring}"
AAPL-2024Q2-0460,Apple Inc.,2024-05-02,quarterly_filings/2024_Q2.pdf,https://www.sec.gov/edgar/browse/?CIK=0000320193,Item 2. Management's Discussion and Analysis - Operations,Disclosure Context (2024_Q2): Trigger: 'Hardware demand volatility'. Management Action: '-5%'. Scope: 'Shorten procurement cycle 5%.'. Rationale: 'Improves flexibility.'.,Optimize Component Procurement Cycles,Shorten procurement cycle 5%.,-5%,revise,Improves flexibility.,"[{""name"": ""Revenue"", ""value"": ""-4%"", ""unit"": ""percentage"", ""observed_on"": ""2024-05-02""}]",Operations,reported,"{operations,ops,procurement,revise}"
AAPL-2024Q2-0461,Apple Inc.,2024-05-02,quarterly_filings/2024_Q2.pdf,https://www.sec.gov/edgar/browse/?CIK=0000320193,Item 2. Management's Discussion and Analysis - Finance,Disclosure Context (2024_Q2): Trigger: 'Dividend + buyback growth'. Management Action: 'Add outlook'. Scope: 'Add 5-year capital allocation outlook slide.'. Rationale: 'Improves investor clarity.'.,Enhance Long-Term Capital Allocation Reporting,Add 5-year capital allocation outlook slide.,Add outlook,revise,Improves investor clarity.,"[{""name"": ""Buyback"", ""value"": ""$110B"", ""unit"": ""currency"", ""observed_on"": ""2024-05-02""}]",Finance,reported,"{capital,finance,reporting,revise}"
AAPL-2024Q2-0462,Apple Inc.,2024-05-02,quarterly_filings/2024_Q2.pdf,https://www.sec.gov/edgar/browse/?CIK=0000320193,Item 2. Management's Discussion and Analysis - R&D,Disclosure Context (2024_Q2): Trigger: 'Ecosystem improvement focus'. Management Action: 'Patch'. Scope: 'Enhance traffic prediction 6%.'. Rationale: 'Improves competitiveness.'.,Improve Apple Maps Routing Precision,Enhance traffic prediction 6%.,Patch,revise,Improves competitiveness.,"[{""name"": ""Precision"", ""value"": ""+6%"", ""unit"": ""percentage"", ""observed_on"": ""2024-05-02""}]",R&D,reported,"{maps,r&d,revise,routing}"
AAPL-2024Q2-0463,Apple Inc.,2024-05-02,quarterly_filings/2024_Q2.pdf,https://www.sec.gov/edgar/browse/?CIK=0000320193,Item 2. Management's Discussion and Analysis - Legal,Disclosure Context (2024_Q2): Trigger: 'Supplier risk management'. Management Action: 'Moderate'. Scope: 'Strengthen vendor compliance language.'. Rationale: 'Reduces supply chain liability.'.,Update International Vendor Compliance Clauses,Strengthen vendor compliance language.,Moderate,revise,Reduces supply chain liability.,"[{""name"": ""Vendor_Risk"", ""value"": ""Moderate"", ""unit"": ""currency"", ""observed_on"": ""2024-05-02""}]",Legal,reported,"{contracts,legal,revise,vendor}"
AAPL-2024Q2-0464,Apple Inc.,2024-05-02,quarterly_filings/2024_Q2.pdf,https://www.sec.gov/edgar/browse/?CIK=0000320193,Item 2. Management's Discussion and Analysis - Operations,Disclosure Context (2024_Q2): Trigger: 'Warranty expense trend'. Management Action: 'Update'. Scope: 'Refine predictive warranty model.'. Rationale: 'Improves cost accuracy.'.,Improve Global Warranty Cost Forecasting,Refine predictive warranty model.,Update,revise,Improves cost accuracy.,"[{""name"": ""Warranty_Rate"", ""value"": ""-1%"", ""unit"": ""percentage"", ""observed_on"": ""2024-05-02""}]",Operations,reported,"{forecast,operations,revise,warranty}"
AAPL-2024Q2-0465,Apple Inc.,2024-05-02,quarterly_filings/2024_Q2.pdf,https://www.sec.gov/edgar/browse/?CIK=0000320193,Item 2. Management's Discussion and Analysis - Finance,Disclosure Context (2024_Q2): Trigger: '$110B authorization'. Management Action: 'Update'. Scope: 'Refine pacing assumptions for 3-year window.'. Rationale: 'Improves capital efficiency modeling.'.,Adjust Long-Term Share Repurchase Pace Modeling,Refine pacing assumptions for 3-year window.,Update,revise,Improves capital efficiency modeling.,"[{""name"": ""Buyback"", ""value"": ""$110B"", ""unit"": ""currency"", ""observed_on"": ""2024-05-02""}]",Finance,reported,"{buyback,capital,finance,revise}"
AAPL-2024Q2-0466,Apple Inc.,2024-05-02,quarterly_filings/2024_Q2.pdf,https://www.sec.gov/edgar/browse/?CIK=0000320193,Item 2. Management's Discussion and Analysis - R&D,Disclosure Context (2024_Q2): Trigger: 'Privacy positioning'. Management Action: 'Patch'. Scope: 'Improve kernel exploit resistance.'. Rationale: 'Strengthens platform security.'.,Enhance macOS Security Hardening,Improve kernel exploit resistance.,Patch,revise,Strengthens platform security.,"[{""name"": ""Security"", ""value"": ""+Improved"", ""unit"": ""value"", ""observed_on"": ""2024-05-02""}]",R&D,reported,"{macos,r&d,revise,security}"
AAPL-2024Q2-0467,Apple Inc.,2024-05-02,quarterly_filings/2024_Q2.pdf,https://www.sec.gov/edgar/browse/?CIK=0000320193,Item 2. Management's Discussion and Analysis - Legal,Disclosure Context (2024_Q2): Trigger: 'Rising global scrutiny'. Management Action: 'Global'. Scope: 'Deploy early-warning compliance alerts.'. Rationale: 'Improves proactive risk response.'.,Expand Global Regulatory Early Warning System,Deploy early-warning compliance alerts.,Global,expand,Improves proactive risk response.,"[{""name"": ""Regulatory_Risk"", ""value"": ""Elevated"", ""unit"": ""value"", ""observed_on"": ""2024-05-02""}]",Legal,reported,"{expand,legal,monitoring,regulatory}"
AAPL-2024Q2-0468,Apple Inc.,2024-05-02,quarterly_filings/2024_Q2.pdf,https://www.sec.gov/edgar/browse/?CIK=0000320193,Item 2. Management's Discussion and Analysis - Operations,Disclosure Context (2024_Q2): Trigger: 'ESG focus'. Management Action: 'Moderate'. Scope: 'Enhance safety compliance audits.'. Rationale: 'Reduces operational risk.'.,Optimize Assembly Floor Safety Protocols,Enhance safety compliance audits.,Moderate,revise,Reduces operational risk.,"[{""name"": ""Safety_Risk"", ""value"": ""Moderate"", ""unit"": ""currency"", ""observed_on"": ""2024-05-02""}]",Operations,reported,"{operations,revise,safety}"
AAPL-2024Q2-0469,Apple Inc.,2024-05-02,quarterly_filings/2024_Q2.pdf,https://www.sec.gov/edgar/browse/?CIK=0000320193,Item 2. Management's Discussion and Analysis - Finance,Disclosure Context (2024_Q2): Trigger: 'Services record quarter'. Management Action: 'Update'. Scope: 'Update long-term services narrative framework.'. Rationale: 'Supports valuation stability.'.,Refine 5-Year Services Growth Narrative,Update long-term services narrative framework.,Update,expand,Supports valuation stability.,"[{""name"": ""Services_Record"", ""value"": ""Yes"", ""unit"": ""value"", ""observed_on"": ""2024-05-02""}]",Finance,reported,"{expand,finance,services,strategy}"
AAPL-2024Q2-0470,Apple Inc.,2024-05-02,quarterly_filings/2024_Q2.pdf,https://www.sec.gov/edgar/browse/?CIK=0000320193,Item 2. Management's Discussion and Analysis - R&D,Disclosure Context (2024_Q2): Trigger: 'Continuity feature focus'. Management Action: 'Patch'. Scope: 'Reduce clipboard sync delay 5%.'. Rationale: 'Improves seamless device experience.'.,Improve Cross-Device Clipboard Sync Speed,Reduce clipboard sync delay 5%.,Patch,revise,Improves seamless device experience.,"[{""name"": ""Sync_Delay"", ""value"": ""-5%"", ""unit"": ""percentage"", ""observed_on"": ""2024-05-02""}]",R&D,reported,"{clipboard,ecosystem,r&d,revise}"
AAPL-2024Q2-S001,Apple Inc.,2024-05-02,quarterly_filings/2024_Q2.pdf,https://www.sec.gov/edgar/browse/?CIK=0000320193,Item 2. MD&A - Operations,Disclosure Context (2024_Q2): Trigger: 'Overall revenue -4.3% YoY to $90.8B'. Management Action: 'Realign'. Scope: 'Consolidate direct-to-consumer repair channel capacity and reduce partner repair costs'. Rationale: 'Improve gross margin via service cost leverage'.,Consolidate Authorized Repair Channel Cost Structure,Renegotiate AppleCare authorized service provider (ASP) contracts to reduce per-incident cost by 8%.,Revise,revise,Hardware service cost leverage protects gross margin amid product revenue softness.,"[{""name"":""Services GM"",""value"":""74.6%"",""unit"":""percentage"",""observed_on"":""2024-05-02""}]",Operations,reported,"{repair,operations,cost,service}"
AAPL-2024Q2-S002,Apple Inc.,2024-05-02,quarterly_filings/2024_Q2.pdf,https://www.sec.gov/edgar/browse/?CIK=0000320193,Item 2. MD&A - Research and Development,"Disclosure Context (2024_Q2): Trigger: 'R&D $7.9B in H1 2024, +5.2% YoY'. Management Action: 'Redirect'. Scope: 'Redirect Project Titan resources toward Apple Intelligence and on-device ML capabilities'. Rationale: 'Maximize ROI from R&D spend following Titan cancellation.'.",Redirect Project Titan R&D Resources to Apple Intelligence,"Redirect approximately 2,000 Project Titan engineers toward generative AI and on-device ML for Apple Intelligence.",Redirect,revise,Shifts high-cost automotive R&D to higher-ROI AI capabilities aligned with WWDC roadmap.,"[{""name"":""R&D H1 2024"",""value"":""7.9B"",""unit"":""USD billions"",""observed_on"":""2024-05-02""}]",R&D,reported,"{ai,titan,rd,redirect,intelligence}"
AAPL-2024Q2-S003,Apple Inc.,2024-05-02,quarterly_filings/2024_Q2.pdf,https://www.sec.gov/edgar/browse/?CIK=0000320193,Item 2. MD&A - Research and Development,Disclosure Context (2024_Q2): Trigger: 'Vision Pro demand <50k units/month'. Management Action: 'Reduce'. Scope: 'Reduce Vision Pro production cost curve target by 25% through second-generation design simplification'. Rationale: 'Expand addressable market at lower price point.'.,Accelerate Vision Pro Second-Generation Cost Reduction,Target 25% BOM cost reduction for Vision Pro 2 via OLED supplier renegotiation and optical stack simplification.,Reduce,revise,"Enables future mass-market spatial computing entry at sub-$2,500 price.","[{""name"":""Vision Pro units/month"",""value"":""<50k"",""unit"":""units"",""observed_on"":""2024-05-02""}]",R&D,reported,"{visionpro,rd,cost,spatial}"
AAPL-2024Q2-S004,Apple Inc.,2024-05-02,quarterly_filings/2024_Q2.pdf,https://www.sec.gov/edgar/browse/?CIK=0000320193,Item 2. MD&A - Research and Development,"Disclosure Context (2024_Q2): Trigger: 'Apple Siri competitive pressure from GPT-4o, Gemini'. Management Action: 'Accelerate'. Scope: 'Accelerate on-device personal context AI model training for Siri upgrade'. Rationale: 'Restore Siri competitive positioning for iPhone 16 cycle.'.",Accelerate Siri Personal Context AI Model Development,"Accelerate development of on-device personal context large language model for Siri, targeting iOS 18.1 release.",Accelerate,invest,Restores Siri competitive positioning vs OpenAI ChatGPT and Google Gemini.,"[{""name"":""R&D Q2 2024"",""value"":""8.0B"",""unit"":""USD billions"",""observed_on"":""2024-05-02""}]",R&D,reported,"{siri,ai,rd,llm,ios18}"
AAPL-2024Q2-S005,Apple Inc.,2024-05-02,quarterly_filings/2024_Q2.pdf,https://www.sec.gov/edgar/browse/?CIK=0000320193,Note 8 - Commitments and Contingencies - Legal Proceedings,"Disclosure Context (2024_Q2): Trigger: 'DOJ civil antitrust complaint filed March 21, 2024'. Management Action: 'Engage'. Scope: 'Retain outside antitrust counsel and prepare formal DOJ response strategy'. Rationale: 'Protect ecosystem business model from monopolization claims.'.",Engage External Antitrust Counsel for DOJ Response,Retain specialized antitrust law firms to coordinate Apple's defense against DOJ monopolization complaint.,Engage,invest,Complex multi-jurisdictional antitrust defense requires specialized external legal expertise.,"[{""name"":""DOJ complaint date"",""value"":""2024-03-21"",""unit"":""date"",""observed_on"":""2024-05-02""}]",Legal,reported,"{doj,antitrust,legal,defense}"
AAPL-2024Q2-S006,Apple Inc.,2024-05-02,quarterly_filings/2024_Q2.pdf,https://www.sec.gov/edgar/browse/?CIK=0000320193,Note 8 - Commitments and Contingencies - Regulatory Proceedings,"Disclosure Context (2024_Q2): Trigger: 'EC DMA non-compliance investigations opened March 25, 2024'. Management Action: 'Review'. Scope: 'Conduct emergency DMA compliance review across all 6 gatekeeper obligations'. Rationale: 'Avoid prospective fines up to 10% of global annual turnover.'.",Emergency DMA Compliance Gap Assessment,Conduct full audit of Apple's compliance with all DMA gatekeeper obligations following EC formal investigations.,Review,monitor,DMA violations carry fines up to 10% of global annual revenue (~$38B).,"[{""name"":""max DMA fine"",""value"":""10%"",""unit"":""global revenue %"",""observed_on"":""2024-05-02""}]",Legal,reported,"{dma,ec,legal,compliance,gatekeeper}"
AAPL-2024Q2-S007,Apple Inc.,2024-05-02,quarterly_filings/2024_Q2.pdf,https://www.sec.gov/edgar/browse/?CIK=0000320193,Note 8 - Commitments and Contingencies - Intellectual Property Matters,Disclosure Context (2024_Q2): Trigger: 'Masimo ITC exclusion order disabling pulse oximeter in Apple Watch'. Management Action: 'Appeal'. Scope: 'Appeal Federal Circuit denial of stay; pursue software-only design-around workaround'. Rationale: 'Restore full Apple Watch feature set in U.S. market.'.,Appeal Masimo ITC Exclusion and Implement Design-Around,Pursue parallel appeal strategy and software-based design-around to restore pulse oximeter features in US Apple Watch models.,Appeal,revise,Pulse oximeter is a key health differentiator; restoring it protects Apple Watch competitive positioning.,"[{""name"":""Apple Watch affected models"",""value"":""Series 9 & Ultra 2"",""unit"":""products"",""observed_on"":""2024-05-02""}]",Legal,reported,"{masimo,itc,patent,watch,legal}"
AAPL-2024Q2-S008,Apple Inc.,2024-05-02,quarterly_filings/2024_Q2.pdf,https://www.sec.gov/edgar/browse/?CIK=0000320193,Note 8 - Commitments and Contingencies - Regulatory Proceedings,"Disclosure Context (2024_Q2): Trigger: 'EC €1.84B Spotify fine issued March 4, 2024'. Management Action: 'Appeal'. Scope: 'Appeal EC antitrust decision on music streaming anti-steering rules'. Rationale: 'Avoid precedent-setting enforcement expanding to other app categories.'.",Appeal European Commission Spotify Antitrust Fine,File formal appeal of the €1.84 billion EC antitrust decision at the EU General Court.,Appeal,revise,Upholding the fine would establish precedent expanding anti-steering liability across all app categories.,"[{""name"":""EC fine amount"",""value"":""1.84B"",""unit"":""EUR billions"",""observed_on"":""2024-03-04""}]",Legal,reported,"{ec,spotify,antitrust,legal,appeal}"
AAPL-2024Q2-S009,Apple Inc.,2024-05-02,quarterly_filings/2024_Q2.pdf,https://www.sec.gov/edgar/browse/?CIK=0000320193,Item 1A. Risk Factors - Legal and Regulatory Compliance,Disclosure Context (2024_Q2): Trigger: 'DOJ v. Google ruling risk to $18-20B default search revenue'. Management Action: 'Contingency plan'. Scope: 'Develop alternative search monetization contingency if Google ISA is unwound'. Rationale: 'Search revenue is ~$5 of every $6 in high-margin Services income.'.,Develop Search Revenue Contingency Plan Under DOJ v. Google Risk,Prepare contingency search monetization strategy in case DOJ v. Google ruling eliminates Google ISA default search payments.,Plan,monitor,Google default search payments (~$18-20B/yr) represent the largest single line in Services gross profit.,"[{""name"":""estimated Google ISA value"",""value"":""18-20B"",""unit"":""USD billions/year"",""observed_on"":""2024-05-02""}]",Legal,reported,"{google,search,doj,legal,services}"
AAPL-2024Q2-S010,Apple Inc.,2024-05-02,quarterly_filings/2024_Q2.pdf,https://www.sec.gov/edgar/browse/?CIK=0000320193,Note 8 - Commitments and Contingencies - Tax Matters,Disclosure Context (2024_Q2): Trigger: 'ECJ C-465/20 P Ireland state aid appeal pending'. Management Action: 'Reserve'. Scope: 'Maintain €13B escrow in Irish trust pending ECJ final ruling'. Rationale: 'Protect balance sheet from crystallization of state aid repayment obligation.'.,Maintain Irish Tax Escrow Pending ECJ State Aid Final Ruling,Keep €13 billion in designated Irish escrow trust pending ECJ ruling in Commission v. Ireland and Apple state aid case.,Maintain,monitor,ECJ final ruling on state aid case could require immediate transfer of escrowed funds to Irish Revenue.,"[{""name"":""escrow amount"",""value"":""13B"",""unit"":""EUR billions"",""observed_on"":""2024-05-02""}]",Legal,reported,"{ecj,tax,stateaid,ireland,legal}"
