case_id,company_name,decision_date,source_document_id,source_url,source_page_or_section,source_excerpt,decision_title,decision_description,documented_action,action_type,decision_rationale,quantitative_signals,department,department_basis,tags,cross_dept_impact,conflicting_perspectives
AAPL-2024Q1-0001,Apple Inc.,2024-02-01,quarterly_filings/2024_Q1.pdf,https://www.sec.gov/ix?doc=/Archives/edgar/data/0000320193/000032019324000069/aapl-20231230.htm,Item 2. MD&A - Operations,"Disclosure Context (2024_Q1): Trigger: 'Apple Q1 FY2024 10-Q (filed February 1, 2024) discloses the operational, financial, and compliance context for Operations decisions'. Management Action: 'Ramp Vision Pro Commercial Assembly Line with Luxshare Precision'. Scope: 'Authorized and documented in Item 2. MD&A - Operations'. Rationale: 'Supports Q1 FY2024 corporate priorities across supply chain resilience, capital allocation, engineering advancement, and regulatory compliance'.",Ramp Vision Pro Commercial Assembly Line with Luxshare Precision,"Authorize Luxshare Precision to commission two dedicated high-precision cleanroom assembly lines in Kunshan for Apple Vision Pro final assembly, establishing an initial production run target of 420,000 units for calendar year 2024. The operational framework mandates automated sub-millimeter optical alignment stations and 100% dual-lens calibration testing before packaging.",Commission assembly lines,expand,"Secures dedicated final assembly capacity and skilled manufacturing technicians ahead of the February 2, 2024 retail launch while establishing strict acoustic and structural defect quarantine protocols.","[{""name"": ""Initial Vision Pro Target"", ""value"": ""420,000"", ""unit"": ""units"", ""observed_on"": ""2024-02-01""}, {""name"": ""Cleanroom Lines"", ""value"": ""2"", ""unit"": ""lines"", ""observed_on"": ""2024-02-01""}]",Operations,reported,"{operations,expand}",R&D;Finance,"Operations pushed for a multi-month ramp commitment to secure Luxshare tooling priority; Finance warned that low initial sell-through on the $3,499 price point could trigger substantial idle capacity fees; R&D insisted that optical calibration tolerances could not be relaxed to increase throughput; Executive management approved the two-line deployment with quarterly volume re-indexing."
AAPL-2024Q1-0002,Apple Inc.,2024-02-01,quarterly_filings/2024_Q1.pdf,https://www.sec.gov/ix?doc=/Archives/edgar/data/0000320193/000032019324000069/aapl-20231230.htm,Item 2. MD&A - Operating Expenses,"Disclosure Context (2024_Q1): Trigger: 'Apple Q1 FY2024 10-Q (filed February 1, 2024) discloses the operational, financial, and compliance context for Operations decisions'. Management Action: 'Negotiate Micro-OLED Display Yield Loss Guarantees with Sony Semiconductor'. Scope: 'Authorized and documented in Item 2. MD&A - Operating Expenses'. Rationale: 'Supports Q1 FY2024 corporate priorities across supply chain resilience, capital allocation, engineering advancement, and regulatory compliance'.",Negotiate Micro-OLED Display Yield Loss Guarantees with Sony Semiconductor,"Execute an amended component procurement agreement with Sony Semiconductor Solutions for 1.42-inch 4K micro-OLED display panels, capping Apple's absorbed yield loss rate at 35% and requiring Sony to deploy secondary automated optical inspection tools at its Kumamoto fabrication facility.",Cap absorbed yield loss,revise,Protects bill-of-materials gross margins from high early-stage semiconductor fabrication scrap rates on the dual 4K spatial computing display modules.,"[{""name"": ""Max Yield Loss Absorbed"", ""value"": ""35"", ""unit"": ""percent"", ""observed_on"": ""2024-02-01""}, {""name"": ""Panel Resolution"", ""value"": ""4K"", ""unit"": ""per eye"", ""observed_on"": ""2024-02-01""}]",Operations,reported,"{operations,revise}",Finance;R&D,Operations prioritized securing guaranteed display wafer allocations over price concessions; Finance objected to absorbing any yield scrap exceeding 25% given the estimated $350 panel unit cost; Sony refused tighter guarantees without multi-year volume commitments; Management compromised at 35% with quarterly yield audit checkpoints.
AAPL-2024Q1-0003,Apple Inc.,2024-02-01,quarterly_filings/2024_Q1.pdf,https://www.sec.gov/ix?doc=/Archives/edgar/data/0000320193/000032019324000069/aapl-20231230.htm,Item 2. MD&A - Products Performance,"Disclosure Context (2024_Q1): Trigger: 'Apple Q1 FY2024 10-Q (filed February 1, 2024) discloses the operational, financial, and compliance context for Operations decisions'. Management Action: 'Deploy Automated Optical Alignment Calibration Fixtures in Retail Distribution Centers'. Scope: 'Authorized and documented in Item 2. MD&A - Products Performance'. Rationale: 'Supports Q1 FY2024 corporate priorities across supply chain resilience, capital allocation, engineering advancement, and regulatory compliance'.",Deploy Automated Optical Alignment Calibration Fixtures in Retail Distribution Centers,"Install 45 automated robotic optical alignment test fixtures across three central fulfillment centers in California, Pennsylvania, and the Netherlands to perform pre-dispatch laser calibration of Vision Pro optical pod tracking sensors.",Install calibration fixtures,expand,Eliminates spatial distortion returns and customer eye strain claims by verifying IPD motorized adjustment mechanisms before customer delivery.,"[{""name"": ""Calibration Fixtures Deployed"", ""value"": ""45"", ""unit"": ""units"", ""observed_on"": ""2024-02-01""}, {""name"": ""Fulfillment Centers"", ""value"": ""3"", ""unit"": ""facilities"", ""observed_on"": ""2024-02-01""}]",Operations,reported,"{operations,expand}",R&D;Operations,"Operations raised concerns over fulfillment latency, estimating a 4-hour delay per pallet; R&D stressed that sensor misalignment of even 0.5mm causes severe visual disorientation and product returns; Executive team mandated the pre-dispatch inspection step."
AAPL-2024Q1-0004,Apple Inc.,2024-02-01,quarterly_filings/2024_Q1.pdf,https://www.sec.gov/ix?doc=/Archives/edgar/data/0000320193/000032019324000069/aapl-20231230.htm,Item 2. MD&A - Services and Accessories,"Disclosure Context (2024_Q1): Trigger: 'Apple Q1 FY2024 10-Q (filed February 1, 2024) discloses the operational, financial, and compliance context for Operations decisions'. Management Action: 'Establish ZEISS Optical Prescription Insert Fulfillment Pipeline'. Scope: 'Authorized and documented in Item 2. MD&A - Services and Accessories'. Rationale: 'Supports Q1 FY2024 corporate priorities across supply chain resilience, capital allocation, engineering advancement, and regulatory compliance'.",Establish ZEISS Optical Prescription Insert Fulfillment Pipeline,"Partner with Carl Zeiss AG to establish an integrated direct-to-consumer manufacturing and logistics workflow for customized magnetic prescription optical inserts, guaranteeing 5-business-day home delivery following online prescription verification.",Establish prescription workflow,expand,Enables vision-corrected users to purchase and operate Apple Vision Pro without glasses while eliminating in-store lens grinding and medical device inventory liability in retail stores.,"[{""name"": ""Delivery SLA Target"", ""value"": ""5"", ""unit"": ""business days"", ""observed_on"": ""2024-02-01""}, {""name"": ""Insert Price Base"", ""value"": ""99"", ""unit"": ""USD"", ""observed_on"": ""2024-02-01""}]",Operations,reported,"{operations,expand}",Legal;Operations,Operations favored direct shipping from ZEISS Guangzhou labs to US consumers; Legal flagged compliance obligations under HIPAA and FDA medical device distribution standards; Operations adapted the workflow to store encrypted optical prescriptions on isolated servers.
AAPL-2024Q1-0005,Apple Inc.,2024-02-01,quarterly_filings/2024_Q1.pdf,https://www.sec.gov/ix?doc=/Archives/edgar/data/0000320193/000032019324000069/aapl-20231230.htm,Item 2. MD&A - Gross Margin,"Disclosure Context (2024_Q1): Trigger: 'Apple Q1 FY2024 10-Q (filed February 1, 2024) discloses the operational, financial, and compliance context for Operations decisions'. Management Action: 'Contract Secondary 3D Glass Enclosure Polishing Capacity with Lens Technology'. Scope: 'Authorized and documented in Item 2. MD&A - Gross Margin'. Rationale: 'Supports Q1 FY2024 corporate priorities across supply chain resilience, capital allocation, engineering advancement, and regulatory compliance'.",Contract Secondary 3D Glass Enclosure Polishing Capacity with Lens Technology,"Sign an emergency secondary supply agreement with Lens Technology in Changsha to polish the laminated 3D curved front glass enclosure for Vision Pro, supplementing primary volumes from Biel Crystal.",Contract secondary polishing capacity,expand,Mitigates single-source thermal tempering and surface acoustic scratch defect bottlenecks on the complex continuous curved exterior glass panel.,"[{""name"": ""Glass Scrap Reduction Goal"", ""value"": ""15"", ""unit"": ""percent"", ""observed_on"": ""2024-02-01""}]",Operations,reported,"{operations,expand}",Finance;Operations,Operations stressed the single-source vulnerability of Biel Crystal; Finance resisted paying a 12% tooling premium for Lens Technology's secondary tooling line; Operations prevailed due to yield instability at Biel.
AAPL-2024Q1-0006,Apple Inc.,2024-02-01,quarterly_filings/2024_Q1.pdf,https://www.sec.gov/ix?doc=/Archives/edgar/data/0000320193/000032019324000069/aapl-20231230.htm,Item 2. MD&A - Products Performance,"Disclosure Context (2024_Q1): Trigger: 'Apple Q1 FY2024 10-Q (filed February 1, 2024) discloses the operational, financial, and compliance context for Operations decisions'. Management Action: 'Accelerate iPhone 15 Assembly Volume Transition to Tata Electronics Hosur Facility'. Scope: 'Authorized and documented in Item 2. MD&A - Products Performance'. Rationale: 'Supports Q1 FY2024 corporate priorities across supply chain resilience, capital allocation, engineering advancement, and regulatory compliance'.",Accelerate iPhone 15 Assembly Volume Transition to Tata Electronics Hosur Facility,"Expand production allocation at Tata Electronics' Hosur manufacturing campus in Tamil Nadu, transferring an additional 12% of baseline iPhone 15 mechanical housing and subassembly capacity from mainland China.",Transfer assembly allocation,expand,Diversifies global manufacturing footprint toward India while reducing geopolitical single-country exposure and leveraging Indian Production Linked Incentive (PLI) subsidies.,"[{""name"": ""India Production Target Share"", ""value"": ""14"", ""unit"": ""percent of global"", ""observed_on"": ""2024-02-01""}, {""name"": ""PLI Subsidy Threshold"", ""value"": ""4.5"", ""unit"": ""percent"", ""observed_on"": ""2024-02-01""}]",Operations,reported,"{operations,expand}",Finance;Legal,Operations sought aggressive transfer of machining lines to capture full FY24 PLI incentives; Finance warned of upfront shipping and technician expatriation costs; Legal verified compliance with local labor and factory safety statutes; Executive team approved the transfer schedule.
AAPL-2024Q1-0007,Apple Inc.,2024-02-01,quarterly_filings/2024_Q1.pdf,https://www.sec.gov/ix?doc=/Archives/edgar/data/0000320193/000032019324000069/aapl-20231230.htm,Item 2. MD&A - Capital Expenditures,"Disclosure Context (2024_Q1): Trigger: 'Apple Q1 FY2024 10-Q (filed February 1, 2024) discloses the operational, financial, and compliance context for Operations decisions'. Management Action: 'Authorize Pegatron Chennai Cleanroom Tooling for Next-Generation PCB Substrates'. Scope: 'Authorized and documented in Item 2. MD&A - Capital Expenditures'. Rationale: 'Supports Q1 FY2024 corporate priorities across supply chain resilience, capital allocation, engineering advancement, and regulatory compliance'.",Authorize Pegatron Chennai Cleanroom Tooling for Next-Generation PCB Substrates,Approve a $45M capital expenditure advance to Pegatron's manufacturing plant near Chennai to install automated surface-mount technology (SMT) lines for high-density multi-layer printed circuit boards.,Approve SMT capital expenditure,approve,"Builds localized Tier-2 component manufacturing depth in India, reducing reliance on trans-shipments of populated circuit boards from Shenzhen.","[{""name"": ""CapEx Advance"", ""value"": ""45"", ""unit"": ""million USD"", ""observed_on"": ""2024-02-01""}]",Operations,reported,"{operations,approve}",Finance;Operations,Finance demanded strict asset clawback provisions if Pegatron failed to achieve 98% SMT line operational efficiency within 180 days; Operations accepted the performance milestones to secure component pipeline autonomy.
AAPL-2024Q1-0008,Apple Inc.,2024-02-01,quarterly_filings/2024_Q1.pdf,https://www.sec.gov/ix?doc=/Archives/edgar/data/0000320193/000032019324000069/aapl-20231230.htm,Item 2. MD&A - Operations,"Disclosure Context (2024_Q1): Trigger: 'Apple Q1 FY2024 10-Q (filed February 1, 2024) discloses the operational, financial, and compliance context for Operations decisions'. Management Action: 'Consolidate Vietnam iPad and AirPods Enclosure Sourcing with Foxconn Bac Giang'. Scope: 'Authorized and documented in Item 2. MD&A - Operations'. Rationale: 'Supports Q1 FY2024 corporate priorities across supply chain resilience, capital allocation, engineering advancement, and regulatory compliance'.",Consolidate Vietnam iPad and AirPods Enclosure Sourcing with Foxconn Bac Giang,"Shift 18% of global iPad casing CNC milling and anodization volume from Chengdu, China to Foxconn's expanded Bac Giang facility in northern Vietnam.",Shift enclosure sourcing,expand,Reduces lead times for regional Southeast Asian assembly and insulates finished goods gross margins from recurring Chinese industrial power grid rationing.,"[{""name"": ""Volume Shift"", ""value"": ""18"", ""unit"": ""percent"", ""observed_on"": ""2024-02-01""}]",Operations,reported,"{operations,expand}",Finance;Operations,Operations highlighted zero power-rationing disruptions in Vietnam; Finance warned of local currency volatility and freight charges between Vietnam and China; Rebalancing was approved with a cap on secondary packaging expenses.
AAPL-2024Q1-0009,Apple Inc.,2024-02-01,quarterly_filings/2024_Q1.pdf,https://www.sec.gov/ix?doc=/Archives/edgar/data/0000320193/000032019324000069/aapl-20231230.htm,Item 2. MD&A - Operating Expenses,"Disclosure Context (2024_Q1): Trigger: 'Apple Q1 FY2024 10-Q (filed February 1, 2024) discloses the operational, financial, and compliance context for Operations decisions'. Management Action: 'Establish Direct Air-Freight Corridor Between Bengaluru and European Logistics Hubs'. Scope: 'Authorized and documented in Item 2. MD&A - Operating Expenses'. Rationale: 'Supports Q1 FY2024 corporate priorities across supply chain resilience, capital allocation, engineering advancement, and regulatory compliance'.",Establish Direct Air-Freight Corridor Between Bengaluru and European Logistics Hubs,"Contract chartered Boeing 777-200F cargo capacity connecting Kempegowda International Airport in Bengaluru directly to Frankfurt and Amsterdam distribution centers, bypassing East Asian hub layovers.",Charter direct cargo corridor,expand,Cuts direct fulfillment cycle time from 72 hours to 28 hours for Indian-assembled iPhone units destined for Western European markets during high-demand promotional windows.,"[{""name"": ""Transit Reduction"", ""value"": ""44"", ""unit"": ""hours"", ""observed_on"": ""2024-02-01""}]",Operations,reported,"{operations,expand}",Finance;Operations,Operations stressed the 44-hour customer satisfaction and channel velocity gain; Finance calculated a $3.40 per unit air freight surcharge compared to ocean-rail routing; Operations agreed to limit direct charters to high-margin Pro SKU configurations.
AAPL-2024Q1-0010,Apple Inc.,2024-02-01,quarterly_filings/2024_Q1.pdf,https://www.sec.gov/ix?doc=/Archives/edgar/data/0000320193/000032019324000069/aapl-20231230.htm,"Item 2. MD&A - Wearables, Home and Accessories","Disclosure Context (2024_Q1): Trigger: 'Apple Q1 FY2024 10-Q (filed February 1, 2024) discloses the operational, financial, and compliance context for Operations decisions'. Management Action: 'Qualify Salcomp Chennai for MagSafe Charger High-Volume Production'. Scope: 'Authorized and documented in Item 2. MD&A - Wearables, Home and Accessories'. Rationale: 'Supports Q1 FY2024 corporate priorities across supply chain resilience, capital allocation, engineering advancement, and regulatory compliance'.",Qualify Salcomp Chennai for MagSafe Charger High-Volume Production,"Complete qualification testing of Salcomp's Chennai facility as a certified primary vendor for 15W MagSafe wireless inductive charging pucks, assigning an initial purchase order of 6.5 million units.",Qualify accessory vendor,approve,Deepens Indian accessory manufacturing capabilities and lowers landed import duties for accessories distributed across South Asia and the Middle East.,"[{""name"": ""Initial PO Volume"", ""value"": ""6.5"", ""unit"": ""million units"", ""observed_on"": ""2024-02-01""}]",Operations,reported,"{operations,approve}",R&D;Operations,"Operations sought immediate mass manufacturing authorization; R&D flagged thermal dissipation variance in preliminary inductive coil prototypes; Salcomp redesigned the shielding layer, securing R&D greenlight."
AAPL-2024Q1-0011,Apple Inc.,2024-02-01,quarterly_filings/2024_Q1.pdf,https://www.sec.gov/ix?doc=/Archives/edgar/data/0000320193/000032019324000069/aapl-20231230.htm,Item 2. MD&A - Greater China Segment,"Disclosure Context (2024_Q1): Trigger: 'Apple Q1 FY2024 10-Q (filed February 1, 2024) discloses the operational, financial, and compliance context for Operations decisions'. Management Action: 'Authorize Retailer Price Support Subsidies in Greater China to Clear Channel Inventory'. Scope: 'Authorized and documented in Item 2. MD&A - Greater China Segment'. Rationale: 'Supports Q1 FY2024 corporate priorities across supply chain resilience, capital allocation, engineering advancement, and regulatory compliance'.",Authorize Retailer Price Support Subsidies in Greater China to Clear Channel Inventory,"Approve a targeted $140M channel price support program for authorized retail partners across Greater China, providing a temporary $70 to $100 per unit discount on iPhone 15 and 15 Plus models to counter domestic competitive pressure and clear channel stock.",Approve channel subsidies,revise,Addresses the 13% year-over-year revenue contraction in Greater China in Q1 FY24 by stimulating sell-through velocity against intensifying Huawei Mate 60 domestic competition.,"[{""name"": ""Greater China Revenue Delta"", ""value"": ""-13"", ""unit"": ""percent YoY"", ""observed_on"": ""2024-02-01""}, {""name"": ""Channel Subsidy Fund"", ""value"": ""140"", ""unit"": ""million USD"", ""observed_on"": ""2024-02-01""}]",Operations,reported,"{operations,revise}",Finance;Operations,"Operations warned that distributor channel inventory in Tier-3 cities reached 52 days of supply; Finance vehemently resisted discounting current-generation hardware, citing gross margin dilution; Operations demonstrated that inventory carrying penalties and grey-market dumping would cause greater margin destruction; Discounts approved under strict time bounds."
AAPL-2024Q1-0012,Apple Inc.,2024-02-01,quarterly_filings/2024_Q1.pdf,https://www.sec.gov/ix?doc=/Archives/edgar/data/0000320193/000032019324000069/aapl-20231230.htm,Item 2. MD&A - iPad Category Performance,"Disclosure Context (2024_Q1): Trigger: 'Apple Q1 FY2024 10-Q (filed February 1, 2024) discloses the operational, financial, and compliance context for Operations decisions'. Management Action: 'Reallocate Unsold iPad Air Finished Stock from Mainland China to India Retail Channels'. Scope: 'Authorized and documented in Item 2. MD&A - iPad Category Performance'. Rationale: 'Supports Q1 FY2024 corporate priorities across supply chain resilience, capital allocation, engineering advancement, and regulatory compliance'.",Reallocate Unsold iPad Air Finished Stock from Mainland China to India Retail Channels,"Repatriate and re-pack 180,000 units of unsold 5th-generation iPad Air stock from distribution depots in Shanghai, routing them to direct retail and educational institutions in India and the Middle East.",Reallocate regional inventory,reduce,Mitigates the 25% year-over-year slump in iPad category revenue in Q1 FY2024 by clearing aging inventory before planned spring 2024 hardware refreshes.,"[{""name"": ""iPad Category Sales Delta"", ""value"": ""-25"", ""unit"": ""percent YoY"", ""observed_on"": ""2024-02-01""}, {""name"": ""Reallocated Units"", ""value"": ""180,000"", ""unit"": ""units"", ""observed_on"": ""2024-02-01""}]",Operations,reported,"{operations,reduce}",Finance;Operations,Operations pushed to clear Greater China warehouses immediately; Finance warned that repackaging and localized charging adapter swaps would incur $18/unit in rework; Operations offset costs through high-margin educational bundle packaging.
AAPL-2024Q1-0013,Apple Inc.,2024-02-01,quarterly_filings/2024_Q1.pdf,https://www.sec.gov/ix?doc=/Archives/edgar/data/0000320193/000032019324000069/aapl-20231230.htm,Item 2. MD&A - Operations,"Disclosure Context (2024_Q1): Trigger: 'Apple Q1 FY2024 10-Q (filed February 1, 2024) discloses the operational, financial, and compliance context for Operations decisions'. Management Action: 'Enforce Strict 30-Day Channel Inventory Caps for Tier-1 Chinese Distributors'. Scope: 'Authorized and documented in Item 2. MD&A - Operations'. Rationale: 'Supports Q1 FY2024 corporate priorities across supply chain resilience, capital allocation, engineering advancement, and regulatory compliance'.",Enforce Strict 30-Day Channel Inventory Caps for Tier-1 Chinese Distributors,"Implement mandatory algorithmic channel inventory caps across Digital China, Telling, and Aisidi, restricting replenishment shipments if downstream channel sell-out data indicates more than 30 days of forward supply.",Enforce channel inventory caps,reduce,Prevents artificial distributor channel stuffing and minimizes channel write-down liabilities during periods of regional macroeconomic softness.,"[{""name"": ""Max Forward Inventory Cap"", ""value"": ""30"", ""unit"": ""days"", ""observed_on"": ""2024-02-01""}]",Operations,reported,"{operations,reduce}",Finance;Operations,"Distributors threatened to cut marketing co-op spend if volume shipments were constrained; Finance backed Operations, emphasizing that trade receivables risk outweighed short-term wholesale top-line optics; Caps implemented with automated weekly audits."
AAPL-2024Q1-0014,Apple Inc.,2024-02-01,quarterly_filings/2024_Q1.pdf,https://www.sec.gov/ix?doc=/Archives/edgar/data/0000320193/000032019324000069/aapl-20231230.htm,Item 2. MD&A - Operating Expenses,"Disclosure Context (2024_Q1): Trigger: 'Apple Q1 FY2024 10-Q (filed February 1, 2024) discloses the operational, financial, and compliance context for Operations decisions'. Management Action: 'Consolidate Shanghai Warehousing from Three Third-Party Facilities to Singamas Pudong'. Scope: 'Authorized and documented in Item 2. MD&A - Operating Expenses'. Rationale: 'Supports Q1 FY2024 corporate priorities across supply chain resilience, capital allocation, engineering advancement, and regulatory compliance'.",Consolidate Shanghai Warehousing from Three Third-Party Facilities to Singamas Pudong,Terminate two third-party logistics warehousing leases in Baoshan and consolidate all Eastern China finished goods staging at a modernized automated warehouse facility operated by Singamas in Pudong.,Consolidate regional warehousing,reduce,Reduces annualized intra-city drayage and transfer logistics costs by $16M while improving direct-to-retail replenishment turnaround times by 12 hours.,"[{""name"": ""Logistics Cost Savings"", ""value"": ""16"", ""unit"": ""million USD"", ""observed_on"": ""2024-02-01""}]",Operations,reported,"{operations,reduce}",Finance;Operations,Operations favored consolidation for inventory visibility; Finance scrutinized lease termination penalties of $3.2M; Operations demonstrated an 8-month payback horizon.
AAPL-2024Q1-0015,Apple Inc.,2024-02-01,quarterly_filings/2024_Q1.pdf,https://www.sec.gov/ix?doc=/Archives/edgar/data/0000320193/000032019324000069/aapl-20231230.htm,Item 2. MD&A - Products Performance,"Disclosure Context (2024_Q1): Trigger: 'Apple Q1 FY2024 10-Q (filed February 1, 2024) discloses the operational, financial, and compliance context for Operations decisions'. Management Action: 'Expand Zhengzhou Finished Goods Buffer Stock for iPhone 15 Pro Max'. Scope: 'Authorized and documented in Item 2. MD&A - Products Performance'. Rationale: 'Supports Q1 FY2024 corporate priorities across supply chain resilience, capital allocation, engineering advancement, and regulatory compliance'.",Expand Zhengzhou Finished Goods Buffer Stock for iPhone 15 Pro Max,"Increase on-site buffer inventory of finished iPhone 15 Pro Max units at Foxconn's Zhengzhou Science Park from 600,000 to 1,100,000 units during the Chinese New Year holiday production slowdown.",Increase finished buffer stock,expand,"Guarantees seamless global replenishment during the two-week national holiday factory shutdown, protecting market share in premium smartphone tiers.","[{""name"": ""Buffer Inventory Target"", ""value"": ""1.1"", ""unit"": ""million units"", ""observed_on"": ""2024-02-01""}]",Operations,reported,"{operations,expand}",Finance;Operations,"Operations demanded high buffer stock to prevent stockouts; Finance raised working capital carrying concerns, noting that tying up $800M in finished goods during February carried opportunity cost; Operations provided demand forecast showing sustained Pro Max order backlogs."
AAPL-2024Q1-0016,Apple Inc.,2024-02-01,quarterly_filings/2024_Q1.pdf,https://www.sec.gov/ix?doc=/Archives/edgar/data/0000320193/000032019324000069/aapl-20231230.htm,"Item 2. MD&A - Wearables, Home and Accessories","Disclosure Context (2024_Q1): Trigger: 'Apple Q1 FY2024 10-Q (filed February 1, 2024) discloses the operational, financial, and compliance context for Operations decisions'. Management Action: 'Quarantine and Re-flash Apple Watch Series 9 and Ultra 2 U.S. Retail Inventory'. Scope: 'Authorized and documented in Item 2. MD&A - Wearables, Home and Accessories'. Rationale: 'Supports Q1 FY2024 corporate priorities across supply chain resilience, capital allocation, engineering advancement, and regulatory compliance'.",Quarantine and Re-flash Apple Watch Series 9 and Ultra 2 U.S. Retail Inventory,"Issue a nationwide operational hold across 272 U.S. Apple Store locations and distribution centers, isolating all inventory of Apple Watch Series 9 and Ultra 2 to replace standard watchOS firmware with modified builds that disable the pulse oximeter sensor per U.S. Customs ruling.",Quarantine and modify retail stock,revise,Enforces strict operational compliance with U.S. International Trade Commission (ITC) import exclusion orders and U.S. Customs and Border Protection directives following the Masimo patent dispute.,"[{""name"": ""Affected Retail Stores"", ""value"": ""272"", ""unit"": ""stores"", ""observed_on"": ""2024-02-01""}, {""name"": ""Watch Category Revenue Delta"", ""value"": ""-11"", ""unit"": ""percent YoY"", ""observed_on"": ""2024-02-01""}]",Operations,reported,"{operations,revise}",Legal;Operations,Operations warned that pulling stock from retail displays would cause immediate hardware shortages and customer confusion; Legal insisted that failure to quarantine un-cleared units risked massive civil penalties and port seizures; Operations deployed flying engineering teams to re-flash retail inventory overnight.
AAPL-2024Q1-0017,Apple Inc.,2024-02-01,quarterly_filings/2024_Q1.pdf,https://www.sec.gov/ix?doc=/Archives/edgar/data/0000320193/000032019324000069/aapl-20231230.htm,Item 2. MD&A - Operations,"Disclosure Context (2024_Q1): Trigger: 'Apple Q1 FY2024 10-Q (filed February 1, 2024) discloses the operational, financial, and compliance context for Operations decisions'. Management Action: 'Establish Separate Part Number SKUs for Non-Pulse-Oximeter Apple Watch Models'. Scope: 'Authorized and documented in Item 2. MD&A - Operations'. Rationale: 'Supports Q1 FY2024 corporate priorities across supply chain resilience, capital allocation, engineering advancement, and regulatory compliance'.",Establish Separate Part Number SKUs for Non-Pulse-Oximeter Apple Watch Models,Create dedicated global manufacturing part numbers (SKUs ending in LW/A) for Apple Watch units configured without the blood oxygen feature specifically for the U.S. domestic distribution channel.,Create domestic-only SKUs,revise,Segregates U.S. import-compliant hardware from international retail inventory that continues to offer full pulse oximeter health functionality.,"[{""name"": ""SKU Partitioning"", ""value"": ""LW/A"", ""unit"": ""identifier"", ""observed_on"": ""2024-02-01""}]",Operations,reported,"{operations,revise}",Legal;Operations,"Operations complained about doubling packaging variants, forecasting increased inventory stockout risks; Legal stated that clear SKU segregation was non-negotiable for U.S. Customs verification."
AAPL-2024Q1-0018,Apple Inc.,2024-02-01,quarterly_filings/2024_Q1.pdf,https://www.sec.gov/ix?doc=/Archives/edgar/data/0000320193/000032019324000069/aapl-20231230.htm,Item 2. MD&A - Wearables,"Disclosure Context (2024_Q1): Trigger: 'Apple Q1 FY2024 10-Q (filed February 1, 2024) discloses the operational, financial, and compliance context for Operations decisions'. Management Action: 'Reroute Unmodified Apple Watch Inventory to European and Canadian Distribution Channels'. Scope: 'Authorized and documented in Item 2. MD&A - Wearables'. Rationale: 'Supports Q1 FY2024 corporate priorities across supply chain resilience, capital allocation, engineering advancement, and regulatory compliance'.",Reroute Unmodified Apple Watch Inventory to European and Canadian Distribution Channels,"Divert 320,000 units of previously manufactured Apple Watch Series 9 units with active pulse oximeter hardware from U.S. inbound ports to distribution warehouses in the UK, Germany, and Canada.",Divert international inventory,reduce,Avoids costly hardware scrapping or manual rework in U.S. facilities by reallocating compliant inventory to international markets unaffected by the ITC patent exclusion order.,"[{""name"": ""Diverted Units"", ""value"": ""320,000"", ""unit"": ""units"", ""observed_on"": ""2024-02-01""}]",Operations,reported,"{operations,reduce}",Finance;Operations,Operations favored swift re-routing to avoid port demurrage fees; Finance warned of secondary freight and packaging costs; Operations showed that international demand absorbed the inventory at full retail MSRP.
AAPL-2024Q1-0019,Apple Inc.,2024-02-01,quarterly_filings/2024_Q1.pdf,https://www.sec.gov/ix?doc=/Archives/edgar/data/0000320193/000032019324000069/aapl-20231230.htm,Item 2. MD&A - Operations,"Disclosure Context (2024_Q1): Trigger: 'Apple Q1 FY2024 10-Q (filed February 1, 2024) discloses the operational, financial, and compliance context for Operations decisions'. Management Action: 'Audit Supplier Cleanroom Separation for Sensor Assembly Lines at Luxshare Kunshan'. Scope: 'Authorized and documented in Item 2. MD&A - Operations'. Rationale: 'Supports Q1 FY2024 corporate priorities across supply chain resilience, capital allocation, engineering advancement, and regulatory compliance'.",Audit Supplier Cleanroom Separation for Sensor Assembly Lines at Luxshare Kunshan,Dispatch specialized quality assurance auditors to Luxshare's Kunshan facilities to verify physical separation and independent tooling of watch sensor boards designated for U.S. versus Rest-of-World assembly.,Audit cleanroom sensor lines,investigate,Eliminates component cross-contamination and ensures zero unauthorized pulse-oximeter sensor assemblies enter the U.S. supply chain stream.,"[{""name"": ""Audit Locations"", ""value"": ""2"", ""unit"": ""plants"", ""observed_on"": ""2024-02-01""}]",Operations,reported,"{operations,investigate}",Legal;Operations,Operations considered the audit duplicative of standard QA; Legal stressed that an accidental cross-shipment would constitute a willful violation of an active ITC exclusion order.
AAPL-2024Q1-0020,Apple Inc.,2024-02-01,quarterly_filings/2024_Q1.pdf,https://www.sec.gov/ix?doc=/Archives/edgar/data/0000320193/000032019324000069/aapl-20231230.htm,Item 2. MD&A - Wearables,"Disclosure Context (2024_Q1): Trigger: 'Apple Q1 FY2024 10-Q (filed February 1, 2024) discloses the operational, financial, and compliance context for Operations decisions'. Management Action: 'Transition Watch S9 Packaging to Emphasize ECG and Fall Detection Features'. Scope: 'Authorized and documented in Item 2. MD&A - Wearables'. Rationale: 'Supports Q1 FY2024 corporate priorities across supply chain resilience, capital allocation, engineering advancement, and regulatory compliance'.",Transition Watch S9 Packaging to Emphasize ECG and Fall Detection Features,"Authorize immediate graphic packaging and point-of-sale updates across all retail channels, removing blood oxygen references and highlighting ECG, Fall Detection, and Crash Detection capabilities.",Update marketing packaging,revise,"Re-anchors consumer health value propositions on fully compliant, patented features to minimize sales friction following feature deprecation.","[{""name"": ""Packaging Revision Turnaround"", ""value"": ""14"", ""unit"": ""days"", ""observed_on"": ""2024-02-01""}]",Operations,reported,"{operations,revise}",Legal;Operations,Operations expressed frustration at writing off $4.2M in pre-printed retail boxes; Legal confirmed that retaining pulse oximeter references on U.S. packaging risked immediate false advertising and injunction enforcement actions.
AAPL-2024Q1-0021,Apple Inc.,2024-02-01,quarterly_filings/2024_Q1.pdf,https://www.sec.gov/ix?doc=/Archives/edgar/data/0000320193/000032019324000069/aapl-20231230.htm,Item 2. MD&A - Cost of Sales,"Disclosure Context (2024_Q1): Trigger: 'Apple Q1 FY2024 10-Q (filed February 1, 2024) discloses the operational, financial, and compliance context for Operations decisions'. Management Action: 'Shift 70% of Post-Holiday Trans-Pacific iPhone 15 Volumes from Air to Ocean Freight'. Scope: 'Authorized and documented in Item 2. MD&A - Cost of Sales'. Rationale: 'Supports Q1 FY2024 corporate priorities across supply chain resilience, capital allocation, engineering advancement, and regulatory compliance'.",Shift 70% of Post-Holiday Trans-Pacific iPhone 15 Volumes from Air to Ocean Freight,"Transition standard replenishment routing for iPhone 15 and 15 Plus models from chartered air freight to scheduled ocean container transport from Yantian and Shanghai to Long Beach, California.",Transition to ocean freight,reduce,Captures substantial logistics savings by reducing per-unit freight costs from $4.10 by air to $0.65 by ocean once immediate holiday retail demand peaks subside.,"[{""name"": ""Freight Cost Reduction"", ""value"": ""84"", ""unit"": ""percent"", ""observed_on"": ""2024-02-01""}, {""name"": ""Ocean Volume Share"", ""value"": ""70"", ""unit"": ""percent"", ""observed_on"": ""2024-02-01""}]",Operations,reported,"{operations,reduce}",Finance;Operations,"Operations raised inventory buffer concerns, noting ocean transit adds 18 days of pipeline dwell time; Finance insisted on capturing the $68M quarterly freight savings to protect hardware gross margins; Agreement reached by keeping Pro models on air freight while shifting base models to ocean."
AAPL-2024Q1-0022,Apple Inc.,2024-02-01,quarterly_filings/2024_Q1.pdf,https://www.sec.gov/ix?doc=/Archives/edgar/data/0000320193/000032019324000069/aapl-20231230.htm,Item 2. MD&A - Environmental Initiatives,"Disclosure Context (2024_Q1): Trigger: 'Apple Q1 FY2024 10-Q (filed February 1, 2024) discloses the operational, financial, and compliance context for Operations decisions'. Management Action: 'Eliminate Plastic Wrap on FineWoven and Silicone Accessory Retail Packaging'. Scope: 'Authorized and documented in Item 2. MD&A - Environmental Initiatives'. Rationale: 'Supports Q1 FY2024 corporate priorities across supply chain resilience, capital allocation, engineering advancement, and regulatory compliance'.",Eliminate Plastic Wrap on FineWoven and Silicone Accessory Retail Packaging,"Transition 100% of iPhone 15 case, Apple Watch band, and MagSafe charger secondary retail boxes to fiber-based seal tabs, eliminating virgin plastic overwrap across global supply chains.",Eliminate plastic packaging,reduce,Advances Apple's corporate environmental mandate to eliminate all plastic packaging by 2025 while reducing container cubic weight and international freight tariffs.,"[{""name"": ""Plastic Eliminated"", ""value"": ""100"", ""unit"": ""percent of accessories"", ""observed_on"": ""2024-02-01""}]",Operations,reported,"{operations,reduce}",Finance;Operations,Operations endorsed the sustainability objective; Finance verified a $0.04 savings per unit box; Quality testing confirmed seal tabs withstood high humidity during trans-oceanic shipping.
AAPL-2024Q1-0023,Apple Inc.,2024-02-01,quarterly_filings/2024_Q1.pdf,https://www.sec.gov/ix?doc=/Archives/edgar/data/0000320193/000032019324000069/aapl-20231230.htm,Item 2. MD&A - Operating Expenses,"Disclosure Context (2024_Q1): Trigger: 'Apple Q1 FY2024 10-Q (filed February 1, 2024) discloses the operational, financial, and compliance context for Operations decisions'. Management Action: 'Establish High-Density Air-Cargo Palletization Standards for MacBook Air M3 Packaging'. Scope: 'Authorized and documented in Item 2. MD&A - Operating Expenses'. Rationale: 'Supports Q1 FY2024 corporate priorities across supply chain resilience, capital allocation, engineering advancement, and regulatory compliance'.",Establish High-Density Air-Cargo Palletization Standards for MacBook Air M3 Packaging,"Redesign internal shipping cartons for upcoming 13-inch and 15-inch MacBook Air models to utilize interlocking corrugated trays, increasing pallet density from 48 to 60 units per air cargo skid.",Increase pallet packing density,expand,"Increases air freight efficiency by 25%, allowing an additional 12 units per pallet and significantly lowering per-unit inbound shipping expenses ahead of spring product rollouts.","[{""name"": ""Pallet Unit Density Increase"", ""value"": ""25"", ""unit"": ""percent"", ""observed_on"": ""2024-02-01""}]",Operations,reported,"{operations,expand}",Finance;Operations,"Operations and Finance fully aligned on the 25% shipping density improvement, overcoming minor packaging redesign tooling costs of $1.8M."
AAPL-2024Q1-0024,Apple Inc.,2024-02-01,quarterly_filings/2024_Q1.pdf,https://www.sec.gov/ix?doc=/Archives/edgar/data/0000320193/000032019324000069/aapl-20231230.htm,Item 2. MD&A - Operating Costs,"Disclosure Context (2024_Q1): Trigger: 'Apple Q1 FY2024 10-Q (filed February 1, 2024) discloses the operational, financial, and compliance context for Operations decisions'. Management Action: 'Consolidate European Centralized Parcel Carrier Contracts with DHL Express'. Scope: 'Authorized and documented in Item 2. MD&A - Operating Costs'. Rationale: 'Supports Q1 FY2024 corporate priorities across supply chain resilience, capital allocation, engineering advancement, and regulatory compliance'.",Consolidate European Centralized Parcel Carrier Contracts with DHL Express,"Consolidate parcel delivery across 14 Western European countries into a master contract with DHL Express, securing tiered volume discounts for online Apple Store orders.",Consolidate parcel delivery,revise,"Lowers per-parcel last-mile delivery expenses by 14% while enforcing guaranteed next-day delivery across metropolitan areas in Germany, France, and Benelux.","[{""name"": ""Parcel Discount"", ""value"": ""14"", ""unit"": ""percent"", ""observed_on"": ""2024-02-01""}]",Operations,reported,"{operations,revise}",Finance;Operations,Operations prioritized DHL's urban delivery network; Finance negotiated performance clawbacks for failed next-day deliveries; Agreement approved for 2-year duration.
AAPL-2024Q1-0025,Apple Inc.,2024-02-01,quarterly_filings/2024_Q1.pdf,https://www.sec.gov/ix?doc=/Archives/edgar/data/0000320193/000032019324000069/aapl-20231230.htm,Item 2. MD&A - Japan Segment Performance,"Disclosure Context (2024_Q1): Trigger: 'Apple Q1 FY2024 10-Q (filed February 1, 2024) discloses the operational, financial, and compliance context for Operations decisions'. Management Action: 'Implement Direct Courier Last-Mile Delivery for Flagship Metropolitan Stores in Japan'. Scope: 'Authorized and documented in Item 2. MD&A - Japan Segment Performance'. Rationale: 'Supports Q1 FY2024 corporate priorities across supply chain resilience, capital allocation, engineering advancement, and regulatory compliance'.",Implement Direct Courier Last-Mile Delivery for Flagship Metropolitan Stores in Japan,"Expand on-demand courier fulfillment partnerships with Sagawa Express to offer 2-hour delivery windows from 10 flagship Apple Store locations across Tokyo, Osaka, and Fukuoka.",Implement 2-hour courier delivery,expand,"Stimulates direct retail sales and captures premium corporate delivery demand in urban Japanese markets, leveraging store inventory as localized micro-fulfillment nodes.","[{""name"": ""Delivery Window Target"", ""value"": ""2"", ""unit"": ""hours"", ""observed_on"": ""2024-02-01""}]",Operations,reported,"{operations,expand}",Operations;Finance,Operations highlighted 99% density coverage in central Tokyo; Finance questioned whether the $12 courier subsidy would erode accessory margins; Operations established a minimum $150 basket size threshold.
AAPL-2024Q1-0026,Apple Inc.,2024-02-01,quarterly_filings/2024_Q1.pdf,https://www.sec.gov/ix?doc=/Archives/edgar/data/0000320193/000032019324000069/aapl-20231230.htm,Item 2. MD&A - Liquidity and Capital Resources,"Disclosure Context (2024_Q1): Trigger: 'Apple Q1 FY2024 10-Q (filed February 1, 2024) discloses the operational, financial, and compliance context for Operations decisions'. Management Action: 'Lock Long-Term 3nm Wafer Pricing and Volume Allocations with TSMC for M4 Silicon'. Scope: 'Authorized and documented in Item 2. MD&A - Liquidity and Capital Resources'. Rationale: 'Supports Q1 FY2024 corporate priorities across supply chain resilience, capital allocation, engineering advancement, and regulatory compliance'.",Lock Long-Term 3nm Wafer Pricing and Volume Allocations with TSMC for M4 Silicon,Execute noncancelable multi-billion dollar wafer advance commitments with Taiwan Semiconductor Manufacturing Company (TSMC) for second-generation 3nm (N3E) process capacity spanning calendar 2024 and 2025.,Lock 3nm wafer allocations,expand,"Secures 100% of TSMC's early N3E advanced packaging wafer capacity for Apple Silicon, guaranteeing exclusive semiconductor node access over competing PC and smartphone rivals.","[{""name"": ""Supplier Commitments"", ""value"": ""55.1"", ""unit"": ""billion USD"", ""observed_on"": ""2024-02-01""}]",Operations,reported,"{operations,expand}",Finance;R&D,"Operations and R&D prioritized securing exclusive leading-edge wafer access; Finance scrutinized committing over $18B in advance payments, noting that consumer hardware cycles were volatile; Strategic necessity prevailed due to AI Neural Engine performance targets."
AAPL-2024Q1-0027,Apple Inc.,2024-02-01,quarterly_filings/2024_Q1.pdf,https://www.sec.gov/ix?doc=/Archives/edgar/data/0000320193/000032019324000069/aapl-20231230.htm,Item 2. MD&A - Cost of Sales,"Disclosure Context (2024_Q1): Trigger: 'Apple Q1 FY2024 10-Q (filed February 1, 2024) discloses the operational, financial, and compliance context for Operations decisions'. Management Action: 'Negotiate Multi-Year LPDDR5X Memory Forward Contracts with SK Hynix'. Scope: 'Authorized and documented in Item 2. MD&A - Cost of Sales'. Rationale: 'Supports Q1 FY2024 corporate priorities across supply chain resilience, capital allocation, engineering advancement, and regulatory compliance'.",Negotiate Multi-Year LPDDR5X Memory Forward Contracts with SK Hynix,"Sign a 24-month fixed-spread procurement contract with SK Hynix for low-power LPDDR5X mobile DRAM modules, setting volume pricing thresholds for 8GB, 12GB, and 16GB density configurations.",Lock memory module pricing,revise,Hedges against anticipated DRAM cyclical price surges driven by high-bandwidth memory (HBM) capacity reallocations across leading semiconductor fabrication lines.,"[{""name"": ""Contract Duration"", ""value"": ""24"", ""unit"": ""months"", ""observed_on"": ""2024-02-01""}]",Operations,reported,"{operations,revise}",Finance;Operations,Operations forecasted a 20% tightening in mobile DRAM spot supply; Finance debated whether long-term contracts would lock Apple into above-market prices if memory demand softened; Operations confirmed HBM capacity cannibalization at fabs.
AAPL-2024Q1-0028,Apple Inc.,2024-02-01,quarterly_filings/2024_Q1.pdf,https://www.sec.gov/ix?doc=/Archives/edgar/data/0000320193/000032019324000069/aapl-20231230.htm,Item 2. MD&A - Operations,"Disclosure Context (2024_Q1): Trigger: 'Apple Q1 FY2024 10-Q (filed February 1, 2024) discloses the operational, financial, and compliance context for Operations decisions'. Management Action: 'Qualify Kioxia BiCS FLASH 3D NAND for Base iPhone 16 Storage Configurations'. Scope: 'Authorized and documented in Item 2. MD&A - Operations'. Rationale: 'Supports Q1 FY2024 corporate priorities across supply chain resilience, capital allocation, engineering advancement, and regulatory compliance'.",Qualify Kioxia BiCS FLASH 3D NAND for Base iPhone 16 Storage Configurations,"Complete technical qualification of Kioxia's 8th-generation 218-layer BiCS FLASH 3D NAND memory for 128GB and 256GB storage tiers, adding Kioxia alongside Samsung and Western Digital.",Qualify secondary NAND supplier,approve,"Diversifies high-volume mobile storage supply, preventing memory component allocation bottlenecks and increasing procurement bargaining leverage.","[{""name"": ""NAND Layers"", ""value"": ""218"", ""unit"": ""layers"", ""observed_on"": ""2024-02-01""}]",Operations,reported,"{operations,approve}",R&D;Operations,Operations sought three-way supplier competition; R&D rigorously tested endurance and read latency during high-temperature thermal cycling; Kioxia firmware passed all stress benchmarks.
AAPL-2024Q1-0029,Apple Inc.,2024-02-01,quarterly_filings/2024_Q1.pdf,https://www.sec.gov/ix?doc=/Archives/edgar/data/0000320193/000032019324000069/aapl-20231230.htm,Item 2. MD&A - Operating Activities,"Disclosure Context (2024_Q1): Trigger: 'Apple Q1 FY2024 10-Q (filed February 1, 2024) discloses the operational, financial, and compliance context for Operations decisions'. Management Action: 'Expand Titanium Alloy Billet Forging Contracts with TIMET for iPhone Pro Casings'. Scope: 'Authorized and documented in Item 2. MD&A - Operating Activities'. Rationale: 'Supports Q1 FY2024 corporate priorities across supply chain resilience, capital allocation, engineering advancement, and regulatory compliance'.",Expand Titanium Alloy Billet Forging Contracts with TIMET for iPhone Pro Casings,"Increase multi-quarter grade-5 titanium alloy supply commitments with Titanium Metals Corporation (TIMET), securing an additional 1,800 metric tons of aerospace-grade alloy billets.",Expand titanium alloy procurement,expand,Guarantees sufficient raw material inventory for the lightweight brushed titanium structural enclosures of current and future iPhone Pro models.,"[{""name"": ""Titanium Volume Addition"", ""value"": ""1,800"", ""unit"": ""metric tons"", ""observed_on"": ""2024-02-01""}]",Operations,reported,"{operations,expand}",Finance;Operations,Operations highlighted supplier lead times exceeding 26 weeks for aerospace-grade billets; Finance approved the capital commitment after verifying scrap metal recycling buyback credits.
AAPL-2024Q1-0030,Apple Inc.,2024-02-01,quarterly_filings/2024_Q1.pdf,https://www.sec.gov/ix?doc=/Archives/edgar/data/0000320193/000032019324000069/aapl-20231230.htm,Item 2. MD&A - Operations,"Disclosure Context (2024_Q1): Trigger: 'Apple Q1 FY2024 10-Q (filed February 1, 2024) discloses the operational, financial, and compliance context for Operations decisions'. Management Action: 'Transition Ceramic Shield Glass-Ceramic Sourcing to Corning Kentucky Facility Expansion'. Scope: 'Authorized and documented in Item 2. MD&A - Operations'. Rationale: 'Supports Q1 FY2024 corporate priorities across supply chain resilience, capital allocation, engineering advancement, and regulatory compliance'.",Transition Ceramic Shield Glass-Ceramic Sourcing to Corning Kentucky Facility Expansion,"Authorize long-term purchase commitments with Corning Incorporated supporting the commercial expansion of its Harrodsburg, Kentucky glass-ceramic fabrication facility.",Expand domestic glass-ceramic contracts,expand,"Supports proprietary Ceramic Shield front cover manufacturing, ensuring domestic supply security and enhanced drop performance formulations.","[{""name"": ""Supplier Commitments"", ""value"": ""55.1"", ""unit"": ""billion USD"", ""observed_on"": ""2024-02-01""}]",Operations,reported,"{operations,expand}",Operations;Finance,"Operations and Finance aligned on Corning's dedicated manufacturing lines, leveraging Apple's Advanced Manufacturing Fund investments to secure favorable unit pricing."
AAPL-2024Q1-0031,Apple Inc.,2024-02-01,quarterly_filings/2024_Q1.pdf,https://www.sec.gov/ix?doc=/Archives/edgar/data/0000320193/000032019324000069/aapl-20231230.htm,Item 2. MD&A - Retail Store Operations,"Disclosure Context (2024_Q1): Trigger: 'Apple Q1 FY2024 10-Q (filed February 1, 2024) discloses the operational, financial, and compliance context for Operations decisions'. Management Action: 'Renovate Flagship Retail Stores with Dedicated Vision Pro Fitting and Demo Rooms'. Scope: 'Authorized and documented in Item 2. MD&A - Retail Store Operations'. Rationale: 'Supports Q1 FY2024 corporate priorities across supply chain resilience, capital allocation, engineering advancement, and regulatory compliance'.",Renovate Flagship Retail Stores with Dedicated Vision Pro Fitting and Demo Rooms,"Budget $65M to reconfigure customer presentation space across 85 tier-1 retail stores globally, constructing modular demonstration salons equipped with biometric head-scanning stations and acoustic isolation baffles.",Renovate store demonstration areas,expand,"Optimizes customer retail conversion for the $3,499 Vision Pro by delivering a premium, personalized 25-minute spatial computing trial experience.","[{""name"": ""Retail Renovation Budget"", ""value"": ""65"", ""unit"": ""million USD"", ""observed_on"": ""2024-02-01""}, {""name"": ""Flagship Stores Renovated"", ""value"": ""85"", ""unit"": ""stores"", ""observed_on"": ""2024-02-01""}]",Operations,reported,"{operations,expand}",Finance;Operations,Operations stressed that high-friction spatial demos require privacy and specialized seating; Finance objected to sacrificing high-margin iPhone and Mac display table square footage; Operations designed compact modular pods preserving 85% of existing table space.
AAPL-2024Q1-0032,Apple Inc.,2024-02-01,quarterly_filings/2024_Q1.pdf,https://www.sec.gov/ix?doc=/Archives/edgar/data/0000320193/000032019324000069/aapl-20231230.htm,Item 2. MD&A - Greater China Segment,"Disclosure Context (2024_Q1): Trigger: 'Apple Q1 FY2024 10-Q (filed February 1, 2024) discloses the operational, financial, and compliance context for Operations decisions'. Management Action: 'Open Direct Flagship Retail Presence in Jing'an District, Shanghai'. Scope: 'Authorized and documented in Item 2. MD&A - Greater China Segment'. Rationale: 'Supports Q1 FY2024 corporate priorities across supply chain resilience, capital allocation, engineering advancement, and regulatory compliance'.","Open Direct Flagship Retail Presence in Jing'an District, Shanghai","Authorize the grand opening of Apple Jing'an in Shanghai on March 21, 2024, deploying an expansive subterranean architectural pavilion facing the historic Jing'an Temple.",Open flagship store,expand,Signals long-term corporate commitment to the Greater China consumer market and establishes a premier cultural and retail hub following regional revenue contractions.,"[{""name"": ""Greater China Sales Delta"", ""value"": ""-13"", ""unit"": ""percent YoY"", ""observed_on"": ""2024-02-01""}]",Operations,reported,"{operations,expand}",Finance;Operations,Operations highlighted the symbolic and commercial value of a marquee store in central Shanghai; Finance scrutinized the high capital expenditure during a quarter when China revenue fell 13%; CEO Tim Cook personally approved the opening to reinforce regional presence.
AAPL-2024Q1-0033,Apple Inc.,2024-02-01,quarterly_filings/2024_Q1.pdf,https://www.sec.gov/ix?doc=/Archives/edgar/data/0000320193/000032019324000069/aapl-20231230.htm,Item 2. MD&A - Operating Expenses,"Disclosure Context (2024_Q1): Trigger: 'Apple Q1 FY2024 10-Q (filed February 1, 2024) discloses the operational, financial, and compliance context for Operations decisions'. Management Action: 'Deploy Automated Employee Shift Scheduling Engine across U.S. Retail Stores'. Scope: 'Authorized and documented in Item 2. MD&A - Operating Expenses'. Rationale: 'Supports Q1 FY2024 corporate priorities across supply chain resilience, capital allocation, engineering advancement, and regulatory compliance'.",Deploy Automated Employee Shift Scheduling Engine across U.S. Retail Stores,"Roll out dynamic AI-driven workforce scheduling software across all 272 U.S. retail stores, integrating real-time foot-traffic sensors and Genius Bar appointment queues to schedule part-time retail specialists.",Deploy workforce scheduling software,revise,Reduces retail store labor overtime expenses by 8% while ensuring adequate staffing during peak weekend hours and product launch waves.,"[{""name"": ""Overtime Expense Reduction"", ""value"": ""8"", ""unit"": ""percent"", ""observed_on"": ""2024-02-01""}]",Operations,reported,"{operations,revise}",Operations;Legal,"Operations projected $22M in annual store payroll efficiency; Legal warned of local predictive-scheduling labor ordinances in cities like San Francisco, Seattle, and New York; Software was configured with hard constraints enforcing 14-day advance notice."
AAPL-2024Q1-0034,Apple Inc.,2024-02-01,quarterly_filings/2024_Q1.pdf,https://www.sec.gov/ix?doc=/Archives/edgar/data/0000320193/000032019324000069/aapl-20231230.htm,Item 2. MD&A - Products Performance,"Disclosure Context (2024_Q1): Trigger: 'Apple Q1 FY2024 10-Q (filed February 1, 2024) discloses the operational, financial, and compliance context for Operations decisions'. Management Action: 'Expand Certified Refurbished Program to Include Apple Watch Ultra and M2 Mac Mini'. Scope: 'Authorized and documented in Item 2. MD&A - Products Performance'. Rationale: 'Supports Q1 FY2024 corporate priorities across supply chain resilience, capital allocation, engineering advancement, and regulatory compliance'.",Expand Certified Refurbished Program to Include Apple Watch Ultra and M2 Mac Mini,"Authorize the formal online commercial introduction of certified refurbished Apple Watch Ultra and M2 Mac mini units at a 15% discount to retail MSRP, backed by a standard one-year warranty.",Expand refurbished product lines,expand,"Monetizes returned hardware assets, protects gross margins through internal parts recovery, and captures price-sensitive consumers without degrading brand equity.","[{""name"": ""Refurbished Discount"", ""value"": ""15"", ""unit"": ""percent"", ""observed_on"": ""2024-02-01""}]",Operations,reported,"{operations,expand}",Finance;Operations,Finance supported high-margin asset recovery; Operations verified that refurbishment testing facilities had sufficient capacity without slowing customer repair turnaround.
AAPL-2024Q1-0035,Apple Inc.,2024-02-01,quarterly_filings/2024_Q1.pdf,https://www.sec.gov/ix?doc=/Archives/edgar/data/0000320193/000032019324000069/aapl-20231230.htm,Item 2. MD&A - Operating Expenses,"Disclosure Context (2024_Q1): Trigger: 'Apple Q1 FY2024 10-Q (filed February 1, 2024) discloses the operational, financial, and compliance context for Operations decisions'. Management Action: 'Terminate Underperforming Retail Store Leases in Suburban North American Malls'. Scope: 'Authorized and documented in Item 2. MD&A - Operating Expenses'. Rationale: 'Supports Q1 FY2024 corporate priorities across supply chain resilience, capital allocation, engineering advancement, and regulatory compliance'.",Terminate Underperforming Retail Store Leases in Suburban North American Malls,"Exercise early lease termination options on 4 low-traffic suburban retail locations in Pennsylvania, Ohio, and Alberta, consolidating operations into larger regional outdoor lifestyle centers.",Terminate underperforming store leases,reduce,Reallocates store capital expenditure toward high-traffic metropolitan flagships while trimming ongoing retail occupancy and store security costs.,"[{""name"": ""Terminated Store Leases"", ""value"": ""4"", ""unit"": ""locations"", ""observed_on"": ""2024-02-01""}]",Operations,reported,"{operations,reduce}",Finance;Operations,Operations confirmed that regional online sales compensated for suburban store closures; Finance approved the $2.8M cumulative lease termination buyout fee.
AAPL-2024Q1-0036,Apple Inc.,2024-02-01,quarterly_filings/2024_Q1.pdf,https://www.sec.gov/ix?doc=/Archives/edgar/data/0000320193/000032019324000069/aapl-20231230.htm,Item 2. MD&A - Environmental Initiatives,"Disclosure Context (2024_Q1): Trigger: 'Apple Q1 FY2024 10-Q (filed February 1, 2024) discloses the operational, financial, and compliance context for Operations decisions'. Management Action: 'Scale Industrial Recycling Robot 'Daisy' Deployment in Breda Distribution Facility'. Scope: 'Authorized and documented in Item 2. MD&A - Environmental Initiatives'. Rationale: 'Supports Q1 FY2024 corporate priorities across supply chain resilience, capital allocation, engineering advancement, and regulatory compliance'.",Scale Industrial Recycling Robot 'Daisy' Deployment in Breda Distribution Facility,"Deploy a second-generation 'Daisy' automated iPhone disassembly robot at Apple's European logistics and material recovery center in Breda, Netherlands, targeting 1.2 million recycled devices annually.",Deploy automated disassembly robot,expand,"Recovers critical rare earth elements, cobalt, gold, and tungsten from returned devices for reintroduction into closed-loop manufacturing channels.","[{""name"": ""Annual Disassembly Target"", ""value"": ""1.2"", ""unit"": ""million units"", ""observed_on"": ""2024-02-01""}]",Operations,reported,"{operations,expand}",Operations;Finance,Operations highlighted circular supply chain resilience; Finance verified that recycled mineral recovery reduced raw material open-market purchase expenses by $12M annually.
AAPL-2024Q1-0037,Apple Inc.,2024-02-01,quarterly_filings/2024_Q1.pdf,https://www.sec.gov/ix?doc=/Archives/edgar/data/0000320193/000032019324000069/aapl-20231230.htm,Item 2. MD&A - Environmental Initiatives,"Disclosure Context (2024_Q1): Trigger: 'Apple Q1 FY2024 10-Q (filed February 1, 2024) discloses the operational, financial, and compliance context for Operations decisions'. Management Action: 'Transition All Retail Store Electricity Contracts to 100% Bundled Renewable Energy in Japan'. Scope: 'Authorized and documented in Item 2. MD&A - Environmental Initiatives'. Rationale: 'Supports Q1 FY2024 corporate priorities across supply chain resilience, capital allocation, engineering advancement, and regulatory compliance'.",Transition All Retail Store Electricity Contracts to 100% Bundled Renewable Energy in Japan,Negotiate long-term power purchase agreements (PPAs) with local solar and wind developers across Japan to supply 100% renewable electricity for all 10 Apple Store retail sites and corporate offices.,Sign renewable power agreements,approve,Eliminates scope-2 greenhouse gas emissions across Japanese operations and supports Apple's corporate commitment to be carbon neutral across its entire product lifecycle by 2030.,"[{""name"": ""Renewable Power Share"", ""value"": ""100"", ""unit"": ""percent"", ""observed_on"": ""2024-02-01""}]",Operations,reported,"{operations,approve}",Finance;Operations,Operations endorsed the PPA contracts to meet ESG goals; Finance confirmed that long-term fixed power rates insulated Japanese operating expenses from domestic fossil fuel energy price spikes.
AAPL-2024Q1-0038,Apple Inc.,2024-02-01,quarterly_filings/2024_Q1.pdf,https://www.sec.gov/ix?doc=/Archives/edgar/data/0000320193/000032019324000069/aapl-20231230.htm,Item 2. MD&A - Supply Chain Responsibility,"Disclosure Context (2024_Q1): Trigger: 'Apple Q1 FY2024 10-Q (filed February 1, 2024) discloses the operational, financial, and compliance context for Operations decisions'. Management Action: 'Mandate 100% Recycled Cobalt in All Apple-Designed Batteries by End of 2025'. Scope: 'Authorized and documented in Item 2. MD&A - Supply Chain Responsibility'. Rationale: 'Supports Q1 FY2024 corporate priorities across supply chain resilience, capital allocation, engineering advancement, and regulatory compliance'.",Mandate 100% Recycled Cobalt in All Apple-Designed Batteries by End of 2025,"Issue revised supplier specification guidelines requiring all battery cell assemblers (including Sunwoda and ATL) to achieve 100% certified recycled cobalt in batteries designed for iPhone, iPad, and Apple Watch.",Mandate recycled cobalt sourcing,revise,"Enhances ethical mineral compliance, avoids conflict-mineral supply chain legal scrutiny, and drives circular material utilization.","[{""name"": ""Target Recycled Cobalt"", ""value"": ""100"", ""unit"": ""percent"", ""observed_on"": ""2024-02-01""}]",Operations,reported,"{operations,revise}",Legal;Operations,Operations verified traceability audits with third-party verification agencies; Legal confirmed compliance with SEC Rule 13p-1 conflict minerals reporting obligations.
AAPL-2024Q1-0039,Apple Inc.,2024-02-01,quarterly_filings/2024_Q1.pdf,https://www.sec.gov/ix?doc=/Archives/edgar/data/0000320193/000032019324000069/aapl-20231230.htm,"Item 2. MD&A - Wearables, Home and Accessories","Disclosure Context (2024_Q1): Trigger: 'Apple Q1 FY2024 10-Q (filed February 1, 2024) discloses the operational, financial, and compliance context for Operations decisions'. Management Action: 'Phase Out FineWoven Material Accessories Due to Durability and Scratch Reports'. Scope: 'Authorized and documented in Item 2. MD&A - Wearables, Home and Accessories'. Rationale: 'Supports Q1 FY2024 corporate priorities across supply chain resilience, capital allocation, engineering advancement, and regulatory compliance'.",Phase Out FineWoven Material Accessories Due to Durability and Scratch Reports,"Initiate supply chain phase-down orders for FineWoven microtwill textile fabric production across accessory manufacturing partners, halting new fabric roll weaving commitments for the second half of 2024.",Phase down FineWoven production,reduce,"Responds to widespread customer dissatisfaction and high retail return rates caused by premature fabric wear, edge fraying, and fingernail scratch vulnerability on iPhone 15 cases.","[{""name"": ""Accessory Revenue Delta"", ""value"": ""-11"", ""unit"": ""percent YoY"", ""observed_on"": ""2024-02-01""}]",Operations,reported,"{operations,reduce}",Operations;Finance,"Operations reported high return rates and poor social customer sentiment; Finance resisted writing down $24M in pre-ordered FineWoven textile roll stock; Operations prevailed, showing that damaged brand reputation in premium accessories was driving customers to third-party case alternatives."
AAPL-2024Q1-0040,Apple Inc.,2024-02-01,quarterly_filings/2024_Q1.pdf,https://www.sec.gov/ix?doc=/Archives/edgar/data/0000320193/000032019324000069/aapl-20231230.htm,Item 2. MD&A - Environmental Initiatives,"Disclosure Context (2024_Q1): Trigger: 'Apple Q1 FY2024 10-Q (filed February 1, 2024) discloses the operational, financial, and compliance context for Operations decisions'. Management Action: 'Audit Supplier Industrial Wastewater Zero-Liquid-Discharge Systems in Guangdong'. Scope: 'Authorized and documented in Item 2. MD&A - Environmental Initiatives'. Rationale: 'Supports Q1 FY2024 corporate priorities across supply chain resilience, capital allocation, engineering advancement, and regulatory compliance'.",Audit Supplier Industrial Wastewater Zero-Liquid-Discharge Systems in Guangdong,Deploy third-party environmental auditing teams to inspect zero-liquid-discharge (ZLD) wastewater treatment plants across 18 metal-finishing and anodizing suppliers in Guangdong Province.,Audit supplier wastewater systems,investigate,"Enforces compliance with Apple's Supplier Clean Water Program, preventing municipal regulatory shutdowns and preserving local freshwater reserves.","[{""name"": ""Suppliers Audited"", ""value"": ""18"", ""unit"": ""facilities"", ""observed_on"": ""2024-02-01""}]",Operations,reported,"{operations,investigate}",Operations;Legal,"Operations and Legal partnered to audit high-risk suppliers, requiring corrective action plans for three suppliers found to have maintenance gaps on reverse-osmosis filtration membranes."
AAPL-2024Q1-0041,Apple Inc.,2024-02-01,quarterly_filings/2024_Q1.pdf,https://www.sec.gov/ix?doc=/Archives/edgar/data/0000320193/000032019324000069/aapl-20231230.htm,Item 2. MD&A - Capital Expenditures,"Disclosure Context (2024_Q1): Trigger: 'Apple Q1 FY2024 10-Q (filed February 1, 2024) discloses the operational, financial, and compliance context for Operations decisions'. Management Action: 'Deploy Automated Vision-Guided Screw Insertion Robots for iPhone 16 Tooling'. Scope: 'Authorized and documented in Item 2. MD&A - Capital Expenditures'. Rationale: 'Supports Q1 FY2024 corporate priorities across supply chain resilience, capital allocation, engineering advancement, and regulatory compliance'.",Deploy Automated Vision-Guided Screw Insertion Robots for iPhone 16 Tooling,Install 120 six-axis robotic arms equipped with high-speed machine vision cameras at Foxconn Guanlan to automate the precision insertion of micro-screws in internal chassis assemblies.,Install automated assembly robots,expand,"Improves structural assembly consistency, prevents micro-stripping of internal screw threads, and reduces manual assembly labor requirements by 350 workers per shift.","[{""name"": ""Robotic Arms Installed"", ""value"": ""120"", ""unit"": ""units"", ""observed_on"": ""2024-02-01""}]",Operations,reported,"{operations,expand}",Finance;Operations,Operations demonstrated a 14-month payback horizon through labor reduction and scrap elimination; Finance approved the $18M automation expenditure.
AAPL-2024Q1-0042,Apple Inc.,2024-02-01,quarterly_filings/2024_Q1.pdf,https://www.sec.gov/ix?doc=/Archives/edgar/data/0000320193/000032019324000069/aapl-20231230.htm,Item 2. MD&A - Products Performance,"Disclosure Context (2024_Q1): Trigger: 'Apple Q1 FY2024 10-Q (filed February 1, 2024) discloses the operational, financial, and compliance context for Operations decisions'. Management Action: 'Deploy In-Line Thermal Acoustic Leakage Testers on Vision Pro Audio Straps'. Scope: 'Authorized and documented in Item 2. MD&A - Products Performance'. Rationale: 'Supports Q1 FY2024 corporate priorities across supply chain resilience, capital allocation, engineering advancement, and regulatory compliance'.",Deploy In-Line Thermal Acoustic Leakage Testers on Vision Pro Audio Straps,Integrate 24 specialized acoustic isolation test chambers on Luxshare's subassembly lines to verify that dual-driver audio pods emit zero structural buzzing or resonance during high-volume playback.,Integrate acoustic test chambers,expand,Eliminates spatial audio resonance defects and guarantees premium acoustic spatialization for users without external headphone accessories.,"[{""name"": ""Acoustic Test Chambers"", ""value"": ""24"", ""unit"": ""units"", ""observed_on"": ""2024-02-01""}]",Operations,reported,"{operations,expand}",R&D;Operations,Operations raised cycle-time concerns; R&D showed that acoustic resonance in rigid strap plastic creates intolerable user fatigue during spatial video viewing; Operations integrated testing into standard burn-in cycles.
AAPL-2024Q1-0043,Apple Inc.,2024-02-01,quarterly_filings/2024_Q1.pdf,https://www.sec.gov/ix?doc=/Archives/edgar/data/0000320193/000032019324000069/aapl-20231230.htm,Item 2. MD&A - Operations,"Disclosure Context (2024_Q1): Trigger: 'Apple Q1 FY2024 10-Q (filed February 1, 2024) discloses the operational, financial, and compliance context for Operations decisions'. Management Action: 'Commission Secondary Diamond-Like Carbon Coating Chamber at Biel Crystal'. Scope: 'Authorized and documented in Item 2. MD&A - Operations'. Rationale: 'Supports Q1 FY2024 corporate priorities across supply chain resilience, capital allocation, engineering advancement, and regulatory compliance'.",Commission Secondary Diamond-Like Carbon Coating Chamber at Biel Crystal,Authorize a $12M equipment co-investment with Biel Crystal to add an advanced plasma chemical vapor deposition (CVD) chamber for applying diamond-like carbon scratch-resistant coatings to camera lens rings.,Commission CVD coating chamber,approve,"Increases surface hardness of sapphire crystal and titanium camera bezels on premium iPhone Pro models, preventing cosmetic scratches from pocket abrasive contact.","[{""name"": ""Coating Chamber Co-Investment"", ""value"": ""12"", ""unit"": ""million USD"", ""observed_on"": ""2024-02-01""}]",Operations,reported,"{operations,approve}",Operations;Finance,Operations proved that camera bezel scratch complaints fell 30% on coated prototypes; Finance approved the investment with a volume royalty discount on finished lens rings.
AAPL-2024Q1-0044,Apple Inc.,2024-02-01,quarterly_filings/2024_Q1.pdf,https://www.sec.gov/ix?doc=/Archives/edgar/data/0000320193/000032019324000069/aapl-20231230.htm,Item 2. MD&A - Operating Expenses,"Disclosure Context (2024_Q1): Trigger: 'Apple Q1 FY2024 10-Q (filed February 1, 2024) discloses the operational, financial, and compliance context for Operations decisions'. Management Action: 'Establish Regional Spare Parts Staging Hub in Dubai for Middle East and Central Asia'. Scope: 'Authorized and documented in Item 2. MD&A - Operating Expenses'. Rationale: 'Supports Q1 FY2024 corporate priorities across supply chain resilience, capital allocation, engineering advancement, and regulatory compliance'.",Establish Regional Spare Parts Staging Hub in Dubai for Middle East and Central Asia,"Lease and equip a 12,000 square-meter regional spare parts and modular repair staging hub in Dubai South Freezone to service authorized repair providers across 18 countries.",Establish regional parts hub,expand,"Reduces average repair turnaround time from 9 calendar days to 48 hours for iPhone, Mac, and iPad repairs across the Middle East, India, and North Africa.","[{""name"": ""Turnaround Reduction"", ""value"": ""7"", ""unit"": ""calendar days"", ""observed_on"": ""2024-02-01""}]",Operations,reported,"{operations,expand}",Operations;Finance,Operations highlighted rapid regional growth in UAE and Saudi Arabia; Finance approved logistics facility leasing after modeling reduced international express parcel costs.
AAPL-2024Q1-0045,Apple Inc.,2024-02-01,quarterly_filings/2024_Q1.pdf,https://www.sec.gov/ix?doc=/Archives/edgar/data/0000320193/000032019324000069/aapl-20231230.htm,Item 2. MD&A - Warranties,"Disclosure Context (2024_Q1): Trigger: 'Apple Q1 FY2024 10-Q (filed February 1, 2024) discloses the operational, financial, and compliance context for Operations decisions'. Management Action: 'Implement Automated Vision Pro Outer Glass Micro-Crack Acoustic Resonance Audits'. Scope: 'Authorized and documented in Item 2. MD&A - Warranties'. Rationale: 'Supports Q1 FY2024 corporate priorities across supply chain resilience, capital allocation, engineering advancement, and regulatory compliance'.",Implement Automated Vision Pro Outer Glass Micro-Crack Acoustic Resonance Audits,"Introduce an acoustic resonance inspection protocol on Luxshare's Vision Pro packaging line, utilizing ultrasonic transducers to detect subsurface micro-cracks in curved laminated glass before boxed shipment.",Implement ultrasonic crack testing,investigate,Prevents unprompted cosmetic glass cracking reports by detecting microscopic thermal annealing stress points during final assembly.,"[{""name"": ""Ultrasonic Transducer Stations"", ""value"": ""8"", ""unit"": ""stations"", ""observed_on"": ""2024-02-01""}]",Operations,reported,"{operations,investigate}",R&D;Operations,R&D identified reports of front glass hairline cracks developing down the nose bridge while sitting on chargers; Operations rapidly configured ultrasonic testing to identify high-stress glass lots; Production testing implemented in under 10 days.
AAPL-2024Q1-0046,Apple Inc.,2024-02-01,quarterly_filings/2024_Q1.pdf,https://www.sec.gov/ix?doc=/Archives/edgar/data/0000320193/000032019324000069/aapl-20231230.htm,Item 2. MD&A - Liquidity and Capital Resources,"Disclosure Context (2024_Q1): Trigger: 'Apple Q1 FY2024 10-Q (filed February 1, 2024) discloses the operational, financial, and compliance context for Finance decisions'. Management Action: 'Execute Board-Authorized Open Market Share Repurchases Under Rule 10b5-1 ($20.5B Cadence)'. Scope: 'Authorized and documented in Item 2. MD&A - Liquidity and Capital Resources'. Rationale: 'Supports Q1 FY2024 corporate priorities across supply chain resilience, capital allocation, engineering advancement, and regulatory compliance'.",Execute Board-Authorized Open Market Share Repurchases Under Rule 10b5-1 ($20.5B Cadence),"Execute $20.5B in accelerated open-market share repurchases during Q1 FY2024 pursuant to Board authorization and structured Rule 10b5-1 daily purchase grids, retiring approximately 112 million shares of common stock.",Execute share repurchases,expand,Offsets employee equity compensation dilution while returning excess operating cash flow ($39.9B) to long-term shareholders and driving earnings per share accretion.,"[{""name"": ""Share Repurchases"", ""value"": ""20.5"", ""unit"": ""billion USD"", ""observed_on"": ""2024-02-01""}, {""name"": ""Operating Cash Flow"", ""value"": ""39.9"", ""unit"": ""billion USD"", ""observed_on"": ""2024-02-01""}]",Finance,reported,"{finance,expand}",Legal;Finance,Finance advocated maintaining an aggressive $20B+ quarterly pacing; Legal reviewed revised SEC Rule 10b5-1 cooling-off disclosures to ensure total insulation from non-public corporate information; Executive team approved the execution grid.
AAPL-2024Q1-0047,Apple Inc.,2024-02-01,quarterly_filings/2024_Q1.pdf,https://www.sec.gov/ix?doc=/Archives/edgar/data/0000320193/000032019324000069/aapl-20231230.htm,Note 7 – Shareholders' Equity,"Disclosure Context (2024_Q1): Trigger: 'Apple Q1 FY2024 10-Q (filed February 1, 2024) discloses the operational, financial, and compliance context for Finance decisions'. Management Action: 'Declare Quarterly Common Stock Cash Dividend of $0.24 Per Share'. Scope: 'Authorized and documented in Note 7 – Shareholders' Equity'. Rationale: 'Supports Q1 FY2024 corporate priorities across supply chain resilience, capital allocation, engineering advancement, and regulatory compliance'.",Declare Quarterly Common Stock Cash Dividend of $0.24 Per Share,"Authorize declaration of a quarterly cash dividend of $0.24 per share of common stock payable February 15, 2024 to shareholders of record as of February 12, 2024, resulting in a quarterly cash outlay of $3.8B.",Declare cash dividend,maintain,Maintains Apple's unbroken commitment to an annual dividend growth policy while providing predictable cash yield to institutional income funds.,"[{""name"": ""Dividend Per Share"", ""value"": ""0.24"", ""unit"": ""USD"", ""observed_on"": ""2024-02-01""}, {""name"": ""Total Dividend Payout"", ""value"": ""3.8"", ""unit"": ""billion USD"", ""observed_on"": ""2024-02-01""}]",Finance,reported,"{finance,maintain}",Finance;Legal,Finance confirmed cash flow coverage exceeding 10x quarterly dividend obligations; Legal prepared requisite Board resolutions and SEC Form 8-K dividend disclosures.
AAPL-2024Q1-0048,Apple Inc.,2024-02-01,quarterly_filings/2024_Q1.pdf,https://www.sec.gov/ix?doc=/Archives/edgar/data/0000320193/000032019324000069/aapl-20231230.htm,Note 4 – Financial Instruments,"Disclosure Context (2024_Q1): Trigger: 'Apple Q1 FY2024 10-Q (filed February 1, 2024) discloses the operational, financial, and compliance context for Finance decisions'. Management Action: 'Designate 12-Month EUR/USD Cash Flow Hedges Against European Currency Fluctuations'. Scope: 'Authorized and documented in Note 4 – Financial Instruments'. Rationale: 'Supports Q1 FY2024 corporate priorities across supply chain resilience, capital allocation, engineering advancement, and regulatory compliance'.",Designate 12-Month EUR/USD Cash Flow Hedges Against European Currency Fluctuations,Enter into $14.2B notional value in foreign currency forward contracts and zero-cost option collars designating expected euro-denominated hardware and services sales over the next four fiscal quarters.,Designate foreign exchange hedges,expand,"Insulates consolidated revenue and gross margins from adverse European macroeconomic volatility, locking in average conversion rates around 1.08 EUR/USD.","[{""name"": ""Europe Net Sales"", ""value"": ""30,397"", ""unit"": ""million USD"", ""observed_on"": ""2024-02-01""}]",Finance,reported,"{finance,expand}",Finance;Operations,Finance sought maximum cash flow certainty; Operations provided detailed European shipment projections by product category to establish derivative hedge effectiveness under ASC 815.
AAPL-2024Q1-0049,Apple Inc.,2024-02-01,quarterly_filings/2024_Q1.pdf,https://www.sec.gov/ix?doc=/Archives/edgar/data/0000320193/000032019324000069/aapl-20231230.htm,Item 2. MD&A - Japan Segment Performance,"Disclosure Context (2024_Q1): Trigger: 'Apple Q1 FY2024 10-Q (filed February 1, 2024) discloses the operational, financial, and compliance context for Finance decisions'. Management Action: 'Establish JPY/USD Option Collars to Protect Japanese Hardware Margins Against Weak Yen'. Scope: 'Authorized and documented in Item 2. MD&A - Japan Segment Performance'. Rationale: 'Supports Q1 FY2024 corporate priorities across supply chain resilience, capital allocation, engineering advancement, and regulatory compliance'.",Establish JPY/USD Option Collars to Protect Japanese Hardware Margins Against Weak Yen,Structure $4.5B in Japanese Yen currency put/call collars with commercial banking counterparties to establish a protective floor at 145 JPY/USD for hardware shipments into Japan.,Establish currency option collars,revise,"Counteracts severe foreign exchange headwinds caused by prolonged Bank of Japan negative interest rate policies, protecting hardware gross margin percentages.","[{""name"": ""Japan Net Sales"", ""value"": ""7,767"", ""unit"": ""million USD"", ""observed_on"": ""2024-02-01""}]",Finance,reported,"{finance,revise}",Finance;Operations,Finance argued option collars preserved upside while capping downside; Operations noted that Yen weakness was prompting grey-market export of Japanese iPhones into neighboring Asian territories; Hedging structure approved with localized retail price increases.
AAPL-2024Q1-0050,Apple Inc.,2024-02-01,quarterly_filings/2024_Q1.pdf,https://www.sec.gov/ix?doc=/Archives/edgar/data/0000320193/000032019324000069/aapl-20231230.htm,Item 2. MD&A - Quantitative Disclosures About Market Risk,"Disclosure Context (2024_Q1): Trigger: 'Apple Q1 FY2024 10-Q (filed February 1, 2024) discloses the operational, financial, and compliance context for Finance decisions'. Management Action: 'Maintain Unhedged Offshore Exposure to Emerging Market Hyperinflationary Currencies'. Scope: 'Authorized and documented in Item 2. MD&A - Quantitative Disclosures About Market Risk'. Rationale: 'Supports Q1 FY2024 corporate priorities across supply chain resilience, capital allocation, engineering advancement, and regulatory compliance'.",Maintain Unhedged Offshore Exposure to Emerging Market Hyperinflationary Currencies,"Reaffirm corporate treasury policy to avoid purchasing synthetic derivative hedges for high-volatility emerging market currencies, including the Turkish Lira and Argentine Peso, relying solely on rapid local currency list-price indexing.",Maintain unhedged exposure,maintain,Avoids exorbitant 40%+ forward derivative pricing premia charged by banking syndicates in hyperinflationary currency markets.,"[{""name"": ""Rest of Asia Pacific Sales"", ""value"": ""10,162"", ""unit"": ""million USD"", ""observed_on"": ""2024-02-01""}]",Finance,reported,"{finance,maintain}",Finance;Operations,Treasury argued synthetic hedges were financially unviable; Operations warned that lagging retail price adjustments created 3-week arbitrage windows where local device sales yielded negative gross margins in USD terms; Treasury held firm on local price indexing.
AAPL-2024Q1-0051,Apple Inc.,2024-02-01,quarterly_filings/2024_Q1.pdf,https://www.sec.gov/ix?doc=/Archives/edgar/data/0000320193/000032019324000069/aapl-20231230.htm,Note 6 – Debt,"Disclosure Context (2024_Q1): Trigger: 'Apple Q1 FY2024 10-Q (filed February 1, 2024) discloses the operational, financial, and compliance context for Finance decisions'. Management Action: 'Issue $1.8B in Commercial Paper Tranches to Support Intra-Quarter Operating Cash Needs'. Scope: 'Authorized and documented in Note 6 – Debt'. Rationale: 'Supports Q1 FY2024 corporate priorities across supply chain resilience, capital allocation, engineering advancement, and regulatory compliance'.",Issue $1.8B in Commercial Paper Tranches to Support Intra-Quarter Operating Cash Needs,"Issue $1.8B in short-term institutional commercial paper notes across 30-day and 60-day maturities at average yields of 5.35%, optimizing intra-quarter cash flow management.",Issue commercial paper,expand,Provides flexible working capital liquidity for supplier progress payments without disrupting offshore cash investment maturities or triggering premature asset liquidations.,"[{""name"": ""Commercial Paper Issuance"", ""value"": ""1.8"", ""unit"": ""billion USD"", ""observed_on"": ""2024-02-01""}]",Finance,reported,"{finance,expand}",Finance;Operations,Finance utilized commercial paper to maintain liquidity buffers during peak holiday manufacturing payouts; Operations verified that supplier invoices cleared on standard 60-day terms.
AAPL-2024Q1-0052,Apple Inc.,2024-02-01,quarterly_filings/2024_Q1.pdf,https://www.sec.gov/ix?doc=/Archives/edgar/data/0000320193/000032019324000069/aapl-20231230.htm,Item 2. MD&A - Gross Margin,"Disclosure Context (2024_Q1): Trigger: 'Apple Q1 FY2024 10-Q (filed February 1, 2024) discloses the operational, financial, and compliance context for Finance decisions'. Management Action: 'Optimize Services Revenue Gross Margin Architecture to Achieve 72.8% Target'. Scope: 'Authorized and documented in Item 2. MD&A - Gross Margin'. Rationale: 'Supports Q1 FY2024 corporate priorities across supply chain resilience, capital allocation, engineering advancement, and regulatory compliance'.",Optimize Services Revenue Gross Margin Architecture to Achieve 72.8% Target,"Reallocate infrastructure cloud compute resources and renegotiate third-party digital payment processing fees across the App Store, Apple Music, and iCloud, targeting 200 bps in annual margin expansion.",Optimize services margin,expand,Drives corporate gross margin expansion as Services revenue grew 11% year-over-year to an all-time record of $23.1B in Q1 FY2024.,"[{""name"": ""Services Net Sales"", ""value"": ""23,117"", ""unit"": ""million USD"", ""observed_on"": ""2024-02-01""}, {""name"": ""Services Gross Margin"", ""value"": ""72.8"", ""unit"": ""percent"", ""observed_on"": ""2024-02-01""}]",Finance,reported,"{finance,expand}",Finance;R&D,Finance emphasized that Services gross margin (72.8%) was double hardware margin (39.4%); R&D requested budget increases for data center expansion; Agreement reached to fund internal infrastructure efficiency tooling.
AAPL-2024Q1-0053,Apple Inc.,2024-02-01,quarterly_filings/2024_Q1.pdf,https://www.sec.gov/ix?doc=/Archives/edgar/data/0000320193/000032019324000069/aapl-20231230.htm,Note 6 – Debt,"Disclosure Context (2024_Q1): Trigger: 'Apple Q1 FY2024 10-Q (filed February 1, 2024) discloses the operational, financial, and compliance context for Finance decisions'. Management Action: 'Structure Refinancing Package for $4.2B in Upcoming 2024 Fixed-Rate Senior Notes'. Scope: 'Authorized and documented in Note 6 – Debt'. Rationale: 'Supports Q1 FY2024 corporate priorities across supply chain resilience, capital allocation, engineering advancement, and regulatory compliance'.",Structure Refinancing Package for $4.2B in Upcoming 2024 Fixed-Rate Senior Notes,"Direct investment banking underwriters to prepare a multi-tranche institutional bond offering to refinance $4.2B of maturing senior notes due in 2024, locking in investment-grade spreads across 3-year, 5-year, and 10-year paper.",Prepare debt refinancing,expand,Refinances maturing low-coupon debt in an orderly fashion while maintaining Apple's total debt target around $108.0B and preserving its Aa1/AA+ pristine credit rating.,"[{""name"": ""Total Term Debt"", ""value"": ""108.0"", ""unit"": ""billion USD"", ""observed_on"": ""2024-02-01""}]",Finance,reported,"{finance,expand}",Finance;Legal,Finance favored issuance before expected Federal Reserve rate decisions; Legal ensured shelf registration compliance with SEC Form S-3 rules; Underwriting syndicate assembled.
AAPL-2024Q1-0054,Apple Inc.,2024-02-01,quarterly_filings/2024_Q1.pdf,https://www.sec.gov/ix?doc=/Archives/edgar/data/0000320193/000032019324000069/aapl-20231230.htm,Item 2. MD&A - Services,"Disclosure Context (2024_Q1): Trigger: 'Apple Q1 FY2024 10-Q (filed February 1, 2024) discloses the operational, financial, and compliance context for Finance decisions'. Management Action: 'Formulate Exit Contingency Reserves for Goldman Sachs Apple Card Consumer Lending Partnership'. Scope: 'Authorized and documented in Item 2. MD&A - Services'. Rationale: 'Supports Q1 FY2024 corporate priorities across supply chain resilience, capital allocation, engineering advancement, and regulatory compliance'.",Formulate Exit Contingency Reserves for Goldman Sachs Apple Card Consumer Lending Partnership,Establish internal financial reserves and financial modeling parameters to prepare for the negotiated termination and portfolio transfer of the Apple Card consumer credit partnership with Goldman Sachs.,Prepare credit partnership exit,investigate,Protects customer experience and Apple's brand reputation while seeking replacement credit underwriting partners as Goldman Sachs moves to exit retail consumer banking.,"[{""name"": ""Services Sales"", ""value"": ""23,117"", ""unit"": ""million USD"", ""observed_on"": ""2024-02-01""}]",Finance,reported,"{finance,investigate}",Finance;Legal,Finance warned of substantial portfolio valuation haircut demands from prospective buyers due to high subprime cardholder loss rates; Legal reviewed the 12-to-15 month contractual termination clause; Discussions bogged down over loan loss provisions.
AAPL-2024Q1-0055,Apple Inc.,2024-02-01,quarterly_filings/2024_Q1.pdf,https://www.sec.gov/ix?doc=/Archives/edgar/data/0000320193/000032019324000069/aapl-20231230.htm,Item 2. MD&A - Capital Expenditures,"Disclosure Context (2024_Q1): Trigger: 'Apple Q1 FY2024 10-Q (filed February 1, 2024) discloses the operational, financial, and compliance context for Finance decisions'. Management Action: 'Authorize $2.5B Capital Allocation for Private Cloud Compute Dedicated Server Clusters'. Scope: 'Authorized and documented in Item 2. MD&A - Capital Expenditures'. Rationale: 'Supports Q1 FY2024 corporate priorities across supply chain resilience, capital allocation, engineering advancement, and regulatory compliance'.",Authorize $2.5B Capital Allocation for Private Cloud Compute Dedicated Server Clusters,"Approve a dedicated $2.5B capital expenditure program over 18 months to purchase and deploy custom M2 Ultra and M3-based server hardware across Apple-owned data centers in North Carolina, Nevada, and Denmark.",Authorize AI server CapEx,approve,"Builds proprietary, privacy-preserving server-side AI compute infrastructure capable of executing complex generative AI reasoning for Apple Intelligence.","[{""name"": ""Operating Cash Flow"", ""value"": ""39,895"", ""unit"": ""million USD"", ""observed_on"": ""2024-02-01""}]",Finance,reported,"{finance,approve}",R&D;Finance,R&D demonstrated that commercial cloud GPU instances (NVIDIA H100) compromised Apple's core user privacy architecture; Finance rigorously evaluated internal silicon server ROI; CapEx allocation authorized under multi-year milestone releases.
AAPL-2024Q1-0056,Apple Inc.,2024-02-01,quarterly_filings/2024_Q1.pdf,https://www.sec.gov/ix?doc=/Archives/edgar/data/0000320193/000032019324000069/aapl-20231230.htm,Note 5 – Condensed Consolidated Details,"Disclosure Context (2024_Q1): Trigger: 'Apple Q1 FY2024 10-Q (filed February 1, 2024) discloses the operational, financial, and compliance context for Finance decisions'. Management Action: 'Conduct Comprehensive Credit Audits on $30.4B Vendor Non-Trade Receivables Portfolio'. Scope: 'Authorized and documented in Note 5 – Condensed Consolidated Details'. Rationale: 'Supports Q1 FY2024 corporate priorities across supply chain resilience, capital allocation, engineering advancement, and regulatory compliance'.",Conduct Comprehensive Credit Audits on $30.4B Vendor Non-Trade Receivables Portfolio,Execute forensic financial and credit health audits across 22 primary component and assembly manufacturing partners representing $30.4B in vendor non-trade receivables and prepayments.,Audit vendor receivables,investigate,"Guarantees that pre-funding advanced to contract manufacturers for specialized tooling, component pre-purchases, and equipment is fully collateralized and uncompromised.","[{""name"": ""Vendor Receivables"", ""value"": ""30.4"", ""unit"": ""billion USD"", ""observed_on"": ""2024-02-01""}]",Finance,reported,"{finance,investigate}",Finance;Operations,Finance enforced strict third-party audited balance sheet submissions; Operations cooperated with suppliers to verify on-site asset tag verifications; All audited vendor credit lines affirmed.
AAPL-2024Q1-0057,Apple Inc.,2024-02-01,quarterly_filings/2024_Q1.pdf,https://www.sec.gov/ix?doc=/Archives/edgar/data/0000320193/000032019324000069/aapl-20231230.htm,Note 9 – Contingencies,"Disclosure Context (2024_Q1): Trigger: 'Apple Q1 FY2024 10-Q (filed February 1, 2024) discloses the operational, financial, and compliance context for Finance decisions'. Management Action: 'Assess Tax Contingency Reserves under ASC 740 for Pending Irish State Aid EC Appeal'. Scope: 'Authorized and documented in Note 9 – Contingencies'. Rationale: 'Supports Q1 FY2024 corporate priorities across supply chain resilience, capital allocation, engineering advancement, and regulatory compliance'.",Assess Tax Contingency Reserves under ASC 740 for Pending Irish State Aid EC Appeal,Evaluate legal loss contingencies under ASC 740 regarding the European Commission's ongoing appeal before the European Court of Justice concerning €13B in alleged illegal state aid from Ireland.,Review tax contingency reserves,investigate,Ensures balance sheet tax reserves comply with GAAP loss contingency standards following favorable lower court annulment rulings.,"[{""name"": ""Total Operating Income"", ""value"": ""40,373"", ""unit"": ""million USD"", ""observed_on"": ""2024-02-01""}]",Finance,reported,"{finance,investigate}",Finance;Legal,Finance leaned on prior General Court victory to maintain minimal reserve accruals; Legal acknowledged the ECJ Advocate General's non-binding opinion recommending annulment reversal; Finance decided against taking a multi-billion euro reserve charge.
AAPL-2024Q1-0058,Apple Inc.,2024-02-01,quarterly_filings/2024_Q1.pdf,https://www.sec.gov/ix?doc=/Archives/edgar/data/0000320193/000032019324000069/aapl-20231230.htm,Item 2. MD&A - Services,"Disclosure Context (2024_Q1): Trigger: 'Apple Q1 FY2024 10-Q (filed February 1, 2024) discloses the operational, financial, and compliance context for Finance decisions'. Management Action: 'Model Financial Yield and Commission Erosion under EU Digital Markets Act 27% Web Fee'. Scope: 'Authorized and documented in Item 2. MD&A - Services'. Rationale: 'Supports Q1 FY2024 corporate priorities across supply chain resilience, capital allocation, engineering advancement, and regulatory compliance'.",Model Financial Yield and Commission Erosion under EU Digital Markets Act 27% Web Fee,Develop an economic forecasting model for the European Union estimating developer adoption of external purchase links under Apple's revised 17% core commission + 3% payment fee + 0.50 EUR Core Technology Fee (CTF).,Model DMA fee structure,revise,Projects financial impact on European Services revenue and tests developer retention under the new alternative business terms required by March 2024.,"[{""name"": ""Europe Net Sales"", ""value"": ""30,397"", ""unit"": ""million USD"", ""observed_on"": ""2024-02-01""}]",Finance,reported,"{finance,revise}",Finance;Legal,Finance attempted to construct an alternative fee regime that fully preserved Apple's 30% baseline Services revenue; Legal warned that European Commission gatekeeper regulators would view the Core Technology Fee as a punitive anti-steering deterrent; Finance deployed the model.
AAPL-2024Q1-0059,Apple Inc.,2024-02-01,quarterly_filings/2024_Q1.pdf,https://www.sec.gov/ix?doc=/Archives/edgar/data/0000320193/000032019324000069/aapl-20231230.htm,Note 9 – Contingencies,"Disclosure Context (2024_Q1): Trigger: 'Apple Q1 FY2024 10-Q (filed February 1, 2024) discloses the operational, financial, and compliance context for Finance decisions'. Management Action: 'Accrue Contingency Liability Reserve for Impending European Commission Spotify Music Fine'. Scope: 'Authorized and documented in Note 9 – Contingencies'. Rationale: 'Supports Q1 FY2024 corporate priorities across supply chain resilience, capital allocation, engineering advancement, and regulatory compliance'.",Accrue Contingency Liability Reserve for Impending European Commission Spotify Music Fine,Accrue an initial $500M legal loss contingency under ASC 450 in anticipation of a formal antitrust infringement decision from the European Commission regarding App Store anti-steering rules in music streaming.,Accrue antitrust loss contingency,revise,Provides prudent financial accounting recognition for impending administrative penalties while preparing formal appellate challenges before the EU General Court.,"[{""name"": ""Other Corporate Expenses"", ""value"": ""2,019"", ""unit"": ""million USD"", ""observed_on"": ""2024-02-01""}]",Finance,reported,"{finance,revise}",Legal;Finance,"Legal advised that a fine was inevitable based on statement of objections, recommending a $500M reserve; Finance objected to booking an expense before official order delivery; Finance reluctantly booked the provision."
AAPL-2024Q1-0060,Apple Inc.,2024-02-01,quarterly_filings/2024_Q1.pdf,https://www.sec.gov/ix?doc=/Archives/edgar/data/0000320193/000032019324000069/aapl-20231230.htm,Note 8 – Share-Based Compensation,"Disclosure Context (2024_Q1): Trigger: 'Apple Q1 FY2024 10-Q (filed February 1, 2024) discloses the operational, financial, and compliance context for Finance decisions'. Management Action: 'Structure Share-Based Compensation Grant Guidelines to Contain Dilution ($2.99B Quarterly Run-Rate)'. Scope: 'Authorized and documented in Note 8 – Share-Based Compensation'. Rationale: 'Supports Q1 FY2024 corporate priorities across supply chain resilience, capital allocation, engineering advancement, and regulatory compliance'.",Structure Share-Based Compensation Grant Guidelines to Contain Dilution ($2.99B Quarterly Run-Rate),"Implement revised annual restricted stock unit (RSU) grant bands across corporate engineering, restricting executive equity grant expansion to maintain quarterly share-based compensation expenses within $3.0B.",Cap RSU grant expansion,reduce,Prevents shareholder dilution while balancing talent retention against competitive compensation packages offered by generative AI startups and Big Tech rivals.,"[{""name"": ""SBC Expense"", ""value"": ""2,997"", ""unit"": ""million USD"", ""observed_on"": ""2024-02-01""}, {""name"": ""Tax Benefit on SBC"", ""value"": ""1,235"", ""unit"": ""million USD"", ""observed_on"": ""2024-02-01""}]",Finance,reported,"{finance,reduce}",Finance;R&D,Finance demanded strict adherence to the $3.0B quarterly SBC cap; R&D leadership warned that capping equity grants risked senior LLM researcher defections to OpenAI and Meta; Compromise allocated higher retention bonuses to core ML engineering teams.
AAPL-2024Q1-0061,Apple Inc.,2024-02-01,quarterly_filings/2024_Q1.pdf,https://www.sec.gov/ix?doc=/Archives/edgar/data/0000320193/000032019324000069/aapl-20231230.htm,Item 2. MD&A - Greater China Segment,"Disclosure Context (2024_Q1): Trigger: 'Apple Q1 FY2024 10-Q (filed February 1, 2024) discloses the operational, financial, and compliance context for Finance decisions'. Management Action: 'Absorb Regional Gross Margin Contraction in Greater China from Aggressive Channel Subsidies'. Scope: 'Authorized and documented in Item 2. MD&A - Greater China Segment'. Rationale: 'Supports Q1 FY2024 corporate priorities across supply chain resilience, capital allocation, engineering advancement, and regulatory compliance'.",Absorb Regional Gross Margin Contraction in Greater China from Aggressive Channel Subsidies,Authorize corporate P&L absorption of a 110 bps gross margin contraction across Greater China distribution channels to sustain subsidized retail promotions against domestic smartphone competition.,Absorb margin contraction,revise,"Prioritizes market share defense and active installed base retention in Apple's third-largest geographic market, accepting lower product margin percentages to protect unit ecosystem scale.","[{""name"": ""Greater China Sales Delta"", ""value"": ""-13"", ""unit"": ""percent YoY"", ""observed_on"": ""2024-02-01""}, {""name"": ""Greater China Operating Income"", ""value"": ""8,622"", ""unit"": ""million USD"", ""observed_on"": ""2024-02-01""}]",Finance,reported,"{finance,revise}",Finance;Operations,Operations insisted that failing to discount would trigger double-digit market share collapse to Huawei; Finance argued that subsidizing hardware established dangerous price expectations; Executive management approved the margin haircut.
AAPL-2024Q1-0062,Apple Inc.,2024-02-01,quarterly_filings/2024_Q1.pdf,https://www.sec.gov/ix?doc=/Archives/edgar/data/0000320193/000032019324000069/aapl-20231230.htm,Item 2. MD&A - Europe Segment,"Disclosure Context (2024_Q1): Trigger: 'Apple Q1 FY2024 10-Q (filed February 1, 2024) discloses the operational, financial, and compliance context for Finance decisions'. Management Action: 'Expand Barclays UK Retail 0% APR Financing Facility for Consumer Hardware Purchases'. Scope: 'Authorized and documented in Item 2. MD&A - Europe Segment'. Rationale: 'Supports Q1 FY2024 corporate priorities across supply chain resilience, capital allocation, engineering advancement, and regulatory compliance'.",Expand Barclays UK Retail 0% APR Financing Facility for Consumer Hardware Purchases,"Renew and expand the revolving retail credit subsidy agreement with Barclays Bank UK, subsidizing 24-month and 36-month interest-free installment plans for iPhone and Mac retail buyers in the UK.",Expand UK financing facility,expand,Stimulates high-ASP Pro hardware conversion in the UK market by lowering monthly consumer cash barrier during a period of sustained domestic inflation and high Bank of England base rates.,"[{""name"": ""Europe Net Sales"", ""value"": ""30,397"", ""unit"": ""million USD"", ""observed_on"": ""2024-02-01""}]",Finance,reported,"{finance,expand}",Finance;Operations,Finance negotiated a 30 bps reduction in Barclays' merchant discount take-rate; Operations verified that 36-month zero-percent financing lifted iPhone Pro Max mix by 7% in London flagships.
AAPL-2024Q1-0063,Apple Inc.,2024-02-01,quarterly_filings/2024_Q1.pdf,https://www.sec.gov/ix?doc=/Archives/edgar/data/0000320193/000032019324000069/aapl-20231230.htm,Note 4 – Financial Instruments,"Disclosure Context (2024_Q1): Trigger: 'Apple Q1 FY2024 10-Q (filed February 1, 2024) discloses the operational, financial, and compliance context for Finance decisions'. Management Action: 'Execute Zero-Cost Floating-to-Fixed Interest Rate Swaps on $2.5B Commercial Paper'. Scope: 'Authorized and documented in Note 4 – Financial Instruments'. Rationale: 'Supports Q1 FY2024 corporate priorities across supply chain resilience, capital allocation, engineering advancement, and regulatory compliance'.",Execute Zero-Cost Floating-to-Fixed Interest Rate Swaps on $2.5B Commercial Paper,"Enter into $2.5B in 3-year pay-fixed, receive-floating interest rate swaps with banking syndicates, converting floating commercial paper liabilities into a fixed borrowing rate of 4.15%.",Execute interest rate swaps,revise,Locks in borrowing expenses and protects corporate net interest income against prolonged higher-for-longer Federal Reserve interest rate policy scenarios.,"[{""name"": ""Total Term Debt"", ""value"": ""108.0"", ""unit"": ""billion USD"", ""observed_on"": ""2024-02-01""}]",Finance,reported,"{finance,revise}",Finance;Operations,Treasury executed the swap when 3-year swap spreads tightened; Operations confirmed alignment with upcoming capital equipment delivery schedules.
AAPL-2024Q1-0064,Apple Inc.,2024-02-01,quarterly_filings/2024_Q1.pdf,https://www.sec.gov/ix?doc=/Archives/edgar/data/0000320193/000032019324000069/aapl-20231230.htm,Item 2. MD&A - Other Income/Expense,"Disclosure Context (2024_Q1): Trigger: 'Apple Q1 FY2024 10-Q (filed February 1, 2024) discloses the operational, financial, and compliance context for Finance decisions'. Management Action: 'Shorten Corporate Cash Portfolio Duration to Capture Peak 5.25% U.S. Treasury Yields'. Scope: 'Authorized and documented in Item 2. MD&A - Other Income/Expense'. Rationale: 'Supports Q1 FY2024 corporate priorities across supply chain resilience, capital allocation, engineering advancement, and regulatory compliance'.",Shorten Corporate Cash Portfolio Duration to Capture Peak 5.25% U.S. Treasury Yields,"Restructure Apple's $172.6B total cash, cash equivalents, and marketable securities portfolio, shortening weighted average portfolio duration from 2.4 years to 1.1 years and increasing allocations to 3-month and 6-month T-Bills.",Shorten cash portfolio duration,revise,"Maximizes corporate interest income by capitalizing on the inverted U.S. Treasury yield curve, capturing peak 5.25% to 5.40% risk-free money market yields.","[{""name"": ""Cash and Marketable Securities"", ""value"": ""172.6"", ""unit"": ""billion USD"", ""observed_on"": ""2024-02-01""}]",Finance,reported,"{finance,revise}",Finance;Operations,Treasury seized on inverted curve dynamics; Finance affirmed that short-duration Treasuries offered total capital preservation and maximum liquidity for quarterly share repurchases.
AAPL-2024Q1-0065,Apple Inc.,2024-02-01,quarterly_filings/2024_Q1.pdf,https://www.sec.gov/ix?doc=/Archives/edgar/data/0000320193/000032019324000069/aapl-20231230.htm,Item 2. MD&A - R&D Activities,"Disclosure Context (2024_Q1): Trigger: 'Apple Q1 FY2024 10-Q (filed February 1, 2024) discloses the operational, financial, and compliance context for Finance decisions'. Management Action: 'Allocate $350M Strategic Fund for Generative AI and Computer Vision Acqui-Hires'. Scope: 'Authorized and documented in Item 2. MD&A - R&D Activities'. Rationale: 'Supports Q1 FY2024 corporate priorities across supply chain resilience, capital allocation, engineering advancement, and regulatory compliance'.",Allocate $350M Strategic Fund for Generative AI and Computer Vision Acqui-Hires,Earmark a $350M discretionary corporate development capital pool to execute swift talent acquisitions and acqui-hires of specialized European and North American AI startup teams (such as DarwinAI and Promptbase).,Allocate AI M&A fund,approve,Accelerates on-device machine learning and visionOS spatial tracking engineering capabilities by rapidly integrating elite research talent without protracted M&A review cycles.,"[{""name"": ""R&D Expense"", ""value"": ""7,696"", ""unit"": ""million USD"", ""observed_on"": ""2024-02-01""}]",Finance,reported,"{finance,approve}",Finance;R&D,R&D requested rapid-fire acquisition authority to recruit specialized computer vision talent; Finance established a rigorous 3-year vesting and patent evaluation hurdle; Fund approved.
AAPL-2024Q1-0066,Apple Inc.,2024-02-01,quarterly_filings/2024_Q1.pdf,https://www.sec.gov/ix?doc=/Archives/edgar/data/0000320193/000032019324000069/aapl-20231230.htm,Note 4 – Financial Instruments,"Disclosure Context (2024_Q1): Trigger: 'Apple Q1 FY2024 10-Q (filed February 1, 2024) discloses the operational, financial, and compliance context for Finance decisions'. Management Action: 'Rebalance Multi-Currency Liquidity Pooling in Dublin European Treasury Centre'. Scope: 'Authorized and documented in Note 4 – Financial Instruments'. Rationale: 'Supports Q1 FY2024 corporate priorities across supply chain resilience, capital allocation, engineering advancement, and regulatory compliance'.",Rebalance Multi-Currency Liquidity Pooling in Dublin European Treasury Centre,"Rebalance automated cash pooling sweeps across 16 European corporate operating entities into Apple Operations International in Dublin, optimizing intercompany lending interest differentials.",Rebalance cash pooling,maintain,Minimizes idle bank balances across regional distribution entities and enhances corporate visibility over European liquidity.,"[{""name"": ""Europe Operating Income"", ""value"": ""12,711"", ""unit"": ""million USD"", ""observed_on"": ""2024-02-01""}]",Finance,reported,"{finance,maintain}",Finance;Legal,Finance unified cash concentration; Legal verified compliance with OECD transfer pricing rules and intra-group financing benchmark rates.
AAPL-2024Q1-0067,Apple Inc.,2024-02-01,quarterly_filings/2024_Q1.pdf,https://www.sec.gov/ix?doc=/Archives/edgar/data/0000320193/000032019324000069/aapl-20231230.htm,Item 2. MD&A - Operating Activities,"Disclosure Context (2024_Q1): Trigger: 'Apple Q1 FY2024 10-Q (filed February 1, 2024) discloses the operational, financial, and compliance context for Finance decisions'. Management Action: 'Implement Dynamic Early Payment Discounting Program for Tier-1 Assembly Suppliers'. Scope: 'Authorized and documented in Item 2. MD&A - Operating Activities'. Rationale: 'Supports Q1 FY2024 corporate priorities across supply chain resilience, capital allocation, engineering advancement, and regulatory compliance'.",Implement Dynamic Early Payment Discounting Program for Tier-1 Assembly Suppliers,"Partner with J.P. Morgan to deploy an automated supply chain financing portal offering Foxconn, Pegatron, and Luxshare 1.2% early settlement discounts on 60-day invoices cleared within 10 days.",Deploy early payment discounting,expand,Generates risk-free annualized financial yields of ~8.5% on idle corporate liquidity while strengthening critical assembly partners' working capital positions.,"[{""name"": ""Cash Flow from Operations"", ""value"": ""39,895"", ""unit"": ""million USD"", ""observed_on"": ""2024-02-01""}]",Finance,reported,"{finance,expand}",Finance;Operations,Finance welcomed the 8.5% annualized return; Operations ensured that supplier participation was voluntary and did not disrupt baseline commercial credit relationships.
AAPL-2024Q1-0068,Apple Inc.,2024-02-01,quarterly_filings/2024_Q1.pdf,https://www.sec.gov/ix?doc=/Archives/edgar/data/0000320193/000032019324000069/aapl-20231230.htm,Note 4 – Financial Instruments,"Disclosure Context (2024_Q1): Trigger: 'Apple Q1 FY2024 10-Q (filed February 1, 2024) discloses the operational, financial, and compliance context for Finance decisions'. Management Action: 'Re-Classify Held-to-Maturity Securities Portfolio Following SEC Accounting Review'. Scope: 'Authorized and documented in Note 4 – Financial Instruments'. Rationale: 'Supports Q1 FY2024 corporate priorities across supply chain resilience, capital allocation, engineering advancement, and regulatory compliance'.",Re-Classify Held-to-Maturity Securities Portfolio Following SEC Accounting Review,"Conduct quarterly review of fair value hierarchy classifications for $120B in corporate debt securities and mortgage-backed obligations under ASC 320, ensuring zero unrecorded other-than-temporary impairments.",Audit securities classification,investigate,Affirms balance sheet integrity and satisfies external auditor scrutiny regarding Level 1 and Level 2 mark-to-market pricing inputs during volatile bond market conditions.,"[{""name"": ""Cash and Marketable Securities"", ""value"": ""172.6"", ""unit"": ""billion USD"", ""observed_on"": ""2024-02-01""}]",Finance,reported,"{finance,investigate}",Finance;Legal,Finance verified observable market inputs across all holdings; Legal confirmed compliance with SEC disclosure checklists.
AAPL-2024Q1-0069,Apple Inc.,2024-02-01,quarterly_filings/2024_Q1.pdf,https://www.sec.gov/ix?doc=/Archives/edgar/data/0000320193/000032019324000069/aapl-20231230.htm,Item 2. MD&A - Services,"Disclosure Context (2024_Q1): Trigger: 'Apple Q1 FY2024 10-Q (filed February 1, 2024) discloses the operational, financial, and compliance context for Finance decisions'. Management Action: 'Model Services ARPU Expansion Across Apple One Subscription Bundles'. Scope: 'Authorized and documented in Item 2. MD&A - Services'. Rationale: 'Supports Q1 FY2024 corporate priorities across supply chain resilience, capital allocation, engineering advancement, and regulatory compliance'.",Model Services ARPU Expansion Across Apple One Subscription Bundles,"Conduct econometric modeling of consumer price elasticity across Apple One Premier, Family, and Individual subscription tiers to project revenue lift from planned $3/month price increases in selected European markets.",Model subscription bundle pricing,revise,Identifies optimal price-point thresholds to maximize average revenue per user (ARPU) while containing subscription cancellation churn under 1.5%.,"[{""name"": ""Services Net Sales"", ""value"": ""23,117"", ""unit"": ""million USD"", ""observed_on"": ""2024-02-01""}]",Finance,reported,"{finance,revise}",Finance;R&D,"Finance demonstrated that bundled value (Apple Music, TV+, Arcade, Fitness+) insulated Apple One from churn; R&D confirmed backend billing engine readiness for multi-tier pricing."
AAPL-2024Q1-0070,Apple Inc.,2024-02-01,quarterly_filings/2024_Q1.pdf,https://www.sec.gov/ix?doc=/Archives/edgar/data/0000320193/000032019324000069/aapl-20231230.htm,Item 2. MD&A - Americas Segment,"Disclosure Context (2024_Q1): Trigger: 'Apple Q1 FY2024 10-Q (filed February 1, 2024) discloses the operational, financial, and compliance context for Finance decisions'. Management Action: 'Structure Direct-to-Consumer Carrier Equipment Installment Subsidies in North America'. Scope: 'Authorized and documented in Item 2. MD&A - Americas Segment'. Rationale: 'Supports Q1 FY2024 corporate priorities across supply chain resilience, capital allocation, engineering advancement, and regulatory compliance'.",Structure Direct-to-Consumer Carrier Equipment Installment Subsidies in North America,"Partner with AT&T, Verizon, and T-Mobile to sponsor a $180M joint device financing co-op fund, offering up to $1,000 in promotional trade-in credits on iPhone 15 Pro over 36-month carrier installment plans.",Sponsor carrier installment subsidies,expand,"Leverages post-holiday carrier upgrade promotions to stimulate iPhone Pro adoption, helping drive Americas segment revenue up 2% to $50.4B in Q1 FY24.","[{""name"": ""Americas Net Sales"", ""value"": ""50,430"", ""unit"": ""million USD"", ""observed_on"": ""2024-02-01""}]",Finance,reported,"{finance,expand}",Finance;Operations,Finance negotiated a 50/50 cost share with carriers; Operations ensured adequate channel fill across carrier direct-to-consumer stores.
AAPL-2024Q1-0071,Apple Inc.,2024-02-01,quarterly_filings/2024_Q1.pdf,https://www.sec.gov/ix?doc=/Archives/edgar/data/0000320193/000032019324000069/aapl-20231230.htm,Note 4 – Financial Instruments,"Disclosure Context (2024_Q1): Trigger: 'Apple Q1 FY2024 10-Q (filed February 1, 2024) discloses the operational, financial, and compliance context for Finance decisions'. Management Action: 'Hedge Indian Rupee Capital Expenditure Commitments via Non-Deliverable Forwards'. Scope: 'Authorized and documented in Note 4 – Financial Instruments'. Rationale: 'Supports Q1 FY2024 corporate priorities across supply chain resilience, capital allocation, engineering advancement, and regulatory compliance'.",Hedge Indian Rupee Capital Expenditure Commitments via Non-Deliverable Forwards,Enter into $650M notional value in INR non-deliverable forward (NDF) contracts in Singapore to hedge scheduled Indian rupee capital expenditures for retail store expansions and factory equipment advances.,Hedge INR capital commitments,expand,"Locks in domestic currency conversion rates, shielding corporate cash allocations from seasonal rupee depreciation ahead of Indian general elections.","[{""name"": ""Rest of Asia Pacific Sales"", ""value"": ""10,162"", ""unit"": ""million USD"", ""observed_on"": ""2024-02-01""}]",Finance,reported,"{finance,expand}",Finance;Operations,Finance executed NDFs due to strict onshore Indian currency controls; Operations confirmed that capital advance milestones aligned with NDF settlement dates.
AAPL-2024Q1-0072,Apple Inc.,2024-02-01,quarterly_filings/2024_Q1.pdf,https://www.sec.gov/ix?doc=/Archives/edgar/data/0000320193/000032019324000069/aapl-20231230.htm,Note 4 – Financial Instruments,"Disclosure Context (2024_Q1): Trigger: 'Apple Q1 FY2024 10-Q (filed February 1, 2024) discloses the operational, financial, and compliance context for Finance decisions'. Management Action: 'Enforce Strict Bilateral Derivative Collateral Thresholds with Wall Street Counterparties'. Scope: 'Authorized and documented in Note 4 – Financial Instruments'. Rationale: 'Supports Q1 FY2024 corporate priorities across supply chain resilience, capital allocation, engineering advancement, and regulatory compliance'.",Enforce Strict Bilateral Derivative Collateral Thresholds with Wall Street Counterparties,"Review bilateral credit support annex (CSA) agreements across 14 global financial counterparty banks, mandating daily cash collateral posting for net derivative mark-to-market liabilities exceeding $50M.",Enforce derivative collateral thresholds,maintain,Eliminates counterparty credit risk and preserves systemic liquidity across Apple's multi-billion dollar interest rate and currency hedging book.,"[{""name"": ""Cash Equivalents"", ""value"": ""40,373"", ""unit"": ""million USD"", ""observed_on"": ""2024-02-01""}]",Finance,reported,"{finance,maintain}",Finance;Legal,Treasury monitored daily mark-to-market exposure; Legal verified enforceable close-out netting rights under ISDA master agreements.
AAPL-2024Q1-0073,Apple Inc.,2024-02-01,quarterly_filings/2024_Q1.pdf,https://www.sec.gov/ix?doc=/Archives/edgar/data/0000320193/000032019324000069/aapl-20231230.htm,Item 2. MD&A - Operating Expenses,"Disclosure Context (2024_Q1): Trigger: 'Apple Q1 FY2024 10-Q (filed February 1, 2024) discloses the operational, financial, and compliance context for Finance decisions'. Management Action: 'Renegotiate Retail Point-of-Sale Payment Processing Interchange with Visa and Mastercard'. Scope: 'Authorized and documented in Item 2. MD&A - Operating Expenses'. Rationale: 'Supports Q1 FY2024 corporate priorities across supply chain resilience, capital allocation, engineering advancement, and regulatory compliance'.",Renegotiate Retail Point-of-Sale Payment Processing Interchange with Visa and Mastercard,"Execute amended global merchant processing agreements with Visa and Mastercard, reducing domestic and cross-border interchange fees by 6 basis points across Apple Store retail and online transactions.",Renegotiate payment processing fees,reduce,Generates $42M in annualized transaction fee savings as Apple Store online and in-store credit card volumes expanded during holiday shopping periods.,"[{""name"": ""Total Net Sales"", ""value"": ""119,575"", ""unit"": ""million USD"", ""observed_on"": ""2024-02-01""}]",Finance,reported,"{finance,reduce}",Finance;Legal,Finance leveraged Apple's massive $119B quarterly transaction volume to demand tier-1 merchant pricing; Legal confirmed compliance with card network operating rules.
AAPL-2024Q1-0074,Apple Inc.,2024-02-01,quarterly_filings/2024_Q1.pdf,https://www.sec.gov/ix?doc=/Archives/edgar/data/0000320193/000032019324000069/aapl-20231230.htm,Item 2. MD&A - Mac Category Performance,"Disclosure Context (2024_Q1): Trigger: 'Apple Q1 FY2024 10-Q (filed February 1, 2024) discloses the operational, financial, and compliance context for Finance decisions'. Management Action: 'Structure Enterprise Device-as-a-Service (DaaS) Residual Value Guarantee Model'. Scope: 'Authorized and documented in Item 2. MD&A - Mac Category Performance'. Rationale: 'Supports Q1 FY2024 corporate priorities across supply chain resilience, capital allocation, engineering advancement, and regulatory compliance'.",Structure Enterprise Device-as-a-Service (DaaS) Residual Value Guarantee Model,Establish an internal residual value guarantee fund to underwrite secondary market values for corporate Mac deployments leased through Apple Financial Services on 36-month terms.,Underwrite residual value guarantees,expand,"Lowers monthly corporate lease rates for enterprise customers upgrading to M3 MacBook Pro systems, boosting commercial Mac penetration.","[{""name"": ""Mac Net Sales"", ""value"": ""7,780"", ""unit"": ""million USD"", ""observed_on"": ""2024-02-01""}]",Finance,reported,"{finance,expand}",Finance;Operations,Finance modeled aggressive 45% residual values at month 36; Operations warned that enterprise PC replacement cycles were lengthening due to corporate budget freezes; Finance authorized the program.
AAPL-2024Q1-0075,Apple Inc.,2024-02-01,quarterly_filings/2024_Q1.pdf,https://www.sec.gov/ix?doc=/Archives/edgar/data/0000320193/000032019324000069/aapl-20231230.htm,Note 9 – Contingencies,"Disclosure Context (2024_Q1): Trigger: 'Apple Q1 FY2024 10-Q (filed February 1, 2024) discloses the operational, financial, and compliance context for Finance decisions'. Management Action: 'Recalibrate Corporate Employee Health Self-Insurance Loss Reserves'. Scope: 'Authorized and documented in Note 9 – Contingencies'. Rationale: 'Supports Q1 FY2024 corporate priorities across supply chain resilience, capital allocation, engineering advancement, and regulatory compliance'.",Recalibrate Corporate Employee Health Self-Insurance Loss Reserves,"Conduct actuarial reviews of Apple's self-insured employee healthcare and workers' compensation benefit plans, adjusting annual medical loss reserve accruals upward by $45M.",Adjust employee health reserves,revise,"Ensures balance sheet liability reserves accurately reflect elevated post-pandemic medical inflation and catastrophic claim frequency across 160,000 global employees.","[{""name"": ""Other Corporate Expenses"", ""value"": ""2,019"", ""unit"": ""million USD"", ""observed_on"": ""2024-02-01""}]",Finance,reported,"{finance,revise}",Finance;Legal,Finance approved the actuarial reserve increase based on audited claims data; Legal confirmed compliance with ERISA and Department of Labor benefit trust regulations.
AAPL-2024Q1-0076,Apple Inc.,2024-02-01,quarterly_filings/2024_Q1.pdf,https://www.sec.gov/ix?doc=/Archives/edgar/data/0000320193/000032019324000069/aapl-20231230.htm,Note 5 – Condensed Consolidated Details,"Disclosure Context (2024_Q1): Trigger: 'Apple Q1 FY2024 10-Q (filed February 1, 2024) discloses the operational, financial, and compliance context for Finance decisions'. Management Action: 'Approve $120M Advance Equipment Financing Facility for Foxconn Indian Expansion'. Scope: 'Authorized and documented in Note 5 – Condensed Consolidated Details'. Rationale: 'Supports Q1 FY2024 corporate priorities across supply chain resilience, capital allocation, engineering advancement, and regulatory compliance'.",Approve $120M Advance Equipment Financing Facility for Foxconn Indian Expansion,Authorize an equipment loan facility providing $120M in low-interest credit to Foxconn Hon Hai to finance high-precision SMT machinery and automated optical inspection equipment in Tamil Nadu.,Approve equipment financing,approve,"Accelerates Indian manufacturing scale without requiring Foxconn to seek expensive local bank debt, cementing Apple's production expansion schedule.","[{""name"": ""Vendor Non-Trade Receivables"", ""value"": ""30.4"", ""unit"": ""billion USD"", ""observed_on"": ""2024-02-01""}]",Finance,reported,"{finance,approve}",Finance;Operations,Operations emphasized that Foxconn needed immediate machinery to meet Q3 trial production runs; Finance secured senior equipment collateral liens and mandatory production volume offsets.
AAPL-2024Q1-0077,Apple Inc.,2024-02-01,quarterly_filings/2024_Q1.pdf,https://www.sec.gov/ix?doc=/Archives/edgar/data/0000320193/000032019324000069/aapl-20231230.htm,Item 2. MD&A - R&D Activities,"Disclosure Context (2024_Q1): Trigger: 'Apple Q1 FY2024 10-Q (filed February 1, 2024) discloses the operational, financial, and compliance context for Finance decisions'. Management Action: 'Approve $75M Pre-Payment for TSMC High-NA EUV Advanced Semiconductor Research'. Scope: 'Authorized and documented in Item 2. MD&A - R&D Activities'. Rationale: 'Supports Q1 FY2024 corporate priorities across supply chain resilience, capital allocation, engineering advancement, and regulatory compliance'.",Approve $75M Pre-Payment for TSMC High-NA EUV Advanced Semiconductor Research,Authorize a $75M specialized research and development pre-payment to TSMC to co-fund early-stage process development kits for High-NA (0.55 NA) extreme ultraviolet lithography.,Pre-pay semiconductor research,approve,"Guarantees Apple first-access research priority for sub-2nm silicon nodes (A16 and beyond), extending Apple Silicon's architectural lead in power efficiency.","[{""name"": ""R&D Expense"", ""value"": ""7,696"", ""unit"": ""million USD"", ""observed_on"": ""2024-02-01""}]",Finance,reported,"{finance,approve}",R&D;Finance,R&D argued that High-NA EUV access was existential for retaining mobile chip supremacy; Finance verified intellectual property exclusivity terms and milestone refund protections.
AAPL-2024Q1-0078,Apple Inc.,2024-02-01,quarterly_filings/2024_Q1.pdf,https://www.sec.gov/ix?doc=/Archives/edgar/data/0000320193/000032019324000069/aapl-20231230.htm,Item 2. MD&A - Services,"Disclosure Context (2024_Q1): Trigger: 'Apple Q1 FY2024 10-Q (filed February 1, 2024) discloses the operational, financial, and compliance context for Finance decisions'. Management Action: 'Negotiate App Store Volume Rebate Agreements with Top Global Gaming Publishers'. Scope: 'Authorized and documented in Item 2. MD&A - Services'. Rationale: 'Supports Q1 FY2024 corporate priorities across supply chain resilience, capital allocation, engineering advancement, and regulatory compliance'.",Negotiate App Store Volume Rebate Agreements with Top Global Gaming Publishers,Offer structured tier-2 commission rebates (reducing effective rates to 20%) for gaming publishers generating over $150M in annual in-app purchase billings on condition of cross-platform feature parity.,Offer developer volume rebates,revise,Prevents high-value gaming developers from abandoning native iOS in-app purchases in favor of external web stores or alternative European marketplaces.,"[{""name"": ""Services Net Sales"", ""value"": ""23,117"", ""unit"": ""million USD"", ""observed_on"": ""2024-02-01""}]",Finance,reported,"{finance,revise}",Finance;Legal,"Finance sought to defend gaming monetization, which drives over 50% of App Store revenue; Legal warned that offering secret volume rebates to select large publishers contradicted Apple's uniform developer guidelines defense in Epic Games litigation; Agreement collapsed."
AAPL-2024Q1-0079,Apple Inc.,2024-02-01,quarterly_filings/2024_Q1.pdf,https://www.sec.gov/ix?doc=/Archives/edgar/data/0000320193/000032019324000069/aapl-20231230.htm,Item 2. MD&A - Products Performance,"Disclosure Context (2024_Q1): Trigger: 'Apple Q1 FY2024 10-Q (filed February 1, 2024) discloses the operational, financial, and compliance context for Finance decisions'. Management Action: 'Recalibrate Trade-In Residual Valuation Algorithm for 5G Smartphones'. Scope: 'Authorized and documented in Item 2. MD&A - Products Performance'. Rationale: 'Supports Q1 FY2024 corporate priorities across supply chain resilience, capital allocation, engineering advancement, and regulatory compliance'.",Recalibrate Trade-In Residual Valuation Algorithm for 5G Smartphones,"Adjust internal trade-in valuation tables across Apple Store online and retail channels, increasing trade-in credit on iPhone 12 and 13 models by $30 to $50 when applied toward iPhone 15 Pro purchases.",Recalibrate trade-in valuations,revise,"Stimulates upgrade cycles among users on 3-year replacement cadences, accelerating migration to newer silicon capable of supporting upcoming spatial and AI software features.","[{""name"": ""iPhone Net Sales"", ""value"": ""69,702"", ""unit"": ""million USD"", ""observed_on"": ""2024-02-01""}]",Finance,reported,"{finance,revise}",Finance;Operations,Operations verified that secondary market refurbishers were paying strong prices for iPhone 12/13 units; Finance confirmed that trade-in subsidy increases did not dilute blended hardware gross margin.
AAPL-2024Q1-0080,Apple Inc.,2024-02-01,quarterly_filings/2024_Q1.pdf,https://www.sec.gov/ix?doc=/Archives/edgar/data/0000320193/000032019324000069/aapl-20231230.htm,Item 2. MD&A - Services,"Disclosure Context (2024_Q1): Trigger: 'Apple Q1 FY2024 10-Q (filed February 1, 2024) discloses the operational, financial, and compliance context for Finance decisions'. Management Action: 'Implement Latin American Currency Surcharge on App Store In-App Purchases'. Scope: 'Authorized and documented in Item 2. MD&A - Services'. Rationale: 'Supports Q1 FY2024 corporate priorities across supply chain resilience, capital allocation, engineering advancement, and regulatory compliance'.",Implement Latin American Currency Surcharge on App Store In-App Purchases,Introduce a mandatory 15% currency adjustment surcharge on App Store digital purchases in Brazil and Colombia to offset local currency devaluation and newly enacted digital services taxes.,Implement regional price surcharge,expand,Protects net Services revenue realization in Latin American storefronts against adverse FX swings and local tax withholdings.,"[{""name"": ""Americas Net Sales"", ""value"": ""50,430"", ""unit"": ""million USD"", ""observed_on"": ""2024-02-01""}]",Finance,reported,"{finance,expand}",Finance;Operations,"Finance noted that without surcharges, Brazilian App Store revenue converted to USD fell 18%; Operations warned that price-sensitive Latin American consumers would slash in-game microtransactions; Surcharges implemented."
AAPL-2024Q1-0081,Apple Inc.,2024-02-01,quarterly_filings/2024_Q1.pdf,https://www.sec.gov/ix?doc=/Archives/edgar/data/0000320193/000032019324000069/aapl-20231230.htm,Note 9 – Contingencies,"Disclosure Context (2024_Q1): Trigger: 'Apple Q1 FY2024 10-Q (filed February 1, 2024) discloses the operational, financial, and compliance context for Finance decisions'. Management Action: 'Provide Corporate Financial Guarantees for Long-Term Wind Energy PPA in Texas'. Scope: 'Authorized and documented in Note 9 – Contingencies'. Rationale: 'Supports Q1 FY2024 corporate priorities across supply chain resilience, capital allocation, engineering advancement, and regulatory compliance'.",Provide Corporate Financial Guarantees for Long-Term Wind Energy PPA in Texas,Execute a $110M corporate credit guarantee supporting a 15-year power purchase agreement (PPA) with an independent renewable power producer constructing a 200MW wind farm in West Texas.,Provide green PPA guarantee,approve,Locks in long-term zero-carbon electricity supply for Apple's Austin corporate campus and regional data centers while satisfying corporate ESG emissions reduction mandates.,"[{""name"": ""Other Corporate Expenses"", ""value"": ""2,019"", ""unit"": ""million USD"", ""observed_on"": ""2024-02-01""}]",Finance,reported,"{finance,approve}",Finance;Legal,Finance modeled long-term electricity cost savings of $28M over 15 years; Legal confirmed that PPA guarantee covenants did not trigger balance sheet debt classification under ASC 842.
AAPL-2024Q1-0082,Apple Inc.,2024-02-01,quarterly_filings/2024_Q1.pdf,https://www.sec.gov/ix?doc=/Archives/edgar/data/0000320193/000032019324000069/aapl-20231230.htm,Item 2. MD&A - Operating Expenses,"Disclosure Context (2024_Q1): Trigger: 'Apple Q1 FY2024 10-Q (filed February 1, 2024) discloses the operational, financial, and compliance context for Finance decisions'. Management Action: 'Expand Captive Marine Insurance Coverage for Trans-Pacific Ocean Container Loss'. Scope: 'Authorized and documented in Item 2. MD&A - Operating Expenses'. Rationale: 'Supports Q1 FY2024 corporate priorities across supply chain resilience, capital allocation, engineering advancement, and regulatory compliance'.",Expand Captive Marine Insurance Coverage for Trans-Pacific Ocean Container Loss,"Increase internal underwriting capacity of Apple's captive reinsurance subsidiary in Vermont, adding $400M in transit loss coverage for containerized finished goods traversing high-risk maritime routes.",Expand captive marine insurance,expand,Protects corporate balance sheet against maritime shipping disasters or Red Sea geopolitical vessel diversions while reducing third-party commercial insurance premiums by $8M annually.,"[{""name"": ""Total Net Sales"", ""value"": ""119,575"", ""unit"": ""million USD"", ""observed_on"": ""2024-02-01""}]",Finance,reported,"{finance,expand}",Finance;Operations,Operations flagged rising geopolitical risks and piracy in maritime transit lanes; Finance proved that captive reinsurance retention was 35% cheaper than commercial market rates.
AAPL-2024Q1-0083,Apple Inc.,2024-02-01,quarterly_filings/2024_Q1.pdf,https://www.sec.gov/ix?doc=/Archives/edgar/data/0000320193/000032019324000069/aapl-20231230.htm,Note 5 – Condensed Consolidated Details,"Disclosure Context (2024_Q1): Trigger: 'Apple Q1 FY2024 10-Q (filed February 1, 2024) discloses the operational, financial, and compliance context for Finance decisions'. Management Action: 'Reconcile Section 965 Repatriation Transition Tax Installment Payment Obligations'. Scope: 'Authorized and documented in Note 5 – Condensed Consolidated Details'. Rationale: 'Supports Q1 FY2024 corporate priorities across supply chain resilience, capital allocation, engineering advancement, and regulatory compliance'.",Reconcile Section 965 Repatriation Transition Tax Installment Payment Obligations,"Process the scheduled $1.1B annual installment payment to the U.S. Department of the Treasury under Section 965 of the Tax Cuts and Jobs Act, reconciling remaining non-current transition tax liabilities.",Pay transition tax installment,maintain,Satisfies mandatory federal statutory tax obligations from historical offshore earnings repatriation without incurring interest penalties or audit discrepancies.,"[{""name"": ""Operating Cash Flow"", ""value"": ""39,895"", ""unit"": ""million USD"", ""observed_on"": ""2024-02-01""}]",Finance,reported,"{finance,maintain}",Finance;Legal,Finance confirmed cash availability; Legal verified calculation compliance with IRS guidance on installment schedules.
AAPL-2024Q1-0084,Apple Inc.,2024-02-01,quarterly_filings/2024_Q1.pdf,https://www.sec.gov/ix?doc=/Archives/edgar/data/0000320193/000032019324000069/aapl-20231230.htm,Item 2. MD&A - Products Performance,"Disclosure Context (2024_Q1): Trigger: 'Apple Q1 FY2024 10-Q (filed February 1, 2024) discloses the operational, financial, and compliance context for Finance decisions'. Management Action: 'Develop Enterprise Leasing Guarantee Model for Corporate Apple Vision Pro Deployments'. Scope: 'Authorized and documented in Item 2. MD&A - Products Performance'. Rationale: 'Supports Q1 FY2024 corporate priorities across supply chain resilience, capital allocation, engineering advancement, and regulatory compliance'.",Develop Enterprise Leasing Guarantee Model for Corporate Apple Vision Pro Deployments,Launch an enterprise equipment leasing program offering enterprise customers (including SAP and Porsche) 24-month structured leases on Apple Vision Pro with guaranteed internal trade-up options.,Launch Vision Pro enterprise leases,expand,Encourages corporate enterprise spatial computing software adoption by lowering upfront capital budget hurdles for corporate spatial development teams.,"[{""name"": ""Services Net Sales"", ""value"": ""23,117"", ""unit"": ""million USD"", ""observed_on"": ""2024-02-01""}]",Finance,reported,"{finance,expand}",Finance;Operations,"Operations supported enterprise software seeding; Finance warned that lack of enterprise software tooling (MDM integration, enterprise security) would depress corporate demand; Program rolled out with standard lease covenants."
AAPL-2024Q1-0085,Apple Inc.,2024-02-01,quarterly_filings/2024_Q1.pdf,https://www.sec.gov/ix?doc=/Archives/edgar/data/0000320193/000032019324000069/aapl-20231230.htm,Note 5 – Condensed Consolidated Details,"Disclosure Context (2024_Q1): Trigger: 'Apple Q1 FY2024 10-Q (filed February 1, 2024) discloses the operational, financial, and compliance context for Finance decisions'. Management Action: 'Conduct Commercial Real Estate Impairment Testing on Sublet Office Space in Silicon Valley'. Scope: 'Authorized and documented in Note 5 – Condensed Consolidated Details'. Rationale: 'Supports Q1 FY2024 corporate priorities across supply chain resilience, capital allocation, engineering advancement, and regulatory compliance'.",Conduct Commercial Real Estate Impairment Testing on Sublet Office Space in Silicon Valley,"Perform impairment testing under ASC 360 on 240,000 square feet of leased commercial office space in Cupertino and Sunnyvale designated for sublease following engineering team consolidations.",Test office lease impairments,investigate,Evaluates balance sheet right-of-use asset valuations against declining commercial real estate sublease rates in the Bay Area market.,"[{""name"": ""Other Corporate Expenses"", ""value"": ""2,019"", ""unit"": ""million USD"", ""observed_on"": ""2024-02-01""}]",Finance,reported,"{finance,investigate}",Finance;Legal,Finance warned that weak commercial office demand in Silicon Valley would prevent subtenants from paying contract rents; Operations noted that hybrid work policies reduced on-site density requirements; Impairment review initiated.
AAPL-2024Q1-0086,Apple Inc.,2024-02-01,quarterly_filings/2024_Q1.pdf,https://www.sec.gov/ix?doc=/Archives/edgar/data/0000320193/000032019324000069/aapl-20231230.htm,Item 2. MD&A - Operating Expenses,"Disclosure Context (2024_Q1): Trigger: 'Apple Q1 FY2024 10-Q (filed February 1, 2024) discloses the operational, financial, and compliance context for Finance decisions'. Management Action: 'Consolidate Retail Cash-in-Transit Armored Carrier Contracts Across North America'. Scope: 'Authorized and documented in Item 2. MD&A - Operating Expenses'. Rationale: 'Supports Q1 FY2024 corporate priorities across supply chain resilience, capital allocation, engineering advancement, and regulatory compliance'.",Consolidate Retail Cash-in-Transit Armored Carrier Contracts Across North America,Re-tender and consolidate armored carrier cash collection contracts across 272 U.S. and Canadian Apple Store locations into a unified multi-year agreement with Brink's.,Consolidate cash logistics contracts,revise,Reduces retail cash handling and armored transit fees by 11% while establishing unified daily cash deposit visibility into central concentration accounts.,"[{""name"": ""Americas Net Sales"", ""value"": ""50,430"", ""unit"": ""million USD"", ""observed_on"": ""2024-02-01""}]",Finance,reported,"{finance,revise}",Finance;Operations,Finance verified unified cash pooling; Operations confirmed that armored pickup schedules matched peak store closing windows.
AAPL-2024Q1-0087,Apple Inc.,2024-02-01,quarterly_filings/2024_Q1.pdf,https://www.sec.gov/ix?doc=/Archives/edgar/data/0000320193/000032019324000069/aapl-20231230.htm,Item 2. MD&A - Services,"Disclosure Context (2024_Q1): Trigger: 'Apple Q1 FY2024 10-Q (filed February 1, 2024) discloses the operational, financial, and compliance context for Finance decisions'. Management Action: 'Monetize Search Ads Privacy Click Measurement Telemetry Architecture'. Scope: 'Authorized and documented in Item 2. MD&A - Services'. Rationale: 'Supports Q1 FY2024 corporate priorities across supply chain resilience, capital allocation, engineering advancement, and regulatory compliance'.",Monetize Search Ads Privacy Click Measurement Telemetry Architecture,"Expand Apple Search Ads attribution reporting features, offering enterprise advertisers aggregated, privacy-preserving attribution conversion data through Private Click Measurement (PCM) APIs.",Monetize advertising telemetry,expand,Drives expansion of high-margin advertising revenue within the Services segment without violating Apple's consumer privacy commitments.,"[{""name"": ""Services Net Sales"", ""value"": ""23,117"", ""unit"": ""million USD"", ""observed_on"": ""2024-02-01""}]",Finance,reported,"{finance,expand}",Finance;R&D,Finance highlighted advertising as Apple's fastest-growing services margin contributor; R&D verified that PCM cryptographic aggregation completely prevented individual user profiling.
AAPL-2024Q1-0088,Apple Inc.,2024-02-01,quarterly_filings/2024_Q1.pdf,https://www.sec.gov/ix?doc=/Archives/edgar/data/0000320193/000032019324000069/aapl-20231230.htm,Item 2. MD&A - Share Repurchase Program,"Disclosure Context (2024_Q1): Trigger: 'Apple Q1 FY2024 10-Q (filed February 1, 2024) discloses the operational, financial, and compliance context for Finance decisions'. Management Action: 'Prepare Financial Scenario Modeling for Record $110B Share Repurchase Reauthorization'. Scope: 'Authorized and documented in Item 2. MD&A - Share Repurchase Program'. Rationale: 'Supports Q1 FY2024 corporate priorities across supply chain resilience, capital allocation, engineering advancement, and regulatory compliance'.",Prepare Financial Scenario Modeling for Record $110B Share Repurchase Reauthorization,"Develop multi-year corporate capital return scenarios modeling cash flow generation, offshore liquidity, and share count reduction for a planned record $110B share buyback authorization at the May 2024 Board meeting.",Model record buyback authorization,expand,"Prepares the largest share repurchase program in corporate American history, reinforcing investor confidence and signaling ongoing massive free cash flow generation.","[{""name"": ""Operating Cash Flow"", ""value"": ""39,895"", ""unit"": ""million USD"", ""observed_on"": ""2024-02-01""}, {""name"": ""Term Debt"", ""value"": ""108.0"", ""unit"": ""billion USD"", ""observed_on"": ""2024-02-01""}]",Finance,reported,"{finance,expand}",Finance;Legal,Finance proved that operating cash flow easily supported a $110B authorization while maintaining net-cash-neutral goals; Legal drafted Board proxy and shareholder resolutions.
AAPL-2024Q1-0089,Apple Inc.,2024-02-01,quarterly_filings/2024_Q1.pdf,https://www.sec.gov/ix?doc=/Archives/edgar/data/0000320193/000032019324000069/aapl-20231230.htm,Item 2. MD&A - Cost of Sales,"Disclosure Context (2024_Q1): Trigger: 'Apple Q1 FY2024 10-Q (filed February 1, 2024) discloses the operational, financial, and compliance context for Finance decisions'. Management Action: 'Audit Component Supplier Warranty Reimbursement Deductions for iPhone Display Adhesives'. Scope: 'Authorized and documented in Item 2. MD&A - Cost of Sales'. Rationale: 'Supports Q1 FY2024 corporate priorities across supply chain resilience, capital allocation, engineering advancement, and regulatory compliance'.",Audit Component Supplier Warranty Reimbursement Deductions for iPhone Display Adhesives,"Initiate cross-dock warranty recovery claims against display adhesive chemical suppliers, clawing back $18M in warranty replacement costs associated with micro-delamination in high-temperature Asian climates.",Audit warranty recovery claims,investigate,Recovers corporate warranty reserves by holding Tier-2 chemical adhesive suppliers contractually accountable for out-of-spec chemical degradation.,"[{""name"": ""Products Gross Margin"", ""value"": ""37,844"", ""unit"": ""million USD"", ""observed_on"": ""2024-02-01""}]",Finance,reported,"{finance,investigate}",Finance;Operations,Finance audited warranty claim codes; Operations provided chemical laboratory forensic reports showing out-of-spec adhesive batches; Suppliers settled claims via credit memos.
AAPL-2024Q1-0090,Apple Inc.,2024-02-01,quarterly_filings/2024_Q1.pdf,https://www.sec.gov/ix?doc=/Archives/edgar/data/0000320193/000032019324000069/aapl-20231230.htm,Note 5 – Condensed Consolidated Details,"Disclosure Context (2024_Q1): Trigger: 'Apple Q1 FY2024 10-Q (filed February 1, 2024) discloses the operational, financial, and compliance context for Finance decisions'. Management Action: 'Structure Dynamic Working Capital Facilities for Critical Display Sub-Tier Suppliers'. Scope: 'Authorized and documented in Note 5 – Condensed Consolidated Details'. Rationale: 'Supports Q1 FY2024 corporate priorities across supply chain resilience, capital allocation, engineering advancement, and regulatory compliance'.",Structure Dynamic Working Capital Facilities for Critical Display Sub-Tier Suppliers,Deploy a revolving $250M trade finance facility to support sub-tier optical film suppliers struggling with working capital constraints during the production ramp for upcoming OLED iPad displays.,Deploy sub-tier trade finance,expand,"Prevents component supply disruptions in specialized tandem OLED optical film manufacturing, ensuring uninterrupted display production for spring hardware launches.","[{""name"": ""Vendor Receivables"", ""value"": ""30.4"", ""unit"": ""billion USD"", ""observed_on"": ""2024-02-01""}]",Finance,reported,"{finance,expand}",Finance;Operations,Operations alerted Treasury that key optical film coaters in South Korea faced liquidity crunches; Finance structured the trade advance with senior asset-backed liens.
AAPL-2024Q1-0091,Apple Inc.,2024-02-01,quarterly_filings/2024_Q1.pdf,https://www.sec.gov/ix?doc=/Archives/edgar/data/0000320193/000032019324000069/aapl-20231230.htm,Item 2. MD&A - R&D Activities,"Disclosure Context (2024_Q1): Trigger: 'Apple Q1 FY2024 10-Q (filed February 1, 2024) discloses the operational, financial, and compliance context for R&D decisions'. Management Action: 'Finalize visionOS 1.0 Developer SDK and RealityKit Spatial Anchoring APIs'. Scope: 'Authorized and documented in Item 2. MD&A - R&D Activities'. Rationale: 'Supports Q1 FY2024 corporate priorities across supply chain resilience, capital allocation, engineering advancement, and regulatory compliance'.",Finalize visionOS 1.0 Developer SDK and RealityKit Spatial Anchoring APIs,"Complete release-candidate validation of visionOS 1.0 developer toolkits, RealityKit spatial scene graph frameworks, and ARKit skeletal hand-tracking APIs, enabling over 600 native spatial applications to launch on day one.",Finalize spatial developer SDK,approve,"Establishes a robust third-party native application ecosystem ahead of the February 2, 2024 retail launch, driving spatial computing platform differentiation.","[{""name"": ""Launch Native Apps Target"", ""value"": ""600"", ""unit"": ""apps"", ""observed_on"": ""2024-02-01""}, {""name"": ""R&D Expense"", ""value"": ""7,696"", ""unit"": ""million USD"", ""observed_on"": ""2024-02-01""}]",R&D,reported,"{rd,approve}",R&D;Finance,R&D prioritized spatial tracking stability and sub-12ms motion-to-photon latency; Finance monitored developer engagement metrics to justify multi-billion dollar platform R&D outlays; Developer framework released on schedule.
AAPL-2024Q1-0092,Apple Inc.,2024-02-01,quarterly_filings/2024_Q1.pdf,https://www.sec.gov/ix?doc=/Archives/edgar/data/0000320193/000032019324000069/aapl-20231230.htm,Item 2. MD&A - Products Performance,"Disclosure Context (2024_Q1): Trigger: 'Apple Q1 FY2024 10-Q (filed February 1, 2024) discloses the operational, financial, and compliance context for R&D decisions'. Management Action: 'Accelerate Next-Generation 3nm M4 Silicon Architecture Tape-Out with TSMC'. Scope: 'Authorized and documented in Item 2. MD&A - Products Performance'. Rationale: 'Supports Q1 FY2024 corporate priorities across supply chain resilience, capital allocation, engineering advancement, and regulatory compliance'.",Accelerate Next-Generation 3nm M4 Silicon Architecture Tape-Out with TSMC,"Authorize final tape-out sign-off for the M4 processor architecture on TSMC's second-generation 3nm (N3E) process, configuring a 10-core CPU cluster and a 16-core Neural Engine capable of 38 trillion operations per second (TOPS).",Authorize M4 silicon tape-out,expand,"Leapfrogs competing PC AI chipsets (Qualcomm Snapdragon X Elite, Intel Core Ultra) by delivering market-leading on-device AI processing efficiency and power-per-watt performance.","[{""name"": ""Neural Engine TOPS"", ""value"": ""38"", ""unit"": ""TOPS"", ""observed_on"": ""2024-02-01""}]",R&D,reported,"{rd,expand}",R&D;Operations,R&D targeted an unprecedented 38 TOPS Neural Engine specification; Operations negotiated early wafer slot guarantees at TSMC Fab 18; Tape-out completed with zero critical timing violations.
AAPL-2024Q1-0093,Apple Inc.,2024-02-01,quarterly_filings/2024_Q1.pdf,https://www.sec.gov/ix?doc=/Archives/edgar/data/0000320193/000032019324000069/aapl-20231230.htm,Item 2. MD&A - R&D Activities,"Disclosure Context (2024_Q1): Trigger: 'Apple Q1 FY2024 10-Q (filed February 1, 2024) discloses the operational, financial, and compliance context for R&D decisions'. Management Action: 'Develop On-Device 3B-Parameter Small Language Model (SLM) for Neural Engine'. Scope: 'Authorized and documented in Item 2. MD&A - R&D Activities'. Rationale: 'Supports Q1 FY2024 corporate priorities across supply chain resilience, capital allocation, engineering advancement, and regulatory compliance'.",Develop On-Device 3B-Parameter Small Language Model (SLM) for Neural Engine,Engineer a specialized 3-billion-parameter transformer foundation model optimized with 4-bit weight-activation quantization to run locally within 1.8GB of unified memory on the Apple Neural Engine.,Develop on-device foundation model,expand,"Powers core generative features of Apple Intelligence (smart replies, writing tools, notification summaries) directly on-device with zero latency, zero cloud compute costs, and absolute privacy.","[{""name"": ""Model Parameter Count"", ""value"": ""3"", ""unit"": ""billion"", ""observed_on"": ""2024-02-01""}, {""name"": ""Memory Footprint"", ""value"": ""1.8"", ""unit"": ""gigabytes"", ""observed_on"": ""2024-02-01""}]",R&D,reported,"{rd,expand}",R&D;Finance,R&D demonstrated that 4-bit quantization maintained 97% of FP16 accuracy benchmarks; Finance verified that on-device processing avoided massive third-party cloud inference API fees.
AAPL-2024Q1-0094,Apple Inc.,2024-02-01,quarterly_filings/2024_Q1.pdf,https://www.sec.gov/ix?doc=/Archives/edgar/data/0000320193/000032019324000069/aapl-20231230.htm,Item 2. MD&A - Services,"Disclosure Context (2024_Q1): Trigger: 'Apple Q1 FY2024 10-Q (filed February 1, 2024) discloses the operational, financial, and compliance context for R&D decisions'. Management Action: 'Engineer iOS 17.4 Alternative Browser Engine APIs to Decouple WebKit in the EU'. Scope: 'Authorized and documented in Item 2. MD&A - Services'. Rationale: 'Supports Q1 FY2024 corporate priorities across supply chain resilience, capital allocation, engineering advancement, and regulatory compliance'.",Engineer iOS 17.4 Alternative Browser Engine APIs to Decouple WebKit in the EU,Architect dedicated kernel and framework APIs in iOS 17.4 allowing third-party browsers (such as Google Chrome and Mozilla Firefox) to run their native Blink and Gecko rendering engines without WebKit wrappers in the European Union.,Decouple WebKit for EU browsers,revise,Fulfills mandatory interoperability requirements under the EU Digital Markets Act (DMA) while implementing strict security entitlements to prevent memory corruption exploits.,"[{""name"": ""Europe Net Sales"", ""value"": ""30,397"", ""unit"": ""million USD"", ""observed_on"": ""2024-02-01""}]",R&D,reported,"{rd,revise}",Legal;R&D,"Legal mandated strict adherence to the March 6, 2024 DMA deadline; R&D raised severe security alarms regarding JIT compiler vulnerabilities in non-WebKit engines; R&D implemented an isolated hardware sandboxing entitlement."
AAPL-2024Q1-0095,Apple Inc.,2024-02-01,quarterly_filings/2024_Q1.pdf,https://www.sec.gov/ix?doc=/Archives/edgar/data/0000320193/000032019324000069/aapl-20231230.htm,Item 2. MD&A - Services,"Disclosure Context (2024_Q1): Trigger: 'Apple Q1 FY2024 10-Q (filed February 1, 2024) discloses the operational, financial, and compliance context for R&D decisions'. Management Action: 'Implement Core Technology Fee (CTF) Install-Counting Telemetry Daemon in iOS'. Scope: 'Authorized and documented in Item 2. MD&A - Services'. Rationale: 'Supports Q1 FY2024 corporate priorities across supply chain resilience, capital allocation, engineering advancement, and regulatory compliance'.",Implement Core Technology Fee (CTF) Install-Counting Telemetry Daemon in iOS,Build a background cryptographic metering service into the iOS App Store infrastructure to track and log annual first installs exceeding 1 million downloads for developers adopting alternative EU commercial terms.,Implement install metering telemetry,expand,Enables financial enforcement of Apple's 0.50 EUR Core Technology Fee (CTF) for high-volume third-party marketplaces and app developers operating under DMA terms.,"[{""name"": ""CTF Threshold"", ""value"": ""1.0"", ""unit"": ""million installs"", ""observed_on"": ""2024-02-01""}]",R&D,reported,"{rd,expand}",Finance;R&D,"Finance required foolproof install accounting to collect CTF billings; R&D cautioned that client-side metering was vulnerable to reverse-engineering, jailbreaking, and developer dispute; Telemetry deployed with server-side validation."
AAPL-2024Q1-0096,Apple Inc.,2024-02-01,quarterly_filings/2024_Q1.pdf,https://www.sec.gov/ix?doc=/Archives/edgar/data/0000320193/000032019324000069/aapl-20231230.htm,"Item 2. MD&A - Wearables, Home and Accessories","Disclosure Context (2024_Q1): Trigger: 'Apple Q1 FY2024 10-Q (filed February 1, 2024) discloses the operational, financial, and compliance context for R&D decisions'. Management Action: 'Engineer watchOS Firmware Patch to Bypass Pulse Oximeter Algorithm in U.S.'. Scope: 'Authorized and documented in Item 2. MD&A - Wearables, Home and Accessories'. Rationale: 'Supports Q1 FY2024 corporate priorities across supply chain resilience, capital allocation, engineering advancement, and regulatory compliance'.",Engineer watchOS Firmware Patch to Bypass Pulse Oximeter Algorithm in U.S.,Develop an emergency watchOS firmware build (watchOS 10.3.1) that modifies the sensor algorithm layer to disable blood oxygen saturation reading interfaces on Apple Watch units bearing U.S. SKU designations.,Deploy pulse oximeter firmware patch,revise,"Executes technical compliance with U.S. Customs and Border Protection directives, allowing Apple to resume sales of Apple Watch Series 9 and Ultra 2 in the United States following ITC import bans.","[{""name"": ""Watch Category Revenue Delta"", ""value"": ""-11"", ""unit"": ""percent YoY"", ""observed_on"": ""2024-02-01""}]",R&D,reported,"{rd,revise}",Legal;R&D,Legal needed an airtight software disablement that U.S. Customs would approve within 5 business days; R&D was demoralized at disabling a feature developed over 5 years of medical sensor engineering; Compromise maintained the sensor hardware in dormant mode.
AAPL-2024Q1-0097,Apple Inc.,2024-02-01,quarterly_filings/2024_Q1.pdf,https://www.sec.gov/ix?doc=/Archives/edgar/data/0000320193/000032019324000069/aapl-20231230.htm,Item 2. MD&A - Operating Expenses,"Disclosure Context (2024_Q1): Trigger: 'Apple Q1 FY2024 10-Q (filed February 1, 2024) discloses the operational, financial, and compliance context for R&D decisions'. Management Action: 'Implement Post-Quantum Cryptography Architecture (iMessage PQ3)'. Scope: 'Authorized and documented in Item 2. MD&A - Operating Expenses'. Rationale: 'Supports Q1 FY2024 corporate priorities across supply chain resilience, capital allocation, engineering advancement, and regulatory compliance'.",Implement Post-Quantum Cryptography Architecture (iMessage PQ3),"Deploy the PQ3 post-quantum cryptographic protocol across iMessage key generation and ratcheting infrastructure, combining classical Elliptic Curve Cryptography with Kyber-1024 post-quantum key encapsulation.",Deploy post-quantum iMessage PQ3,expand,"Secures billions of daily customer communications against future 'harvest now, decrypt later' attacks by potential quantum computing adversaries, establishing Level 3 cryptographic security.","[{""name"": ""Active Devices Surpassed"", ""value"": ""2.2"", ""unit"": ""billion"", ""observed_on"": ""2024-02-01""}]",R&D,reported,"{rd,expand}",R&D;Legal,R&D demonstrated that PQ3 had zero perceptible impact on message delivery latency or battery life; Legal confirmed that advanced post-quantum encryption aligned with global cybersecurity standards.
AAPL-2024Q1-0098,Apple Inc.,2024-02-01,quarterly_filings/2024_Q1.pdf,https://www.sec.gov/ix?doc=/Archives/edgar/data/0000320193/000032019324000069/aapl-20231230.htm,Item 2. MD&A - R&D Activities,"Disclosure Context (2024_Q1): Trigger: 'Apple Q1 FY2024 10-Q (filed February 1, 2024) discloses the operational, financial, and compliance context for R&D decisions'. Management Action: 'Design Siri On-Device Intent Router and Private Cloud Compute Client Architecture'. Scope: 'Authorized and documented in Item 2. MD&A - R&D Activities'. Rationale: 'Supports Q1 FY2024 corporate priorities across supply chain resilience, capital allocation, engineering advancement, and regulatory compliance'.",Design Siri On-Device Intent Router and Private Cloud Compute Client Architecture,Develop an intelligent semantic intent classification model capable of determining in sub-50 milliseconds whether a user query can be processed locally on ANE or requires routing to Private Cloud Compute server nodes.,Design hybrid AI query router,expand,Forms the foundational architectural bridge between local on-device generative models and server-scale foundational LLMs for upcoming Apple Intelligence features.,"[{""name"": ""Routing Latency Target"", ""value"": ""50"", ""unit"": ""milliseconds"", ""observed_on"": ""2024-02-01""}]",R&D,reported,"{rd,expand}",R&D;Finance,R&D prioritized latency and privacy preservation; Finance validated that routing 70% of standard user queries to on-device silicon minimized expensive private cloud server cluster utilization.
AAPL-2024Q1-0099,Apple Inc.,2024-02-01,quarterly_filings/2024_Q1.pdf,https://www.sec.gov/ix?doc=/Archives/edgar/data/0000320193/000032019324000069/aapl-20231230.htm,Item 2. MD&A - R&D Expenses,"Disclosure Context (2024_Q1): Trigger: 'Apple Q1 FY2024 10-Q (filed February 1, 2024) discloses the operational, financial, and compliance context for R&D decisions'. Management Action: 'Authorize Termination of Project Titan Autonomous Electric Vehicle Program'. Scope: 'Authorized and documented in Item 2. MD&A - R&D Expenses'. Rationale: 'Supports Q1 FY2024 corporate priorities across supply chain resilience, capital allocation, engineering advancement, and regulatory compliance'.",Authorize Termination of Project Titan Autonomous Electric Vehicle Program,"Officially terminate the decade-long autonomous electric vehicle development program ('Project Titan'), disbanding the 2,000-person Special Projects Group (SPG) and reallocating core machine learning talent to generative AI.",Terminate autonomous vehicle program,reduce,Halts an estimated $1.0B+ annual R&D cash burn on low-margin automotive hardware following executive conclusions that Level 4/5 full autonomous driving remained commercially unfeasible within viable timeframes.,"[{""name"": ""R&D Expense"", ""value"": ""7,696"", ""unit"": ""million USD"", ""observed_on"": ""2024-02-01""}]",R&D,reported,"{rd,reduce}",Finance;R&D,Finance strongly urged terminating the capital-intensive project to boost corporate operating margins; Engineering leadership lamented abandoning proprietary battery technology and automotive robotics; COO Jeff Williams and CEO Tim Cook finalized the cancellation in February 2024.
AAPL-2024Q1-0100,Apple Inc.,2024-02-01,quarterly_filings/2024_Q1.pdf,https://www.sec.gov/ix?doc=/Archives/edgar/data/0000320193/000032019324000069/aapl-20231230.htm,Item 2. MD&A - Wearables Category Performance,"Disclosure Context (2024_Q1): Trigger: 'Apple Q1 FY2024 10-Q (filed February 1, 2024) discloses the operational, financial, and compliance context for R&D decisions'. Management Action: 'Cancel MicroLED Apple Watch Ultra Display Development Program with AMS Osram'. Scope: 'Authorized and documented in Item 2. MD&A - Wearables Category Performance'. Rationale: 'Supports Q1 FY2024 corporate priorities across supply chain resilience, capital allocation, engineering advancement, and regulatory compliance'.",Cancel MicroLED Apple Watch Ultra Display Development Program with AMS Osram,"Cancel the multi-year development and supply agreement with AMS Osram for customized microLED display panels intended for future Apple Watch Ultra models, halting internal microLED display engineering teams.",Cancel microLED display project,reduce,Terminates an unviable display project after forensic manufacturing reviews revealed that complex mass-transfer semiconductor tooling made microLED panels economically prohibitive for consumer wearable scale.,"[{""name"": ""Wearables Net Sales"", ""value"": ""11,953"", ""unit"": ""million USD"", ""observed_on"": ""2024-02-01""}]",R&D,reported,"{rd,reduce}",Finance;Operations,Operations concluded microLED yields would remain under 30% through 2026; Finance recommended immediate cancellation to stop throwing capital at flawed yields; Cancellation triggered a $600M+ supply-chain impairment at AMS Osram.
AAPL-2024Q1-0101,Apple Inc.,2024-02-01,quarterly_filings/2024_Q1.pdf,https://www.sec.gov/ix?doc=/Archives/edgar/data/0000320193/000032019324000069/aapl-20231230.htm,Item 2. MD&A - Products Performance,"Disclosure Context (2024_Q1): Trigger: 'Apple Q1 FY2024 10-Q (filed February 1, 2024) discloses the operational, financial, and compliance context for R&D decisions'. Management Action: 'Optimize visionOS Spatial Persona Real-Time Face Mesh Tracking'. Scope: 'Authorized and documented in Item 2. MD&A - Products Performance'. Rationale: 'Supports Q1 FY2024 corporate priorities across supply chain resilience, capital allocation, engineering advancement, and regulatory compliance'.",Optimize visionOS Spatial Persona Real-Time Face Mesh Tracking,"Refine machine learning facial landmark deformation algorithms powering Spatial Personas, utilizing infrared eye and mouth cameras to eliminate uncanny-valley jitter during FaceTime spatial calls.",Optimize spatial persona tracking,revise,Transforms solo spatial computing into a collaborative telepresence medium by allowing multiple Vision Pro users to share virtual workspaces as photorealistic spatial avatars.,"[{""name"": ""R&D Expense"", ""value"": ""7,696"", ""unit"": ""million USD"", ""observed_on"": ""2024-02-01""}]",R&D,reported,"{rd,revise}",R&D;Operations,R&D achieved 60fps avatar landmark tracking with sub-5% Neural Engine compute utilization; Operations confirmed that improved calibration reduced customer demonstration complaints.
AAPL-2024Q1-0102,Apple Inc.,2024-02-01,quarterly_filings/2024_Q1.pdf,https://www.sec.gov/ix?doc=/Archives/edgar/data/0000320193/000032019324000069/aapl-20231230.htm,Item 2. MD&A - Products Performance,"Disclosure Context (2024_Q1): Trigger: 'Apple Q1 FY2024 10-Q (filed February 1, 2024) discloses the operational, financial, and compliance context for R&D decisions'. Management Action: 'Deploy ANE 4-Bit Dynamic Activation Governor for A17 Pro Chip'. Scope: 'Authorized and documented in Item 2. MD&A - Products Performance'. Rationale: 'Supports Q1 FY2024 corporate priorities across supply chain resilience, capital allocation, engineering advancement, and regulatory compliance'.",Deploy ANE 4-Bit Dynamic Activation Governor for A17 Pro Chip,"Implement a dynamic hardware voltage-frequency governor for the 16-core Apple Neural Engine in the A17 Pro chip, enabling adaptive 4-bit weight activations during sustained AI text generation.",Deploy Neural Engine power governor,expand,Prevents thermal throttling and preserves battery life during continuous on-device local language model inference on iPhone 15 Pro.,"[{""name"": ""Neural Engine Core Count"", ""value"": ""16"", ""unit"": ""cores"", ""observed_on"": ""2024-02-01""}]",R&D,reported,"{rd,expand}",R&D;Operations,R&D demonstrated a 28% reduction in thermal dissipation during sustained text summarization; Operations confirmed battery longevity metrics met strict 10-hour benchmarks.
AAPL-2024Q1-0103,Apple Inc.,2024-02-01,quarterly_filings/2024_Q1.pdf,https://www.sec.gov/ix?doc=/Archives/edgar/data/0000320193/000032019324000069/aapl-20231230.htm,Item 2. MD&A - Services,"Disclosure Context (2024_Q1): Trigger: 'Apple Q1 FY2024 10-Q (filed February 1, 2024) discloses the operational, financial, and compliance context for R&D decisions'. Management Action: 'Reduce Dynamic Island Live Activities Interactive Widget Latency to Sub-16ms'. Scope: 'Authorized and documented in Item 2. MD&A - Services'. Rationale: 'Supports Q1 FY2024 corporate priorities across supply chain resilience, capital allocation, engineering advancement, and regulatory compliance'.",Reduce Dynamic Island Live Activities Interactive Widget Latency to Sub-16ms,"Optimize inter-process communication (IPC) frameworks between background daemons and SpringBoard, reducing widget refresh latency for Live Activities in the Dynamic Island to sub-16 milliseconds.",Optimize Dynamic Island IPC latency,revise,"Delivers fluid real-time sports scores, flight tracking, and food delivery countdown animations at native 60fps display refresh rates.","[{""name"": ""Active Installed Base"", ""value"": ""2.2"", ""unit"": ""billion"", ""observed_on"": ""2024-02-01""}]",R&D,reported,"{rd,revise}",R&D;Operations,R&D refactored the ActivityKit rendering pipeline; Operations verified zero frame drops across all iPhone 15 models.
AAPL-2024Q1-0104,Apple Inc.,2024-02-01,quarterly_filings/2024_Q1.pdf,https://www.sec.gov/ix?doc=/Archives/edgar/data/0000320193/000032019324000069/aapl-20231230.htm,Item 2. MD&A - Operating Expenses,"Disclosure Context (2024_Q1): Trigger: 'Apple Q1 FY2024 10-Q (filed February 1, 2024) discloses the operational, financial, and compliance context for R&D decisions'. Management Action: 'Calibrate Crash Detection Algorithmic False-Positive Filtering for Alpine Skiing'. Scope: 'Authorized and documented in Item 2. MD&A - Operating Expenses'. Rationale: 'Supports Q1 FY2024 corporate priorities across supply chain resilience, capital allocation, engineering advancement, and regulatory compliance'.",Calibrate Crash Detection Algorithmic False-Positive Filtering for Alpine Skiing,Update sensor fusion algorithms combining high-g accelerometer and gyroscope data to distinguish between aggressive recreational alpine skiing carves and genuine severe motor vehicle collisions.,Calibrate Crash Detection algorithms,revise,Eliminates accidental emergency 911 dispatches from ski resorts while maintaining 99.9% detection accuracy for real-world automotive crashes.,"[{""name"": ""Installed Base"", ""value"": ""2.2"", ""unit"": ""billion"", ""observed_on"": ""2024-02-01""}]",R&D,reported,"{rd,revise}",Legal;R&D,Legal noted rising municipal emergency service frustration in Colorado and Utah; R&D analyzed thousands of hours of downhill skiing telemetry to create custom motion rejection filters.
AAPL-2024Q1-0105,Apple Inc.,2024-02-01,quarterly_filings/2024_Q1.pdf,https://www.sec.gov/ix?doc=/Archives/edgar/data/0000320193/000032019324000069/aapl-20231230.htm,Item 2. MD&A - Wearables,"Disclosure Context (2024_Q1): Trigger: 'Apple Q1 FY2024 10-Q (filed February 1, 2024) discloses the operational, financial, and compliance context for R&D decisions'. Management Action: 'Deploy Clinical Audiogram Acoustic Tuning for AirPods Pro 2 Firmware'. Scope: 'Authorized and documented in Item 2. MD&A - Wearables'. Rationale: 'Supports Q1 FY2024 corporate priorities across supply chain resilience, capital allocation, engineering advancement, and regulatory compliance'.",Deploy Clinical Audiogram Acoustic Tuning for AirPods Pro 2 Firmware,"Implement a medically validated pure-tone audiometry test algorithm within the Health app and AirPods Pro 2 firmware, allowing users to generate a clinical-grade hearing profile.",Deploy audiogram acoustic tuning,expand,"Transforms consumer earbuds into an over-the-counter hearing assistance device, expanding Apple's digital health ecosystem into clinical audiology.","[{""name"": ""Wearables Net Sales"", ""value"": ""11,953"", ""unit"": ""million USD"", ""observed_on"": ""2024-02-01""}]",R&D,reported,"{rd,expand}",Legal;R&D,R&D achieved clinical audiometry accuracy within 2.5 dB of professional audiology testing; Legal coordinated preliminary De Novo classification submissions with the U.S. FDA.
AAPL-2024Q1-0106,Apple Inc.,2024-02-01,quarterly_filings/2024_Q1.pdf,https://www.sec.gov/ix?doc=/Archives/edgar/data/0000320193/000032019324000069/aapl-20231230.htm,Item 2. MD&A - Products Performance,"Disclosure Context (2024_Q1): Trigger: 'Apple Q1 FY2024 10-Q (filed February 1, 2024) discloses the operational, financial, and compliance context for R&D decisions'. Management Action: 'Design Liquid Ingress Auto-Cutoff Protection for C-Type Lightning Replacement Ports'. Scope: 'Authorized and documented in Item 2. MD&A - Products Performance'. Rationale: 'Supports Q1 FY2024 corporate priorities across supply chain resilience, capital allocation, engineering advancement, and regulatory compliance'.",Design Liquid Ingress Auto-Cutoff Protection for C-Type Lightning Replacement Ports,"Implement an electrical impedance monitoring circuit in the USB-C controller of iPhone 15, automatically disabling DC charging when trace conductive moisture is detected across USB-C pin arrays.",Implement USB-C liquid cutoff,expand,"Prevents electrolytic corrosion and short-circuit board damage when users attempt to charge wet smartphones, lowering customer repair warranty claims.","[{""name"": ""iPhone Net Sales"", ""value"": ""69,702"", ""unit"": ""million USD"", ""observed_on"": ""2024-02-01""}]",R&D,reported,"{rd,expand}",Operations;R&D,R&D verified rapid 500-microsecond pin shutdown; Operations confirmed that port protection reduced warranty board replacements by $14M.
AAPL-2024Q1-0107,Apple Inc.,2024-02-01,quarterly_filings/2024_Q1.pdf,https://www.sec.gov/ix?doc=/Archives/edgar/data/0000320193/000032019324000069/aapl-20231230.htm,Item 2. MD&A - R&D Activities,"Disclosure Context (2024_Q1): Trigger: 'Apple Q1 FY2024 10-Q (filed February 1, 2024) discloses the operational, financial, and compliance context for R&D decisions'. Management Action: 'Optimize WebKit WebGPU Compute Shader JIT Compiler for Safari 17.4'. Scope: 'Authorized and documented in Item 2. MD&A - R&D Activities'. Rationale: 'Supports Q1 FY2024 corporate priorities across supply chain resilience, capital allocation, engineering advancement, and regulatory compliance'.",Optimize WebKit WebGPU Compute Shader JIT Compiler for Safari 17.4,"Enhance the WebGPU compiler in WebKit to directly emit optimized Metal Shading Language (MSL) code for Apple Silicon GPUs, accelerating browser-based machine learning inference and 3D rendering.",Optimize WebGPU JIT compiler,expand,"Enables high-performance client-side browser AI models and console-quality web graphics to run natively on Mac, iPad, and iPhone hardware.","[{""name"": ""Mac Net Sales"", ""value"": ""7,780"", ""unit"": ""million USD"", ""observed_on"": ""2024-02-01""}]",R&D,reported,"{rd,expand}",R&D;Operations,R&D achieved a 3.4x throughput boost in browser-based stable diffusion models; Operations confirmed zero memory leaks during extended browser stress tests.
AAPL-2024Q1-0108,Apple Inc.,2024-02-01,quarterly_filings/2024_Q1.pdf,https://www.sec.gov/ix?doc=/Archives/edgar/data/0000320193/000032019324000069/aapl-20231230.htm,Item 2. MD&A - R&D Activities,"Disclosure Context (2024_Q1): Trigger: 'Apple Q1 FY2024 10-Q (filed February 1, 2024) discloses the operational, financial, and compliance context for R&D decisions'. Management Action: 'Develop Siri Multimodal Voice-Vision Contextual Awareness Prototype'. Scope: 'Authorized and documented in Item 2. MD&A - R&D Activities'. Rationale: 'Supports Q1 FY2024 corporate priorities across supply chain resilience, capital allocation, engineering advancement, and regulatory compliance'.",Develop Siri Multimodal Voice-Vision Contextual Awareness Prototype,"Prototype an end-to-end multimodal transformer model allowing Siri to simultaneously interpret on-screen UI context, live camera feeds, and spoken user natural language commands.",Prototype multimodal voice assistant,investigate,Lays the technical foundation for next-generation Siri conversational assistants capable of taking direct cross-application actions on behalf of the user.,"[{""name"": ""R&D Expense"", ""value"": ""7,696"", ""unit"": ""million USD"", ""observed_on"": ""2024-02-01""}]",R&D,reported,"{rd,investigate}",R&D;Legal,R&D demonstrated impressive prototype interactions in lab tests; Software Engineering leadership concluded the model suffered from unacceptable hallucination rates (over 8%) and memory thrashing; Executive management delayed public release.
AAPL-2024Q1-0109,Apple Inc.,2024-02-01,quarterly_filings/2024_Q1.pdf,https://www.sec.gov/ix?doc=/Archives/edgar/data/0000320193/000032019324000069/aapl-20231230.htm,Item 2. MD&A - Products Performance,"Disclosure Context (2024_Q1): Trigger: 'Apple Q1 FY2024 10-Q (filed February 1, 2024) discloses the operational, financial, and compliance context for R&D decisions'. Management Action: 'Calibrate Optical Flow Sensor Fusion for Vision Pro Low-Light Tracking'. Scope: 'Authorized and documented in Item 2. MD&A - Products Performance'. Rationale: 'Supports Q1 FY2024 corporate priorities across supply chain resilience, capital allocation, engineering advancement, and regulatory compliance'.",Calibrate Optical Flow Sensor Fusion for Vision Pro Low-Light Tracking,"Integrate temporal optical flow filtering into visionOS head-pose estimation algorithms, utilizing infrared downward cameras to maintain 6DOF tracking when ambient room lighting falls below 5 lux.",Calibrate low-light optical tracking,revise,Prevents 'tracking lost' warning dialogues and disorientation when users watch movies in completely darkened bedrooms or nighttime airplane cabins.,"[{""name"": ""R&D Expense"", ""value"": ""7,696"", ""unit"": ""million USD"", ""observed_on"": ""2024-02-01""}]",R&D,reported,"{rd,revise}",R&D;Operations,R&D proved that infrared-enhanced optical flow maintained rock-solid spatial stability in darkness; Operations validated the software patch for visionOS 1.1.
AAPL-2024Q1-0110,Apple Inc.,2024-02-01,quarterly_filings/2024_Q1.pdf,https://www.sec.gov/ix?doc=/Archives/edgar/data/0000320193/000032019324000069/aapl-20231230.htm,Item 2. MD&A - Mac Category Performance,"Disclosure Context (2024_Q1): Trigger: 'Apple Q1 FY2024 10-Q (filed February 1, 2024) discloses the operational, financial, and compliance context for R&D decisions'. Management Action: 'Design Modular Interconnect Architecture for Mac Studio M3 Ultra Silicon'. Scope: 'Authorized and documented in Item 2. MD&A - Mac Category Performance'. Rationale: 'Supports Q1 FY2024 corporate priorities across supply chain resilience, capital allocation, engineering advancement, and regulatory compliance'.",Design Modular Interconnect Architecture for Mac Studio M3 Ultra Silicon,Develop UltraFusion ultra-high-density packaging interconnects to bridge two M3 Max dies into a unified 32-core CPU and 80-core GPU M3 Ultra flagship processor.,Design M3 Ultra interconnect,expand,Intended to power upcoming 2024 Mac Studio and Mac Pro desktop workstations to maintain performance leadership over AMD Threadripper workstation processors.,"[{""name"": ""Mac Net Sales"", ""value"": ""7,780"", ""unit"": ""million USD"", ""observed_on"": ""2024-02-01""}]",R&D,reported,"{rd,expand}",R&D;Operations,R&D encountered unexpected thermal interconnect micro-cracking and signal degradation across the UltraFusion die bridge under sustained workstation computational loads; Engineering paused release to redesign the bridge packaging.
AAPL-2024Q1-0111,Apple Inc.,2024-02-01,quarterly_filings/2024_Q1.pdf,https://www.sec.gov/ix?doc=/Archives/edgar/data/0000320193/000032019324000069/aapl-20231230.htm,Item 2. MD&A - Services,"Disclosure Context (2024_Q1): Trigger: 'Apple Q1 FY2024 10-Q (filed February 1, 2024) discloses the operational, financial, and compliance context for R&D decisions'. Management Action: 'Deploy Metal 3 Hardware-Accelerated Ray Tracing Shaders for AAA Gaming Ports'. Scope: 'Authorized and documented in Item 2. MD&A - Services'. Rationale: 'Supports Q1 FY2024 corporate priorities across supply chain resilience, capital allocation, engineering advancement, and regulatory compliance'.",Deploy Metal 3 Hardware-Accelerated Ray Tracing Shaders for AAA Gaming Ports,Optimize the Metal 3 compiler to fully leverage the hardware-accelerated ray tracing and mesh shading units in the A17 Pro and M3 graphics processors for ported console game titles.,Optimize Metal 3 ray tracing shaders,expand,"Enables leading game publishers (Capcom, Ubisoft, Kojima Productions) to release native AAA titles like Resident Evil 4 and Death Stranding on iPhone 15 Pro and Mac.","[{""name"": ""iPhone Net Sales"", ""value"": ""69,702"", ""unit"": ""million USD"", ""observed_on"": ""2024-02-01""}]",R&D,reported,"{rd,expand}",R&D;Operations,R&D delivered stable 30fps ray-traced rendering on handheld silicon; Operations coordinated promotional marketing bundles on the App Store.
AAPL-2024Q1-0112,Apple Inc.,2024-02-01,quarterly_filings/2024_Q1.pdf,https://www.sec.gov/ix?doc=/Archives/edgar/data/0000320193/000032019324000069/aapl-20231230.htm,Item 2. MD&A - R&D Activities,"Disclosure Context (2024_Q1): Trigger: 'Apple Q1 FY2024 10-Q (filed February 1, 2024) discloses the operational, financial, and compliance context for R&D decisions'. Management Action: 'Finalize Swift 6 Complete Concurrency Safety Memory Checking Model'. Scope: 'Authorized and documented in Item 2. MD&A - R&D Activities'. Rationale: 'Supports Q1 FY2024 corporate priorities across supply chain resilience, capital allocation, engineering advancement, and regulatory compliance'.",Finalize Swift 6 Complete Concurrency Safety Memory Checking Model,"Implement compile-time data race safety checks and Sendable protocol enforcement in the Swift 6 compiler, eliminating concurrent mutation bugs in system applications.",Finalize Swift 6 concurrency safety,expand,"Guarantees that multithreaded code across iOS and macOS is memory-safe at compile time, eliminating an entire category of difficult-to-reproduce thread concurrency crashes.","[{""name"": ""R&D Expense"", ""value"": ""7,696"", ""unit"": ""million USD"", ""observed_on"": ""2024-02-01""}]",R&D,reported,"{rd,expand}",R&D;Legal,R&D completed language design reviews; Developer Relations created detailed migration guides to assist third-party developers in adopting strict concurrency checks.
AAPL-2024Q1-0113,Apple Inc.,2024-02-01,quarterly_filings/2024_Q1.pdf,https://www.sec.gov/ix?doc=/Archives/edgar/data/0000320193/000032019324000069/aapl-20231230.htm,"Item 2. MD&A - Wearables, Home and Accessories","Disclosure Context (2024_Q1): Trigger: 'Apple Q1 FY2024 10-Q (filed February 1, 2024) discloses the operational, financial, and compliance context for R&D decisions'. Management Action: 'Formulate Bio-Based Synthetic Leather Alternative to Replace FineWoven Fabric'. Scope: 'Authorized and documented in Item 2. MD&A - Wearables, Home and Accessories'. Rationale: 'Supports Q1 FY2024 corporate priorities across supply chain resilience, capital allocation, engineering advancement, and regulatory compliance'.",Formulate Bio-Based Synthetic Leather Alternative to Replace FineWoven Fabric,"Initiate emergency chemical engineering R&D with European biomaterial laboratories to formulate an environmentally sustainable, scratch-resistant vegan leather alternative for premium accessory lines.",Formulate alternative vegan leather,investigate,"Aims to replace fragile FineWoven textile cases with a durable, stain-resistant, and premium-feeling bio-polymer before the iPhone 16 product launch.","[{""name"": ""Wearables Net Sales"", ""value"": ""11,953"", ""unit"": ""million USD"", ""observed_on"": ""2024-02-01""}]",R&D,reported,"{rd,investigate}",R&D;Operations,R&D evaluated mycelium and bio-polyurethane composites; Laboratory salt-fog and abrasion tests revealed premature edge delamination after only 300 abrasion cycles; Formulation failed accelerated durability testing.
AAPL-2024Q1-0114,Apple Inc.,2024-02-01,quarterly_filings/2024_Q1.pdf,https://www.sec.gov/ix?doc=/Archives/edgar/data/0000320193/000032019324000069/aapl-20231230.htm,Item 2. MD&A - Services,"Disclosure Context (2024_Q1): Trigger: 'Apple Q1 FY2024 10-Q (filed February 1, 2024) discloses the operational, financial, and compliance context for R&D decisions'. Management Action: 'Scale Cloud Key Vault Hardware Security Module (HSM) Architecture for Advanced Data Protection'. Scope: 'Authorized and documented in Item 2. MD&A - Services'. Rationale: 'Supports Q1 FY2024 corporate priorities across supply chain resilience, capital allocation, engineering advancement, and regulatory compliance'.",Scale Cloud Key Vault Hardware Security Module (HSM) Architecture for Advanced Data Protection,Deploy second-generation dedicated Hardware Security Modules (HSMs) across iCloud data centers to anchor cryptographic recovery keys for users enabling Advanced Data Protection.,Deploy cloud security HSMs,expand,"Guarantees that user end-to-end encrypted iCloud backups can never be accessed or decrypted by Apple or law enforcement agencies, even in the event of a total server breach.","[{""name"": ""Installed Base"", ""value"": ""2.2"", ""unit"": ""billion"", ""observed_on"": ""2024-02-01""}]",R&D,reported,"{rd,expand}",Legal;R&D,"R&D designed cryptographic proof verification; Legal confirmed that end-to-end encryption complied with international data privacy statutes, rejecting foreign government backdoor requests."
AAPL-2024Q1-0115,Apple Inc.,2024-02-01,quarterly_filings/2024_Q1.pdf,https://www.sec.gov/ix?doc=/Archives/edgar/data/0000320193/000032019324000069/aapl-20231230.htm,Item 2. MD&A - iPad Category Performance,"Disclosure Context (2024_Q1): Trigger: 'Apple Q1 FY2024 10-Q (filed February 1, 2024) discloses the operational, financial, and compliance context for R&D decisions'. Management Action: 'Tune ProMotion Adaptive Refresh Dynamic Power Governors for iPad Displays'. Scope: 'Authorized and documented in Item 2. MD&A - iPad Category Performance'. Rationale: 'Supports Q1 FY2024 corporate priorities across supply chain resilience, capital allocation, engineering advancement, and regulatory compliance'.",Tune ProMotion Adaptive Refresh Dynamic Power Governors for iPad Displays,Refine display driver firmware on M-series iPad Pro models to dynamically adjust refresh rates between 10Hz and 120Hz based on stylus velocity and static reading detection.,Tune ProMotion refresh governor,revise,"Lowers display controller power consumption by 14% during prolonged document viewing and ebook reading, extending real-world battery endurance.","[{""name"": ""iPad Net Sales"", ""value"": ""7,023"", ""unit"": ""million USD"", ""observed_on"": ""2024-02-01""}]",R&D,reported,"{rd,revise}",R&D;Operations,R&D proved that dropping to 10Hz on static text saved 1.2W of display power; Operations verified zero visual flicker during abrupt touch transitions.
AAPL-2024Q1-0116,Apple Inc.,2024-02-01,quarterly_filings/2024_Q1.pdf,https://www.sec.gov/ix?doc=/Archives/edgar/data/0000320193/000032019324000069/aapl-20231230.htm,Item 2. MD&A - Operations,"Disclosure Context (2024_Q1): Trigger: 'Apple Q1 FY2024 10-Q (filed February 1, 2024) discloses the operational, financial, and compliance context for R&D decisions'. Management Action: 'Investigate 3D Titanium Laser Powder Bed Fusion for Apple Watch Chassis Tooling'. Scope: 'Authorized and documented in Item 2. MD&A - Operations'. Rationale: 'Supports Q1 FY2024 corporate priorities across supply chain resilience, capital allocation, engineering advancement, and regulatory compliance'.",Investigate 3D Titanium Laser Powder Bed Fusion for Apple Watch Chassis Tooling,Commission an advanced research pilot with BLT (Bright Laser Technologies) evaluating 3D laser powder bed additive manufacturing for Apple Watch Ultra titanium structural housings.,Evaluate 3D titanium printing,investigate,Aims to reduce raw material scrap rates by 80% compared to traditional CNC subtractive milling and drastically shorten production tooling lead times.,"[{""name"": ""R&D Expense"", ""value"": ""7,696"", ""unit"": ""million USD"", ""observed_on"": ""2024-02-01""}]",R&D,reported,"{rd,investigate}",R&D;Operations,"R&D praised the material utilization efficiency; Operations discovered that thermal post-processing and surface bead-blasting cycle times took over 45 minutes per watch case, making mass production scaling unviable; Pilot terminated."
AAPL-2024Q1-0117,Apple Inc.,2024-02-01,quarterly_filings/2024_Q1.pdf,https://www.sec.gov/ix?doc=/Archives/edgar/data/0000320193/000032019324000069/aapl-20231230.htm,Item 2. MD&A - R&D Activities,"Disclosure Context (2024_Q1): Trigger: 'Apple Q1 FY2024 10-Q (filed February 1, 2024) discloses the operational, financial, and compliance context for R&D decisions'. Management Action: 'Develop Non-Invasive Optical Continuous Glucose Monitoring Prototype'. Scope: 'Authorized and documented in Item 2. MD&A - R&D Activities'. Rationale: 'Supports Q1 FY2024 corporate priorities across supply chain resilience, capital allocation, engineering advancement, and regulatory compliance'.",Develop Non-Invasive Optical Continuous Glucose Monitoring Prototype,Conduct prototype human trials of a short-wave infrared absorption spectroscopy sensor module designed to estimate blood glucose levels through interstitial fluid optical skin reflectance.,Prototype non-invasive glucose sensor,investigate,Aims to achieve a breakthrough non-invasive diabetic health monitoring feature for future Apple Watch hardware generations.,"[{""name"": ""R&D Expense"", ""value"": ""7,696"", ""unit"": ""million USD"", ""observed_on"": ""2024-02-01""}]",R&D,reported,"{rd,investigate}",Legal;R&D,"R&D made progress on photonics chips; Clinical trials revealed that skin tone variability, perspiration, and wrist tissue thickness caused mean absolute relative difference (MARD) errors exceeding 18%, far outside FDA clinical standards; Program redirected."
AAPL-2024Q1-0118,Apple Inc.,2024-02-01,quarterly_filings/2024_Q1.pdf,https://www.sec.gov/ix?doc=/Archives/edgar/data/0000320193/000032019324000069/aapl-20231230.htm,Item 2. MD&A - Services,"Disclosure Context (2024_Q1): Trigger: 'Apple Q1 FY2024 10-Q (filed February 1, 2024) discloses the operational, financial, and compliance context for R&D decisions'. Management Action: 'Optimize Core ML Execution Provider for Quantized Generative Transformer Weights'. Scope: 'Authorized and documented in Item 2. MD&A - Services'. Rationale: 'Supports Q1 FY2024 corporate priorities across supply chain resilience, capital allocation, engineering advancement, and regulatory compliance'.",Optimize Core ML Execution Provider for Quantized Generative Transformer Weights,"Update the Core ML runtime compiler in iOS 17.4 to leverage fused matrix-multiplication kernels on Apple Neural Engine, accelerating transformer token generation speeds by 40%.",Optimize Core ML transformer kernels,expand,"Enables third-party machine learning developers (Hugging Face, Runware) to deploy high-throughput local generative AI models on Apple devices.","[{""name"": ""Active Devices"", ""value"": ""2.2"", ""unit"": ""billion"", ""observed_on"": ""2024-02-01""}]",R&D,reported,"{rd,expand}",R&D;Operations,R&D achieved token generation rates exceeding 25 tokens/sec for 3B parameter models on iPhone 15 Pro; Developers praised the native framework speed.
AAPL-2024Q1-0119,Apple Inc.,2024-02-01,quarterly_filings/2024_Q1.pdf,https://www.sec.gov/ix?doc=/Archives/edgar/data/0000320193/000032019324000069/aapl-20231230.htm,Item 2. MD&A - Products Performance,"Disclosure Context (2024_Q1): Trigger: 'Apple Q1 FY2024 10-Q (filed February 1, 2024) discloses the operational, financial, and compliance context for R&D decisions'. Management Action: 'Architect MV-HEVC Multiview Stereoscopic Spatial Video Encoding Pipeline'. Scope: 'Authorized and documented in Item 2. MD&A - Products Performance'. Rationale: 'Supports Q1 FY2024 corporate priorities across supply chain resilience, capital allocation, engineering advancement, and regulatory compliance'.",Architect MV-HEVC Multiview Stereoscopic Spatial Video Encoding Pipeline,"Finalize system-level encoding pipelines for MV-HEVC (Multiview High Efficiency Video Coding) across iPhone 15 Pro main and ultra-wide camera sensors, capturing 1080p 30fps stereoscopic video.",Architect spatial video encoding,expand,Empowers hundreds of millions of iPhone users to record personal 3D spatial memories for playback on the upcoming Apple Vision Pro spatial computing platform.,"[{""name"": ""iPhone Sales"", ""value"": ""69,702"", ""unit"": ""million USD"", ""observed_on"": ""2024-02-01""}]",R&D,reported,"{rd,expand}",R&D;Operations,R&D resolved camera sensor micro-parallax calibration in real-time; Operations confirmed smooth video file synchronization via iCloud.
AAPL-2024Q1-0120,Apple Inc.,2024-02-01,quarterly_filings/2024_Q1.pdf,https://www.sec.gov/ix?doc=/Archives/edgar/data/0000320193/000032019324000069/aapl-20231230.htm,Item 2. MD&A - Operating Activities,"Disclosure Context (2024_Q1): Trigger: 'Apple Q1 FY2024 10-Q (filed February 1, 2024) discloses the operational, financial, and compliance context for R&D decisions'. Management Action: 'Deploy Adaptive Battery Health Charging Management Engine for iPhone 15'. Scope: 'Authorized and documented in Item 2. MD&A - Operating Activities'. Rationale: 'Supports Q1 FY2024 corporate priorities across supply chain resilience, capital allocation, engineering advancement, and regulatory compliance'.",Deploy Adaptive Battery Health Charging Management Engine for iPhone 15,"Introduce an algorithmic charging protection setting allowing users to permanently cap maximum battery charge state at 80%, reducing chemical anode degradation during overnight charging.",Deploy 80% charge limit setting,expand,Extends lithium-ion battery operational lifespan and lowers long-term customer battery replacement warranty claims.,"[{""name"": ""Installed Base"", ""value"": ""2.2"", ""unit"": ""billion"", ""observed_on"": ""2024-02-01""}]",R&D,reported,"{rd,expand}",Operations;R&D,R&D verified that the 80% charge ceiling reduced battery capacity degradation by 35% over 500 charge cycles; Operations integrated the setting into iOS 17 settings.
AAPL-2024Q1-0121,Apple Inc.,2024-02-01,quarterly_filings/2024_Q1.pdf,https://www.sec.gov/ix?doc=/Archives/edgar/data/0000320193/000032019324000069/aapl-20231230.htm,"Item 2. MD&A - Wearables, Home and Accessories","Disclosure Context (2024_Q1): Trigger: 'Apple Q1 FY2024 10-Q (filed February 1, 2024) discloses the operational, financial, and compliance context for R&D decisions'. Management Action: 'Integrate Qi2 Wireless Inductive Charging Interoperability Profile in iOS 17.2'. Scope: 'Authorized and documented in Item 2. MD&A - Wearables, Home and Accessories'. Rationale: 'Supports Q1 FY2024 corporate priorities across supply chain resilience, capital allocation, engineering advancement, and regulatory compliance'.",Integrate Qi2 Wireless Inductive Charging Interoperability Profile in iOS 17.2,"Finalize firmware compatibility protocols in iOS allowing certified third-party Qi2 wireless charging pads to charge iPhone 13, 14, and 15 devices at full 15W speeds without proprietary MagSafe licensing modules.",Integrate Qi2 wireless charging,approve,Accelerates consumer adoption of high-speed magnetic wireless charging by standardizing Apple's MagSafe technology across the global Wireless Power Consortium (WPC) standard.,"[{""name"": ""Accessories Sales"", ""value"": ""11,953"", ""unit"": ""million USD"", ""observed_on"": ""2024-02-01""}]",R&D,reported,"{rd,approve}",R&D;Legal,R&D confirmed inductive magnetic alignment safety; Legal ensured that Apple's essential patents were contributed to the WPC standard with royalty-free licensing.
AAPL-2024Q1-0122,Apple Inc.,2024-02-01,quarterly_filings/2024_Q1.pdf,https://www.sec.gov/ix?doc=/Archives/edgar/data/0000320193/000032019324000069/aapl-20231230.htm,Item 2. MD&A - R&D Activities,"Disclosure Context (2024_Q1): Trigger: 'Apple Q1 FY2024 10-Q (filed February 1, 2024) discloses the operational, financial, and compliance context for R&D decisions'. Management Action: 'Evaluate Under-Display Ultrasonic Touch ID Sensor Prototype for iPhone'. Scope: 'Authorized and documented in Item 2. MD&A - R&D Activities'. Rationale: 'Supports Q1 FY2024 corporate priorities across supply chain resilience, capital allocation, engineering advancement, and regulatory compliance'.",Evaluate Under-Display Ultrasonic Touch ID Sensor Prototype for iPhone,Conduct feasibility testing on an ultra-thin under-display ultrasonic fingerprint sensor prototype integrated beneath flexible OLED panels for prospective budget and flagship smartphone hardware.,Evaluate under-display Touch ID,investigate,"Evaluates whether biometrics can supplement Face ID for users wearing surgical masks, sunglasses, or operating in angled desktop scenarios.","[{""name"": ""R&D Expense"", ""value"": ""7,696"", ""unit"": ""million USD"", ""observed_on"": ""2024-02-01""}]",R&D,reported,"{rd,investigate}",R&D;Operations,R&D discovered that acoustic attenuation through the thicker Ceramic Shield glass layer caused unacceptable 350ms verification latency; Operations confirmed Face ID with mask support made Touch ID redundant; Project shuttered.
AAPL-2024Q1-0123,Apple Inc.,2024-02-01,quarterly_filings/2024_Q1.pdf,https://www.sec.gov/ix?doc=/Archives/edgar/data/0000320193/000032019324000069/aapl-20231230.htm,Item 2. MD&A - Services,"Disclosure Context (2024_Q1): Trigger: 'Apple Q1 FY2024 10-Q (filed February 1, 2024) discloses the operational, financial, and compliance context for R&D decisions'. Management Action: 'Scale Xcode Cloud Automated Unit Testing on M2 Max Hosted Infrastructure'. Scope: 'Authorized and documented in Item 2. MD&A - Services'. Rationale: 'Supports Q1 FY2024 corporate priorities across supply chain resilience, capital allocation, engineering advancement, and regulatory compliance'.",Scale Xcode Cloud Automated Unit Testing on M2 Max Hosted Infrastructure,"Expand Apple's hosted continuous integration infrastructure for Xcode Cloud, migrating backend build runners from legacy Intel server clusters to high-throughput M2 Max and M2 Ultra clusters.",Migrate Xcode Cloud to Apple Silicon,expand,"Reduces automated build and unit test execution times by 50% for global iOS developers, increasing third-party development velocity.","[{""name"": ""Services Sales"", ""value"": ""23,117"", ""unit"": ""million USD"", ""observed_on"": ""2024-02-01""}]",R&D,reported,"{rd,expand}",R&D;Finance,R&D demonstrated massive power efficiency gains; Finance confirmed that hosted cloud infrastructure migrations lowered data center power bills by $8M annually.
AAPL-2024Q1-0124,Apple Inc.,2024-02-01,quarterly_filings/2024_Q1.pdf,https://www.sec.gov/ix?doc=/Archives/edgar/data/0000320193/000032019324000069/aapl-20231230.htm,Item 2. MD&A - Products Performance,"Disclosure Context (2024_Q1): Trigger: 'Apple Q1 FY2024 10-Q (filed February 1, 2024) discloses the operational, financial, and compliance context for R&D decisions'. Management Action: 'Tune Spatial Audio Predictive Kalman Filter for Head Tracking Latency'. Scope: 'Authorized and documented in Item 2. MD&A - Products Performance'. Rationale: 'Supports Q1 FY2024 corporate priorities across supply chain resilience, capital allocation, engineering advancement, and regulatory compliance'.",Tune Spatial Audio Predictive Kalman Filter for Head Tracking Latency,"Refine inertial measurement unit (IMU) sensor fusion algorithms in AirPods Pro and Vision Pro, utilizing predictive Kalman filtering to reduce dynamic head tracking acoustic latency to sub-10ms.",Tune spatial head tracking filter,revise,"Eliminates subtle acoustic phasing artifacts during rapid head movements, anchoring spatial audio soundscapes immovably in physical space.","[{""name"": ""R&D Expense"", ""value"": ""7,696"", ""unit"": ""million USD"", ""observed_on"": ""2024-02-01""}]",R&D,reported,"{rd,revise}",R&D;Operations,"R&D achieved zero perceptible acoustic drift; Operations validated the firmware across 100,000 production earbud pairs."
AAPL-2024Q1-0125,Apple Inc.,2024-02-01,quarterly_filings/2024_Q1.pdf,https://www.sec.gov/ix?doc=/Archives/edgar/data/0000320193/000032019324000069/aapl-20231230.htm,Item 2. MD&A - Services,"Disclosure Context (2024_Q1): Trigger: 'Apple Q1 FY2024 10-Q (filed February 1, 2024) discloses the operational, financial, and compliance context for R&D decisions'. Management Action: 'Accelerate Final Cut Pro Neural Engine Object Tracking on M-Series iPad'. Scope: 'Authorized and documented in Item 2. MD&A - Services'. Rationale: 'Supports Q1 FY2024 corporate priorities across supply chain resilience, capital allocation, engineering advancement, and regulatory compliance'.",Accelerate Final Cut Pro Neural Engine Object Tracking on M-Series iPad,"Deploy customized machine learning inference kernels in Final Cut Pro for iPad, utilizing the Apple Neural Engine to track moving subjects and isolate video backgrounds in real-time 4K video.",Accelerate video object tracking,expand,"Positions the iPad Pro as an autonomous professional video production workstation, challenging traditional desktop editing software suites.","[{""name"": ""iPad Sales"", ""value"": ""7,023"", ""unit"": ""million USD"", ""observed_on"": ""2024-02-01""}]",R&D,reported,"{rd,expand}",R&D;Finance,R&D demonstrated 4K 60fps real-time object tracking; Finance verified subscription conversion rates on the App Store; Software update released.
AAPL-2024Q1-0126,Apple Inc.,2024-02-01,quarterly_filings/2024_Q1.pdf,https://www.sec.gov/ix?doc=/Archives/edgar/data/0000320193/000032019324000069/aapl-20231230.htm,Item 2. MD&A - Products Performance,"Disclosure Context (2024_Q1): Trigger: 'Apple Q1 FY2024 10-Q (filed February 1, 2024) discloses the operational, financial, and compliance context for R&D decisions'. Management Action: 'Optimize LiDAR Scanner Spatial Meshing Algorithm for CAD Export'. Scope: 'Authorized and documented in Item 2. MD&A - Products Performance'. Rationale: 'Supports Q1 FY2024 corporate priorities across supply chain resilience, capital allocation, engineering advancement, and regulatory compliance'.",Optimize LiDAR Scanner Spatial Meshing Algorithm for CAD Export,"Implement GPU-accelerated surface reconstruction algorithms in ARKit, converting raw LiDAR point clouds into clean, watertight 3D polygonal meshes for instant export to Autodesk and Blender.",Optimize LiDAR spatial meshing,expand,"Enhances commercial appeal of iPhone 15 Pro and iPad Pro for architecture, engineering, and spatial design professionals.","[{""name"": ""Active Devices"", ""value"": ""2.2"", ""unit"": ""billion"", ""observed_on"": ""2024-02-01""}]",R&D,reported,"{rd,expand}",R&D;Operations,R&D reduced mesh decimation processing time by 60%; Architecture firms praised the sub-millimeter dimensional measurement accuracy.
AAPL-2024Q1-0127,Apple Inc.,2024-02-01,quarterly_filings/2024_Q1.pdf,https://www.sec.gov/ix?doc=/Archives/edgar/data/0000320193/000032019324000069/aapl-20231230.htm,Item 2. MD&A - Products Performance,"Disclosure Context (2024_Q1): Trigger: 'Apple Q1 FY2024 10-Q (filed February 1, 2024) discloses the operational, financial, and compliance context for R&D decisions'. Management Action: 'Evaluate Solid-State Capacitive Action Button Driver for iPhone 16'. Scope: 'Authorized and documented in Item 2. MD&A - Products Performance'. Rationale: 'Supports Q1 FY2024 corporate priorities across supply chain resilience, capital allocation, engineering advancement, and regulatory compliance'.",Evaluate Solid-State Capacitive Action Button Driver for iPhone 16,"Prototype a solid-state, pressure-sensitive haptic button module utilizing localized piezo-electric transducers to replace mechanical volume and action buttons on next-generation iPhone frames.",Prototype solid-state haptic buttons,investigate,"Aims to improve water resistance ratings to IP69, eliminate mechanical switch wear, and offer customizable touch gestures.","[{""name"": ""R&D Expense"", ""value"": ""7,696"", ""unit"": ""million USD"", ""observed_on"": ""2024-02-01""}]",R&D,reported,"{rd,investigate}",R&D;Operations,R&D prototypes encountered unresolved false-triggering issues when devices were gripped in gloves or inside tight pockets; Operations warned that mechanical button suppliers were already tooled; Management canceled solid-state button integration for 2024.
AAPL-2024Q1-0128,Apple Inc.,2024-02-01,quarterly_filings/2024_Q1.pdf,https://www.sec.gov/ix?doc=/Archives/edgar/data/0000320193/000032019324000069/aapl-20231230.htm,Item 2. MD&A - Services,"Disclosure Context (2024_Q1): Trigger: 'Apple Q1 FY2024 10-Q (filed February 1, 2024) discloses the operational, financial, and compliance context for R&D decisions'. Management Action: 'Optimize Satellite Emergency SOS Ground Station Communication Relays'. Scope: 'Authorized and documented in Item 2. MD&A - Services'. Rationale: 'Supports Q1 FY2024 corporate priorities across supply chain resilience, capital allocation, engineering advancement, and regulatory compliance'.",Optimize Satellite Emergency SOS Ground Station Communication Relays,"Refine L-band satellite communication transmission protocols between iPhone 15 modems and Globalstar's satellite constellation, reducing message transit latency from 45 seconds to 15 seconds.",Optimize satellite SOS protocols,expand,Enhances life-saving connectivity for outdoor adventurers in remote wilderness areas devoid of cellular or Wi-Fi coverage.,"[{""name"": ""Installed Base"", ""value"": ""2.2"", ""unit"": ""billion"", ""observed_on"": ""2024-02-01""}]",R&D,reported,"{rd,expand}",Legal;R&D,R&D achieved 3x compression of GPS location vectors; Legal coordinated emergency services dispatch integrations across 16 countries.
AAPL-2024Q1-0129,Apple Inc.,2024-02-01,quarterly_filings/2024_Q1.pdf,https://www.sec.gov/ix?doc=/Archives/edgar/data/0000320193/000032019324000069/aapl-20231230.htm,Item 2. MD&A - Regulatory Matters,"Disclosure Context (2024_Q1): Trigger: 'Apple Q1 FY2024 10-Q (filed February 1, 2024) discloses the operational, financial, and compliance context for Legal decisions'. Management Action: 'Submit EU Digital Markets Act Alternative App Marketplace Compliance Architecture'. Scope: 'Authorized and documented in Item 2. MD&A - Regulatory Matters'. Rationale: 'Supports Q1 FY2024 corporate priorities across supply chain resilience, capital allocation, engineering advancement, and regulatory compliance'.",Submit EU Digital Markets Act Alternative App Marketplace Compliance Architecture,"Submit Apple's official compliance implementation plan to the European Commission under the Digital Markets Act (DMA), introducing alternative app marketplace distribution frameworks, new developer APIs, and an updated app installation notarization security protocol for iOS 17.4 across all 27 EU member states.",Submit DMA compliance plan,revise,"Ensures formal statutory compliance with DMA Article 6(4) opening gatekeeper platforms to third-party app stores prior to the mandatory March 6, 2024 enforcement deadline, shielding Apple from statutory non-compliance fines of up to 10% of global annual turnover.","[{""name"": ""DMA Statutory Deadline"", ""value"": ""2024-03-06"", ""unit"": ""date"", ""observed_on"": ""2024-02-01""}, {""name"": ""EU Member States"", ""value"": ""27"", ""unit"": ""jurisdictions"", ""observed_on"": ""2024-02-01""}]",Legal,reported,"{legal,revise}",R&D;Finance,Legal prioritized insulating Apple from catastrophic turnover fines under EU regulation; R&D raised severe warnings that notarization and external marketplace APIs could introduce malware vectors and degrade iOS sandbox isolation; Finance expressed deep concern over potential erosion of European App Store gross commission revenue; Executive management approved the architecture with strict cryptographic developer vetting.
AAPL-2024Q1-0130,Apple Inc.,2024-02-01,quarterly_filings/2024_Q1.pdf,https://www.sec.gov/ix?doc=/Archives/edgar/data/0000320193/000032019324000069/aapl-20231230.htm,Note 8 – Commitments and Contingencies,"Disclosure Context (2024_Q1): Trigger: 'Apple Q1 FY2024 10-Q (filed February 1, 2024) discloses the operational, financial, and compliance context for Legal decisions'. Management Action: 'Establish 0.50 EUR Core Technology Fee Structure for EU Third-Party Distribution'. Scope: 'Authorized and documented in Note 8 – Commitments and Contingencies'. Rationale: 'Supports Q1 FY2024 corporate priorities across supply chain resilience, capital allocation, engineering advancement, and regulatory compliance'.",Establish 0.50 EUR Core Technology Fee Structure for EU Third-Party Distribution,"Establish a business terms schedule for EU developers adopting alternative distribution terms, assessing a 0.50 euro Core Technology Fee (CTF) for each first annual app installation exceeding a 1 million threshold, while reducing standard App Store commission rates from 30% to 17% (and 15% to 10%).",Establish Core Technology Fee,revise,"Monetizes Apple's proprietary developer tooling, SDKs, and platform IP investments when developers elect to distribute outside the native App Store, establishing an economic baseline for high-volume free apps.","[{""name"": ""Core Technology Fee"", ""value"": ""0.50"", ""unit"": ""EUR per install"", ""observed_on"": ""2024-02-01""}, {""name"": ""Free Install Threshold"", ""value"": ""1,000,000"", ""unit"": ""installs"", ""observed_on"": ""2024-02-01""}]",Legal,reported,"{legal,revise}",Finance;Operations,Finance engineered the CTF to prevent multi-hundred million euro revenue losses from dominant free-to-play apps like Meta and Spotify shifting to external distribution; Legal warned that the fee structure would invite aggressive regulatory pushback under DMA fair-access rules; Marketing feared reputational backlash among independent software vendors; Executive leadership approved the 0.50 EUR rate as essential platform remuneration.
AAPL-2024Q1-0131,Apple Inc.,2024-02-01,quarterly_filings/2024_Q1.pdf,https://www.sec.gov/ix?doc=/Archives/edgar/data/0000320193/000032019324000069/aapl-20231230.htm,Note 8 – Commitments and Contingencies,"Disclosure Context (2024_Q1): Trigger: 'Apple Q1 FY2024 10-Q (filed February 1, 2024) discloses the operational, financial, and compliance context for Legal decisions'. Management Action: 'Offer Binding Commitments to Open NFC Secure Element Access in the European Economic Area'. Scope: 'Authorized and documented in Note 8 – Commitments and Contingencies'. Rationale: 'Supports Q1 FY2024 corporate priorities across supply chain resilience, capital allocation, engineering advancement, and regulatory compliance'.",Offer Binding Commitments to Open NFC Secure Element Access in the European Economic Area,"Submit formal behavioral commitments to the European Commission Directorate-General for Competition, offering third-party mobile wallet and payment service providers direct access to the iPhone Near Field Communication (NFC) chip and Secure Element via Host Card Emulation (HCE) APIs without requiring Apple Pay or Apple Wallet.",Offer binding NFC commitments,revise,"Resolves long-running European Commission antitrust case AT.40452 regarding Apple Pay exclusivity, eliminating the imminent threat of a multi-billion euro fine while avoiding formal finding of infringement.","[{""name"": ""Commitment Duration"", ""value"": ""10"", ""unit"": ""years"", ""observed_on"": ""2024-02-01""}, {""name"": ""Territorial Scope"", ""value"": ""30"", ""unit"": ""EEA countries"", ""observed_on"": ""2024-02-01""}]",Legal,reported,"{legal,revise}",Finance;R&D,Finance opposed relinquishing Apple Pay's interchange transaction revenue stream in Europe; R&D objected that bypassing the Secure Enclave processor increased biometric attack surfaces during contactless point-of-sale transactions; Legal demonstrated that a binding 10-year settlement was the only mechanism to avert a formal Article 102 abuse of dominance fine; Executive management directed engineering to build the HCE bridge.
AAPL-2024Q1-0132,Apple Inc.,2024-02-01,quarterly_filings/2024_Q1.pdf,https://www.sec.gov/ix?doc=/Archives/edgar/data/0000320193/000032019324000069/aapl-20231230.htm,Item 2. MD&A - Regulatory Matters,"Disclosure Context (2024_Q1): Trigger: 'Apple Q1 FY2024 10-Q (filed February 1, 2024) discloses the operational, financial, and compliance context for Legal decisions'. Management Action: 'Deploy WebKit Engine Alternative Architecture and Entitlements for EU Browsers'. Scope: 'Authorized and documented in Item 2. MD&A - Regulatory Matters'. Rationale: 'Supports Q1 FY2024 corporate priorities across supply chain resilience, capital allocation, engineering advancement, and regulatory compliance'.",Deploy WebKit Engine Alternative Architecture and Entitlements for EU Browsers,Introduce dedicated developer entitlement contracts and security sandboxing requirements permitting third-party web browser developers to deploy non-WebKit rendering engines (such as Google Blink and Mozilla Gecko) on iOS devices operating within the European Union.,Permit non-WebKit engines,expand,"Satisfies DMA mandate prohibiting gatekeepers from compelling third-party web browsers to utilize the host operating system's proprietary browser engine, ensuring full compliance with Article 5(7).","[{""name"": ""Target iOS Release"", ""value"": ""17.4"", ""unit"": ""version"", ""observed_on"": ""2024-02-01""}]",Legal,reported,"{legal,expand}",R&D;Operations,R&D argued that allowing JIT compilation on non-WebKit browser engines undermined iOS zero-day memory exploit defenses and increased device power consumption; Legal maintained that the DMA statutory language admitted no technical exemptions; Executive leadership mandated rigorous automated security audits for any browser vendor applying for non-WebKit entitlements.
AAPL-2024Q1-0133,Apple Inc.,2024-02-01,quarterly_filings/2024_Q1.pdf,https://www.sec.gov/ix?doc=/Archives/edgar/data/0000320193/000032019324000069/aapl-20231230.htm,Item 2. MD&A - Legal Proceedings,"Disclosure Context (2024_Q1): Trigger: 'Apple Q1 FY2024 10-Q (filed February 1, 2024) discloses the operational, financial, and compliance context for Legal decisions'. Management Action: 'Deploy Mandatory Browser Choice Screen Architecture in European iOS Setup Flow'. Scope: 'Authorized and documented in Item 2. MD&A - Legal Proceedings'. Rationale: 'Supports Q1 FY2024 corporate priorities across supply chain resilience, capital allocation, engineering advancement, and regulatory compliance'.",Deploy Mandatory Browser Choice Screen Architecture in European iOS Setup Flow,"Incorporate an automated, randomized browser choice dialog displaying the top 12 most popular web browsers in each user's member state upon their first launch of Safari in iOS 17.4 within the European Union.",Deploy browser choice screen,expand,"Fulfills affirmative DMA obligation to provide end-users with frictionless choice of default browser, preventing regulatory enforcement actions against Safari distribution dominance.","[{""name"": ""Eligible Browser Options"", ""value"": ""12"", ""unit"": ""browsers"", ""observed_on"": ""2024-02-01""}]",Legal,reported,"{legal,expand}",R&D;Finance,Product teams warned that inserting an unskippable modal browser prompt degraded initial user onboarding satisfaction; Finance worried that default shifts would cannibalize search syndication revenue; Legal affirmed that the European Commission considered the choice screen a non-negotiable benchmark of gatekeeper compliance.
AAPL-2024Q1-0134,Apple Inc.,2024-02-01,quarterly_filings/2024_Q1.pdf,https://www.sec.gov/ix?doc=/Archives/edgar/data/0000320193/000032019324000069/aapl-20231230.htm,Note 8 – Commitments and Contingencies,"Disclosure Context (2024_Q1): Trigger: 'Apple Q1 FY2024 10-Q (filed February 1, 2024) discloses the operational, financial, and compliance context for Legal decisions'. Management Action: 'File Notice of Compliance with Anti-Steering Injunction in Epic Games Litigation'. Scope: 'Authorized and documented in Note 8 – Commitments and Contingencies'. Rationale: 'Supports Q1 FY2024 corporate priorities across supply chain resilience, capital allocation, engineering advancement, and regulatory compliance'.",File Notice of Compliance with Anti-Steering Injunction in Epic Games Litigation,"File a formal notice of compliance with the U.S. District Court for the Northern District of California following the Supreme Court's denial of certiorari, establishing StoreKit External Purchase Link entitlements allowing U.S. developers to link out to external websites while charging a 27% commission fee.",File injunction compliance notice,revise,Implements the federal court's California Unfair Competition Law injunction prohibiting anti-steering rules while asserting Apple's contractual right to charge for its platform intellectual property and user base access.,"[{""name"": ""External Link Commission"", ""value"": ""27"", ""unit"": ""percent"", ""observed_on"": ""2024-02-01""}, {""name"": ""Small Developer Discount"", ""value"": ""12"", ""unit"": ""percent"", ""observed_on"": ""2024-02-01""}]",Legal,reported,"{legal,revise}",Finance;Operations,Finance calculated that lowering the commission below 27% would trigger immediate multi-billion dollar domestic revenue shrinkage across top-grossing gaming titles; Legal warned that Judge Yvonne Gonzalez Rogers might interpret the 27% fee and mandatory disclaimer screens as contemptuous non-compliance; Executive leadership authorized the 27% rate to preserve corporate services gross margins.
AAPL-2024Q1-0135,Apple Inc.,2024-02-01,quarterly_filings/2024_Q1.pdf,https://www.sec.gov/ix?doc=/Archives/edgar/data/0000320193/000032019324000069/aapl-20231230.htm,"Item 2. MD&A - Wearables, Home and Accessories","Disclosure Context (2024_Q1): Trigger: 'Apple Q1 FY2024 10-Q (filed February 1, 2024) discloses the operational, financial, and compliance context for Legal decisions'. Management Action: 'Petition Federal Circuit for Emergency Stay of ITC Exclusion Order on Apple Watch Blood Oxygen'. Scope: 'Authorized and documented in Item 2. MD&A - Wearables, Home and Accessories'. Rationale: 'Supports Q1 FY2024 corporate priorities across supply chain resilience, capital allocation, engineering advancement, and regulatory compliance'.",Petition Federal Circuit for Emergency Stay of ITC Exclusion Order on Apple Watch Blood Oxygen,File emergency petition and substantive appellate briefs with the U.S. Court of Appeals for the Federal Circuit seeking a formal stay pending appeal of the International Trade Commission's limited exclusion order that halted imports of Apple Watch Series 9 and Ultra 2 models.,Petition for appellate stay,investigate,Seeks to preserve continuous retail availability of full-featured Apple Watch hardware in the United States while appellate judges review Masimo patent validity and ITC domestic industry rulings.,"[{""name"": ""ITC Investigation Number"", ""value"": ""337-TA-1270"", ""unit"": ""docket"", ""observed_on"": ""2024-02-01""}]",Legal,reported,"{legal,investigate}",Operations;Finance,Operations emphasized that an import prohibition disrupted over $1.2B in holiday smartwatch channel inventory and supply chains; Legal stressed that the Federal Circuit had granted an interim stay in late December; Finance quantified the revenue exposure of pulling Series 9 and Ultra 2 from retail shelves; Executive team directed emergency round-the-clock litigation efforts.
AAPL-2024Q1-0136,Apple Inc.,2024-02-01,quarterly_filings/2024_Q1.pdf,https://www.sec.gov/ix?doc=/Archives/edgar/data/0000320193/000032019324000069/aapl-20231230.htm,Note 8 – Commitments and Contingencies,"Disclosure Context (2024_Q1): Trigger: 'Apple Q1 FY2024 10-Q (filed February 1, 2024) discloses the operational, financial, and compliance context for Legal decisions'. Management Action: 'Submit Apple Watch Pulse Oximetry Firmware Redesign to U.S. Customs for Exclusion Clearance'. Scope: 'Authorized and documented in Note 8 – Commitments and Contingencies'. Rationale: 'Supports Q1 FY2024 corporate priorities across supply chain resilience, capital allocation, engineering advancement, and regulatory compliance'.",Submit Apple Watch Pulse Oximetry Firmware Redesign to U.S. Customs for Exclusion Clearance,"Submit a technical redesign dossier and modified firmware build for Apple Watch Series 9 and Ultra 2 to U.S. Customs and Border Protection's Exclusion Order Enforcement Branch (EOEB), demonstrating that software-deactivated pulse oximetry models do not infringe Masimo's patents.",Submit customs redesign clearance,revise,Secures legal authority to resume domestic imports and nationwide retail sales of Apple Watch hardware without violating the ITC exclusion order.,"[{""name"": ""Redesigned Models"", ""value"": ""Series 9, Ultra 2"", ""unit"": ""devices"", ""observed_on"": ""2024-02-01""}]",Legal,reported,"{legal,revise}",R&D;Operations,R&D engineered the firmware modification to permanently disable pulse oximetry algorithms on newly paired US watches without altering physical sensor hardware; Legal prepared expedited legal briefs under 19 C.F.R. Part 177; Operations pre-positioned warehouse inventories for immediate release upon approval.
AAPL-2024Q1-0137,Apple Inc.,2024-02-01,quarterly_filings/2024_Q1.pdf,https://www.sec.gov/ix?doc=/Archives/edgar/data/0000320193/000032019324000069/aapl-20231230.htm,Item 2. MD&A - Regulatory Matters,"Disclosure Context (2024_Q1): Trigger: 'Apple Q1 FY2024 10-Q (filed February 1, 2024) discloses the operational, financial, and compliance context for Legal decisions'. Management Action: 'Present Executive and Economic Proffer Defense to Department of Justice Antitrust Leadership'. Scope: 'Authorized and documented in Item 2. MD&A - Regulatory Matters'. Rationale: 'Supports Q1 FY2024 corporate priorities across supply chain resilience, capital allocation, engineering advancement, and regulatory compliance'.",Present Executive and Economic Proffer Defense to Department of Justice Antitrust Leadership,"Conduct comprehensive executive presentation and economic proffer defense meetings with Assistant Attorney General Jonathan Kanter and senior DOJ Antitrust Division staff, seeking to demonstrate that Apple's integrated ecosystem enhances consumer privacy, device security, and market competition.",Present antitrust proffer defense,investigate,"Aims to dissuade the Department of Justice from filing a sweeping civil antitrust lawsuit under Section 2 of the Sherman Act targeting the iOS ecosystem, iMessage, Apple Watch interoperability, and the App Store.","[{""name"": ""DOJ Investigation Focus"", ""value"": ""Sherman Act Section 2"", ""unit"": ""statute"", ""observed_on"": ""2024-02-01""}]",Legal,reported,"{legal,investigate}",Finance;Operations,Legal mobilized top economic experts to demonstrate high cross-platform smartphone switching rates and strong consumer satisfaction; Finance warned of catastrophic enterprise valuation hits and legal defense costs if litigation commenced; Executive management offered modest technical interoperability compromises but refused structural breakups.
AAPL-2024Q1-0138,Apple Inc.,2024-02-01,quarterly_filings/2024_Q1.pdf,https://www.sec.gov/ix?doc=/Archives/edgar/data/0000320193/000032019324000069/aapl-20231230.htm,Note 8 – Commitments and Contingencies,"Disclosure Context (2024_Q1): Trigger: 'Apple Q1 FY2024 10-Q (filed February 1, 2024) discloses the operational, financial, and compliance context for Legal decisions'. Management Action: 'Submit Final Rebuttal and Remedy Proposals in EC Music Streaming Investigation'. Scope: 'Authorized and documented in Note 8 – Commitments and Contingencies'. Rationale: 'Supports Q1 FY2024 corporate priorities across supply chain resilience, capital allocation, engineering advancement, and regulatory compliance'.",Submit Final Rebuttal and Remedy Proposals in EC Music Streaming Investigation,Submit a final comprehensive defense brief and proposed behavioral modifications to the European Commission Directorate-General for Competition regarding Spotify's complaint against App Store anti-steering provisions in the digital music streaming market.,Submit antitrust defense rebuttal,revise,Aims to resolve the European Commission's Statement of Objections and avoid an adverse infringement decision carrying punitive financial penalties under Article 102 TFEU.,"[{""name"": ""Investigation Focus"", ""value"": ""Music Streaming Anti-Steering"", ""unit"": ""case"", ""observed_on"": ""2024-02-01""}]",Legal,reported,"{legal,revise}",Finance;Operations,Legal offered to relax certain anti-steering link restrictions within music apps in the EU; Finance opposed any concessions that could set a precedent for gaming and media subscription fee structures; The European Commission signaled that Apple's proposed behavioral commitments fell far short of remedying anti-competitive harm.
AAPL-2024Q1-0139,Apple Inc.,2024-02-01,quarterly_filings/2024_Q1.pdf,https://www.sec.gov/ix?doc=/Archives/edgar/data/0000320193/000032019324000069/aapl-20231230.htm,Part II. Item 5. Other Information,"Disclosure Context (2024_Q1): Trigger: 'Apple Q1 FY2024 10-Q (filed February 1, 2024) discloses the operational, financial, and compliance context for Legal decisions'. Management Action: 'Overhaul Corporate Insider Trading Policy Under Amended SEC Rule 10b5-1 Standards'. Scope: 'Authorized and documented in Part II. Item 5. Other Information'. Rationale: 'Supports Q1 FY2024 corporate priorities across supply chain resilience, capital allocation, engineering advancement, and regulatory compliance'.",Overhaul Corporate Insider Trading Policy Under Amended SEC Rule 10b5-1 Standards,"Adopt an updated corporate insider trading and equity governance charter incorporating mandatory 90-day cooling-off periods, affirmative good-faith certifications, and prohibition of overlapping trading grids for all Section 16 executive officers and Board directors.",Update insider trading policy,maintain,"Ensures total regulatory compliance with newly effective SEC Item 408 disclosure requirements, protecting corporate leadership from insider trading liability during programmatic stock dispositions.","[{""name"": ""Mandatory Cooling-off"", ""value"": ""90"", ""unit"": ""days"", ""observed_on"": ""2024-02-01""}]",Legal,reported,"{legal,maintain}",Finance;Legal,Legal drafted rigid pre-clearance rules requiring outside counsel verification before any executive trading plan adoption; Finance confirmed the procedures aligned with corporate share repurchase execution parameters; The Board Governance Committee unanimously adopted the revised policy.
AAPL-2024Q1-0140,Apple Inc.,2024-02-01,quarterly_filings/2024_Q1.pdf,https://www.sec.gov/ix?doc=/Archives/edgar/data/0000320193/000032019324000069/aapl-20231230.htm,Item 2. MD&A - Research and Development,"Disclosure Context (2024_Q1): Trigger: 'Apple Q1 FY2024 10-Q (filed February 1, 2024) discloses the operational, financial, and compliance context for Legal decisions'. Management Action: 'Negotiate Multi-Year Generative AI Training Data Licensing Agreements with News Publishers'. Scope: 'Authorized and documented in Item 2. MD&A - Research and Development'. Rationale: 'Supports Q1 FY2024 corporate priorities across supply chain resilience, capital allocation, engineering advancement, and regulatory compliance'.",Negotiate Multi-Year Generative AI Training Data Licensing Agreements with News Publishers,"Structure and negotiate multi-year commercial content licensing agreements with major media organizations—including Condé Nast, NBCUniversal, and IAC—offering multi-year licensing deals totaling upwards of $50M to license archived news and editorial articles for AI model training.",License publisher training data,expand,"Secures high-quality, legally vetted training datasets for Apple's on-device and server-side foundation models while avoiding the copyright infringement litigation confronting peer AI developers.","[{""name"": ""Licensing Budget Allocation"", ""value"": ""50"", ""unit"": ""million USD"", ""observed_on"": ""2024-02-01""}]",Legal,reported,"{legal,expand}",R&D;Finance,"R&D prioritized unencumbered access to millions of diverse, structured editorial articles for linguistic tuning; Finance sought to cap annual licensing payouts per publisher; Legal insisted that full indemnification against copyright and right-of-publicity claims was mandatory before feeding data into training pipelines."
AAPL-2024Q1-0141,Apple Inc.,2024-02-01,quarterly_filings/2024_Q1.pdf,https://www.sec.gov/ix?doc=/Archives/edgar/data/0000320193/000032019324000069/aapl-20231230.htm,Note 8 – Commitments and Contingencies,"Disclosure Context (2024_Q1): Trigger: 'Apple Q1 FY2024 10-Q (filed February 1, 2024) discloses the operational, financial, and compliance context for Legal decisions'. Management Action: 'Defend App Tracking Transparency Framework Against French Competition Authority Scrutiny'. Scope: 'Authorized and documented in Note 8 – Commitments and Contingencies'. Rationale: 'Supports Q1 FY2024 corporate priorities across supply chain resilience, capital allocation, engineering advancement, and regulatory compliance'.",Defend App Tracking Transparency Framework Against French Competition Authority Scrutiny,File comprehensive competition defense briefs with the French Autorité de la Concurrence (ADLC) addressing allegations that the App Tracking Transparency (ATT) framework imposes discriminatory opt-in requirements on third-party ad networks while favoring Apple Search Ads.,Defend ATT regulatory inquiry,investigate,"Seeks to prevent regulatory sanctions, mandatory framework rollbacks, or fines from French competition authorities that could compromise iOS user privacy architecture.","[{""name"": ""Regulatory Agency"", ""value"": ""Autorite de la Concurrence"", ""unit"": ""agency"", ""observed_on"": ""2024-02-01""}]",Legal,reported,"{legal,investigate}",Finance;Operations,Legal argued that ATT applies uniform privacy standards to protect consumers from cross-app tracking without consent; Finance monitored ad revenue exposure across the European App Store; Industry trade groups presented data arguing Apple's proprietary ads enjoyed structural exemptions.
AAPL-2024Q1-0142,Apple Inc.,2024-02-01,quarterly_filings/2024_Q1.pdf,https://www.sec.gov/ix?doc=/Archives/edgar/data/0000320193/000032019324000069/aapl-20231230.htm,Item 2. MD&A - Operations,"Disclosure Context (2024_Q1): Trigger: 'Apple Q1 FY2024 10-Q (filed February 1, 2024) discloses the operational, financial, and compliance context for Legal decisions'. Management Action: 'Harmonize Repair Program Agreements with California Right to Repair Act (SB 244)'. Scope: 'Authorized and documented in Item 2. MD&A - Operations'. Rationale: 'Supports Q1 FY2024 corporate priorities across supply chain resilience, capital allocation, engineering advancement, and regulatory compliance'.",Harmonize Repair Program Agreements with California Right to Repair Act (SB 244),"Revise Apple Authorized Service Provider (AASP) and Independent Repair Provider (IRP) commercial terms, documentation portals, and parts distribution schedules to conform with California Senate Bill 244 ahead of its July 1, 2024 statutory deadline.",Harmonize repair agreements,revise,Preempts statutory enforcement actions by California and other state attorneys general while maintaining authorized diagnostic standards and genuine component integrity across third-party repairers.,"[{""name"": ""Statutory Effective Date"", ""value"": ""2024-07-01"", ""unit"": ""date"", ""observed_on"": ""2024-02-01""}]",Legal,reported,"{legal,revise}",Operations;Finance,"Operations expanded genuine parts distribution catalogs to include display, battery, and camera assemblies for iPhone 15; Legal ensured repair contract terms protected trade secrets while meeting statutory transparency mandates; Finance budgeted $14M for diagnostic software portal upgrades."
AAPL-2024Q1-0143,Apple Inc.,2024-02-01,quarterly_filings/2024_Q1.pdf,https://www.sec.gov/ix?doc=/Archives/edgar/data/0000320193/000032019324000069/aapl-20231230.htm,Note 8 – Commitments and Contingencies,"Disclosure Context (2024_Q1): Trigger: 'Apple Q1 FY2024 10-Q (filed February 1, 2024) discloses the operational, financial, and compliance context for Legal decisions'. Management Action: 'Maintain Multi-Year Global Patent Cross-License Operations with LM Ericsson'. Scope: 'Authorized and documented in Note 8 – Commitments and Contingencies'. Rationale: 'Supports Q1 FY2024 corporate priorities across supply chain resilience, capital allocation, engineering advancement, and regulatory compliance'.",Maintain Multi-Year Global Patent Cross-License Operations with LM Ericsson,"Execute annual royalty accounting reviews and cross-licensing compliance audits under the 2022 multi-year global cellular patent agreement with Telefonaktiebolaget LM Ericsson, covering standard essential 5G patents across Apple's cellular hardware portfolio.",Maintain patent license audit,maintain,"Guarantees freedom to operate for iPhone, Cellular iPad, and Apple Watch models without risk of patent injunctions or exclusionary litigation in key international jurisdictions.","[{""name"": ""Portfolio Scope"", ""value"": ""5G SEPs"", ""unit"": ""patent category"", ""observed_on"": ""2024-02-01""}]",Legal,reported,"{legal,maintain}",Finance;Operations,Finance verified quarterly royalty accruals against international hardware volume reports; Legal ensured reciprocal license protections covered emerging spatial computing cellular accessories; Operations maintained unhindered baseband component imports.
AAPL-2024Q1-0144,Apple Inc.,2024-02-01,quarterly_filings/2024_Q1.pdf,https://www.sec.gov/ix?doc=/Archives/edgar/data/0000320193/000032019324000069/aapl-20231230.htm,Note 8 – Commitments and Contingencies,"Disclosure Context (2024_Q1): Trigger: 'Apple Q1 FY2024 10-Q (filed February 1, 2024) discloses the operational, financial, and compliance context for Legal decisions'. Management Action: 'File FRAND Defense Briefs in Optis Cellular UK High Court Patent Damages Assessment'. Scope: 'Authorized and documented in Note 8 – Commitments and Contingencies'. Rationale: 'Supports Q1 FY2024 corporate priorities across supply chain resilience, capital allocation, engineering advancement, and regulatory compliance'.",File FRAND Defense Briefs in Optis Cellular UK High Court Patent Damages Assessment,"Submit expert economic testimonies and comparable license valuation benchmarks in the High Court of Justice of England and Wales to establish a reasonable global Fair, Reasonable, and Non-Discriminatory (FRAND) annual licensing rate for Optis Cellular's portfolio, capping Apple's UK liability.",Defend FRAND damages trial,investigate,"Rebuts Optis's aggressive demand for over $7 billion in worldwide cumulative patent damages, securing commercially proportionate licensing terms under UK jurisdiction.","[{""name"": ""Disputed Valuation Ceiling"", ""value"": ""7.0"", ""unit"": ""billion USD"", ""observed_on"": ""2024-02-01""}]",Legal,reported,"{legal,investigate}",Finance;Legal,Legal asserted that Optis's portfolio essentiality was drastically overstated and that comparable handset licensing rates supported an annual royalty below $60M; Finance monitored potential escrow bonding requirements ordered by the UK court.
AAPL-2024Q1-0145,Apple Inc.,2024-02-01,quarterly_filings/2024_Q1.pdf,https://www.sec.gov/ix?doc=/Archives/edgar/data/0000320193/000032019324000069/aapl-20231230.htm,Item 2. MD&A - Operations,"Disclosure Context (2024_Q1): Trigger: 'Apple Q1 FY2024 10-Q (filed February 1, 2024) discloses the operational, financial, and compliance context for Legal decisions'. Management Action: 'Conduct Supply Chain Smelter Due Diligence for SEC Rule 13p-1 Conflict Minerals Filing'. Scope: 'Authorized and documented in Item 2. MD&A - Operations'. Rationale: 'Supports Q1 FY2024 corporate priorities across supply chain resilience, capital allocation, engineering advancement, and regulatory compliance'.",Conduct Supply Chain Smelter Due Diligence for SEC Rule 13p-1 Conflict Minerals Filing,"Execute comprehensive legal and operational due diligence across Apple's global supply chain for tin, tantalum, tungsten, and gold (3TG), auditing 100% of participating smelters and refiners against the OECD Due Diligence Guidance framework.",Audit conflict minerals smelters,maintain,"Ensures total compliance with Section 1502 of the Dodd-Frank Act and SEC Rule 13p-1, mitigating legal, operational, and reputational risks associated with armed conflict financing in the DRC region.","[{""name"": ""Smelters Audited"", ""value"": ""250"", ""unit"": ""facilities"", ""observed_on"": ""2024-02-01""}]",Legal,reported,"{legal,maintain}",Operations;Legal,Operations coordinated third-party audits with the Responsible Minerals Initiative (RMI); Legal drafted required disclosures for Form SD; Smelters failing to participate in independent audits were formally notified of impending termination from Apple's approved vendor list.
AAPL-2024Q1-0146,Apple Inc.,2024-02-01,quarterly_filings/2024_Q1.pdf,https://www.sec.gov/ix?doc=/Archives/edgar/data/0000320193/000032019324000069/aapl-20231230.htm,Item 2. MD&A - Operations and Supply Chain,"Disclosure Context (2024_Q1): Trigger: 'Apple Q1 FY2024 10-Q (filed February 1, 2024) discloses the operational, financial, and compliance context for Legal decisions'. Management Action: 'Implement Molecular and Supply Chain Traceability Protocols for UFLPA Compliance'. Scope: 'Authorized and documented in Item 2. MD&A - Operations and Supply Chain'. Rationale: 'Supports Q1 FY2024 corporate priorities across supply chain resilience, capital allocation, engineering advancement, and regulatory compliance'.",Implement Molecular and Supply Chain Traceability Protocols for UFLPA Compliance,"Establish an enhanced molecular testing, raw material mapping, and provenance certification system with Tier-1 and Tier-2 suppliers to document that imported components and raw quartz/aluminum do not originate from restricted regions under the Uyghur Forced Labor Prevention Act.",Deploy UFLPA traceability protocol,expand,"Prevents CBP detentions, withhold release orders (WROs), and regulatory forfeiture of high-volume hardware shipments entering United States ports of entry.","[{""name"": ""Supplier Traceability Audits"", ""value"": ""120"", ""unit"": ""facilities"", ""observed_on"": ""2024-02-01""}]",Legal,reported,"{legal,expand}",Operations;Finance,Operations required suppliers to maintain auditable chain-of-custody documentation down to the ore extraction level; Legal reviewed CBP detention guidelines and established rapid-response evidentiary teams; Finance absorbed $8M in third-party isotopic verification fees.
AAPL-2024Q1-0147,Apple Inc.,2024-02-01,quarterly_filings/2024_Q1.pdf,https://www.sec.gov/ix?doc=/Archives/edgar/data/0000320193/000032019324000069/aapl-20231230.htm,Note 8 – Commitments and Contingencies,"Disclosure Context (2024_Q1): Trigger: 'Apple Q1 FY2024 10-Q (filed February 1, 2024) discloses the operational, financial, and compliance context for Legal decisions'. Management Action: 'File Motion for Summary Judgment in Photos Facial Recognition BIPA Class Action'. Scope: 'Authorized and documented in Note 8 – Commitments and Contingencies'. Rationale: 'Supports Q1 FY2024 corporate priorities across supply chain resilience, capital allocation, engineering advancement, and regulatory compliance'.",File Motion for Summary Judgment in Photos Facial Recognition BIPA Class Action,File motion for summary judgment and supporting technical declarations in the Northern District of California defending against Illinois Biometric Information Privacy Act (BIPA) claims regarding on-device facial categorization and grouping in the iOS Photos app.,File BIPA summary judgment,investigate,"Protects on-device CoreML computer vision algorithms from catastrophic statutory liquidated damages ($1,000 to $5,000 per statutory violation) under state biometric privacy laws.","[{""name"": ""Statutory Damage Threat"", ""value"": ""5,000"", ""unit"": ""USD per willful violation"", ""observed_on"": ""2024-02-01""}]",Legal,reported,"{legal,investigate}",R&D;Legal,R&D provided cryptographic and algorithmic proof demonstrating that all face detection and facial clustering tensors execute locally on the Neural Engine and are never transmitted to Apple servers; Legal framed the defense around lack of possession under BIPA; Executive management refused settlement demands.
AAPL-2024Q1-0148,Apple Inc.,2024-02-01,quarterly_filings/2024_Q1.pdf,https://www.sec.gov/ix?doc=/Archives/edgar/data/0000320193/000032019324000069/aapl-20231230.htm,Item 2. MD&A - Products Performance,"Disclosure Context (2024_Q1): Trigger: 'Apple Q1 FY2024 10-Q (filed February 1, 2024) discloses the operational, financial, and compliance context for Legal decisions'. Management Action: 'Conduct Formal Privacy Architecture Review for Vision Pro Persona and Spatial Video APIs'. Scope: 'Authorized and documented in Item 2. MD&A - Products Performance'. Rationale: 'Supports Q1 FY2024 corporate priorities across supply chain resilience, capital allocation, engineering advancement, and regulatory compliance'.",Conduct Formal Privacy Architecture Review for Vision Pro Persona and Spatial Video APIs,"Perform an exhaustive legal compliance audit of visionOS spatial computing sensory pipelines, ensuring that raw eye-tracking data, 3D environment point clouds, and synthetic Persona generation APIs comply with GDPR Article 9 biometric processing regulations and California CPRA.",Audit visionOS privacy architecture,maintain,"Prevents European and domestic regulatory enforcement actions and consumer privacy lawsuits ahead of the Apple Vision Pro commercial launch on February 2, 2024.","[{""name"": ""Vision Pro Launch Date"", ""value"": ""2024-02-02"", ""unit"": ""date"", ""observed_on"": ""2024-02-01""}]",Legal,reported,"{legal,maintain}",R&D;Operations,R&D engineered hardware-level sandboxing ensuring raw eye-tracking sensor feeds remain isolated inside the Vision Pro Secure Enclave and inaccessible to third-party developers; Legal verified that external spatial recording indicators (front-glass pulsing light) satisfied surveillance laws across 50 states and the EEA.
AAPL-2024Q1-0149,Apple Inc.,2024-02-01,quarterly_filings/2024_Q1.pdf,https://www.sec.gov/ix?doc=/Archives/edgar/data/0000320193/000032019324000069/aapl-20231230.htm,Part II. Item 5. Other Information,"Disclosure Context (2024_Q1): Trigger: 'Apple Q1 FY2024 10-Q (filed February 1, 2024) discloses the operational, financial, and compliance context for Legal decisions'. Management Action: 'Oppose AFL-CIO Shareholder Resolution on Artificial Intelligence Transparency in Proxy Statement'. Scope: 'Authorized and documented in Part II. Item 5. Other Information'. Rationale: 'Supports Q1 FY2024 corporate priorities across supply chain resilience, capital allocation, engineering advancement, and regulatory compliance'.",Oppose AFL-CIO Shareholder Resolution on Artificial Intelligence Transparency in Proxy Statement,"Draft Board of Directors opposition statement and proxy advisory filings for the 2024 Annual Meeting of Shareholders, recommending a vote against an AFL-CIO shareholder proposal requesting an independent public report on Apple's use of AI and ethical operational guidelines.",Oppose AI proxy resolution,maintain,Protects proprietary commercial AI engineering roadmaps and competitive operational secrets while affirming existing corporate ethical AI principles and human rights commitments.,"[{""name"": ""Annual Meeting Date"", ""value"": ""2024-02-28"", ""unit"": ""date"", ""observed_on"": ""2024-02-01""}]",Legal,reported,"{legal,maintain}",Finance;Operations,"Corporate Governance drafted detailed responses highlighting Apple's existing privacy policies and responsible AI oversight committees; Finance engaged proxy advisory firms (ISS, Glass Lewis) to explain the risks of disclosing proprietary model development pipelines; Board supported management's opposition."
AAPL-2024Q1-0150,Apple Inc.,2024-02-01,quarterly_filings/2024_Q1.pdf,https://www.sec.gov/ix?doc=/Archives/edgar/data/0000320193/000032019324000069/aapl-20231230.htm,Note 8 – Commitments and Contingencies,"Disclosure Context (2024_Q1): Trigger: 'Apple Q1 FY2024 10-Q (filed February 1, 2024) discloses the operational, financial, and compliance context for Legal decisions'. Management Action: 'Negotiate FRAND Licensing Agreement with Sisvel Wi-Fi 6E and Wi-Fi 7 Patent Pool'. Scope: 'Authorized and documented in Note 8 – Commitments and Contingencies'. Rationale: 'Supports Q1 FY2024 corporate priorities across supply chain resilience, capital allocation, engineering advancement, and regulatory compliance'.",Negotiate FRAND Licensing Agreement with Sisvel Wi-Fi 6E and Wi-Fi 7 Patent Pool,"Negotiate and execute a definitive, worldwide patent licensing agreement with the Sisvel Wi-Fi patent licensing pool, securing standard-essential licenses for Wi-Fi 6E and Wi-Fi 7 wireless protocols implemented across iPhone, Mac, iPad, and Vision Pro hardware.",Negotiate Wi-Fi patent license,revise,"Eliminates patent infringement risks, preliminary injunction threats in German regional courts, and costly bilateral litigation across European and Asian markets.","[{""name"": ""Wireless Protocols"", ""value"": ""Wi-Fi 6E, Wi-Fi 7"", ""unit"": ""standards"", ""observed_on"": ""2024-02-01""}]",Legal,reported,"{legal,revise}",Finance;Operations,Legal negotiated tiered volume discounts reflecting Apple's enormous purchasing scale; Finance verified that licensing fees were fully accommodated within FY2024 hardware bill-of-materials cost reserves; Operations ensured uninterrupted component shipments.
AAPL-2024Q1-0151,Apple Inc.,2024-02-01,quarterly_filings/2024_Q1.pdf,https://www.sec.gov/ix?doc=/Archives/edgar/data/0000320193/000032019324000069/aapl-20231230.htm,Note 8 – Commitments and Contingencies,"Disclosure Context (2024_Q1): Trigger: 'Apple Q1 FY2024 10-Q (filed February 1, 2024) discloses the operational, financial, and compliance context for Legal decisions'. Management Action: 'Defend Consumer Protection Class Action on FineWoven Accessory Durability Claims'. Scope: 'Authorized and documented in Note 8 – Commitments and Contingencies'. Rationale: 'Supports Q1 FY2024 corporate priorities across supply chain resilience, capital allocation, engineering advancement, and regulatory compliance'.",Defend Consumer Protection Class Action on FineWoven Accessory Durability Claims,"Formulate legal defense strategy and motion to dismiss in California federal court against consolidated consumer fraud and false advertising class action complaints alleging that iPhone 15 FineWoven cases and Apple Watch bands suffer premature fraying, scratching, and peeling.",Defend FineWoven class action,investigate,Aims to dismiss breach of express warranty and unfair trade practice claims regarding Apple's marketed post-consumer recycled micro-twill textile material.,"[{""name"": ""Contested Product Line"", ""value"": ""FineWoven Accessories"", ""unit"": ""SKUs"", ""observed_on"": ""2024-02-01""}]",Legal,reported,"{legal,investigate}",Operations;Marketing,Legal argued that marketing statements emphasizing environmental sustainability did not guarantee scratch resistance against abrasive objects; Operations faced mounting customer return rates in retail stores; Management recognized significant brand erosion and opted to quietly halt new FineWoven production runs.
AAPL-2024Q1-0152,Apple Inc.,2024-02-01,quarterly_filings/2024_Q1.pdf,https://www.sec.gov/ix?doc=/Archives/edgar/data/0000320193/000032019324000069/aapl-20231230.htm,Item 2. MD&A - Regulatory Matters,"Disclosure Context (2024_Q1): Trigger: 'Apple Q1 FY2024 10-Q (filed February 1, 2024) discloses the operational, financial, and compliance context for Legal decisions'. Management Action: 'Submit Formal Objections to German Federal Cartel Office on Section 19a ATT Scrutiny'. Scope: 'Authorized and documented in Item 2. MD&A - Regulatory Matters'. Rationale: 'Supports Q1 FY2024 corporate priorities across supply chain resilience, capital allocation, engineering advancement, and regulatory compliance'.",Submit Formal Objections to German Federal Cartel Office on Section 19a ATT Scrutiny,"Submit technical and antitrust objections to the German Federal Cartel Office (Bundeskartellamt), challenging the authority's preliminary assessment that Apple's App Tracking Transparency framework abuses paramount cross-market significance under Section 19a of the German Competition Act.",Submit Bundeskartellamt objections,investigate,Aims to prevent the German competition regulator from issuing an enforceable administrative order compelling Apple to disable or loosen ATT privacy prompts across Germany.,"[{""name"": ""German Statutory Authority"", ""value"": ""Section 19a GWB"", ""unit"": ""statute"", ""observed_on"": ""2024-02-01""}]",Legal,reported,"{legal,investigate}",Finance;Operations,Legal emphasized that ATT protects consumer fundamental privacy rights under the EU Charter and GDPR; The Bundeskartellamt argued that Apple holds sovereign gatekeeper power over user tracking rules and self-preferences its own ad services; Executive management refused to compromise ATT's core consent prompt.
AAPL-2024Q1-0153,Apple Inc.,2024-02-01,quarterly_filings/2024_Q1.pdf,https://www.sec.gov/ix?doc=/Archives/edgar/data/0000320193/000032019324000069/aapl-20231230.htm,Item 2. MD&A - Operations,"Disclosure Context (2024_Q1): Trigger: 'Apple Q1 FY2024 10-Q (filed February 1, 2024) discloses the operational, financial, and compliance context for Legal decisions'. Management Action: 'Deploy Multi-Jurisdiction Compliance Program for 2024 State Consumer Privacy Acts'. Scope: 'Authorized and documented in Item 2. MD&A - Operations'. Rationale: 'Supports Q1 FY2024 corporate priorities across supply chain resilience, capital allocation, engineering advancement, and regulatory compliance'.",Deploy Multi-Jurisdiction Compliance Program for 2024 State Consumer Privacy Acts,"Update Apple customer terms of service, consumer data request workflows, and automated opt-out signal protocols (including Global Privacy Control) across retail and online systems to comply with comprehensive consumer privacy statutes taking effect in Texas, Oregon, and Montana during 2024.",Deploy state privacy compliance,revise,"Ensures nationwide compliance with evolving state privacy enforcement standards, eliminating exposure to statutory enforcement actions by state attorneys general and civil penalties.","[{""name"": ""New Enacted State Laws"", ""value"": ""7"", ""unit"": ""states"", ""observed_on"": ""2024-02-01""}]",Legal,reported,"{legal,revise}",Operations;Finance,Legal established automated verification workflows for consumer data deletion requests under Texas TDPSA and Oregon OCPA; Operations integrated GPC signal recognition into Safari and online retail gateways; Compliance review completed on schedule.
AAPL-2024Q1-0154,Apple Inc.,2024-02-01,quarterly_filings/2024_Q1.pdf,https://www.sec.gov/ix?doc=/Archives/edgar/data/0000320193/000032019324000069/aapl-20231230.htm,Note 8 – Commitments and Contingencies,"Disclosure Context (2024_Q1): Trigger: 'Apple Q1 FY2024 10-Q (filed February 1, 2024) discloses the operational, financial, and compliance context for Legal decisions'. Management Action: 'File Defense and Jurisdictional Objections in UK CAT £785M App Store Class Action'. Scope: 'Authorized and documented in Note 8 – Commitments and Contingencies'. Rationale: 'Supports Q1 FY2024 corporate priorities across supply chain resilience, capital allocation, engineering advancement, and regulatory compliance'.",File Defense and Jurisdictional Objections in UK CAT £785M App Store Class Action,"File formal defense pleadings and strike-out applications in the UK Competition Appeal Tribunal (CAT) in *Sean Ennis v. Apple Inc.*, challenging the certification of an opt-out collective proceedings order claiming £785 million on behalf of 1,500 UK app developers alleging excessive 30% App Store fees.",Defend UK CAT class action,investigate,Seeks to dismiss or dramatically narrow a massive collective action asserting abuse of dominant market position under Section 47A of the UK Competition Act 1998.,"[{""name"": ""Claim Amount"", ""value"": ""785"", ""unit"": ""million GBP"", ""observed_on"": ""2024-02-01""}, {""name"": ""Class Size"", ""value"": ""1,500"", ""unit"": ""developers"", ""observed_on"": ""2024-02-01""}]",Legal,reported,"{legal,investigate}",Finance;Operations,Legal asserted that UK app developers could not establish territorial jurisdiction for international sales and that commissions reflected valuable platform infrastructure; Finance tracked significant litigation risk reserves; The CAT heard arguments regarding class certification.
AAPL-2024Q1-0155,Apple Inc.,2024-02-01,quarterly_filings/2024_Q1.pdf,https://www.sec.gov/ix?doc=/Archives/edgar/data/0000320193/000032019324000069/aapl-20231230.htm,Item 2. MD&A - Research and Development,"Disclosure Context (2024_Q1): Trigger: 'Apple Q1 FY2024 10-Q (filed February 1, 2024) discloses the operational, financial, and compliance context for Legal decisions'. Management Action: 'Conduct Deemed Export and EAR Compliance Audit for Next-Generation M4/A18 Silicon IP'. Scope: 'Authorized and documented in Item 2. MD&A - Research and Development'. Rationale: 'Supports Q1 FY2024 corporate priorities across supply chain resilience, capital allocation, engineering advancement, and regulatory compliance'.",Conduct Deemed Export and EAR Compliance Audit for Next-Generation M4/A18 Silicon IP,"Execute an internal export control classification and deemed export licensing review under the U.S. Export Administration Regulations (EAR) for cutting-edge 3nm M4 and A18 processor architectures, Neural Engine RTL designs, and compiler toolchains shared with international R&D teams in Israel and Germany.",Audit silicon export compliance,maintain,"Prevents unlawful transfer of controlled semiconductor design IP to foreign nationals, ensuring strict compliance with Bureau of Industry and Security (BIS) export regulations.","[{""name"": ""Semiconductor Process Node"", ""value"": ""3"", ""unit"": ""nanometer"", ""observed_on"": ""2024-02-01""}]",Legal,reported,"{legal,maintain}",R&D;Operations,R&D provided complete microarchitecture block diagrams and encryption accelerator schematics; Legal reviewed technology thresholds under Commerce Control List (CCL) Category 5 and Category 3; Authorized License Exception ENC filings were submitted to BIS.
AAPL-2024Q1-0156,Apple Inc.,2024-02-01,quarterly_filings/2024_Q1.pdf,https://www.sec.gov/ix?doc=/Archives/edgar/data/0000320193/000032019324000069/aapl-20231230.htm,Note 8 – Commitments and Contingencies,"Disclosure Context (2024_Q1): Trigger: 'Apple Q1 FY2024 10-Q (filed February 1, 2024) discloses the operational, financial, and compliance context for Legal decisions'. Management Action: 'Evaluate ASC 450 Litigation Loss Contingency Reserves and Disclosures for Q1 10-Q'. Scope: 'Authorized and documented in Note 8 – Commitments and Contingencies'. Rationale: 'Supports Q1 FY2024 corporate priorities across supply chain resilience, capital allocation, engineering advancement, and regulatory compliance'.",Evaluate ASC 450 Litigation Loss Contingency Reserves and Disclosures for Q1 10-Q,"Conduct quarterly assessment under ASC 450 (Contingencies) with corporate audit committee and independent auditors to determine the necessity of establishing or increasing balance-sheet reserves for pending antitrust actions, patent disputes, and regulatory investigations.",Evaluate ASC 450 litigation reserves,maintain,"Ensures financial statements accurately reflect probable and reasonably estimable loss contingencies in compliance with GAAP and SEC disclosure requirements, avoiding restatements or audit deficiencies.","[{""name"": ""Contingency Assessment Standard"", ""value"": ""ASC 450"", ""unit"": ""accounting standard"", ""observed_on"": ""2024-02-01""}]",Legal,reported,"{legal,maintain}",Finance;Corporate Governance,"Legal reviewed active dockets including Epic Games, Masimo ITC, DOJ antitrust, and European Commission inquiries; Finance confirmed that while certain adverse outcomes were possible, losses were not both probable and reasonably estimable beyond existing reserves; Note 8 disclosures were validated."
AAPL-2024Q1-0157,Apple Inc.,2024-02-01,quarterly_filings/2024_Q1.pdf,https://www.sec.gov/ix?doc=/Archives/edgar/data/0000320193/000032019324000069/aapl-20231230.htm,Item 1. Business - Products,"Disclosure Context (2024_Q1): Trigger: 'Apple Q1 FY2024 10-Q (filed February 1, 2024) discloses the operational, financial, and compliance context for Legal decisions'. Management Action: 'Submit 510(k) Premarket Submissions and De Novo Dossiers to FDA for Sleep Apnea Detection'. Scope: 'Authorized and documented in Item 1. Business - Products'. Rationale: 'Supports Q1 FY2024 corporate priorities across supply chain resilience, capital allocation, engineering advancement, and regulatory compliance'.",Submit 510(k) Premarket Submissions and De Novo Dossiers to FDA for Sleep Apnea Detection,"Prepare and submit comprehensive clinical trial validation datasets, software algorithm verification reports, and risk management documentation to the U.S. FDA Center for Devices and Radiological Health (CDRH) for over-the-counter sleep apnea breathing disturbance notifications.",Submit FDA 510k premarket dossier,expand,"Secures regulatory clearance to commercialize advanced clinical health sensor algorithms on consumer Apple Watch hardware, expanding the medical utility of the wearable ecosystem.","[{""name"": ""Clinical Validation Cohort"", ""value"": ""1,500"", ""unit"": ""participants"", ""observed_on"": ""2024-02-01""}]",Legal,reported,"{legal,expand}",R&D;Operations,R&D conducted rigorous clinical sleep laboratory validation comparing Apple Watch accelerometer breathing disruption metrics against clinical polysomnography; Legal managed CDRH pre-submission meetings to define appropriate De Novo classification predicates; Executive management approved health expansion.
AAPL-2024Q1-0158,Apple Inc.,2024-02-01,quarterly_filings/2024_Q1.pdf,https://www.sec.gov/ix?doc=/Archives/edgar/data/0000320193/000032019324000069/aapl-20231230.htm,Item 2. MD&A - Operations,"Disclosure Context (2024_Q1): Trigger: 'Apple Q1 FY2024 10-Q (filed February 1, 2024) discloses the operational, financial, and compliance context for Legal decisions'. Management Action: 'Direct Global Sub-Tier Supplier Labor and Human Rights Compliance Audits'. Scope: 'Authorized and documented in Item 2. MD&A - Operations'. Rationale: 'Supports Q1 FY2024 corporate priorities across supply chain resilience, capital allocation, engineering advancement, and regulatory compliance'.",Direct Global Sub-Tier Supplier Labor and Human Rights Compliance Audits,"Deploy third-party forensic audit teams across 150 sub-tier material processing and component manufacturing sites in Vietnam, India, and China to verify strict adherence to the Apple Supplier Code of Conduct regarding fair labor standards, working hours, and youth labor prohibition.",Audit sub-tier supplier labor,maintain,"Mitigates supply chain disruption, reputational harm, and regulatory exposure under international forced labor and human rights due diligence legislation.","[{""name"": ""Supplier Facilities Audited"", ""value"": ""150"", ""unit"": ""sites"", ""observed_on"": ""2024-02-01""}]",Legal,reported,"{legal,maintain}",Operations;Finance,Operations established unannounced site inspection schedules and confidential worker interview channels; Legal mandated contractual cure periods and zero-tolerance remediation for core violations; Finance supported supplier remediation training grants.
AAPL-2024Q1-0159,Apple Inc.,2024-02-01,quarterly_filings/2024_Q1.pdf,https://www.sec.gov/ix?doc=/Archives/edgar/data/0000320193/000032019324000069/aapl-20231230.htm,Note 8 – Commitments and Contingencies,"Disclosure Context (2024_Q1): Trigger: 'Apple Q1 FY2024 10-Q (filed February 1, 2024) discloses the operational, financial, and compliance context for Legal decisions'. Management Action: 'Oppose Broad Scope E-Discovery and Source Code Deposition Demands in Siri Privacy Class Action'. Scope: 'Authorized and documented in Note 8 – Commitments and Contingencies'. Rationale: 'Supports Q1 FY2024 corporate priorities across supply chain resilience, capital allocation, engineering advancement, and regulatory compliance'.",Oppose Broad Scope E-Discovery and Source Code Deposition Demands in Siri Privacy Class Action,File motions for protective orders in the U.S. District Court for the Northern District of California resisting plaintiffs' demands for unredacted audio grading database logs and proprietary Siri natural language source code in consumer privacy litigation concerning unintended Siri activations.,Oppose Siri e-discovery demands,investigate,Protects core proprietary voice recognition microcode and user confidentiality from broad litigation discovery while defending against claims of deceptive electronic interception.,"[{""name"": ""Litigation Docket"", ""value"": ""4:19-cv-04623"", ""unit"": ""docket"", ""observed_on"": ""2024-02-01""}]",Legal,reported,"{legal,investigate}",R&D;Legal,R&D argued that disclosing Siri audio parsing algorithms and grading neural nets posed critical trade secret risks; Legal offered targeted sampling of anonymized diagnostic logs; Plaintiffs moved to compel full engineering depositions.
AAPL-2024Q1-0160,Apple Inc.,2024-02-01,quarterly_filings/2024_Q1.pdf,https://www.sec.gov/ix?doc=/Archives/edgar/data/0000320193/000032019324000069/aapl-20231230.htm,Item 2. MD&A - Regulatory Matters,"Disclosure Context (2024_Q1): Trigger: 'Apple Q1 FY2024 10-Q (filed February 1, 2024) discloses the operational, financial, and compliance context for Legal decisions'. Management Action: 'File Amicus Curiae Brief in Moody v. NetChoice Before the U.S. Supreme Court'. Scope: 'Authorized and documented in Item 2. MD&A - Regulatory Matters'. Rationale: 'Supports Q1 FY2024 corporate priorities across supply chain resilience, capital allocation, engineering advancement, and regulatory compliance'.",File Amicus Curiae Brief in Moody v. NetChoice Before the U.S. Supreme Court,"Draft and join a technology industry amicus curiae brief in the U.S. Supreme Court in *Moody v. NetChoice, LLC*, defending platform editorial autonomy, content moderation rights, and App Store curation discretion under the First Amendment against state social media regulatory statutes.",File Supreme Court amicus brief,maintain,"Protects Apple's constitutional right to curate, moderate, and enforce safety standards across the App Store without state government interference or compelled hosting mandates.","[{""name"": ""SCOTUS Case Number"", ""value"": ""22-277"", ""unit"": ""docket"", ""observed_on"": ""2024-02-01""}]",Legal,reported,"{legal,maintain}",Corporate Governance;Public Policy,Legal crafted constitutional arguments demonstrating that private platforms possess core First Amendment rights to curate application catalogs; Corporate Communications ensured the brief balanced developer relations with platform safety principles.
