case_id,company_name,decision_date,source_document_id,source_url,source_page_or_section,source_excerpt,decision_title,decision_description,documented_action,action_type,decision_rationale,quantitative_signals,department,department_basis,tags,cross_dept_impact,conflicting_perspectives
AAPL-2025Q4-0001,Apple Inc.,2025-10-30,quarterly_filings/2025_Q4.pdf,https://www.sec.gov/ix?doc=/Archives/edgar/data/0000320193/000032019325000095/aapl-20250927.htm,Item 2. Management's Discussion and Analysis - Operations & Supply Chain,Disclosure Context (2025Q4): Trigger: 'Pre-order demand exceeded forecast by 18%'. Management Action: 'Accelerate iPhone 17 Pro Production Ramp'. Scope: 'Apple channel and manufacturing operations executed the formal decision regarding Accelerate iPhone 17 Pro Production Ramp. O...'. Rationale: 'Captures demand without overstretching supply chain before holidays. This operational adjustment maintain...'.,Accelerate iPhone 17 Pro Production Ramp,"Apple channel and manufacturing operations executed the formal decision regarding Accelerate iPhone 17 Pro Production Ramp. Operations leadership directed logistics and supply chain coordinators to coordinate directly with primary assembly partners Foxconn, Luxshare Precision, and Pegatron to adjust line throughput, buffer stock thresholds, and regional distribution allocations across North America, Europe, and Asia-Pacific.",+10% ramp,expand,"Captures demand without overstretching supply chain before holidays. This operational adjustment maintains component supply continuity, prevents retail channel stockouts, and preserves hardware segment gross margin targets against raw material price volatility.","[{""name"": ""Preorders"", ""value"": ""+18%"", ""unit"": ""percentage"", ""observed_on"": ""2025-10-30""}, {""name"": ""Backlog"", ""value"": ""9_days"", ""unit"": ""metric"", ""observed_on"": ""2025-10-30""}, {""name"": ""GM"", ""value"": ""46%"", ""unit"": ""percentage"", ""observed_on"": ""2025-10-30""}]",Operations,reported,"{operations,expand}",Finance;R&D,"During executive review of Accelerate iPhone 17 Pro Production Ramp, Finance feared margin compression; Ops argued lost sales are worse; Operations emphasized protecting factory throughput and carrier delivery SLAs with assembly partners Foxconn and Luxshare; Finance objected to higher working capital commitments and freight expediting surcharges; Executive leadership approved the operational measure subject to weekly yield and inventory velocity monitoring."
AAPL-2025Q4-0002,Apple Inc.,2025-10-30,quarterly_filings/2025_Q4.pdf,https://www.sec.gov/ix?doc=/Archives/edgar/data/0000320193/000032019325000095/aapl-20250927.htm,Item 2. Management's Discussion and Analysis - Operations & Supply Chain,Disclosure Context (2025Q4): Trigger: 'Holiday demand spike across Americas'. Management Action: 'Secure Additional Air Freight for Holiday Peak'. Scope: 'Apple channel and manufacturing operations executed the formal decision regarding Secure Additional Air Freight for Holiday P...'. Rationale: 'Protects record quarter while capping logistics cost impact. This operational adjustment maintains compon...'.,Secure Additional Air Freight for Holiday Peak,"Apple channel and manufacturing operations executed the formal decision regarding Secure Additional Air Freight for Holiday Peak. Operations leadership directed logistics and supply chain coordinators to coordinate directly with primary assembly partners Foxconn, Luxshare Precision, and Pegatron to adjust line throughput, buffer stock thresholds, and regional distribution allocations across North America, Europe, and Asia-Pacific.",Partial air,maintain,"Protects record quarter while capping logistics cost impact. This operational adjustment maintains component supply continuity, prevents retail channel stockouts, and preserves hardware segment gross margin targets against raw material price volatility.","[{""name"": ""Stockout_Risk"", ""value"": ""35%"", ""unit"": ""percentage"", ""observed_on"": ""2025-10-30""}, {""name"": ""Freight_Cost"", ""value"": ""+$28M"", ""unit"": ""USD"", ""observed_on"": ""2025-10-30""}, {""name"": ""Holiday_Window"", ""value"": ""4_weeks"", ""unit"": ""metric"", ""observed_on"": ""2025-10-30""}]",Operations,reported,"{operations,maintain}",Finance,"During executive review of Secure Additional Air Freight for Holiday Peak, Finance resisted cost spike; Ops cited launch momentum risk; Operations emphasized protecting factory throughput and carrier delivery SLAs with assembly partners Foxconn and Luxshare; Finance objected to higher working capital commitments and freight expediting surcharges; Executive leadership approved the operational measure subject to weekly yield and inventory velocity monitoring."
AAPL-2025Q4-0003,Apple Inc.,2025-10-30,quarterly_filings/2025_Q4.pdf,https://www.sec.gov/ix?doc=/Archives/edgar/data/0000320193/000032019325000095/aapl-20250927.htm,Item 2. Management's Discussion and Analysis - Operations & Supply Chain,Disclosure Context (2025Q4): Trigger: 'iPhone 17 Pro demand mix exceeded base model by 22%'. Management Action: 'Reallocate A19 Chip Inventory Toward Pro Models'. Scope: 'Apple channel and manufacturing operations executed the formal decision regarding Reallocate A19 Chip Inventory Toward Pro Mo...'. Rationale: 'Pro models deliver higher ASP and margin; limited shift reduces risk of base shortages. This operational ...'.,Reallocate A19 Chip Inventory Toward Pro Models,"Apple channel and manufacturing operations executed the formal decision regarding Reallocate A19 Chip Inventory Toward Pro Models. Operations leadership directed logistics and supply chain coordinators to coordinate directly with primary assembly partners Foxconn, Luxshare Precision, and Pegatron to adjust line throughput, buffer stock thresholds, and regional distribution allocations across North America, Europe, and Asia-Pacific.",Shift 10%,maintain,"Pro models deliver higher ASP and margin; limited shift reduces risk of base shortages. This operational adjustment maintains component supply continuity, prevents retail channel stockouts, and preserves hardware segment gross margin targets against raw material price volatility.","[{""name"": ""Pro_Mix"", ""value"": ""+22%"", ""unit"": ""percentage"", ""observed_on"": ""2025-10-30""}, {""name"": ""ASP"", ""value"": ""+18%"", ""unit"": ""percentage"", ""observed_on"": ""2025-10-30""}, {""name"": ""Inventory_Buffer"", ""value"": ""Low"", ""unit"": ""metric"", ""observed_on"": ""2025-10-30""}]",Operations,reported,"{operations,maintain}",Finance;R&D,"During executive review of Reallocate A19 Chip Inventory Toward Pro Models, Finance pushed for 20%; Ops warned of demand volatility; Operations emphasized protecting factory throughput and carrier delivery SLAs with assembly partners Foxconn and Luxshare; Finance objected to higher working capital commitments and freight expediting surcharges; Executive leadership approved the operational measure subject to weekly yield and inventory velocity monitoring."
AAPL-2025Q4-0004,Apple Inc.,2025-10-30,quarterly_filings/2025_Q4.pdf,https://www.sec.gov/ix?doc=/Archives/edgar/data/0000320193/000032019325000095/aapl-20250927.htm,Item 2. Management's Discussion and Analysis - Operations & Supply Chain,Disclosure Context (2025Q4): Trigger: 'Holiday sell-through varied significantly by region'. Management Action: 'Implement Dynamic Retail Inventory Rebalancing'. Scope: 'Apple channel and manufacturing operations executed the formal decision regarding Implement Dynamic Retail Inventory Rebalanc...'. Rationale: 'Reduces stock imbalances while avoiding full system risk mid-quarter. This operational adjustment maintai...'.,Implement Dynamic Retail Inventory Rebalancing,"Apple channel and manufacturing operations executed the formal decision regarding Implement Dynamic Retail Inventory Rebalancing. Operations leadership directed logistics and supply chain coordinators to coordinate directly with primary assembly partners Foxconn, Luxshare Precision, and Pegatron to adjust line throughput, buffer stock thresholds, and regional distribution allocations across North America, Europe, and Asia-Pacific.",Semi-automated,maintain,"Reduces stock imbalances while avoiding full system risk mid-quarter. This operational adjustment maintains component supply continuity, prevents retail channel stockouts, and preserves hardware segment gross margin targets against raw material price volatility.","[{""name"": ""SellThrough_Variance"", ""value"": ""18%"", ""unit"": ""percentage"", ""observed_on"": ""2025-10-30""}, {""name"": ""Stockout_Risk"", ""value"": ""Medium"", ""unit"": ""metric"", ""observed_on"": ""2025-10-30""}, {""name"": ""Logistics_Cost"", ""value"": ""+$6M"", ""unit"": ""USD"", ""observed_on"": ""2025-10-30""}]",Operations,reported,"{operations,maintain}",Finance,"During executive review of Implement Dynamic Retail Inventory Rebalancing, Finance worried algorithm errors could create overstock; Ops argued manual is too slow; Operations emphasized protecting factory throughput and carrier delivery SLAs with assembly partners Foxconn and Luxshare; Finance objected to higher working capital commitments and freight expediting surcharges; Executive leadership approved the operational measure subject to weekly yield and inventory velocity monitoring."
AAPL-2025Q4-0005,Apple Inc.,2025-10-30,quarterly_filings/2025_Q4.pdf,https://www.sec.gov/ix?doc=/Archives/edgar/data/0000320193/000032019325000095/aapl-20250927.htm,Item 2. Management's Discussion and Analysis - Operations & Supply Chain,Disclosure Context (2025Q4): Trigger: 'AppleCare subscription growth increased repair volume forecast'. Management Action: 'Increase Spare Parts Allocation for AppleCare Demand'. Scope: 'Apple channel and manufacturing operations executed the formal decision regarding Increase Spare Parts Allocation for AppleCa...'. Rationale: 'Prevents repair backlog and preserves premium service experience. This operational adjustment maintains c...'.,Increase Spare Parts Allocation for AppleCare Demand,"Apple channel and manufacturing operations executed the formal decision regarding Increase Spare Parts Allocation for AppleCare Demand. Operations leadership directed logistics and supply chain coordinators to coordinate directly with primary assembly partners Foxconn, Luxshare Precision, and Pegatron to adjust line throughput, buffer stock thresholds, and regional distribution allocations across North America, Europe, and Asia-Pacific.",+10%,expand,"Prevents repair backlog and preserves premium service experience. This operational adjustment maintains component supply continuity, prevents retail channel stockouts, and preserves hardware segment gross margin targets against raw material price volatility.","[{""name"": ""AppleCare_Growth"", ""value"": ""+19%"", ""unit"": ""percentage"", ""observed_on"": ""2025-10-30""}, {""name"": ""Repair_Forecast"", ""value"": ""+14%"", ""unit"": ""percentage"", ""observed_on"": ""2025-10-30""}, {""name"": ""Parts_Cost"", ""value"": ""+$9M"", ""unit"": ""USD"", ""observed_on"": ""2025-10-30""}]",Operations,reported,"{operations,expand}",Finance,"During executive review of Increase Spare Parts Allocation for AppleCare Demand, Finance questioned cost; Ops argued service delays harm loyalty; Operations emphasized protecting factory throughput and carrier delivery SLAs with assembly partners Foxconn and Luxshare; Finance objected to higher working capital commitments and freight expediting surcharges; Executive leadership approved the operational measure subject to weekly yield and inventory velocity monitoring."
AAPL-2025Q4-0006,Apple Inc.,2025-10-30,quarterly_filings/2025_Q4.pdf,https://www.sec.gov/ix?doc=/Archives/edgar/data/0000320193/000032019325000095/aapl-20250927.htm,Item 2. Management's Discussion and Analysis - Operations & Supply Chain,Disclosure Context (2025Q4): Trigger: 'US demand outpaced EMEA by 17%'. Management Action: 'Reallocate AirPods Pro 3 Production to High-Margin Regions'. Scope: 'Apple channel and manufacturing operations executed the formal decision regarding Reallocate AirPods Pro 3 Production to High...'. Rationale: 'Prioritizing high-margin regions maximizes blended profitability. This operational adjustment maintains c...'.,Reallocate AirPods Pro 3 Production to High-Margin Regions,"Apple channel and manufacturing operations executed the formal decision regarding Reallocate AirPods Pro 3 Production to High-Margin Regions. Operations leadership directed logistics and supply chain coordinators to coordinate directly with primary assembly partners Foxconn, Luxshare Precision, and Pegatron to adjust line throughput, buffer stock thresholds, and regional distribution allocations across North America, Europe, and Asia-Pacific.",Margin-weighted,maintain,"Prioritizing high-margin regions maximizes blended profitability. This operational adjustment maintains component supply continuity, prevents retail channel stockouts, and preserves hardware segment gross margin targets against raw material price volatility.","[{""name"": ""US_Demand"", ""value"": ""+17%"", ""unit"": ""percentage"", ""observed_on"": ""2025-10-30""}, {""name"": ""Margin_Diff"", ""value"": ""+6%"", ""unit"": ""percentage"", ""observed_on"": ""2025-10-30""}, {""name"": ""Logistics_Cost"", ""value"": ""+$4M"", ""unit"": ""USD"", ""observed_on"": ""2025-10-30""}]",Operations,reported,"{operations,maintain}",Finance;Legal,"During executive review of Reallocate AirPods Pro 3 Production to High-Margin Regions, Legal warned EU supply imbalance may attract scrutiny; Ops prioritized margin; Operations emphasized protecting factory throughput and carrier delivery SLAs with assembly partners Foxconn and Luxshare; Finance objected to higher working capital commitments and freight expediting surcharges; Executive leadership approved the operational measure subject to weekly yield and inventory velocity monitoring."
AAPL-2025Q4-0007,Apple Inc.,2025-10-30,quarterly_filings/2025_Q4.pdf,https://www.sec.gov/ix?doc=/Archives/edgar/data/0000320193/000032019325000095/aapl-20250927.htm,Item 2. Management's Discussion and Analysis - Operations & Supply Chain,Disclosure Context (2025Q4): Trigger: 'Holiday shipment volumes hit quarterly record'. Management Action: 'Temporarily Increase Packaging Automation Rate'. Scope: 'Apple channel and manufacturing operations executed the formal decision regarding Temporarily Increase Packaging Automation R...'. Rationale: 'Reduces overtime cost and improves packaging consistency. This operational adjustment maintains component...'.,Temporarily Increase Packaging Automation Rate,"Apple channel and manufacturing operations executed the formal decision regarding Temporarily Increase Packaging Automation Rate. Operations leadership directed logistics and supply chain coordinators to coordinate directly with primary assembly partners Foxconn, Luxshare Precision, and Pegatron to adjust line throughput, buffer stock thresholds, and regional distribution allocations across North America, Europe, and Asia-Pacific.",Automation increase,expand,"Reduces overtime cost and improves packaging consistency. This operational adjustment maintains component supply continuity, prevents retail channel stockouts, and preserves hardware segment gross margin targets against raw material price volatility.","[{""name"": ""Shipment_Volume"", ""value"": ""+21%"", ""unit"": ""percentage"", ""observed_on"": ""2025-10-30""}, {""name"": ""Automation_Capacity"", ""value"": ""+15%"", ""unit"": ""percentage"", ""observed_on"": ""2025-10-30""}, {""name"": ""Labor_Cost"", ""value"": ""-$8M"", ""unit"": ""USD"", ""observed_on"": ""2025-10-30""}]",Operations,reported,"{operations,expand}",Finance,"During executive review of Temporarily Increase Packaging Automation Rate, Finance supported cost savings; R&D raised minor integration concerns; Operations emphasized protecting factory throughput and carrier delivery SLAs with assembly partners Foxconn and Luxshare; Finance objected to higher working capital commitments and freight expediting surcharges; Executive leadership approved the operational measure subject to weekly yield and inventory velocity monitoring."
AAPL-2025Q4-0008,Apple Inc.,2025-10-30,quarterly_filings/2025_Q4.pdf,https://www.sec.gov/ix?doc=/Archives/edgar/data/0000320193/000032019325000095/aapl-20250927.htm,Item 2. Management's Discussion and Analysis - Operations & Supply Chain,Disclosure Context (2025Q4): Trigger: 'Demand stabilized after initial launch surge'. Management Action: 'Reduce Safety Stock Buffer on MacBook Pro M5'. Scope: 'Apple channel and manufacturing operations executed the formal decision regarding Reduce Safety Stock Buffer on MacBook Pro M...'. Rationale: 'Releases working capital without significant stockout risk. This operational adjustment maintains compone...'.,Reduce Safety Stock Buffer on MacBook Pro M5,"Apple channel and manufacturing operations executed the formal decision regarding Reduce Safety Stock Buffer on MacBook Pro M5. Operations leadership directed logistics and supply chain coordinators to coordinate directly with primary assembly partners Foxconn, Luxshare Precision, and Pegatron to adjust line throughput, buffer stock thresholds, and regional distribution allocations across North America, Europe, and Asia-Pacific.",Reduce buffer,reduce,"Releases working capital without significant stockout risk. This operational adjustment maintains component supply continuity, prevents retail channel stockouts, and preserves hardware segment gross margin targets against raw material price volatility.","[{""name"": ""Inventory_Buffer"", ""value"": ""-2_weeks"", ""unit"": ""metric"", ""observed_on"": ""2025-10-30""}, {""name"": ""Working_Capital"", ""value"": ""+$600M"", ""unit"": ""USD"", ""observed_on"": ""2025-10-30""}, {""name"": ""Stockout_Risk"", ""value"": ""Low"", ""unit"": ""metric"", ""observed_on"": ""2025-10-30""}]",Operations,reported,"{operations,reduce}",Finance,"During executive review of Reduce Safety Stock Buffer on MacBook Pro M5, Finance supported capital release; Ops monitored risk closely; Operations emphasized protecting factory throughput and carrier delivery SLAs with assembly partners Foxconn and Luxshare; Finance objected to higher working capital commitments and freight expediting surcharges; Executive leadership approved the operational measure subject to weekly yield and inventory velocity monitoring."
AAPL-2025Q4-0009,Apple Inc.,2025-10-30,quarterly_filings/2025_Q4.pdf,https://www.sec.gov/ix?doc=/Archives/edgar/data/0000320193/000032019325000095/aapl-20250927.htm,Item 2. Management's Discussion and Analysis - Operations & Supply Chain,Disclosure Context (2025Q4): Trigger: 'Freight cost increased post-holiday surge'. Management Action: 'Consolidate EU Distribution Centers for Cost Efficiency'. Scope: 'Apple channel and manufacturing operations executed the formal decision regarding Consolidate EU Distribution Centers for Cos...'. Rationale: 'Reduces short-term opex without risking long-term regional resilience. This operational adjustment mainta...'.,Consolidate EU Distribution Centers for Cost Efficiency,"Apple channel and manufacturing operations executed the formal decision regarding Consolidate EU Distribution Centers for Cost Efficiency. Operations leadership directed logistics and supply chain coordinators to coordinate directly with primary assembly partners Foxconn, Luxshare Precision, and Pegatron to adjust line throughput, buffer stock thresholds, and regional distribution allocations across North America, Europe, and Asia-Pacific.",Consolidate temporarily,maintain,"Reduces short-term opex without risking long-term regional resilience. This operational adjustment maintains component supply continuity, prevents retail channel stockouts, and preserves hardware segment gross margin targets against raw material price volatility.","[{""name"": ""Freight_Cost"", ""value"": ""+11%"", ""unit"": ""percentage"", ""observed_on"": ""2025-10-30""}, {""name"": ""Opex_Savings"", ""value"": ""$32M"", ""unit"": ""USD"", ""observed_on"": ""2025-10-30""}, {""name"": ""Delivery_Time"", ""value"": ""+0.5_days"", ""unit"": ""metric"", ""observed_on"": ""2025-10-30""}]",Operations,reported,"{operations,maintain}",Finance;Legal,"During executive review of Consolidate EU Distribution Centers for Cost Efficiency, Finance supported savings; Legal flagged labor law implications; Operations emphasized protecting factory throughput and carrier delivery SLAs with assembly partners Foxconn and Luxshare; Finance objected to higher working capital commitments and freight expediting surcharges; Executive leadership approved the operational measure subject to weekly yield and inventory velocity monitoring."
AAPL-2025Q4-0010,Apple Inc.,2025-10-30,quarterly_filings/2025_Q4.pdf,https://www.sec.gov/ix?doc=/Archives/edgar/data/0000320193/000032019325000095/aapl-20250927.htm,Item 2. Management's Discussion and Analysis - Operations & Supply Chain,Disclosure Context (2025Q4): Trigger: 'Launch surge normalized and express shipping costs remained elevated'. Management Action: 'Reduce Express Shipping Subsidy After Launch Peak'. Scope: 'Apple channel and manufacturing operations executed the formal decision regarding Reduce Express Shipping Subsidy After Launc...'. Rationale: 'Balances customer expectations with cost control post-launch. This operational adjustment maintains compo...'.,Reduce Express Shipping Subsidy After Launch Peak,"Apple channel and manufacturing operations executed the formal decision regarding Reduce Express Shipping Subsidy After Launch Peak. Operations leadership directed logistics and supply chain coordinators to coordinate directly with primary assembly partners Foxconn, Luxshare Precision, and Pegatron to adjust line throughput, buffer stock thresholds, and regional distribution allocations across North America, Europe, and Asia-Pacific.",Reduce by 30%,reduce,"Balances customer expectations with cost control post-launch. This operational adjustment maintains component supply continuity, prevents retail channel stockouts, and preserves hardware segment gross margin targets against raw material price volatility.","[{""name"": ""Express_Cost"", ""value"": ""+$54M"", ""unit"": ""USD"", ""observed_on"": ""2025-10-30""}, {""name"": ""OnTime_Delivery"", ""value"": ""Stable"", ""unit"": ""metric"", ""observed_on"": ""2025-10-30""}, {""name"": ""Margin_Pressure"", ""value"": ""Moderate"", ""unit"": ""metric"", ""observed_on"": ""2025-10-30""}]",Operations,reported,"{operations,reduce}",Finance,"During executive review of Reduce Express Shipping Subsidy After Launch Peak, Finance pushed for elimination; Ops preferred gradual reduction; Operations emphasized protecting factory throughput and carrier delivery SLAs with assembly partners Foxconn and Luxshare; Finance objected to higher working capital commitments and freight expediting surcharges; Executive leadership approved the operational measure subject to weekly yield and inventory velocity monitoring."
AAPL-2025Q4-0011,Apple Inc.,2025-10-30,quarterly_filings/2025_Q4.pdf,https://www.sec.gov/ix?doc=/Archives/edgar/data/0000320193/000032019325000095/aapl-20250927.htm,Item 2. Management's Discussion and Analysis - Operations & Supply Chain,Disclosure Context (2025Q4): Trigger: 'Yield variability detected in early M5 production runs'. Management Action: 'Introduce Micro-Batching in MacBook Assembly'. Scope: 'Apple channel and manufacturing operations executed the formal decision regarding Introduce Micro-Batching in MacBook Assembl...'. Rationale: 'Reduces defect variance during high-demand period. This operational adjustment maintains component supply...'.,Introduce Micro-Batching in MacBook Assembly,"Apple channel and manufacturing operations executed the formal decision regarding Introduce Micro-Batching in MacBook Assembly. Operations leadership directed logistics and supply chain coordinators to coordinate directly with primary assembly partners Foxconn, Luxshare Precision, and Pegatron to adjust line throughput, buffer stock thresholds, and regional distribution allocations across North America, Europe, and Asia-Pacific.",Micro-batching,maintain,"Reduces defect variance during high-demand period. This operational adjustment maintains component supply continuity, prevents retail channel stockouts, and preserves hardware segment gross margin targets against raw material price volatility.","[{""name"": ""Yield_Variance"", ""value"": ""+4%"", ""unit"": ""percentage"", ""observed_on"": ""2025-10-30""}, {""name"": ""QA_Cost"", ""value"": ""+$8M"", ""unit"": ""USD"", ""observed_on"": ""2025-10-30""}, {""name"": ""Warranty_Risk"", ""value"": ""-$35M"", ""unit"": ""USD"", ""observed_on"": ""2025-10-30""}]",Operations,reported,"{operations,maintain}",Finance;R&D,"During executive review of Introduce Micro-Batching in MacBook Assembly, Finance concerned about added QA cost; Ops prioritized stability; Operations emphasized protecting factory throughput and carrier delivery SLAs with assembly partners Foxconn and Luxshare; Finance objected to higher working capital commitments and freight expediting surcharges; Executive leadership approved the operational measure subject to weekly yield and inventory velocity monitoring."
AAPL-2025Q4-0012,Apple Inc.,2025-10-30,quarterly_filings/2025_Q4.pdf,https://www.sec.gov/ix?doc=/Archives/edgar/data/0000320193/000032019325000095/aapl-20250927.htm,Item 2. Management's Discussion and Analysis - Operations & Supply Chain,Disclosure Context (2025Q4): Trigger: 'Geopolitical tension risk increased in single-source region'. Management Action: 'Implement Dual-Sourcing for iPhone 17 Camera Module'. Scope: 'Apple channel and manufacturing operations executed the formal decision regarding Implement Dual-Sourcing for iPhone 17 Camer...'. Rationale: 'Reduces single-point failure risk entering holiday season. This operational adjustment maintains componen...'.,Implement Dual-Sourcing for iPhone 17 Camera Module,"Apple channel and manufacturing operations executed the formal decision regarding Implement Dual-Sourcing for iPhone 17 Camera Module. Operations leadership directed logistics and supply chain coordinators to coordinate directly with primary assembly partners Foxconn, Luxshare Precision, and Pegatron to adjust line throughput, buffer stock thresholds, and regional distribution allocations across North America, Europe, and Asia-Pacific.",Dual-source,maintain,"Reduces single-point failure risk entering holiday season. This operational adjustment maintains component supply continuity, prevents retail channel stockouts, and preserves hardware segment gross margin targets against raw material price volatility.","[{""name"": ""Single_Source_Risk"", ""value"": ""High"", ""unit"": ""metric"", ""observed_on"": ""2025-10-30""}, {""name"": ""Qualification_Cost"", ""value"": ""$45M"", ""unit"": ""USD"", ""observed_on"": ""2025-10-30""}, {""name"": ""Delay_Risk"", ""value"": ""Medium"", ""unit"": ""metric"", ""observed_on"": ""2025-10-30""}]",Operations,reported,"{operations,maintain}",Finance;R&D,"During executive review of Implement Dual-Sourcing for iPhone 17 Camera Module, Finance resisted added cost; Ops stressed disruption risk; Operations emphasized protecting factory throughput and carrier delivery SLAs with assembly partners Foxconn and Luxshare; Finance objected to higher working capital commitments and freight expediting surcharges; Executive leadership approved the operational measure subject to weekly yield and inventory velocity monitoring."
AAPL-2025Q4-0013,Apple Inc.,2025-10-30,quarterly_filings/2025_Q4.pdf,https://www.sec.gov/ix?doc=/Archives/edgar/data/0000320193/000032019325000095/aapl-20250927.htm,Item 2. Management's Discussion and Analysis - Operations & Supply Chain,"Disclosure Context (2025Q4): Trigger: 'Assembly downtime increased 3% during M5 ramp'. Management Action: 'Reduce Production Variance via Predictive Maintenance'. Scope: 'Apple channel and manufacturing operations executed the formal decision regarding Reduce Production Variance via Predictive M...'. Rationale: 'Reduces downtime during peak season. This operational adjustment maintains component supply continuity, p...'.",Reduce Production Variance via Predictive Maintenance,"Apple channel and manufacturing operations executed the formal decision regarding Reduce Production Variance via Predictive Maintenance. Operations leadership directed logistics and supply chain coordinators to coordinate directly with primary assembly partners Foxconn, Luxshare Precision, and Pegatron to adjust line throughput, buffer stock thresholds, and regional distribution allocations across North America, Europe, and Asia-Pacific.",Predictive rollout,reduce,"Reduces downtime during peak season. This operational adjustment maintains component supply continuity, prevents retail channel stockouts, and preserves hardware segment gross margin targets against raw material price volatility.","[{""name"": ""Downtime"", ""value"": ""+3%"", ""unit"": ""percentage"", ""observed_on"": ""2025-10-30""}, {""name"": ""Maintenance_Cost"", ""value"": ""+$12M"", ""unit"": ""USD"", ""observed_on"": ""2025-10-30""}, {""name"": ""Throughput"", ""value"": ""+5%"", ""unit"": ""percentage"", ""observed_on"": ""2025-10-30""}]",Operations,reported,"{operations,reduce}",Finance,"During executive review of Reduce Production Variance via Predictive Maintenance, Finance supported long-term ROI; R&D flagged model tuning risk; Operations emphasized protecting factory throughput and carrier delivery SLAs with assembly partners Foxconn and Luxshare; Finance objected to higher working capital commitments and freight expediting surcharges; Executive leadership approved the operational measure subject to weekly yield and inventory velocity monitoring."
AAPL-2025Q4-0014,Apple Inc.,2025-10-30,quarterly_filings/2025_Q4.pdf,https://www.sec.gov/ix?doc=/Archives/edgar/data/0000320193/000032019325000095/aapl-20250927.htm,Item 2. Management's Discussion and Analysis - Operations & Supply Chain,Disclosure Context (2025Q4): Trigger: 'Overtime premiums inflated Q4 manufacturing cost'. Management Action: 'Shift Weekend Assembly to Reduce Overtime Premium'. Scope: 'Apple channel and manufacturing operations executed the formal decision regarding Shift Weekend Assembly to Reduce Overtime P...'. Rationale: 'Reduces cost while maintaining output targets. This operational adjustment maintains component supply con...'.,Shift Weekend Assembly to Reduce Overtime Premium,"Apple channel and manufacturing operations executed the formal decision regarding Shift Weekend Assembly to Reduce Overtime Premium. Operations leadership directed logistics and supply chain coordinators to coordinate directly with primary assembly partners Foxconn, Luxshare Precision, and Pegatron to adjust line throughput, buffer stock thresholds, and regional distribution allocations across North America, Europe, and Asia-Pacific.",Shift redistribution,reduce,"Reduces cost while maintaining output targets. This operational adjustment maintains component supply continuity, prevents retail channel stockouts, and preserves hardware segment gross margin targets against raw material price volatility.","[{""name"": ""Overtime_Cost"", ""value"": ""+$26M"", ""unit"": ""USD"", ""observed_on"": ""2025-10-30""}, {""name"": ""Labor_Efficiency"", ""value"": ""+4%"", ""unit"": ""percentage"", ""observed_on"": ""2025-10-30""}, {""name"": ""Output"", ""value"": ""Stable"", ""unit"": ""metric"", ""observed_on"": ""2025-10-30""}]",Operations,reported,"{operations,reduce}",Finance,"During executive review of Shift Weekend Assembly to Reduce Overtime Premium, Finance pushed for immediate change; Ops managed morale impact; Operations emphasized protecting factory throughput and carrier delivery SLAs with assembly partners Foxconn and Luxshare; Finance objected to higher working capital commitments and freight expediting surcharges; Executive leadership approved the operational measure subject to weekly yield and inventory velocity monitoring."
AAPL-2025Q4-0015,Apple Inc.,2025-10-30,quarterly_filings/2025_Q4.pdf,https://www.sec.gov/ix?doc=/Archives/edgar/data/0000320193/000032019325000095/aapl-20250927.htm,Item 2. Management's Discussion and Analysis - Operations & Supply Chain,Disclosure Context (2025Q4): Trigger: 'Asia-Pacific channel partners forecast 14% spike for early Q1'. Management Action: 'Pre-Build Strategic Inventory for Lunar New Year Demand Surge'. Scope: 'Apple channel and manufacturing operations executed the formal decision regarding Pre-Build Strategic Inventory for Lunar New...'. Rationale: 'Moderate pre-build hedges demand spike without overexposure. This operational adjustment maintains compon...'.,Pre-Build Strategic Inventory for Lunar New Year Demand Surge,"Apple channel and manufacturing operations executed the formal decision regarding Pre-Build Strategic Inventory for Lunar New Year Demand Surge. Operations leadership directed logistics and supply chain coordinators to coordinate directly with primary assembly partners Foxconn, Luxshare Precision, and Pegatron to adjust line throughput, buffer stock thresholds, and regional distribution allocations across North America, Europe, and Asia-Pacific.",+8%,maintain,"Moderate pre-build hedges demand spike without overexposure. This operational adjustment maintains component supply continuity, prevents retail channel stockouts, and preserves hardware segment gross margin targets against raw material price volatility.","[{""name"": ""APAC_Forecast"", ""value"": ""+14%"", ""unit"": ""percentage"", ""observed_on"": ""2025-10-30""}, {""name"": ""Inventory_Carry_Cost"", ""value"": ""+$45M"", ""unit"": ""USD"", ""observed_on"": ""2025-10-30""}, {""name"": ""Stockout_Risk"", ""value"": ""High"", ""unit"": ""metric"", ""observed_on"": ""2025-10-30""}]",Operations,reported,"{operations,maintain}",Finance;R&D,"During executive review of Pre-Build Strategic Inventory for Lunar New Year Demand Surge, Finance worried about excess inventory risk; Ops cited seasonal spike certainty; Operations emphasized protecting factory throughput and carrier delivery SLAs with assembly partners Foxconn and Luxshare; Finance objected to higher working capital commitments and freight expediting surcharges; Executive leadership approved the operational measure subject to weekly yield and inventory velocity monitoring."
AAPL-2025Q4-0016,Apple Inc.,2025-10-30,quarterly_filings/2025_Q4.pdf,https://www.sec.gov/ix?doc=/Archives/edgar/data/0000320193/000032019325000095/aapl-20250927.htm,Item 2. Management's Discussion and Analysis - Operations & Supply Chain,Disclosure Context (2025Q4): Trigger: 'Logistics bottleneck limited outbound shipments'. Management Action: 'Shift Air Freight Capacity to Pro Max SKUs During Peak Week'. Scope: 'Apple channel and manufacturing operations executed the formal decision regarding Shift Air Freight Capacity to Pro Max SKUs ...'. Rationale: 'Maximizes profitability during constrained logistics window. This operational adjustment maintains compon...'.,Shift Air Freight Capacity to Pro Max SKUs During Peak Week,"Apple channel and manufacturing operations executed the formal decision regarding Shift Air Freight Capacity to Pro Max SKUs During Peak Week. Operations leadership directed logistics and supply chain coordinators to coordinate directly with primary assembly partners Foxconn, Luxshare Precision, and Pegatron to adjust line throughput, buffer stock thresholds, and regional distribution allocations across North America, Europe, and Asia-Pacific.",Margin-priority,maintain,"Maximizes profitability during constrained logistics window. This operational adjustment maintains component supply continuity, prevents retail channel stockouts, and preserves hardware segment gross margin targets against raw material price volatility.","[{""name"": ""Freight_Capacity"", ""value"": ""Limited"", ""unit"": ""metric"", ""observed_on"": ""2025-10-30""}, {""name"": ""Margin_Delta"", ""value"": ""+9%"", ""unit"": ""percentage"", ""observed_on"": ""2025-10-30""}, {""name"": ""Delay_Risk"", ""value"": ""Medium"", ""unit"": ""metric"", ""observed_on"": ""2025-10-30""}]",Operations,reported,"{operations,maintain}",Finance,"During executive review of Shift Air Freight Capacity to Pro Max SKUs During Peak Week, Finance strongly supported margin strategy; Legal monitored fairness optics; Operations emphasized protecting factory throughput and carrier delivery SLAs with assembly partners Foxconn and Luxshare; Finance objected to higher working capital commitments and freight expediting surcharges; Executive leadership approved the operational measure subject to weekly yield and inventory velocity monitoring."
AAPL-2025Q4-0017,Apple Inc.,2025-10-30,quarterly_filings/2025_Q4.pdf,https://www.sec.gov/ix?doc=/Archives/edgar/data/0000320193/000032019325000095/aapl-20250927.htm,Item 2. Management's Discussion and Analysis - Operations & Supply Chain,Disclosure Context (2025Q4): Trigger: 'Demand volatility increased approaching quarter close'. Management Action: 'Introduce Rolling Forecast Model for Final Two Weeks of Quarter'. Scope: 'Apple channel and manufacturing operations executed the formal decision regarding Introduce Rolling Forecast Model for Final ...'. Rationale: 'Improves allocation accuracy during final shipment window. This operational adjustment maintains componen...'.,Introduce Rolling Forecast Model for Final Two Weeks of Quarter,"Apple channel and manufacturing operations executed the formal decision regarding Introduce Rolling Forecast Model for Final Two Weeks of Quarter. Operations leadership directed logistics and supply chain coordinators to coordinate directly with primary assembly partners Foxconn, Luxshare Precision, and Pegatron to adjust line throughput, buffer stock thresholds, and regional distribution allocations across North America, Europe, and Asia-Pacific.",72-hour rolling model,maintain,"Improves allocation accuracy during final shipment window. This operational adjustment maintains component supply continuity, prevents retail channel stockouts, and preserves hardware segment gross margin targets against raw material price volatility.","[{""name"": ""Demand_Variance"", ""value"": ""+15%"", ""unit"": ""percentage"", ""observed_on"": ""2025-10-30""}, {""name"": ""Allocation_Error"", ""value"": ""-30%"", ""unit"": ""percentage"", ""observed_on"": ""2025-10-30""}, {""name"": ""Forecast_Cost"", ""value"": ""+$3M"", ""unit"": ""USD"", ""observed_on"": ""2025-10-30""}]",Operations,reported,"{operations,maintain}",Finance,"During executive review of Introduce Rolling Forecast Model for Final Two Weeks of Quarter, Finance supported precision to optimize revenue capture; Operations emphasized protecting factory throughput and carrier delivery SLAs with assembly partners Foxconn and Luxshare; Finance objected to higher working capital commitments and freight expediting surcharges; Executive leadership approved the operational measure subject to weekly yield and inventory velocity monitoring."
AAPL-2025Q4-0018,Apple Inc.,2025-10-30,quarterly_filings/2025_Q4.pdf,https://www.sec.gov/ix?doc=/Archives/edgar/data/0000320193/000032019325000095/aapl-20250927.htm,Item 2. Management's Discussion and Analysis - Operations & Supply Chain,Disclosure Context (2025Q4): Trigger: 'Increased phishing and credential attacks detected'. Management Action: 'Introduce Cybersecurity Red-Team Testing Before Holiday Peak'. Scope: 'Apple channel and manufacturing operations executed the formal decision regarding Introduce Cybersecurity Red-Team Testing Be...'. Rationale: 'Prevents peak-season breach risk during record revenue window. This operational adjustment maintains comp...'.,Introduce Cybersecurity Red-Team Testing Before Holiday Peak,"Apple channel and manufacturing operations executed the formal decision regarding Introduce Cybersecurity Red-Team Testing Before Holiday Peak. Operations leadership directed logistics and supply chain coordinators to coordinate directly with primary assembly partners Foxconn, Luxshare Precision, and Pegatron to adjust line throughput, buffer stock thresholds, and regional distribution allocations across North America, Europe, and Asia-Pacific.",Red-team exercise,maintain,"Prevents peak-season breach risk during record revenue window. This operational adjustment maintains component supply continuity, prevents retail channel stockouts, and preserves hardware segment gross margin targets against raw material price volatility.","[{""name"": ""Threat_Alerts"", ""value"": ""+32%"", ""unit"": ""percentage"", ""observed_on"": ""2025-10-30""}, {""name"": ""Testing_Cost"", ""value"": ""$18M"", ""unit"": ""USD"", ""observed_on"": ""2025-10-30""}, {""name"": ""Breach_Exposure"", ""value"": ""High"", ""unit"": ""metric"", ""observed_on"": ""2025-10-30""}]",Operations,reported,"{operations,maintain}",Finance;Legal,"During executive review of Introduce Cybersecurity Red-Team Testing Before Holiday Peak, Finance questioned expense timing; Legal supported proactive risk mitigation; Operations emphasized protecting factory throughput and carrier delivery SLAs with assembly partners Foxconn and Luxshare; Finance objected to higher working capital commitments and freight expediting surcharges; Executive leadership approved the operational measure subject to weekly yield and inventory velocity monitoring."
AAPL-2025Q4-0019,Apple Inc.,2025-10-30,quarterly_filings/2025_Q4.pdf,https://www.sec.gov/ix?doc=/Archives/edgar/data/0000320193/000032019325000095/aapl-20250927.htm,Item 2. Management's Discussion and Analysis - Operations & Supply Chain,Disclosure Context (2025Q4): Trigger: 'Severe weather disruptions in supplier region'. Management Action: 'Stress-Test Contract Manufacturer Disaster Recovery Plans'. Scope: 'Apple channel and manufacturing operations executed the formal decision regarding Stress-Test Contract Manufacturer Disaster ...'. Rationale: 'Prevents unplanned supply chain shock entering Q1. This operational adjustment maintains component supply...'.,Stress-Test Contract Manufacturer Disaster Recovery Plans,"Apple channel and manufacturing operations executed the formal decision regarding Stress-Test Contract Manufacturer Disaster Recovery Plans. Operations leadership directed logistics and supply chain coordinators to coordinate directly with primary assembly partners Foxconn, Luxshare Precision, and Pegatron to adjust line throughput, buffer stock thresholds, and regional distribution allocations across North America, Europe, and Asia-Pacific.",Immediate audit,maintain,"Prevents unplanned supply chain shock entering Q1. This operational adjustment maintains component supply continuity, prevents retail channel stockouts, and preserves hardware segment gross margin targets against raw material price volatility.","[{""name"": ""Weather_Risk"", ""value"": ""Elevated"", ""unit"": ""metric"", ""observed_on"": ""2025-10-30""}, {""name"": ""Supplier_Exposure"", ""value"": ""High"", ""unit"": ""metric"", ""observed_on"": ""2025-10-30""}, {""name"": ""Audit_Cost"", ""value"": ""$9M"", ""unit"": ""USD"", ""observed_on"": ""2025-10-30""}]",Operations,reported,"{operations,maintain}",Finance,"During executive review of Stress-Test Contract Manufacturer Disaster Recovery Plans, Finance questioned urgency; Ops cited climate volatility trends; Operations emphasized protecting factory throughput and carrier delivery SLAs with assembly partners Foxconn and Luxshare; Finance objected to higher working capital commitments and freight expediting surcharges; Executive leadership approved the operational measure subject to weekly yield and inventory velocity monitoring."
AAPL-2025Q4-0020,Apple Inc.,2025-10-30,quarterly_filings/2025_Q4.pdf,https://www.sec.gov/ix?doc=/Archives/edgar/data/0000320193/000032019325000095/aapl-20250927.htm,Item 2. Management's Discussion and Analysis - Operations & Supply Chain,Disclosure Context (2025Q4): Trigger: 'Holiday order fraud attempts increased 21%'. Management Action: 'Introduce Real-Time Fraud Detection for Holiday Online Orders'. Scope: 'Apple channel and manufacturing operations executed the formal decision regarding Introduce Real-Time Fraud Detection for Hol...'. Rationale: 'Reduces chargebacks and fraudulent shipments. This operational adjustment maintains component supply cont...'.,Introduce Real-Time Fraud Detection for Holiday Online Orders,"Apple channel and manufacturing operations executed the formal decision regarding Introduce Real-Time Fraud Detection for Holiday Online Orders. Operations leadership directed logistics and supply chain coordinators to coordinate directly with primary assembly partners Foxconn, Luxshare Precision, and Pegatron to adjust line throughput, buffer stock thresholds, and regional distribution allocations across North America, Europe, and Asia-Pacific.",Enhanced detection,maintain,"Reduces chargebacks and fraudulent shipments. This operational adjustment maintains component supply continuity, prevents retail channel stockouts, and preserves hardware segment gross margin targets against raw material price volatility.","[{""name"": ""Fraud_Attempts"", ""value"": ""+21%"", ""unit"": ""percentage"", ""observed_on"": ""2025-10-30""}, {""name"": ""Chargeback_Risk"", ""value"": ""$75M"", ""unit"": ""USD"", ""observed_on"": ""2025-10-30""}, {""name"": ""False_Positive_Rate"", ""value"": ""+2%"", ""unit"": ""percentage"", ""observed_on"": ""2025-10-30""}]",Operations,reported,"{operations,maintain}",Finance;Legal,"During executive review of Introduce Real-Time Fraud Detection for Holiday Online Orders, Finance concerned about false positives; Ops prioritized fraud containment; Operations emphasized protecting factory throughput and carrier delivery SLAs with assembly partners Foxconn and Luxshare; Finance objected to higher working capital commitments and freight expediting surcharges; Executive leadership approved the operational measure subject to weekly yield and inventory velocity monitoring."
AAPL-2025Q4-0021,Apple Inc.,2025-10-30,quarterly_filings/2025_Q4.pdf,https://www.sec.gov/ix?doc=/Archives/edgar/data/0000320193/000032019325000095/aapl-20250927.htm,Item 2. Management's Discussion and Analysis - Operations & Supply Chain,Disclosure Context (2025Q4): Trigger: 'Resellers exploiting price differentials across regions'. Management Action: 'Mitigate Gray Market Export Arbitrage in Asia'. Scope: 'Apple channel and manufacturing operations executed the formal decision regarding Mitigate Gray Market Export Arbitrage in As...'. Rationale: 'Protects regional pricing integrity and channel balance. This operational adjustment maintains component ...'.,Mitigate Gray Market Export Arbitrage in Asia,"Apple channel and manufacturing operations executed the formal decision regarding Mitigate Gray Market Export Arbitrage in Asia. Operations leadership directed logistics and supply chain coordinators to coordinate directly with primary assembly partners Foxconn, Luxshare Precision, and Pegatron to adjust line throughput, buffer stock thresholds, and regional distribution allocations across North America, Europe, and Asia-Pacific.",Restrict bulk shipments,maintain,"Protects regional pricing integrity and channel balance. This operational adjustment maintains component supply continuity, prevents retail channel stockouts, and preserves hardware segment gross margin targets against raw material price volatility.","[{""name"": ""Price_Delta"", ""value"": ""+7%"", ""unit"": ""percentage"", ""observed_on"": ""2025-10-30""}, {""name"": ""Arbitrage_Volume"", ""value"": ""Moderate"", ""unit"": ""metric"", ""observed_on"": ""2025-10-30""}, {""name"": ""Revenue_Risk"", ""value"": ""Low"", ""unit"": ""metric"", ""observed_on"": ""2025-10-30""}]",Operations,reported,"{operations,maintain}",Finance;Legal,"During executive review of Mitigate Gray Market Export Arbitrage in Asia, Finance feared short-term revenue dip; Ops prioritized pricing control; Operations emphasized protecting factory throughput and carrier delivery SLAs with assembly partners Foxconn and Luxshare; Finance objected to higher working capital commitments and freight expediting surcharges; Executive leadership approved the operational measure subject to weekly yield and inventory velocity monitoring."
AAPL-2025Q4-0022,Apple Inc.,2025-10-30,quarterly_filings/2025_Q4.pdf,https://www.sec.gov/ix?doc=/Archives/edgar/data/0000320193/000032019325000095/aapl-20250927.htm,Item 2. Management's Discussion and Analysis - Operations & Supply Chain,Disclosure Context (2025Q4): Trigger: 'Inconsistent in-store pricing adjustments during promotions'. Management Action: 'Deploy Dynamic Pricing Alerts to Retail Managers'. Scope: 'Apple channel and manufacturing operations executed the formal decision regarding Deploy Dynamic Pricing Alerts to Retail Man...'. Rationale: 'Prevents margin leakage from mispriced units. This operational adjustment maintains component supply cont...'.,Deploy Dynamic Pricing Alerts to Retail Managers,"Apple channel and manufacturing operations executed the formal decision regarding Deploy Dynamic Pricing Alerts to Retail Managers. Operations leadership directed logistics and supply chain coordinators to coordinate directly with primary assembly partners Foxconn, Luxshare Precision, and Pegatron to adjust line throughput, buffer stock thresholds, and regional distribution allocations across North America, Europe, and Asia-Pacific.",Automated alerts,maintain,"Prevents margin leakage from mispriced units. This operational adjustment maintains component supply continuity, prevents retail channel stockouts, and preserves hardware segment gross margin targets against raw material price volatility.","[{""name"": ""Pricing_Error"", ""value"": ""+4%"", ""unit"": ""percentage"", ""observed_on"": ""2025-10-30""}, {""name"": ""Margin_Leak"", ""value"": ""$28M"", ""unit"": ""USD"", ""observed_on"": ""2025-10-30""}, {""name"": ""Implementation_Cost"", ""value"": ""$5M"", ""unit"": ""USD"", ""observed_on"": ""2025-10-30""}]",Operations,reported,"{operations,maintain}",Finance,"During executive review of Deploy Dynamic Pricing Alerts to Retail Managers, Finance supported margin protection; Ops managed system rollout risk; Operations emphasized protecting factory throughput and carrier delivery SLAs with assembly partners Foxconn and Luxshare; Finance objected to higher working capital commitments and freight expediting surcharges; Executive leadership approved the operational measure subject to weekly yield and inventory velocity monitoring."
AAPL-2025Q4-0023,Apple Inc.,2025-10-30,quarterly_filings/2025_Q4.pdf,https://www.sec.gov/ix?doc=/Archives/edgar/data/0000320193/000032019325000095/aapl-20250927.htm,Item 2. Management's Discussion and Analysis - Operations & Supply Chain,Disclosure Context (2025Q4): Trigger: 'Increased geopolitical risk across supplier regions'. Management Action: 'Purchase Supply Chain Disruption Insurance'. Scope: 'Apple channel and manufacturing operations executed the formal decision regarding Purchase Supply Chain Disruption Insurance....'. Rationale: 'Transfers catastrophic disruption risk before Q1 ramp. This operational adjustment maintains component su...'.,Purchase Supply Chain Disruption Insurance,"Apple channel and manufacturing operations executed the formal decision regarding Purchase Supply Chain Disruption Insurance. Operations leadership directed logistics and supply chain coordinators to coordinate directly with primary assembly partners Foxconn, Luxshare Precision, and Pegatron to adjust line throughput, buffer stock thresholds, and regional distribution allocations across North America, Europe, and Asia-Pacific.",Purchase coverage,maintain,"Transfers catastrophic disruption risk before Q1 ramp. This operational adjustment maintains component supply continuity, prevents retail channel stockouts, and preserves hardware segment gross margin targets against raw material price volatility.","[{""name"": ""Coverage_Cost"", ""value"": ""$18M"", ""unit"": ""USD"", ""observed_on"": ""2025-10-30""}, {""name"": ""Disruption_Exposure"", ""value"": ""$1.2B"", ""unit"": ""USD"", ""observed_on"": ""2025-10-30""}, {""name"": ""Probability"", ""value"": ""Low"", ""unit"": ""metric"", ""observed_on"": ""2025-10-30""}]",Operations,reported,"{operations,maintain}",Finance,"During executive review of Purchase Supply Chain Disruption Insurance, Finance questioned premium cost; Ops prioritized downside protection; Operations emphasized protecting factory throughput and carrier delivery SLAs with assembly partners Foxconn and Luxshare; Finance objected to higher working capital commitments and freight expediting surcharges; Executive leadership approved the operational measure subject to weekly yield and inventory velocity monitoring."
AAPL-2025Q4-0024,Apple Inc.,2025-10-30,quarterly_filings/2025_Q4.pdf,https://www.sec.gov/ix?doc=/Archives/edgar/data/0000320193/000032019325000095/aapl-20250927.htm,Item 2. Management's Discussion and Analysis - Operations & Supply Chain,Disclosure Context (2025Q4): Trigger: 'Early wafer yield variance across fabs'. Management Action: 'Reprioritize Silicon Wafer Allocation to M5 Yield-Optimized Lots'. Scope: 'Apple channel and manufacturing operations executed the formal decision regarding Reprioritize Silicon Wafer Allocation to M5...'. Rationale: 'Maximizes output efficiency during peak build cycle. This operational adjustment maintains component supp...'.,Reprioritize Silicon Wafer Allocation to M5 Yield-Optimized Lots,"Apple channel and manufacturing operations executed the formal decision regarding Reprioritize Silicon Wafer Allocation to M5 Yield-Optimized Lots. Operations leadership directed logistics and supply chain coordinators to coordinate directly with primary assembly partners Foxconn, Luxshare Precision, and Pegatron to adjust line throughput, buffer stock thresholds, and regional distribution allocations across North America, Europe, and Asia-Pacific.",Yield-priority,revise,"Maximizes output efficiency during peak build cycle. This operational adjustment maintains component supply continuity, prevents retail channel stockouts, and preserves hardware segment gross margin targets against raw material price volatility.","[{""name"": ""Yield_Variance"", ""value"": ""3.2%"", ""unit"": ""percentage"", ""observed_on"": ""2025-10-30""}, {""name"": ""Output_Gain"", ""value"": ""+4%"", ""unit"": ""percentage"", ""observed_on"": ""2025-10-30""}, {""name"": ""Scrap_Reduction"", ""value"": ""$45M"", ""unit"": ""USD"", ""observed_on"": ""2025-10-30""}]",Operations,reported,"{operations,revise}",Finance;R&D,"During executive review of Reprioritize Silicon Wafer Allocation to M5 Yield-Optimized Lots, Finance supported cost savings; R&D monitored binning impact; Operations emphasized protecting factory throughput and carrier delivery SLAs with assembly partners Foxconn and Luxshare; Finance objected to higher working capital commitments and freight expediting surcharges; Executive leadership approved the operational measure subject to weekly yield and inventory velocity monitoring."
AAPL-2025Q4-0025,Apple Inc.,2025-10-30,quarterly_filings/2025_Q4.pdf,https://www.sec.gov/ix?doc=/Archives/edgar/data/0000320193/000032019325000095/aapl-20250927.htm,Item 2. Management's Discussion and Analysis - Operations & Supply Chain,"Disclosure Context (2025Q4): Trigger: 'Q4 demand strength projected into Q1'. Management Action: 'Pre-Authorize Emergency Supplier Capacity for Q1 Continuity'. Scope: 'Apple channel and manufacturing operations executed the formal decision regarding Pre-Authorize Emergency Supplier Capacity f...'. Rationale: 'Prevents post-holiday production gap. This operational adjustment maintains component supply continuity, ...'.",Pre-Authorize Emergency Supplier Capacity for Q1 Continuity,"Apple channel and manufacturing operations executed the formal decision regarding Pre-Authorize Emergency Supplier Capacity for Q1 Continuity. Operations leadership directed logistics and supply chain coordinators to coordinate directly with primary assembly partners Foxconn, Luxshare Precision, and Pegatron to adjust line throughput, buffer stock thresholds, and regional distribution allocations across North America, Europe, and Asia-Pacific.",Pre-authorize capacity,approve,"Prevents post-holiday production gap. This operational adjustment maintains component supply continuity, prevents retail channel stockouts, and preserves hardware segment gross margin targets against raw material price volatility.","[{""name"": ""Forecast_Q1"", ""value"": ""+9%"", ""unit"": ""percentage"", ""observed_on"": ""2025-10-30""}, {""name"": ""Capacity_Risk"", ""value"": ""Medium"", ""unit"": ""metric"", ""observed_on"": ""2025-10-30""}, {""name"": ""Standby_Fee"", ""value"": ""$25M"", ""unit"": ""USD"", ""observed_on"": ""2025-10-30""}]",Operations,reported,"{operations,approve}",Finance,"During executive review of Pre-Authorize Emergency Supplier Capacity for Q1 Continuity, Finance worried about unused capacity fees; Ops prioritized readiness; Operations emphasized protecting factory throughput and carrier delivery SLAs with assembly partners Foxconn and Luxshare; Finance objected to higher working capital commitments and freight expediting surcharges; Executive leadership approved the operational measure subject to weekly yield and inventory velocity monitoring."
AAPL-2025Q4-0026,Apple Inc.,2025-10-30,quarterly_filings/2025_Q4.pdf,https://www.sec.gov/ix?doc=/Archives/edgar/data/0000320193/000032019325000095/aapl-20250927.htm,Item 2. Management's Discussion and Analysis - Operations & Supply Chain,Disclosure Context (2025Q4): Trigger: 'Last-week demand volatility spiked 14%'. Management Action: 'Adopt Demand-Sensing AI for Final Week Allocation'. Scope: 'Apple channel and manufacturing operations executed the formal decision regarding Adopt Demand-Sensing AI for Final Week Allo...'. Rationale: 'Improves sell-through precision during earnings window. This operational adjustment maintains component s...'.,Adopt Demand-Sensing AI for Final Week Allocation,"Apple channel and manufacturing operations executed the formal decision regarding Adopt Demand-Sensing AI for Final Week Allocation. Operations leadership directed logistics and supply chain coordinators to coordinate directly with primary assembly partners Foxconn, Luxshare Precision, and Pegatron to adjust line throughput, buffer stock thresholds, and regional distribution allocations across North America, Europe, and Asia-Pacific.",AI demand sensing,maintain,"Improves sell-through precision during earnings window. This operational adjustment maintains component supply continuity, prevents retail channel stockouts, and preserves hardware segment gross margin targets against raw material price volatility.","[{""name"": ""Demand_Variance"", ""value"": ""+14%"", ""unit"": ""percentage"", ""observed_on"": ""2025-10-30""}, {""name"": ""Allocation_Error"", ""value"": ""-35%"", ""unit"": ""percentage"", ""observed_on"": ""2025-10-30""}, {""name"": ""Revenue_Uplift"", ""value"": ""+0.5%"", ""unit"": ""percentage"", ""observed_on"": ""2025-10-30""}]",Operations,reported,"{operations,maintain}",Finance;R&D,"During executive review of Adopt Demand-Sensing AI for Final Week Allocation, Finance supported uplift; R&D monitored model bias risk; Operations emphasized protecting factory throughput and carrier delivery SLAs with assembly partners Foxconn and Luxshare; Finance objected to higher working capital commitments and freight expediting surcharges; Executive leadership approved the operational measure subject to weekly yield and inventory velocity monitoring."
AAPL-2025Q4-0027,Apple Inc.,2025-10-30,quarterly_filings/2025_Q4.pdf,https://www.sec.gov/ix?doc=/Archives/edgar/data/0000320193/000032019325000095/aapl-20250927.htm,Item 2. Management's Discussion and Analysis - Operations & Supply Chain,Disclosure Context (2025Q4): Trigger: 'Holiday repair intake exceeded forecast by 16%'. Management Action: 'Pre-Authorize Emergency Component Swaps for Holiday Repairs'. Scope: 'Apple channel and manufacturing operations executed the formal decision regarding Pre-Authorize Emergency Component Swaps for...'. Rationale: 'Maintains repair SLA during peak without full supply chain expansion. This operational adjustment maintai...'.,Pre-Authorize Emergency Component Swaps for Holiday Repairs,"Apple channel and manufacturing operations executed the formal decision regarding Pre-Authorize Emergency Component Swaps for Holiday Repairs. Operations leadership directed logistics and supply chain coordinators to coordinate directly with primary assembly partners Foxconn, Luxshare Precision, and Pegatron to adjust line throughput, buffer stock thresholds, and regional distribution allocations across North America, Europe, and Asia-Pacific.",Allow certified alternates,approve,"Maintains repair SLA during peak without full supply chain expansion. This operational adjustment maintains component supply continuity, prevents retail channel stockouts, and preserves hardware segment gross margin targets against raw material price volatility.","[{""name"": ""Repair_Intake"", ""value"": ""+16%"", ""unit"": ""percentage"", ""observed_on"": ""2025-10-30""}, {""name"": ""SLA_Risk"", ""value"": ""High"", ""unit"": ""metric"", ""observed_on"": ""2025-10-30""}, {""name"": ""Cost_Impact"", ""value"": ""+$12M"", ""unit"": ""USD"", ""observed_on"": ""2025-10-30""}]",Operations,reported,"{operations,approve}",Finance;Legal,"During executive review of Pre-Authorize Emergency Component Swaps for Holiday Repairs, Legal warned warranty exposure; Ops prioritized SLA compliance; Operations emphasized protecting factory throughput and carrier delivery SLAs with assembly partners Foxconn and Luxshare; Finance objected to higher working capital commitments and freight expediting surcharges; Executive leadership approved the operational measure subject to weekly yield and inventory velocity monitoring."
AAPL-2025Q4-0028,Apple Inc.,2025-10-30,quarterly_filings/2025_Q4.pdf,https://www.sec.gov/ix?doc=/Archives/edgar/data/0000320193/000032019325000095/aapl-20250927.htm,Item 2. Management's Discussion and Analysis - Operations & Supply Chain,"Disclosure Context (2025Q4): Trigger: 'Carrier pre-orders varied significantly by region'. Management Action: 'Dynamic Carrier Allocation for iPhone 17 Shipments'. Scope: 'Apple channel and manufacturing operations executed the formal decision regarding Dynamic Carrier Allocation for iPhone 17 Sh...'. Rationale: 'Maximizes early sell-through velocity. This operational adjustment maintains component supply continuity,...'.",Dynamic Carrier Allocation for iPhone 17 Shipments,"Apple channel and manufacturing operations executed the formal decision regarding Dynamic Carrier Allocation for iPhone 17 Shipments. Operations leadership directed logistics and supply chain coordinators to coordinate directly with primary assembly partners Foxconn, Luxshare Precision, and Pegatron to adjust line throughput, buffer stock thresholds, and regional distribution allocations across North America, Europe, and Asia-Pacific.",Dynamic allocation,maintain,"Maximizes early sell-through velocity. This operational adjustment maintains component supply continuity, prevents retail channel stockouts, and preserves hardware segment gross margin targets against raw material price volatility.","[{""name"": ""Carrier_Variance"", ""value"": ""21%"", ""unit"": ""percentage"", ""observed_on"": ""2025-10-30""}, {""name"": ""ASP"", ""value"": ""+4%"", ""unit"": ""percentage"", ""observed_on"": ""2025-10-30""}, {""name"": ""Logistics_Cost"", ""value"": ""+$5M"", ""unit"": ""USD"", ""observed_on"": ""2025-10-30""}]",Operations,reported,"{operations,maintain}",Finance,"During executive review of Dynamic Carrier Allocation for iPhone 17 Shipments, Finance supported revenue acceleration strategy; Operations emphasized protecting factory throughput and carrier delivery SLAs with assembly partners Foxconn and Luxshare; Finance objected to higher working capital commitments and freight expediting surcharges; Executive leadership approved the operational measure subject to weekly yield and inventory velocity monitoring."
AAPL-2025Q4-0029,Apple Inc.,2025-10-30,quarterly_filings/2025_Q4.pdf,https://www.sec.gov/ix?doc=/Archives/edgar/data/0000320193/000032019325000095/aapl-20250927.htm,Item 2. Management's Discussion and Analysis - Operations & Supply Chain,Disclosure Context (2025Q4): Trigger: 'Early reviews flagged inconsistent mic clarity'. Management Action: 'Increase On-Site QA for AirPods Pro 3 Microphones'. Scope: 'Apple channel and manufacturing operations executed the formal decision regarding Increase On-Site QA for AirPods Pro 3 Micro...'. Rationale: 'Protects product reviews during record holiday quarter. This operational adjustment maintains component s...'.,Increase On-Site QA for AirPods Pro 3 Microphones,"Apple channel and manufacturing operations executed the formal decision regarding Increase On-Site QA for AirPods Pro 3 Microphones. Operations leadership directed logistics and supply chain coordinators to coordinate directly with primary assembly partners Foxconn, Luxshare Precision, and Pegatron to adjust line throughput, buffer stock thresholds, and regional distribution allocations across North America, Europe, and Asia-Pacific.",Add acoustic QA,expand,"Protects product reviews during record holiday quarter. This operational adjustment maintains component supply continuity, prevents retail channel stockouts, and preserves hardware segment gross margin targets against raw material price volatility.","[{""name"": ""Review_Sentiment"", ""value"": ""Mixed"", ""unit"": ""metric"", ""observed_on"": ""2025-10-30""}, {""name"": ""QA_Cost"", ""value"": ""+$7M"", ""unit"": ""USD"", ""observed_on"": ""2025-10-30""}, {""name"": ""Return_Risk"", ""value"": ""-$40M"", ""unit"": ""USD"", ""observed_on"": ""2025-10-30""}]",Operations,reported,"{operations,expand}",Finance;R&D,"During executive review of Increase On-Site QA for AirPods Pro 3 Microphones, Finance wary of cost; Ops prioritized review impact; Operations emphasized protecting factory throughput and carrier delivery SLAs with assembly partners Foxconn and Luxshare; Finance objected to higher working capital commitments and freight expediting surcharges; Executive leadership approved the operational measure subject to weekly yield and inventory velocity monitoring."
AAPL-2025Q4-0030,Apple Inc.,2025-10-30,quarterly_filings/2025_Q4.pdf,https://www.sec.gov/ix?doc=/Archives/edgar/data/0000320193/000032019325000095/aapl-20250927.htm,Item 2. Management's Discussion and Analysis - Operations & Supply Chain,Disclosure Context (2025Q4): Trigger: 'iPhone 17 social chatter spiked during Black Friday'. Management Action: 'Deploy Real-Time Social Sentiment Dashboard for Launch Monitoring'. Scope: 'Apple channel and manufacturing operations executed the formal decision regarding Deploy Real-Time Social Sentiment Dashboard...'. Rationale: 'Enables faster response to viral product concerns. This operational adjustment maintains component supply...'.,Deploy Real-Time Social Sentiment Dashboard for Launch Monitoring,"Apple channel and manufacturing operations executed the formal decision regarding Deploy Real-Time Social Sentiment Dashboard for Launch Monitoring. Operations leadership directed logistics and supply chain coordinators to coordinate directly with primary assembly partners Foxconn, Luxshare Precision, and Pegatron to adjust line throughput, buffer stock thresholds, and regional distribution allocations across North America, Europe, and Asia-Pacific.",AI dashboard,maintain,"Enables faster response to viral product concerns. This operational adjustment maintains component supply continuity, prevents retail channel stockouts, and preserves hardware segment gross margin targets against raw material price volatility.","[{""name"": ""Social_Volume"", ""value"": ""+40%"", ""unit"": ""percentage"", ""observed_on"": ""2025-10-30""}, {""name"": ""Escalation_Time"", ""value"": ""-35%"", ""unit"": ""percentage"", ""observed_on"": ""2025-10-30""}, {""name"": ""Tool_Cost"", ""value"": ""$4M"", ""unit"": ""USD"", ""observed_on"": ""2025-10-30""}]",Operations,reported,"{operations,maintain}",Finance;R&D,"During executive review of Deploy Real-Time Social Sentiment Dashboard for Launch Monitoring, Finance saw minor ROI; Ops highlighted crisis prevention; Operations emphasized protecting factory throughput and carrier delivery SLAs with assembly partners Foxconn and Luxshare; Finance objected to higher working capital commitments and freight expediting surcharges; Executive leadership approved the operational measure subject to weekly yield and inventory velocity monitoring."
AAPL-2025Q4-0031,Apple Inc.,2025-10-30,quarterly_filings/2025_Q4.pdf,https://www.sec.gov/ix?doc=/Archives/edgar/data/0000320193/000032019325000095/aapl-20250927.htm,Item 2. Management's Discussion and Analysis - Operations & Supply Chain,Disclosure Context (2025Q4): Trigger: 'Watch Ultra demand exceeded forecast by 19%'. Management Action: 'Activate Secondary Assembly Line for Apple Watch Ultra'. Scope: 'Apple channel and manufacturing operations executed the formal decision regarding Activate Secondary Assembly Line for Apple ...'. Rationale: 'Prevents stockouts during premium holiday push. This operational adjustment maintains component supply co...'.,Activate Secondary Assembly Line for Apple Watch Ultra,"Apple channel and manufacturing operations executed the formal decision regarding Activate Secondary Assembly Line for Apple Watch Ultra. Operations leadership directed logistics and supply chain coordinators to coordinate directly with primary assembly partners Foxconn, Luxshare Precision, and Pegatron to adjust line throughput, buffer stock thresholds, and regional distribution allocations across North America, Europe, and Asia-Pacific.",Activate secondary line,maintain,"Prevents stockouts during premium holiday push. This operational adjustment maintains component supply continuity, prevents retail channel stockouts, and preserves hardware segment gross margin targets against raw material price volatility.","[{""name"": ""Watch_Demand"", ""value"": ""+19%"", ""unit"": ""percentage"", ""observed_on"": ""2025-10-30""}, {""name"": ""Margin"", ""value"": ""+8%"", ""unit"": ""percentage"", ""observed_on"": ""2025-10-30""}, {""name"": ""Ramp_Cost"", ""value"": ""$14M"", ""unit"": ""USD"", ""observed_on"": ""2025-10-30""}]",Operations,reported,"{operations,maintain}",Finance;R&D,"During executive review of Activate Secondary Assembly Line for Apple Watch Ultra, Finance cautious about temporary ramp cost; Operations emphasized protecting factory throughput and carrier delivery SLAs with assembly partners Foxconn and Luxshare; Finance objected to higher working capital commitments and freight expediting surcharges; Executive leadership approved the operational measure subject to weekly yield and inventory velocity monitoring."
AAPL-2025Q4-0032,Apple Inc.,2025-10-30,quarterly_filings/2025_Q4.pdf,https://www.sec.gov/ix?doc=/Archives/edgar/data/0000320193/000032019325000095/aapl-20250927.htm,Item 2. Management's Discussion and Analysis - Operations & Supply Chain,Disclosure Context (2025Q4): Trigger: 'Air freight capacity constrained for premium SKUs'. Management Action: 'Reconfigure Final Packaging for AirPods Freight Density'. Scope: 'Apple channel and manufacturing operations executed the formal decision regarding Reconfigure Final Packaging for AirPods Fre...'. Rationale: 'Improves shipment efficiency without product redesign. This operational adjustment maintains component su...'.,Reconfigure Final Packaging for AirPods Freight Density,"Apple channel and manufacturing operations executed the formal decision regarding Reconfigure Final Packaging for AirPods Freight Density. Operations leadership directed logistics and supply chain coordinators to coordinate directly with primary assembly partners Foxconn, Luxshare Precision, and Pegatron to adjust line throughput, buffer stock thresholds, and regional distribution allocations across North America, Europe, and Asia-Pacific.",Optimize density,maintain,"Improves shipment efficiency without product redesign. This operational adjustment maintains component supply continuity, prevents retail channel stockouts, and preserves hardware segment gross margin targets against raw material price volatility.","[{""name"": ""Freight_Capacity"", ""value"": ""Limited"", ""unit"": ""metric"", ""observed_on"": ""2025-10-30""}, {""name"": ""Density"", ""value"": ""+12%"", ""unit"": ""percentage"", ""observed_on"": ""2025-10-30""}, {""name"": ""Cost_Saving"", ""value"": ""$6M"", ""unit"": ""USD"", ""observed_on"": ""2025-10-30""}]",Operations,reported,"{operations,maintain}",Finance,"During executive review of Reconfigure Final Packaging for AirPods Freight Density, Finance supported savings; Operations emphasized protecting factory throughput and carrier delivery SLAs with assembly partners Foxconn and Luxshare; Finance objected to higher working capital commitments and freight expediting surcharges; Executive leadership approved the operational measure subject to weekly yield and inventory velocity monitoring."
AAPL-2025Q4-0033,Apple Inc.,2025-10-30,quarterly_filings/2025_Q4.pdf,https://www.sec.gov/ix?doc=/Archives/edgar/data/0000320193/000032019325000095/aapl-20250927.htm,Item 2. Management's Discussion and Analysis - Operations & Supply Chain,Disclosure Context (2025Q4): Trigger: 'High-value customers demanded faster device swaps'. Management Action: 'Launch Holiday Rapid Replacement Program for Pro Models'. Scope: 'Apple channel and manufacturing operations executed the formal decision regarding Launch Holiday Rapid Replacement Program fo...'. Rationale: 'Enhances premium perception for Pro buyers. This operational adjustment maintains component supply contin...'.,Launch Holiday Rapid Replacement Program for Pro Models,"Apple channel and manufacturing operations executed the formal decision regarding Launch Holiday Rapid Replacement Program for Pro Models. Operations leadership directed logistics and supply chain coordinators to coordinate directly with primary assembly partners Foxconn, Luxshare Precision, and Pegatron to adjust line throughput, buffer stock thresholds, and regional distribution allocations across North America, Europe, and Asia-Pacific.",Rapid tier,maintain,"Enhances premium perception for Pro buyers. This operational adjustment maintains component supply continuity, prevents retail channel stockouts, and preserves hardware segment gross margin targets against raw material price volatility.","[{""name"": ""Pro_ASP"", ""value"": ""+18%"", ""unit"": ""percentage"", ""observed_on"": ""2025-10-30""}, {""name"": ""Replacement_Cost"", ""value"": ""+$9M"", ""unit"": ""USD"", ""observed_on"": ""2025-10-30""}, {""name"": ""Retention"", ""value"": ""+3%"", ""unit"": ""percentage"", ""observed_on"": ""2025-10-30""}]",Operations,reported,"{operations,maintain}",Finance;Legal,"During executive review of Launch Holiday Rapid Replacement Program for Pro Models, Finance wary of logistics cost; Operations emphasized protecting factory throughput and carrier delivery SLAs with assembly partners Foxconn and Luxshare; Finance objected to higher working capital commitments and freight expediting surcharges; Executive leadership approved the operational measure subject to weekly yield and inventory velocity monitoring."
AAPL-2025Q4-0034,Apple Inc.,2025-10-30,quarterly_filings/2025_Q4.pdf,https://www.sec.gov/ix?doc=/Archives/edgar/data/0000320193/000032019325000095/aapl-20250927.htm,Item 2. Management's Discussion and Analysis - Operations & Supply Chain,"Disclosure Context (2025Q4): Trigger: 'Return rate for bands and accessories rose 11%'. Management Action: 'Reduce Holiday Returns Through AI Size Recommendation'. Scope: 'Apple channel and manufacturing operations executed the formal decision regarding Reduce Holiday Returns Through AI Size Reco...'. Rationale: 'Reduces return logistics cost. This operational adjustment maintains component supply continuity, prevent...'.",Reduce Holiday Returns Through AI Size Recommendation,"Apple channel and manufacturing operations executed the formal decision regarding Reduce Holiday Returns Through AI Size Recommendation. Operations leadership directed logistics and supply chain coordinators to coordinate directly with primary assembly partners Foxconn, Luxshare Precision, and Pegatron to adjust line throughput, buffer stock thresholds, and regional distribution allocations across North America, Europe, and Asia-Pacific.",AI recommendation,reduce,"Reduces return logistics cost. This operational adjustment maintains component supply continuity, prevents retail channel stockouts, and preserves hardware segment gross margin targets against raw material price volatility.","[{""name"": ""Return_Rate"", ""value"": ""+11%"", ""unit"": ""percentage"", ""observed_on"": ""2025-10-30""}, {""name"": ""Return_Cost"", ""value"": ""$32M"", ""unit"": ""USD"", ""observed_on"": ""2025-10-30""}, {""name"": ""Reduction"", ""value"": ""-6%"", ""unit"": ""percentage"", ""observed_on"": ""2025-10-30""}]",Operations,reported,"{operations,reduce}",Finance;R&D,"During executive review of Reduce Holiday Returns Through AI Size Recommendation, Finance supported margin benefit; Operations emphasized protecting factory throughput and carrier delivery SLAs with assembly partners Foxconn and Luxshare; Finance objected to higher working capital commitments and freight expediting surcharges; Executive leadership approved the operational measure subject to weekly yield and inventory velocity monitoring."
AAPL-2025Q4-0035,Apple Inc.,2025-10-30,quarterly_filings/2025_Q4.pdf,https://www.sec.gov/ix?doc=/Archives/edgar/data/0000320193/000032019325000095/aapl-20250927.htm,Item 2. Management's Discussion and Analysis - Operations & Supply Chain,"Disclosure Context (2025Q4): Trigger: 'Retail staffing misaligned with traffic spikes'. Management Action: 'Introduce AI-Based Holiday Workforce Scheduling'. Scope: 'Apple channel and manufacturing operations executed the formal decision regarding Introduce AI-Based Holiday Workforce Schedu...'. Rationale: 'Improves labor efficiency during peak. This operational adjustment maintains component supply continuity,...'.",Introduce AI-Based Holiday Workforce Scheduling,"Apple channel and manufacturing operations executed the formal decision regarding Introduce AI-Based Holiday Workforce Scheduling. Operations leadership directed logistics and supply chain coordinators to coordinate directly with primary assembly partners Foxconn, Luxshare Precision, and Pegatron to adjust line throughput, buffer stock thresholds, and regional distribution allocations across North America, Europe, and Asia-Pacific.",AI scheduling,maintain,"Improves labor efficiency during peak. This operational adjustment maintains component supply continuity, prevents retail channel stockouts, and preserves hardware segment gross margin targets against raw material price volatility.","[{""name"": ""Traffic_Variance"", ""value"": ""+17%"", ""unit"": ""percentage"", ""observed_on"": ""2025-10-30""}, {""name"": ""Labor_Cost"", ""value"": ""-8%"", ""unit"": ""percentage"", ""observed_on"": ""2025-10-30""}, {""name"": ""Sales"", ""value"": ""+3%"", ""unit"": ""percentage"", ""observed_on"": ""2025-10-30""}]",Operations,reported,"{operations,maintain}",Finance,"During executive review of Introduce AI-Based Holiday Workforce Scheduling, Finance strongly supported savings; Operations emphasized protecting factory throughput and carrier delivery SLAs with assembly partners Foxconn and Luxshare; Finance objected to higher working capital commitments and freight expediting surcharges; Executive leadership approved the operational measure subject to weekly yield and inventory velocity monitoring."
AAPL-2025Q4-0036,Apple Inc.,2025-10-30,quarterly_filings/2025_Q4.pdf,https://www.sec.gov/ix?doc=/Archives/edgar/data/0000320193/000032019325000095/aapl-20250927.htm,Item 2. Management's Discussion and Analysis - Operations & Supply Chain,Disclosure Context (2025Q4): Trigger: 'APAC shipments faced port inspection delays'. Management Action: 'Deploy Automated Customs Preclearance For APAC'. Scope: 'Apple channel and manufacturing operations executed the formal decision regarding Deploy Automated Customs Preclearance For A...'. Rationale: 'Reduces holiday transit time and prevents retail stockouts. This operational adjustment maintains compone...'.,Deploy Automated Customs Preclearance For APAC,"Apple channel and manufacturing operations executed the formal decision regarding Deploy Automated Customs Preclearance For APAC. Operations leadership directed logistics and supply chain coordinators to coordinate directly with primary assembly partners Foxconn, Luxshare Precision, and Pegatron to adjust line throughput, buffer stock thresholds, and regional distribution allocations across North America, Europe, and Asia-Pacific.",Automate preclearance,maintain,"Reduces holiday transit time and prevents retail stockouts. This operational adjustment maintains component supply continuity, prevents retail channel stockouts, and preserves hardware segment gross margin targets against raw material price volatility.","[{""name"": ""Transit Delay"", ""value"": ""+3 days"", ""unit"": ""metric"", ""observed_on"": ""2025-10-30""}, {""name"": ""Clearance Time"", ""value"": ""-40%"", ""unit"": ""percentage"", ""observed_on"": ""2025-10-30""}, {""name"": ""Cost"", ""value"": ""+$5M"", ""unit"": ""USD"", ""observed_on"": ""2025-10-30""}]",Operations,reported,"{operations,maintain}",Finance; Legal,"During executive review of Deploy Automated Customs Preclearance For APAC, Legal reviewed data sharing compliance; Operations emphasized protecting factory throughput and carrier delivery SLAs with assembly partners Foxconn and Luxshare; Finance objected to higher working capital commitments and freight expediting surcharges; Executive leadership approved the operational measure subject to weekly yield and inventory velocity monitoring."
AAPL-2025Q4-0037,Apple Inc.,2025-10-30,quarterly_filings/2025_Q4.pdf,https://www.sec.gov/ix?doc=/Archives/edgar/data/0000320193/000032019325000095/aapl-20250927.htm,Item 2. Management's Discussion and Analysis - Operations & Supply Chain,Disclosure Context (2025Q4): Trigger: 'Day-shift output plateaued during M5 demand spike'. Management Action: 'Shift MacBook Pro Assembly To Night Cycle'. Scope: 'Apple channel and manufacturing operations executed the formal decision regarding Shift MacBook Pro Assembly To Night Cycle. ...'. Rationale: 'Improves output without overtime premium. This operational adjustment maintains component supply continui...'.,Shift MacBook Pro Assembly To Night Cycle,"Apple channel and manufacturing operations executed the formal decision regarding Shift MacBook Pro Assembly To Night Cycle. Operations leadership directed logistics and supply chain coordinators to coordinate directly with primary assembly partners Foxconn, Luxshare Precision, and Pegatron to adjust line throughput, buffer stock thresholds, and regional distribution allocations across North America, Europe, and Asia-Pacific.",Add night cycle,maintain,"Improves output without overtime premium. This operational adjustment maintains component supply continuity, prevents retail channel stockouts, and preserves hardware segment gross margin targets against raw material price volatility.","[{""name"": ""Output"", ""value"": ""+9%"", ""unit"": ""percentage"", ""observed_on"": ""2025-10-30""}, {""name"": ""Labor Cost"", ""value"": ""+$6M"", ""unit"": ""USD"", ""observed_on"": ""2025-10-30""}, {""name"": ""Backlog"", ""value"": ""-4 days"", ""unit"": ""metric"", ""observed_on"": ""2025-10-30""}]",Operations,reported,"{operations,maintain}",Finance,"During executive review of Shift MacBook Pro Assembly To Night Cycle, Finance supported controlled expansion; Operations emphasized protecting factory throughput and carrier delivery SLAs with assembly partners Foxconn and Luxshare; Finance objected to higher working capital commitments and freight expediting surcharges; Executive leadership approved the operational measure subject to weekly yield and inventory velocity monitoring."
AAPL-2025Q4-0038,Apple Inc.,2025-10-30,quarterly_filings/2025_Q4.pdf,https://www.sec.gov/ix?doc=/Archives/edgar/data/0000320193/000032019325000095/aapl-20250927.htm,Item 2. Management's Discussion and Analysis - Operations & Supply Chain,Disclosure Context (2025Q4): Trigger: 'Holiday in-store pickup wait times increased'. Management Action: 'Enhance Retail Pickup Slot Optimization'. Scope: 'Apple channel and manufacturing operations executed the formal decision regarding Enhance Retail Pickup Slot Optimization. Op...'. Rationale: 'Improves store efficiency and customer satisfaction. This operational adjustment maintains component supp...'.,Enhance Retail Pickup Slot Optimization,"Apple channel and manufacturing operations executed the formal decision regarding Enhance Retail Pickup Slot Optimization. Operations leadership directed logistics and supply chain coordinators to coordinate directly with primary assembly partners Foxconn, Luxshare Precision, and Pegatron to adjust line throughput, buffer stock thresholds, and regional distribution allocations across North America, Europe, and Asia-Pacific.",Optimize AI allocation,maintain,"Improves store efficiency and customer satisfaction. This operational adjustment maintains component supply continuity, prevents retail channel stockouts, and preserves hardware segment gross margin targets against raw material price volatility.","[{""name"": ""Wait Time"", ""value"": ""-30%"", ""unit"": ""percentage"", ""observed_on"": ""2025-10-30""}, {""name"": ""Labor Efficiency"", ""value"": ""+6%"", ""unit"": ""percentage"", ""observed_on"": ""2025-10-30""}, {""name"": ""Dev Cost"", ""value"": ""$4M"", ""unit"": ""USD"", ""observed_on"": ""2025-10-30""}]",Operations,reported,"{operations,maintain}",Finance; R&D,"During executive review of Enhance Retail Pickup Slot Optimization, Finance supported operational ROI; Operations emphasized protecting factory throughput and carrier delivery SLAs with assembly partners Foxconn and Luxshare; Finance objected to higher working capital commitments and freight expediting surcharges; Executive leadership approved the operational measure subject to weekly yield and inventory velocity monitoring."
AAPL-2025Q4-0039,Apple Inc.,2025-10-30,quarterly_filings/2025_Q4.pdf,https://www.sec.gov/ix?doc=/Archives/edgar/data/0000320193/000032019325000095/aapl-20250927.htm,Item 2. Management's Discussion and Analysis - Operations & Supply Chain,Disclosure Context (2025Q4): Trigger: 'Spike in minor component failures during ramp'. Management Action: 'Adopt Predictive Component Failure Analytics'. Scope: 'Apple channel and manufacturing operations executed the formal decision regarding Adopt Predictive Component Failure Analytic...'. Rationale: 'Reduces warranty exposure and defect variance. This operational adjustment maintains component supply con...'.,Adopt Predictive Component Failure Analytics,"Apple channel and manufacturing operations executed the formal decision regarding Adopt Predictive Component Failure Analytics. Operations leadership directed logistics and supply chain coordinators to coordinate directly with primary assembly partners Foxconn, Luxshare Precision, and Pegatron to adjust line throughput, buffer stock thresholds, and regional distribution allocations across North America, Europe, and Asia-Pacific.",Predictive monitoring,maintain,"Reduces warranty exposure and defect variance. This operational adjustment maintains component supply continuity, prevents retail channel stockouts, and preserves hardware segment gross margin targets against raw material price volatility.","[{""name"": ""Failure Rate"", ""value"": ""-12%"", ""unit"": ""percentage"", ""observed_on"": ""2025-10-30""}, {""name"": ""Warranty Risk"", ""value"": ""-$60M"", ""unit"": ""USD"", ""observed_on"": ""2025-10-30""}, {""name"": ""Cost"", ""value"": ""$10M"", ""unit"": ""USD"", ""observed_on"": ""2025-10-30""}]",Operations,reported,"{operations,maintain}",Finance; R&D,"During executive review of Adopt Predictive Component Failure Analytics, Finance supported long-term ROI; Operations emphasized protecting factory throughput and carrier delivery SLAs with assembly partners Foxconn and Luxshare; Finance objected to higher working capital commitments and freight expediting surcharges; Executive leadership approved the operational measure subject to weekly yield and inventory velocity monitoring."
AAPL-2025Q4-0040,Apple Inc.,2025-10-30,quarterly_filings/2025_Q4.pdf,https://www.sec.gov/ix?doc=/Archives/edgar/data/0000320193/000032019325000095/aapl-20250927.htm,Item 2. Management's Discussion and Analysis - Operations & Supply Chain,"Disclosure Context (2025Q4): Trigger: 'Urban holiday delivery times lagged'. Management Action: 'Introduce Regional Micro Fulfillment Centers'. Scope: 'Apple channel and manufacturing operations executed the formal decision regarding Introduce Regional Micro Fulfillment Center...'. Rationale: 'Reduces last-mile delivery time. This operational adjustment maintains component supply continuity, preve...'.",Introduce Regional Micro Fulfillment Centers,"Apple channel and manufacturing operations executed the formal decision regarding Introduce Regional Micro Fulfillment Centers. Operations leadership directed logistics and supply chain coordinators to coordinate directly with primary assembly partners Foxconn, Luxshare Precision, and Pegatron to adjust line throughput, buffer stock thresholds, and regional distribution allocations across North America, Europe, and Asia-Pacific.",Micro centers,maintain,"Reduces last-mile delivery time. This operational adjustment maintains component supply continuity, prevents retail channel stockouts, and preserves hardware segment gross margin targets against raw material price volatility.","[{""name"": ""Delivery Time"", ""value"": ""-18%"", ""unit"": ""percentage"", ""observed_on"": ""2025-10-30""}, {""name"": ""Opex"", ""value"": ""+$11M"", ""unit"": ""USD"", ""observed_on"": ""2025-10-30""}, {""name"": ""Customer Satisfaction"", ""value"": ""+4%"", ""unit"": ""percentage"", ""observed_on"": ""2025-10-30""}]",Operations,reported,"{operations,maintain}",Finance,"During executive review of Introduce Regional Micro Fulfillment Centers, Finance supported customer impact; Operations emphasized protecting factory throughput and carrier delivery SLAs with assembly partners Foxconn and Luxshare; Finance objected to higher working capital commitments and freight expediting surcharges; Executive leadership approved the operational measure subject to weekly yield and inventory velocity monitoring."
AAPL-2025Q4-0041,Apple Inc.,2025-10-30,quarterly_filings/2025_Q4.pdf,https://www.sec.gov/ix?doc=/Archives/edgar/data/0000320193/000032019325000095/aapl-20250927.htm,Item 2. Management's Discussion and Analysis - Operations & Supply Chain,Disclosure Context (2025Q4): Trigger: 'Holiday footfall variance increased across regions'. Management Action: 'Deploy Adaptive Retail Staffing Algorithm'. Scope: 'Apple channel and manufacturing operations executed the formal decision regarding Deploy Adaptive Retail Staffing Algorithm. ...'. Rationale: 'Aligns labor with demand reducing idle cost. This operational adjustment maintains component supply conti...'.,Deploy Adaptive Retail Staffing Algorithm,"Apple channel and manufacturing operations executed the formal decision regarding Deploy Adaptive Retail Staffing Algorithm. Operations leadership directed logistics and supply chain coordinators to coordinate directly with primary assembly partners Foxconn, Luxshare Precision, and Pegatron to adjust line throughput, buffer stock thresholds, and regional distribution allocations across North America, Europe, and Asia-Pacific.",Adaptive algorithm,maintain,"Aligns labor with demand reducing idle cost. This operational adjustment maintains component supply continuity, prevents retail channel stockouts, and preserves hardware segment gross margin targets against raw material price volatility.","[{""name"": ""Footfall Variance"", ""value"": ""+22%"", ""unit"": ""percentage"", ""observed_on"": ""2025-10-30""}, {""name"": ""Labor Cost"", ""value"": ""-$14M"", ""unit"": ""USD"", ""observed_on"": ""2025-10-30""}, {""name"": ""Service Level"", ""value"": ""+5%"", ""unit"": ""percentage"", ""observed_on"": ""2025-10-30""}]",Operations,reported,"{operations,maintain}",Finance,"During executive review of Deploy Adaptive Retail Staffing Algorithm, Finance supported labor ROI; Operations emphasized protecting factory throughput and carrier delivery SLAs with assembly partners Foxconn and Luxshare; Finance objected to higher working capital commitments and freight expediting surcharges; Executive leadership approved the operational measure subject to weekly yield and inventory velocity monitoring."
AAPL-2025Q4-0042,Apple Inc.,2025-10-30,quarterly_filings/2025_Q4.pdf,https://www.sec.gov/ix?doc=/Archives/edgar/data/0000320193/000032019325000095/aapl-20250927.htm,Item 2. Management's Discussion and Analysis - Operations & Supply Chain,Disclosure Context (2025Q4): Trigger: 'AI query spike beyond forecast'. Management Action: 'Activate Emergency Cloud Burst Capacity'. Scope: 'Apple channel and manufacturing operations executed the formal decision regarding Activate Emergency Cloud Burst Capacity. Op...'. Rationale: 'Avoids downtime in high-visibility season. This operational adjustment maintains component supply continu...'.,Activate Emergency Cloud Burst Capacity,"Apple channel and manufacturing operations executed the formal decision regarding Activate Emergency Cloud Burst Capacity. Operations leadership directed logistics and supply chain coordinators to coordinate directly with primary assembly partners Foxconn, Luxshare Precision, and Pegatron to adjust line throughput, buffer stock thresholds, and regional distribution allocations across North America, Europe, and Asia-Pacific.",Cloud burst,maintain,"Avoids downtime in high-visibility season. This operational adjustment maintains component supply continuity, prevents retail channel stockouts, and preserves hardware segment gross margin targets against raw material price volatility.","[{""name"": ""Server Load"", ""value"": ""+38%"", ""unit"": ""percentage"", ""observed_on"": ""2025-10-30""}, {""name"": ""Latency"", ""value"": ""-25%"", ""unit"": ""percentage"", ""observed_on"": ""2025-10-30""}, {""name"": ""Cost"", ""value"": ""+$30M"", ""unit"": ""USD"", ""observed_on"": ""2025-10-30""}]",Operations,reported,"{operations,maintain}",Finance; R&D,"During executive review of Activate Emergency Cloud Burst Capacity, Finance accepted cost to minimize outage risk; Operations emphasized protecting factory throughput and carrier delivery SLAs with assembly partners Foxconn and Luxshare; Finance objected to higher working capital commitments and freight expediting surcharges; Executive leadership approved the operational measure subject to weekly yield and inventory velocity monitoring."
AAPL-2025Q4-0043,Apple Inc.,2025-10-30,quarterly_filings/2025_Q4.pdf,https://www.sec.gov/ix?doc=/Archives/edgar/data/0000320193/000032019325000095/aapl-20250927.htm,Item 2. Management's Discussion and Analysis - Operations & Supply Chain,"Disclosure Context (2025Q4): Trigger: 'Holiday returns volumes spiked'. Management Action: 'Optimize Reverse Logistics Routing'. Scope: 'Apple channel and manufacturing operations executed the formal decision regarding Optimize Reverse Logistics Routing. Operati...'. Rationale: 'Reduces transport and processing cost. This operational adjustment maintains component supply continuity,...'.",Optimize Reverse Logistics Routing,"Apple channel and manufacturing operations executed the formal decision regarding Optimize Reverse Logistics Routing. Operations leadership directed logistics and supply chain coordinators to coordinate directly with primary assembly partners Foxconn, Luxshare Precision, and Pegatron to adjust line throughput, buffer stock thresholds, and regional distribution allocations across North America, Europe, and Asia-Pacific.",Optimize AI routing,revise,"Reduces transport and processing cost. This operational adjustment maintains component supply continuity, prevents retail channel stockouts, and preserves hardware segment gross margin targets against raw material price volatility.","[{""name"": ""Return Volume"", ""value"": ""+25%"", ""unit"": ""percentage"", ""observed_on"": ""2025-10-30""}, {""name"": ""Transport Cost"", ""value"": ""-$10M"", ""unit"": ""USD"", ""observed_on"": ""2025-10-30""}, {""name"": ""Processing Time"", ""value"": ""-15%"", ""unit"": ""percentage"", ""observed_on"": ""2025-10-30""}]",Operations,reported,"{operations,revise}",Finance,"During executive review of Optimize Reverse Logistics Routing, Finance supported operational ROI; Operations emphasized protecting factory throughput and carrier delivery SLAs with assembly partners Foxconn and Luxshare; Finance objected to higher working capital commitments and freight expediting surcharges; Executive leadership approved the operational measure subject to weekly yield and inventory velocity monitoring."
AAPL-2025Q4-0044,Apple Inc.,2025-10-30,quarterly_filings/2025_Q4.pdf,https://www.sec.gov/ix?doc=/Archives/edgar/data/0000320193/000032019325000095/aapl-20250927.htm,Item 2. Management's Discussion and Analysis - Operations & Supply Chain,Disclosure Context (2025Q4): Trigger: 'Fulfillment errors increased during peak'. Management Action: 'Introduce AI Warehouse Slotting Optimization'. Scope: 'Apple channel and manufacturing operations executed the formal decision regarding Introduce AI Warehouse Slotting Optimizatio...'. Rationale: 'Reduces pick errors and increases throughput. This operational adjustment maintains component supply cont...'.,Introduce AI Warehouse Slotting Optimization,"Apple channel and manufacturing operations executed the formal decision regarding Introduce AI Warehouse Slotting Optimization. Operations leadership directed logistics and supply chain coordinators to coordinate directly with primary assembly partners Foxconn, Luxshare Precision, and Pegatron to adjust line throughput, buffer stock thresholds, and regional distribution allocations across North America, Europe, and Asia-Pacific.",AI optimization,maintain,"Reduces pick errors and increases throughput. This operational adjustment maintains component supply continuity, prevents retail channel stockouts, and preserves hardware segment gross margin targets against raw material price volatility.","[{""name"": ""Pick Error"", ""value"": ""-35%"", ""unit"": ""percentage"", ""observed_on"": ""2025-10-30""}, {""name"": ""Throughput"", ""value"": ""+8%"", ""unit"": ""percentage"", ""observed_on"": ""2025-10-30""}, {""name"": ""Cost"", ""value"": ""$7M"", ""unit"": ""USD"", ""observed_on"": ""2025-10-30""}]",Operations,reported,"{operations,maintain}",Finance; R&D,"During executive review of Introduce AI Warehouse Slotting Optimization, Finance supported operational ROI; Operations emphasized protecting factory throughput and carrier delivery SLAs with assembly partners Foxconn and Luxshare; Finance objected to higher working capital commitments and freight expediting surcharges; Executive leadership approved the operational measure subject to weekly yield and inventory velocity monitoring."
AAPL-2025Q4-0045,Apple Inc.,2025-10-30,quarterly_filings/2025_Q4.pdf,https://www.sec.gov/ix?doc=/Archives/edgar/data/0000320193/000032019325000095/aapl-20250927.htm,Item 2. Management's Discussion and Analysis - Operations & Supply Chain,Disclosure Context (2025Q4): Trigger: 'Investors requested lower carbon footprint'. Management Action: 'Adopt Carbon Efficient Shipping Routes'. Scope: 'Apple channel and manufacturing operations executed the formal decision regarding Adopt Carbon Efficient Shipping Routes. Ope...'. Rationale: 'Improves ESG metrics with minimal cost impact. This operational adjustment maintains component supply con...'.,Adopt Carbon Efficient Shipping Routes,"Apple channel and manufacturing operations executed the formal decision regarding Adopt Carbon Efficient Shipping Routes. Operations leadership directed logistics and supply chain coordinators to coordinate directly with primary assembly partners Foxconn, Luxshare Precision, and Pegatron to adjust line throughput, buffer stock thresholds, and regional distribution allocations across North America, Europe, and Asia-Pacific.",Carbon optimized routes,maintain,"Improves ESG metrics with minimal cost impact. This operational adjustment maintains component supply continuity, prevents retail channel stockouts, and preserves hardware segment gross margin targets against raw material price volatility.","[{""name"": ""Emission"", ""value"": ""-12%"", ""unit"": ""percentage"", ""observed_on"": ""2025-10-30""}, {""name"": ""Cost"", ""value"": ""+$3M"", ""unit"": ""USD"", ""observed_on"": ""2025-10-30""}, {""name"": ""ESG Rating"", ""value"": ""Improved"", ""unit"": ""metric"", ""observed_on"": ""2025-10-30""}]",Operations,reported,"{operations,maintain}",Finance; Legal,"During executive review of Adopt Carbon Efficient Shipping Routes, Finance supported brand impact; Operations emphasized protecting factory throughput and carrier delivery SLAs with assembly partners Foxconn and Luxshare; Finance objected to higher working capital commitments and freight expediting surcharges; Executive leadership approved the operational measure subject to weekly yield and inventory velocity monitoring."
AAPL-2025Q4-0046,Apple Inc.,2025-10-30,quarterly_filings/2025_Q4.pdf,https://www.sec.gov/ix?doc=/Archives/edgar/data/0000320193/000032019325000095/aapl-20250927.htm,Item 2. Management's Discussion and Analysis - Liquidity and Capital Resources,Disclosure Context (2025Q4): Trigger: 'Services revenue at all-time high; inflation pressure in EU'. Management Action: 'Increase Services Bundle Pricing in EU'. Scope: 'Apple corporate treasury and financial planning leadership approved strategic capital parameters regarding Increase Services ...'. Rationale: 'Small increase offsets content licensing inflation without major churn. This balanced financial managemen...'.,Increase Services Bundle Pricing in EU,"Apple corporate treasury and financial planning leadership approved strategic capital parameters regarding Increase Services Bundle Pricing in EU. The finance committee established strict cash deployment guidelines to preserve liquidity buffers, optimize portfolio risk-adjusted yields, and execute Board-authorized share repurchases under Rule 10b5-1 programs.",+3%,expand,Small increase offsets content licensing inflation without major churn. This balanced financial management approach optimizes risk-adjusted returns on invested capital while preserving financial flexibility for multi-year strategic technology investments.,"[{""name"": ""Services_GM"", ""value"": ""75%"", ""unit"": ""percentage"", ""observed_on"": ""2025-10-30""}, {""name"": ""EU_Inflation"", ""value"": ""4.2%"", ""unit"": ""percentage"", ""observed_on"": ""2025-10-30""}, {""name"": ""Churn_Risk"", ""value"": ""Low"", ""unit"": ""metric"", ""observed_on"": ""2025-10-30""}]",Finance,reported,"{finance,expand}",Legal;Operations,"Regarding Increase Services Bundle Pricing in EU, Legal warned of consumer scrutiny; Finance cited inflation alignment; Finance insisted on preserving balance sheet liquidity reserves and maintaining target return on invested capital; Operations warned that strict capital rationing could constrain opportunistic component sourcing in Asia; Executive management authorized the financial allocation under disciplined risk parameters."
AAPL-2025Q4-0047,Apple Inc.,2025-10-30,quarterly_filings/2025_Q4.pdf,https://www.sec.gov/ix?doc=/Archives/edgar/data/0000320193/000032019325000095/aapl-20250927.htm,Item 2. Management's Discussion and Analysis - Liquidity and Capital Resources,Disclosure Context (2025Q4): Trigger: 'Record fiscal year revenue reached $416B'. Management Action: 'Increase Share Buyback Authorization'. Scope: 'Apple corporate treasury and financial planning leadership approved strategic capital parameters regarding Increase Share Buy...'. Rationale: 'Strong cash flow supports return to shareholders while EPS growth remains double-digit. This balanced fin...'.,Increase Share Buyback Authorization,"Apple corporate treasury and financial planning leadership approved strategic capital parameters regarding Increase Share Buyback Authorization. The finance committee established strict cash deployment guidelines to preserve liquidity buffers, optimize portfolio risk-adjusted yields, and execute Board-authorized share repurchases under Rule 10b5-1 programs.",+75B,expand,Strong cash flow supports return to shareholders while EPS growth remains double-digit. This balanced financial management approach optimizes risk-adjusted returns on invested capital while preserving financial flexibility for multi-year strategic technology investments.,"[{""name"": ""Revenue"", ""value"": ""$416B"", ""unit"": ""USD"", ""observed_on"": ""2025-10-30""}, {""name"": ""EPS"", ""value"": ""+13%"", ""unit"": ""percentage"", ""observed_on"": ""2025-10-30""}, {""name"": ""Cash"", ""value"": ""High"", ""unit"": ""metric"", ""observed_on"": ""2025-10-30""}]",Finance,reported,"{finance,expand}",Legal,"Regarding Increase Share Buyback Authorization, Ops wanted more capex allocation; Finance prioritized capital return; Finance insisted on preserving balance sheet liquidity reserves and maintaining target return on invested capital; Operations warned that strict capital rationing could constrain opportunistic component sourcing in Asia; Executive management authorized the financial allocation under disciplined risk parameters."
AAPL-2025Q4-0048,Apple Inc.,2025-10-30,quarterly_filings/2025_Q4.pdf,https://www.sec.gov/ix?doc=/Archives/edgar/data/0000320193/000032019325000095/aapl-20250927.htm,Item 2. Management's Discussion and Analysis - Liquidity and Capital Resources,Disclosure Context (2025Q4): Trigger: 'Flash memory price volatility increased post-launch'. Management Action: 'Lock In Long-Term NAND Pricing Agreement'. Scope: 'Apple corporate treasury and financial planning leadership approved strategic capital parameters regarding Lock In Long-Term ...'. Rationale: 'Prevents margin erosion during peak demand cycle. This balanced financial management approach optimizes r...'.,Lock In Long-Term NAND Pricing Agreement,"Apple corporate treasury and financial planning leadership approved strategic capital parameters regarding Lock In Long-Term NAND Pricing Agreement. The finance committee established strict cash deployment guidelines to preserve liquidity buffers, optimize portfolio risk-adjusted yields, and execute Board-authorized share repurchases under Rule 10b5-1 programs.",18-month lock,maintain,Prevents margin erosion during peak demand cycle. This balanced financial management approach optimizes risk-adjusted returns on invested capital while preserving financial flexibility for multi-year strategic technology investments.,"[{""name"": ""NAND_Volatility"", ""value"": ""+14%"", ""unit"": ""percentage"", ""observed_on"": ""2025-10-30""}, {""name"": ""Unit_Cost_Risk"", ""value"": ""+3%"", ""unit"": ""percentage"", ""observed_on"": ""2025-10-30""}, {""name"": ""Volume"", ""value"": ""High"", ""unit"": ""metric"", ""observed_on"": ""2025-10-30""}]",Finance,reported,"{finance,maintain}",Operations,"Regarding Lock In Long-Term NAND Pricing Agreement, Ops feared overcommitment; Finance prioritized cost certainty; Finance insisted on preserving balance sheet liquidity reserves and maintaining target return on invested capital; Operations warned that strict capital rationing could constrain opportunistic component sourcing in Asia; Executive management authorized the financial allocation under disciplined risk parameters."
AAPL-2025Q4-0049,Apple Inc.,2025-10-30,quarterly_filings/2025_Q4.pdf,https://www.sec.gov/ix?doc=/Archives/edgar/data/0000320193/000032019325000095/aapl-20250927.htm,Item 2. Management's Discussion and Analysis - Liquidity and Capital Resources,Disclosure Context (2025Q4): Trigger: 'Services revenue reached all-time high'. Management Action: 'Increase Services Content Acquisition Budget'. Scope: 'Apple corporate treasury and financial planning leadership approved strategic capital parameters regarding Increase Services ...'. Rationale: 'Supports retention and ARPU growth without overextending content spend. This balanced financial managemen...'.,Increase Services Content Acquisition Budget,"Apple corporate treasury and financial planning leadership approved strategic capital parameters regarding Increase Services Content Acquisition Budget. The finance committee established strict cash deployment guidelines to preserve liquidity buffers, optimize portfolio risk-adjusted yields, and execute Board-authorized share repurchases under Rule 10b5-1 programs.",+8%,expand,Supports retention and ARPU growth without overextending content spend. This balanced financial management approach optimizes risk-adjusted returns on invested capital while preserving financial flexibility for multi-year strategic technology investments.,"[{""name"": ""Services_Revenue"", ""value"": ""+15%"", ""unit"": ""percentage"", ""observed_on"": ""2025-10-30""}, {""name"": ""Churn"", ""value"": ""Low"", ""unit"": ""metric"", ""observed_on"": ""2025-10-30""}, {""name"": ""Content_Cost"", ""value"": ""+8%"", ""unit"": ""percentage"", ""observed_on"": ""2025-10-30""}]",Finance,reported,"{finance,expand}",Legal;R&D,"Regarding Increase Services Content Acquisition Budget, Legal warned licensing exposure; Finance prioritized ecosystem lock-in; Finance insisted on preserving balance sheet liquidity reserves and maintaining target return on invested capital; Operations warned that strict capital rationing could constrain opportunistic component sourcing in Asia; Executive management authorized the financial allocation under disciplined risk parameters."
AAPL-2025Q4-0050,Apple Inc.,2025-10-30,quarterly_filings/2025_Q4.pdf,https://www.sec.gov/ix?doc=/Archives/edgar/data/0000320193/000032019325000095/aapl-20250927.htm,Item 2. Management's Discussion and Analysis - Liquidity and Capital Resources,Disclosure Context (2025Q4): Trigger: 'Dividend increased to $0.26; investor expectations rising'. Management Action: 'Reassess Dividend Growth Pace for FY26'. Scope: 'Apple corporate treasury and financial planning leadership approved strategic capital parameters regarding Reassess Dividend ...'. Rationale: 'Balances investor confidence with long-term reinvestment flexibility. This balanced financial management ...'.,Reassess Dividend Growth Pace for FY26,"Apple corporate treasury and financial planning leadership approved strategic capital parameters regarding Reassess Dividend Growth Pace for FY26. The finance committee established strict cash deployment guidelines to preserve liquidity buffers, optimize portfolio risk-adjusted yields, and execute Board-authorized share repurchases under Rule 10b5-1 programs.",Maintain pace,investigate,Balances investor confidence with long-term reinvestment flexibility. This balanced financial management approach optimizes risk-adjusted returns on invested capital while preserving financial flexibility for multi-year strategic technology investments.,"[{""name"": ""Dividend"", ""value"": ""$0.26"", ""unit"": ""USD"", ""observed_on"": ""2025-10-30""}, {""name"": ""EPS"", ""value"": ""+13%"", ""unit"": ""percentage"", ""observed_on"": ""2025-10-30""}, {""name"": ""CashFlow"", ""value"": ""Strong"", ""unit"": ""metric"", ""observed_on"": ""2025-10-30""}]",Finance,reported,"{finance,investigate}",Legal,"Regarding Reassess Dividend Growth Pace for FY26, Ops pushed for more automation capex; Finance defended balanced capital return; Finance insisted on preserving balance sheet liquidity reserves and maintaining target return on invested capital; Operations warned that strict capital rationing could constrain opportunistic component sourcing in Asia; Executive management authorized the financial allocation under disciplined risk parameters."
AAPL-2025Q4-0051,Apple Inc.,2025-10-30,quarterly_filings/2025_Q4.pdf,https://www.sec.gov/ix?doc=/Archives/edgar/data/0000320193/000032019325000095/aapl-20250927.htm,Item 2. Management's Discussion and Analysis - Liquidity and Capital Resources,Disclosure Context (2025Q4): Trigger: 'Competitive holiday promotions intensified'. Management Action: 'Introduce Limited-Time Trade-In Bonus for iPhone 17'. Scope: 'Apple corporate treasury and financial planning leadership approved strategic capital parameters regarding Introduce Limited-...'. Rationale: 'Boosts upgrade cycle without deeply eroding margin. This balanced financial management approach optimizes...'.,Introduce Limited-Time Trade-In Bonus for iPhone 17,"Apple corporate treasury and financial planning leadership approved strategic capital parameters regarding Introduce Limited-Time Trade-In Bonus for iPhone 17. The finance committee established strict cash deployment guidelines to preserve liquidity buffers, optimize portfolio risk-adjusted yields, and execute Board-authorized share repurchases under Rule 10b5-1 programs.",$50 bonus,maintain,Boosts upgrade cycle without deeply eroding margin. This balanced financial management approach optimizes risk-adjusted returns on invested capital while preserving financial flexibility for multi-year strategic technology investments.,"[{""name"": ""Upgrade_Rate"", ""value"": ""+12%"", ""unit"": ""percentage"", ""observed_on"": ""2025-10-30""}, {""name"": ""Promo_Cost"", ""value"": ""$120M"", ""unit"": ""USD"", ""observed_on"": ""2025-10-30""}, {""name"": ""ASP_Impact"", ""value"": ""-1.2%"", ""unit"": ""percentage"", ""observed_on"": ""2025-10-30""}]",Finance,reported,"{finance,maintain}",Operations;Legal,"Regarding Introduce Limited-Time Trade-In Bonus for iPhone 17, Ops worried about trade-in processing backlog; Finance focused on volume gain; Finance insisted on preserving balance sheet liquidity reserves and maintaining target return on invested capital; Operations warned that strict capital rationing could constrain opportunistic component sourcing in Asia; Executive management authorized the financial allocation under disciplined risk parameters."
AAPL-2025Q4-0052,Apple Inc.,2025-10-30,quarterly_filings/2025_Q4.pdf,https://www.sec.gov/ix?doc=/Archives/edgar/data/0000320193/000032019325000095/aapl-20250927.htm,Item 2. Management's Discussion and Analysis - Liquidity and Capital Resources,Disclosure Context (2025Q4): Trigger: 'Legacy manufacturing tools nearing replacement cycle'. Management Action: 'Accelerate Depreciation Schedule for Legacy Equipment'. Scope: 'Apple corporate treasury and financial planning leadership approved strategic capital parameters regarding Accelerate Depreci...'. Rationale: 'Aligns accounting with modernization strategy; impacts short-term EPS. This balanced financial management...'.,Accelerate Depreciation Schedule for Legacy Equipment,"Apple corporate treasury and financial planning leadership approved strategic capital parameters regarding Accelerate Depreciation Schedule for Legacy Equipment. The finance committee established strict cash deployment guidelines to preserve liquidity buffers, optimize portfolio risk-adjusted yields, and execute Board-authorized share repurchases under Rule 10b5-1 programs.",Accelerate depreciation,expand,Aligns accounting with modernization strategy; impacts short-term EPS. This balanced financial management approach optimizes risk-adjusted returns on invested capital while preserving financial flexibility for multi-year strategic technology investments.,"[{""name"": ""Depreciation"", ""value"": ""+$220M"", ""unit"": ""USD"", ""observed_on"": ""2025-10-30""}, {""name"": ""Automation_Investment"", ""value"": ""$1.2B"", ""unit"": ""USD"", ""observed_on"": ""2025-10-30""}, {""name"": ""EPS_Impact"", ""value"": ""-0.03"", ""unit"": ""metric"", ""observed_on"": ""2025-10-30""}]",Finance,reported,"{finance,expand}",Operations;Legal,"Regarding Accelerate Depreciation Schedule for Legacy Equipment, Ops worried optics; Finance prioritized transparent modernization; Finance insisted on preserving balance sheet liquidity reserves and maintaining target return on invested capital; Operations warned that strict capital rationing could constrain opportunistic component sourcing in Asia; Executive management authorized the financial allocation under disciplined risk parameters."
AAPL-2025Q4-0053,Apple Inc.,2025-10-30,quarterly_filings/2025_Q4.pdf,https://www.sec.gov/ix?doc=/Archives/edgar/data/0000320193/000032019325000095/aapl-20250927.htm,Item 2. Management's Discussion and Analysis - Liquidity and Capital Resources,Disclosure Context (2025Q4): Trigger: 'Custom-config iPhone 17 orders rising rapidly'. Management Action: 'Implement Temporary Gross Margin Protection Fee on Custom Configurations'. Scope: 'Apple corporate treasury and financial planning leadership approved strategic capital parameters regarding Implement Temporar...'. Rationale: 'Captures willingness-to-pay during launch peak without hurting volume significantly. This balanced financ...'.,Implement Temporary Gross Margin Protection Fee on Custom Configurations,"Apple corporate treasury and financial planning leadership approved strategic capital parameters regarding Implement Temporary Gross Margin Protection Fee on Custom Configurations. The finance committee established strict cash deployment guidelines to preserve liquidity buffers, optimize portfolio risk-adjusted yields, and execute Board-authorized share repurchases under Rule 10b5-1 programs.",+20 premium,maintain,Captures willingness-to-pay during launch peak without hurting volume significantly. This balanced financial management approach optimizes risk-adjusted returns on invested capital while preserving financial flexibility for multi-year strategic technology investments.,"[{""name"": ""High_Memory_Demand"", ""value"": ""+19%"", ""unit"": ""percentage"", ""observed_on"": ""2025-10-30""}, {""name"": ""ASP"", ""value"": ""+6%"", ""unit"": ""percentage"", ""observed_on"": ""2025-10-30""}, {""name"": ""Margin_Sensitivity"", ""value"": ""High"", ""unit"": ""metric"", ""observed_on"": ""2025-10-30""}]",Finance,reported,"{finance,maintain}",Operations;Legal,"Regarding Implement Temporary Gross Margin Protection Fee on Custom Configurations, Legal warned pricing optics; Ops worried about channel alignment; Finance insisted on preserving balance sheet liquidity reserves and maintaining target return on invested capital; Operations warned that strict capital rationing could constrain opportunistic component sourcing in Asia; Executive management authorized the financial allocation under disciplined risk parameters."
AAPL-2025Q4-0054,Apple Inc.,2025-10-30,quarterly_filings/2025_Q4.pdf,https://www.sec.gov/ix?doc=/Archives/edgar/data/0000320193/000032019325000095/aapl-20250927.htm,Item 2. Management's Discussion and Analysis - Liquidity and Capital Resources,Disclosure Context (2025Q4): Trigger: 'Hardware awareness high post-launch; Services growth strong'. Management Action: 'Reallocate Marketing Budget Toward Subscription Upsell'. Scope: 'Apple corporate treasury and financial planning leadership approved strategic capital parameters regarding Reallocate Marketi...'. Rationale: 'Maximizes lifetime value over one-time hardware push. This balanced financial management approach optimiz...'.,Reallocate Marketing Budget Toward Subscription Upsell,"Apple corporate treasury and financial planning leadership approved strategic capital parameters regarding Reallocate Marketing Budget Toward Subscription Upsell. The finance committee established strict cash deployment guidelines to preserve liquidity buffers, optimize portfolio risk-adjusted yields, and execute Board-authorized share repurchases under Rule 10b5-1 programs.",Partial shift,maintain,Maximizes lifetime value over one-time hardware push. This balanced financial management approach optimizes risk-adjusted returns on invested capital while preserving financial flexibility for multi-year strategic technology investments.,"[{""name"": ""Services_Growth"", ""value"": ""+15%"", ""unit"": ""percentage"", ""observed_on"": ""2025-10-30""}, {""name"": ""ARPU"", ""value"": ""+9%"", ""unit"": ""percentage"", ""observed_on"": ""2025-10-30""}, {""name"": ""Hardware_Awareness"", ""value"": ""High"", ""unit"": ""metric"", ""observed_on"": ""2025-10-30""}]",Finance,reported,"{finance,maintain}",Operations;Legal,"Regarding Reallocate Marketing Budget Toward Subscription Upsell, Ops feared slower hardware sell-through; Finance emphasized ecosystem lock-in; Finance insisted on preserving balance sheet liquidity reserves and maintaining target return on invested capital; Operations warned that strict capital rationing could constrain opportunistic component sourcing in Asia; Executive management authorized the financial allocation under disciplined risk parameters."
AAPL-2025Q4-0055,Apple Inc.,2025-10-30,quarterly_filings/2025_Q4.pdf,https://www.sec.gov/ix?doc=/Archives/edgar/data/0000320193/000032019325000095/aapl-20250927.htm,Item 2. Management's Discussion and Analysis - Liquidity and Capital Resources,Disclosure Context (2025Q4): Trigger: 'Record revenue quarter; cash balance under earnings scrutiny'. Management Action: 'Delay Supplier Prepayment to Optimize Quarter-End Cash Flow'. Scope: 'Apple corporate treasury and financial planning leadership approved strategic capital parameters regarding Delay Supplier Pre...'. Rationale: 'Improves quarter-end cash optics without harming strategic suppliers. This balanced financial management ...'.,Delay Supplier Prepayment to Optimize Quarter-End Cash Flow,"Apple corporate treasury and financial planning leadership approved strategic capital parameters regarding Delay Supplier Prepayment to Optimize Quarter-End Cash Flow. The finance committee established strict cash deployment guidelines to preserve liquidity buffers, optimize portfolio risk-adjusted yields, and execute Board-authorized share repurchases under Rule 10b5-1 programs.",Delay 30 days,revise,Improves quarter-end cash optics without harming strategic suppliers. This balanced financial management approach optimizes risk-adjusted returns on invested capital while preserving financial flexibility for multi-year strategic technology investments.,"[{""name"": ""FreeCashFlow"", ""value"": ""+$1.1B"", ""unit"": ""USD"", ""observed_on"": ""2025-10-30""}, {""name"": ""Supplier_Risk"", ""value"": ""Low"", ""unit"": ""metric"", ""observed_on"": ""2025-10-30""}, {""name"": ""Earnings_Visibility"", ""value"": ""High"", ""unit"": ""metric"", ""observed_on"": ""2025-10-30""}]",Finance,reported,"{finance,revise}",Operations;Legal,"Regarding Delay Supplier Prepayment to Optimize Quarter-End Cash Flow, Ops worried about supplier goodwill; Finance prioritized optics; Finance insisted on preserving balance sheet liquidity reserves and maintaining target return on invested capital; Operations warned that strict capital rationing could constrain opportunistic component sourcing in Asia; Executive management authorized the financial allocation under disciplined risk parameters."
AAPL-2025Q4-0056,Apple Inc.,2025-10-30,quarterly_filings/2025_Q4.pdf,https://www.sec.gov/ix?doc=/Archives/edgar/data/0000320193/000032019325000095/aapl-20250927.htm,Item 2. Management's Discussion and Analysis - Liquidity and Capital Resources,Disclosure Context (2025Q4): Trigger: 'Euro strengthened unexpectedly vs USD'. Management Action: 'Adjust FX Hedging Mix Post-Euro Strengthening'. Scope: 'Apple corporate treasury and financial planning leadership approved strategic capital parameters regarding Adjust FX Hedging ...'. Rationale: 'Captures favorable FX movement while keeping partial protection. This balanced financial management appro...'.,Adjust FX Hedging Mix Post-Euro Strengthening,"Apple corporate treasury and financial planning leadership approved strategic capital parameters regarding Adjust FX Hedging Mix Post-Euro Strengthening. The finance committee established strict cash deployment guidelines to preserve liquidity buffers, optimize portfolio risk-adjusted yields, and execute Board-authorized share repurchases under Rule 10b5-1 programs.",Reduce hedge ratio,revise,Captures favorable FX movement while keeping partial protection. This balanced financial management approach optimizes risk-adjusted returns on invested capital while preserving financial flexibility for multi-year strategic technology investments.,"[{""name"": ""EUR"", ""value"": ""+6%"", ""unit"": ""percentage"", ""observed_on"": ""2025-10-30""}, {""name"": ""Hedge_Adjust"", ""value"": ""-15%"", ""unit"": ""percentage"", ""observed_on"": ""2025-10-30""}, {""name"": ""Revenue_Exposure"", ""value"": ""$12B"", ""unit"": ""USD"", ""observed_on"": ""2025-10-30""}]",Finance,reported,"{finance,revise}",Legal,"Regarding Adjust FX Hedging Mix Post-Euro Strengthening, Legal cautioned on speculative optics; Finance defended data-driven adjustment; Finance insisted on preserving balance sheet liquidity reserves and maintaining target return on invested capital; Operations warned that strict capital rationing could constrain opportunistic component sourcing in Asia; Executive management authorized the financial allocation under disciplined risk parameters."
AAPL-2025Q4-0057,Apple Inc.,2025-10-30,quarterly_filings/2025_Q4.pdf,https://www.sec.gov/ix?doc=/Archives/edgar/data/0000320193/000032019325000095/aapl-20250927.htm,Item 2. Management's Discussion and Analysis - Liquidity and Capital Resources,Disclosure Context (2025Q4): Trigger: 'EU regulatory pressure intensified late quarter'. Management Action: 'Create Contingency Reserve for Potential EU Fine'. Scope: 'Apple corporate treasury and financial planning leadership approved strategic capital parameters regarding Create Contingency...'. Rationale: 'Provides earnings transparency and reduces future shock risk. This balanced financial management approach...'.,Create Contingency Reserve for Potential EU Fine,"Apple corporate treasury and financial planning leadership approved strategic capital parameters regarding Create Contingency Reserve for Potential EU Fine. The finance committee established strict cash deployment guidelines to preserve liquidity buffers, optimize portfolio risk-adjusted yields, and execute Board-authorized share repurchases under Rule 10b5-1 programs.",Reserve $500M,maintain,Provides earnings transparency and reduces future shock risk. This balanced financial management approach optimizes risk-adjusted returns on invested capital while preserving financial flexibility for multi-year strategic technology investments.,"[{""name"": ""Fine_Risk"", ""value"": ""Elevated"", ""unit"": ""metric"", ""observed_on"": ""2025-10-30""}, {""name"": ""Reserve"", ""value"": ""$500M"", ""unit"": ""USD"", ""observed_on"": ""2025-10-30""}, {""name"": ""EPS_Impact"", ""value"": ""-0.04"", ""unit"": ""metric"", ""observed_on"": ""2025-10-30""}]",Finance,reported,"{finance,maintain}",Legal,"Regarding Create Contingency Reserve for Potential EU Fine, Ops feared investor reaction; Finance prioritized transparency; Finance insisted on preserving balance sheet liquidity reserves and maintaining target return on invested capital; Operations warned that strict capital rationing could constrain opportunistic component sourcing in Asia; Executive management authorized the financial allocation under disciplined risk parameters."
AAPL-2025Q4-0058,Apple Inc.,2025-10-30,quarterly_filings/2025_Q4.pdf,https://www.sec.gov/ix?doc=/Archives/edgar/data/0000320193/000032019325000095/aapl-20250927.htm,Item 2. Management's Discussion and Analysis - Liquidity and Capital Resources,Disclosure Context (2025Q4): Trigger: 'Holiday hardware bundles include 6-month free Services trial'. Management Action: 'Accelerate Revenue Recognition on Bundled Service Trials'. Scope: 'Apple corporate treasury and financial planning leadership approved strategic capital parameters regarding Accelerate Revenue...'. Rationale: 'Aligns revenue reporting with performance obligations met at device activation. This balanced financial m...'.,Accelerate Revenue Recognition on Bundled Service Trials,"Apple corporate treasury and financial planning leadership approved strategic capital parameters regarding Accelerate Revenue Recognition on Bundled Service Trials. The finance committee established strict cash deployment guidelines to preserve liquidity buffers, optimize portfolio risk-adjusted yields, and execute Board-authorized share repurchases under Rule 10b5-1 programs.",Partial upfront recognition,expand,Aligns revenue reporting with performance obligations met at device activation. This balanced financial management approach optimizes risk-adjusted returns on invested capital while preserving financial flexibility for multi-year strategic technology investments.,"[{""name"": ""Bundle_Units"", ""value"": ""High"", ""unit"": ""metric"", ""observed_on"": ""2025-10-30""}, {""name"": ""Deferred_Revenue"", ""value"": ""$1.4B"", ""unit"": ""USD"", ""observed_on"": ""2025-10-30""}, {""name"": ""EPS_Impact"", ""value"": ""+0.02"", ""unit"": ""metric"", ""observed_on"": ""2025-10-30""}]",Finance,reported,"{finance,expand}",Legal,"Regarding Accelerate Revenue Recognition on Bundled Service Trials, Legal cautioned on compliance optics; Finance focused on smoothing volatility; Finance insisted on preserving balance sheet liquidity reserves and maintaining target return on invested capital; Operations warned that strict capital rationing could constrain opportunistic component sourcing in Asia; Executive management authorized the financial allocation under disciplined risk parameters."
AAPL-2025Q4-0059,Apple Inc.,2025-10-30,quarterly_filings/2025_Q4.pdf,https://www.sec.gov/ix?doc=/Archives/edgar/data/0000320193/000032019325000095/aapl-20250927.htm,Item 2. Management's Discussion and Analysis - Liquidity and Capital Resources,Disclosure Context (2025Q4): Trigger: 'Market volatility increased late Q4'. Management Action: 'Increase Short-Term Liquidity Buffer Amid Macro Volatility'. Scope: 'Apple corporate treasury and financial planning leadership approved strategic capital parameters regarding Increase Short-Ter...'. Rationale: 'Preserves optionality entering uncertain macro environment. This balanced financial management approach o...'.,Increase Short-Term Liquidity Buffer Amid Macro Volatility,"Apple corporate treasury and financial planning leadership approved strategic capital parameters regarding Increase Short-Term Liquidity Buffer Amid Macro Volatility. The finance committee established strict cash deployment guidelines to preserve liquidity buffers, optimize portfolio risk-adjusted yields, and execute Board-authorized share repurchases under Rule 10b5-1 programs.",Increase by $5B,expand,Preserves optionality entering uncertain macro environment. This balanced financial management approach optimizes risk-adjusted returns on invested capital while preserving financial flexibility for multi-year strategic technology investments.,"[{""name"": ""Market_Volatility"", ""value"": ""+18%"", ""unit"": ""percentage"", ""observed_on"": ""2025-10-30""}, {""name"": ""Cash_Position"", ""value"": ""Strong"", ""unit"": ""metric"", ""observed_on"": ""2025-10-30""}, {""name"": ""Yield_Loss"", ""value"": ""Minimal"", ""unit"": ""metric"", ""observed_on"": ""2025-10-30""}]",Finance,reported,"{finance,expand}",Legal,"Regarding Increase Short-Term Liquidity Buffer Amid Macro Volatility, Ops questioned idle cash; Finance emphasized optionality value; Finance insisted on preserving balance sheet liquidity reserves and maintaining target return on invested capital; Operations warned that strict capital rationing could constrain opportunistic component sourcing in Asia; Executive management authorized the financial allocation under disciplined risk parameters."
AAPL-2025Q4-0060,Apple Inc.,2025-10-30,quarterly_filings/2025_Q4.pdf,https://www.sec.gov/ix?doc=/Archives/edgar/data/0000320193/000032019325000095/aapl-20250927.htm,Item 2. Management's Discussion and Analysis - Liquidity and Capital Resources,Disclosure Context (2025Q4): Trigger: 'Pro users showing higher cloud storage consumption'. Management Action: 'Bundle Extended iCloud Storage with iPhone 17 Pro'. Scope: 'Apple corporate treasury and financial planning leadership approved strategic capital parameters regarding Bundle Extended iC...'. Rationale: 'Drives long-term subscription conversion without full-year margin hit. This balanced financial management...'.,Bundle Extended iCloud Storage with iPhone 17 Pro,"Apple corporate treasury and financial planning leadership approved strategic capital parameters regarding Bundle Extended iCloud Storage with iPhone 17 Pro. The finance committee established strict cash deployment guidelines to preserve liquidity buffers, optimize portfolio risk-adjusted yields, and execute Board-authorized share repurchases under Rule 10b5-1 programs.",6-month bundle,maintain,Drives long-term subscription conversion without full-year margin hit. This balanced financial management approach optimizes risk-adjusted returns on invested capital while preserving financial flexibility for multi-year strategic technology investments.,"[{""name"": ""Cloud_Usage"", ""value"": ""+23%"", ""unit"": ""percentage"", ""observed_on"": ""2025-10-30""}, {""name"": ""Conversion_Rate"", ""value"": ""+8%"", ""unit"": ""percentage"", ""observed_on"": ""2025-10-30""}, {""name"": ""Bundle_Cost"", ""value"": ""$140M"", ""unit"": ""USD"", ""observed_on"": ""2025-10-30""}]",Finance,reported,"{finance,maintain}",Operations;Legal,"Regarding Bundle Extended iCloud Storage with iPhone 17 Pro, Legal warned about promotional disclosure complexity; Finance prioritized LTV growth; Finance insisted on preserving balance sheet liquidity reserves and maintaining target return on invested capital; Operations warned that strict capital rationing could constrain opportunistic component sourcing in Asia; Executive management authorized the financial allocation under disciplined risk parameters."
AAPL-2025Q4-0061,Apple Inc.,2025-10-30,quarterly_filings/2025_Q4.pdf,https://www.sec.gov/ix?doc=/Archives/edgar/data/0000320193/000032019325000095/aapl-20250927.htm,Item 2. Management's Discussion and Analysis - Liquidity and Capital Resources,Disclosure Context (2025Q4): Trigger: 'Interest rates declined slightly in late Q4'. Management Action: 'Refinance Portion of Outstanding Debt at Lower Yield'. Scope: 'Apple corporate treasury and financial planning leadership approved strategic capital parameters regarding Refinance Portion ...'. Rationale: 'Reduces interest burden and improves long-term EPS. This balanced financial management approach optimizes...'.,Refinance Portion of Outstanding Debt at Lower Yield,"Apple corporate treasury and financial planning leadership approved strategic capital parameters regarding Refinance Portion of Outstanding Debt at Lower Yield. The finance committee established strict cash deployment guidelines to preserve liquidity buffers, optimize portfolio risk-adjusted yields, and execute Board-authorized share repurchases under Rule 10b5-1 programs.",Refinance portion,maintain,Reduces interest burden and improves long-term EPS. This balanced financial management approach optimizes risk-adjusted returns on invested capital while preserving financial flexibility for multi-year strategic technology investments.,"[{""name"": ""Debt_Refinance"", ""value"": ""$4B"", ""unit"": ""USD"", ""observed_on"": ""2025-10-30""}, {""name"": ""Yield_Savings"", ""value"": ""+0.6%"", ""unit"": ""percentage"", ""observed_on"": ""2025-10-30""}, {""name"": ""Annual_Savings"", ""value"": ""$24M"", ""unit"": ""USD"", ""observed_on"": ""2025-10-30""}]",Finance,reported,"{finance,maintain}",Legal,"Regarding Refinance Portion of Outstanding Debt at Lower Yield, Ops saw minimal strategic impact; Finance emphasized cost efficiency; Finance insisted on preserving balance sheet liquidity reserves and maintaining target return on invested capital; Operations warned that strict capital rationing could constrain opportunistic component sourcing in Asia; Executive management authorized the financial allocation under disciplined risk parameters."
AAPL-2025Q4-0062,Apple Inc.,2025-10-30,quarterly_filings/2025_Q4.pdf,https://www.sec.gov/ix?doc=/Archives/edgar/data/0000320193/000032019325000095/aapl-20250927.htm,Item 2. Management's Discussion and Analysis - Liquidity and Capital Resources,Disclosure Context (2025Q4): Trigger: 'Warranty claims lower than forecast for iPhone 16 cycle'. Management Action: 'Reverse Excess Warranty Reserve for Prior Model'. Scope: 'Apple corporate treasury and financial planning leadership approved strategic capital parameters regarding Reverse Excess War...'. Rationale: 'Improves EPS while maintaining conservative coverage. This balanced financial management approach optimiz...'.,Reverse Excess Warranty Reserve for Prior Model,"Apple corporate treasury and financial planning leadership approved strategic capital parameters regarding Reverse Excess Warranty Reserve for Prior Model. The finance committee established strict cash deployment guidelines to preserve liquidity buffers, optimize portfolio risk-adjusted yields, and execute Board-authorized share repurchases under Rule 10b5-1 programs.",Reverse $300M,maintain,Improves EPS while maintaining conservative coverage. This balanced financial management approach optimizes risk-adjusted returns on invested capital while preserving financial flexibility for multi-year strategic technology investments.,"[{""name"": ""Warranty_Claims"", ""value"": ""-11%"", ""unit"": ""percentage"", ""observed_on"": ""2025-10-30""}, {""name"": ""Reserve"", ""value"": ""$300M"", ""unit"": ""USD"", ""observed_on"": ""2025-10-30""}, {""name"": ""EPS"", ""value"": ""+0.03"", ""unit"": ""metric"", ""observed_on"": ""2025-10-30""}]",Finance,reported,"{finance,maintain}",Legal,"Regarding Reverse Excess Warranty Reserve for Prior Model, Legal warned optics of earnings smoothing; Finance cited actuarial basis; Finance insisted on preserving balance sheet liquidity reserves and maintaining target return on invested capital; Operations warned that strict capital rationing could constrain opportunistic component sourcing in Asia; Executive management authorized the financial allocation under disciplined risk parameters."
AAPL-2025Q4-0063,Apple Inc.,2025-10-30,quarterly_filings/2025_Q4.pdf,https://www.sec.gov/ix?doc=/Archives/edgar/data/0000320193/000032019325000095/aapl-20250927.htm,Item 2. Management's Discussion and Analysis - Liquidity and Capital Resources,Disclosure Context (2025Q4): Trigger: 'Investor appetite for ESG instruments increased'. Management Action: 'Issue ESG-Linked Bond for Sustainability Financing'. Scope: 'Apple corporate treasury and financial planning leadership approved strategic capital parameters regarding Issue ESG-Linked B...'. Rationale: 'Improves cost of capital and ESG positioning. This balanced financial management approach optimizes risk-...'.,Issue ESG-Linked Bond for Sustainability Financing,"Apple corporate treasury and financial planning leadership approved strategic capital parameters regarding Issue ESG-Linked Bond for Sustainability Financing. The finance committee established strict cash deployment guidelines to preserve liquidity buffers, optimize portfolio risk-adjusted yields, and execute Board-authorized share repurchases under Rule 10b5-1 programs.",ESG-linked bond,maintain,Improves cost of capital and ESG positioning. This balanced financial management approach optimizes risk-adjusted returns on invested capital while preserving financial flexibility for multi-year strategic technology investments.,"[{""name"": ""Bond_Size"", ""value"": ""$2B"", ""unit"": ""USD"", ""observed_on"": ""2025-10-30""}, {""name"": ""Yield_Advantage"", ""value"": ""0.3%"", ""unit"": ""percentage"", ""observed_on"": ""2025-10-30""}, {""name"": ""ESG_Rating"", ""value"": ""AAA"", ""unit"": ""metric"", ""observed_on"": ""2025-10-30""}]",Finance,reported,"{finance,maintain}",Legal,"Regarding Issue ESG-Linked Bond for Sustainability Financing, Ops saw minimal operational impact; Finance emphasized capital signaling; Finance insisted on preserving balance sheet liquidity reserves and maintaining target return on invested capital; Operations warned that strict capital rationing could constrain opportunistic component sourcing in Asia; Executive management authorized the financial allocation under disciplined risk parameters."
AAPL-2025Q4-0064,Apple Inc.,2025-10-30,quarterly_filings/2025_Q4.pdf,https://www.sec.gov/ix?doc=/Archives/edgar/data/0000320193/000032019325000095/aapl-20250927.htm,Item 2. Management's Discussion and Analysis - Liquidity and Capital Resources,Disclosure Context (2025Q4): Trigger: 'Analyst concerns about AI infrastructure spending'. Management Action: 'Signal Capex Discipline During Earnings Call'. Scope: 'Apple corporate treasury and financial planning leadership approved strategic capital parameters regarding Signal Capex Disci...'. Rationale: 'Stabilizes investor sentiment without cutting strategic investment. This balanced financial management ap...'.,Signal Capex Discipline During Earnings Call,"Apple corporate treasury and financial planning leadership approved strategic capital parameters regarding Signal Capex Discipline During Earnings Call. The finance committee established strict cash deployment guidelines to preserve liquidity buffers, optimize portfolio risk-adjusted yields, and execute Board-authorized share repurchases under Rule 10b5-1 programs.",Emphasize discipline,maintain,Stabilizes investor sentiment without cutting strategic investment. This balanced financial management approach optimizes risk-adjusted returns on invested capital while preserving financial flexibility for multi-year strategic technology investments.,"[{""name"": ""AI_Capex"", ""value"": ""$3.5B"", ""unit"": ""USD"", ""observed_on"": ""2025-10-30""}, {""name"": ""Analyst_Concern"", ""value"": ""Moderate"", ""unit"": ""metric"", ""observed_on"": ""2025-10-30""}, {""name"": ""Stock_Volatility"", ""value"": ""High"", ""unit"": ""metric"", ""observed_on"": ""2025-10-30""}]",Finance,reported,"{finance,maintain}",Legal,"Regarding Signal Capex Discipline During Earnings Call, R&D feared perception of AI slowdown; Finance framed efficiency narrative; Finance insisted on preserving balance sheet liquidity reserves and maintaining target return on invested capital; Operations warned that strict capital rationing could constrain opportunistic component sourcing in Asia; Executive management authorized the financial allocation under disciplined risk parameters."
AAPL-2025Q4-0065,Apple Inc.,2025-10-30,quarterly_filings/2025_Q4.pdf,https://www.sec.gov/ix?doc=/Archives/edgar/data/0000320193/000032019325000095/aapl-20250927.htm,Item 2. Management's Discussion and Analysis - Liquidity and Capital Resources,Disclosure Context (2025Q4): Trigger: 'Apple Intelligence usage exceeded projections'. Management Action: 'Introduce AI Premium Add-On Subscription Tier'. Scope: 'Apple corporate treasury and financial planning leadership approved strategic capital parameters regarding Introduce AI Premi...'. Rationale: 'Captures high-intent users without cannibalizing base services. This balanced financial management approa...'.,Introduce AI Premium Add-On Subscription Tier,"Apple corporate treasury and financial planning leadership approved strategic capital parameters regarding Introduce AI Premium Add-On Subscription Tier. The finance committee established strict cash deployment guidelines to preserve liquidity buffers, optimize portfolio risk-adjusted yields, and execute Board-authorized share repurchases under Rule 10b5-1 programs.",Paid premium tier,maintain,Captures high-intent users without cannibalizing base services. This balanced financial management approach optimizes risk-adjusted returns on invested capital while preserving financial flexibility for multi-year strategic technology investments.,"[{""name"": ""AI_Usage"", ""value"": ""+31%"", ""unit"": ""percentage"", ""observed_on"": ""2025-10-30""}, {""name"": ""Conversion_Est"", ""value"": ""7%"", ""unit"": ""percentage"", ""observed_on"": ""2025-10-30""}, {""name"": ""Margin"", ""value"": ""High"", ""unit"": ""metric"", ""observed_on"": ""2025-10-30""}]",Finance,reported,"{finance,maintain}",R&D;Legal,"Regarding Introduce AI Premium Add-On Subscription Tier, R&D feared feature fragmentation; Finance prioritized monetization upside; Finance insisted on preserving balance sheet liquidity reserves and maintaining target return on invested capital; Operations warned that strict capital rationing could constrain opportunistic component sourcing in Asia; Executive management authorized the financial allocation under disciplined risk parameters."
AAPL-2025Q4-0066,Apple Inc.,2025-10-30,quarterly_filings/2025_Q4.pdf,https://www.sec.gov/ix?doc=/Archives/edgar/data/0000320193/000032019325000095/aapl-20250927.htm,Item 2. Management's Discussion and Analysis - Liquidity and Capital Resources,Disclosure Context (2025Q4): Trigger: 'AI cloud cost rising with Services expansion'. Management Action: 'Introduce Temporary AI Infrastructure Cost Allocation to Services Segment'. Scope: 'Apple corporate treasury and financial planning leadership approved strategic capital parameters regarding Introduce Temporar...'. Rationale: 'Improves cost visibility and margin accuracy. This balanced financial management approach optimizes risk-...'.,Introduce Temporary AI Infrastructure Cost Allocation to Services Segment,"Apple corporate treasury and financial planning leadership approved strategic capital parameters regarding Introduce Temporary AI Infrastructure Cost Allocation to Services Segment. The finance committee established strict cash deployment guidelines to preserve liquidity buffers, optimize portfolio risk-adjusted yields, and execute Board-authorized share repurchases under Rule 10b5-1 programs.",Allocate proportionally,maintain,Improves cost visibility and margin accuracy. This balanced financial management approach optimizes risk-adjusted returns on invested capital while preserving financial flexibility for multi-year strategic technology investments.,"[{""name"": ""AI_Cost"", ""value"": ""+12%"", ""unit"": ""percentage"", ""observed_on"": ""2025-10-30""}, {""name"": ""Services_Revenue"", ""value"": ""+15%"", ""unit"": ""percentage"", ""observed_on"": ""2025-10-30""}, {""name"": ""Segment_GM_Adjust"", ""value"": ""-0.4%"", ""unit"": ""percentage"", ""observed_on"": ""2025-10-30""}]",Finance,reported,"{finance,maintain}",R&D,"Regarding Introduce Temporary AI Infrastructure Cost Allocation to Services Segment, R&D feared budget constraint implications; Finance emphasized accountability; Finance insisted on preserving balance sheet liquidity reserves and maintaining target return on invested capital; Operations warned that strict capital rationing could constrain opportunistic component sourcing in Asia; Executive management authorized the financial allocation under disciplined risk parameters."
AAPL-2025Q4-0067,Apple Inc.,2025-10-30,quarterly_filings/2025_Q4.pdf,https://www.sec.gov/ix?doc=/Archives/edgar/data/0000320193/000032019325000095/aapl-20250927.htm,Item 2. Management's Discussion and Analysis - Liquidity and Capital Resources,Disclosure Context (2025Q4): Trigger: 'Record Services growth across EU markets'. Management Action: 'Initiate Cross-Border Tax Optimization Review'. Scope: 'Apple corporate treasury and financial planning leadership approved strategic capital parameters regarding Initiate Cross-Bor...'. Rationale: 'Reduces effective tax burden while maintaining compliance. This balanced financial management approach op...'.,Initiate Cross-Border Tax Optimization Review,"Apple corporate treasury and financial planning leadership approved strategic capital parameters regarding Initiate Cross-Border Tax Optimization Review. The finance committee established strict cash deployment guidelines to preserve liquidity buffers, optimize portfolio risk-adjusted yields, and execute Board-authorized share repurchases under Rule 10b5-1 programs.",Optimize allocation,investigate,Reduces effective tax burden while maintaining compliance. This balanced financial management approach optimizes risk-adjusted returns on invested capital while preserving financial flexibility for multi-year strategic technology investments.,"[{""name"": ""EU_Revenue"", ""value"": ""+15%"", ""unit"": ""percentage"", ""observed_on"": ""2025-10-30""}, {""name"": ""Effective_Tax_Rate"", ""value"": ""Stable"", ""unit"": ""metric"", ""observed_on"": ""2025-10-30""}, {""name"": ""Savings_Potential"", ""value"": ""$220M"", ""unit"": ""USD"", ""observed_on"": ""2025-10-30""}]",Finance,reported,"{finance,investigate}",Legal,"Regarding Initiate Cross-Border Tax Optimization Review, Legal cautious about regulatory perception; Finance emphasized competitiveness; Finance insisted on preserving balance sheet liquidity reserves and maintaining target return on invested capital; Operations warned that strict capital rationing could constrain opportunistic component sourcing in Asia; Executive management authorized the financial allocation under disciplined risk parameters."
AAPL-2025Q4-0068,Apple Inc.,2025-10-30,quarterly_filings/2025_Q4.pdf,https://www.sec.gov/ix?doc=/Archives/edgar/data/0000320193/000032019325000095/aapl-20250927.htm,Item 2. Management's Discussion and Analysis - Liquidity and Capital Resources,Disclosure Context (2025Q4): Trigger: 'Family subscriptions grew 18% YoY'. Management Action: 'Introduce Tiered Apple One Family Pricing'. Scope: 'Apple corporate treasury and financial planning leadership approved strategic capital parameters regarding Introduce Tiered A...'. Rationale: 'Monetizes AI enhancements without impacting base subscriber churn. This balanced financial management app...'.,Introduce Tiered Apple One Family Pricing,"Apple corporate treasury and financial planning leadership approved strategic capital parameters regarding Introduce Tiered Apple One Family Pricing. The finance committee established strict cash deployment guidelines to preserve liquidity buffers, optimize portfolio risk-adjusted yields, and execute Board-authorized share repurchases under Rule 10b5-1 programs.",Add premium tier,maintain,Monetizes AI enhancements without impacting base subscriber churn. This balanced financial management approach optimizes risk-adjusted returns on invested capital while preserving financial flexibility for multi-year strategic technology investments.,"[{""name"": ""Family_Growth"", ""value"": ""+18%"", ""unit"": ""percentage"", ""observed_on"": ""2025-10-30""}, {""name"": ""AI_Cost"", ""value"": ""+9%"", ""unit"": ""percentage"", ""observed_on"": ""2025-10-30""}, {""name"": ""ARPU"", ""value"": ""+6%"", ""unit"": ""percentage"", ""observed_on"": ""2025-10-30""}]",Finance,reported,"{finance,maintain}",Legal;R&D,"Regarding Introduce Tiered Apple One Family Pricing, R&D warned AI feature gating perception risk; Finance insisted on preserving balance sheet liquidity reserves and maintaining target return on invested capital; Operations warned that strict capital rationing could constrain opportunistic component sourcing in Asia; Executive management authorized the financial allocation under disciplined risk parameters."
AAPL-2025Q4-0069,Apple Inc.,2025-10-30,quarterly_filings/2025_Q4.pdf,https://www.sec.gov/ix?doc=/Archives/edgar/data/0000320193/000032019325000095/aapl-20250927.htm,Item 2. Management's Discussion and Analysis - Liquidity and Capital Resources,Disclosure Context (2025Q4): Trigger: 'Record fiscal year profits increased tax exposure'. Management Action: 'Accelerate Deferred Tax Asset Utilization'. Scope: 'Apple corporate treasury and financial planning leadership approved strategic capital parameters regarding Accelerate Deferre...'. Rationale: 'Reduces effective tax rate in record quarter. This balanced financial management approach optimizes risk-...'.,Accelerate Deferred Tax Asset Utilization,"Apple corporate treasury and financial planning leadership approved strategic capital parameters regarding Accelerate Deferred Tax Asset Utilization. The finance committee established strict cash deployment guidelines to preserve liquidity buffers, optimize portfolio risk-adjusted yields, and execute Board-authorized share repurchases under Rule 10b5-1 programs.",Accelerate utilization,expand,Reduces effective tax rate in record quarter. This balanced financial management approach optimizes risk-adjusted returns on invested capital while preserving financial flexibility for multi-year strategic technology investments.,"[{""name"": ""Profit"", ""value"": ""$416B_FY"", ""unit"": ""USD"", ""observed_on"": ""2025-10-30""}, {""name"": ""ETR"", ""value"": ""-0.6%"", ""unit"": ""percentage"", ""observed_on"": ""2025-10-30""}, {""name"": ""EPS"", ""value"": ""+0.01"", ""unit"": ""metric"", ""observed_on"": ""2025-10-30""}]",Finance,reported,"{finance,expand}",Legal,"Regarding Accelerate Deferred Tax Asset Utilization, Legal validated compliance under global tax rules; Finance insisted on preserving balance sheet liquidity reserves and maintaining target return on invested capital; Operations warned that strict capital rationing could constrain opportunistic component sourcing in Asia; Executive management authorized the financial allocation under disciplined risk parameters."
AAPL-2025Q4-0070,Apple Inc.,2025-10-30,quarterly_filings/2025_Q4.pdf,https://www.sec.gov/ix?doc=/Archives/edgar/data/0000320193/000032019325000095/aapl-20250927.htm,Item 2. Management's Discussion and Analysis - Liquidity and Capital Resources,Disclosure Context (2025Q4): Trigger: 'AI compute demand pushed cooling costs up 12%'. Management Action: 'Reallocate Capex Toward AI Data Center Cooling Efficiency'. Scope: 'Apple corporate treasury and financial planning leadership approved strategic capital parameters regarding Reallocate Capex T...'. Rationale: 'Reduces long-term AI infra operating cost. This balanced financial management approach optimizes risk-adj...'.,Reallocate Capex Toward AI Data Center Cooling Efficiency,"Apple corporate treasury and financial planning leadership approved strategic capital parameters regarding Reallocate Capex Toward AI Data Center Cooling Efficiency. The finance committee established strict cash deployment guidelines to preserve liquidity buffers, optimize portfolio risk-adjusted yields, and execute Board-authorized share repurchases under Rule 10b5-1 programs.",Reallocate 5%,maintain,Reduces long-term AI infra operating cost. This balanced financial management approach optimizes risk-adjusted returns on invested capital while preserving financial flexibility for multi-year strategic technology investments.,"[{""name"": ""Cooling_Cost"", ""value"": ""+12%"", ""unit"": ""percentage"", ""observed_on"": ""2025-10-30""}, {""name"": ""Capex_Realloc"", ""value"": ""$180M"", ""unit"": ""USD"", ""observed_on"": ""2025-10-30""}, {""name"": ""ROI"", ""value"": ""High"", ""unit"": ""metric"", ""observed_on"": ""2025-10-30""}]",Finance,reported,"{finance,maintain}",Operations;Legal,"Regarding Reallocate Capex Toward AI Data Center Cooling Efficiency, Ops favored automation first; Finance prioritized cooling ROI; Finance insisted on preserving balance sheet liquidity reserves and maintaining target return on invested capital; Operations warned that strict capital rationing could constrain opportunistic component sourcing in Asia; Executive management authorized the financial allocation under disciplined risk parameters."
AAPL-2025Q4-0071,Apple Inc.,2025-10-30,quarterly_filings/2025_Q4.pdf,https://www.sec.gov/ix?doc=/Archives/edgar/data/0000320193/000032019325000095/aapl-20250927.htm,Item 2. Management's Discussion and Analysis - Liquidity and Capital Resources,Disclosure Context (2025Q4): Trigger: 'USD volatility increased across Asia-Pacific suppliers'. Management Action: 'Initiate FX Natural Hedge via Supplier Currency Matching'. Scope: 'Apple corporate treasury and financial planning leadership approved strategic capital parameters regarding Initiate FX Natura...'. Rationale: 'Reduces FX volatility without derivative cost. This balanced financial management approach optimizes risk...'.,Initiate FX Natural Hedge via Supplier Currency Matching,"Apple corporate treasury and financial planning leadership approved strategic capital parameters regarding Initiate FX Natural Hedge via Supplier Currency Matching. The finance committee established strict cash deployment guidelines to preserve liquidity buffers, optimize portfolio risk-adjusted yields, and execute Board-authorized share repurchases under Rule 10b5-1 programs.",Natural hedge mix,maintain,Reduces FX volatility without derivative cost. This balanced financial management approach optimizes risk-adjusted returns on invested capital while preserving financial flexibility for multi-year strategic technology investments.,"[{""name"": ""USD_Volatility"", ""value"": ""+10%"", ""unit"": ""percentage"", ""observed_on"": ""2025-10-30""}, {""name"": ""Hedge_Cost"", ""value"": ""-$15M"", ""unit"": ""USD"", ""observed_on"": ""2025-10-30""}, {""name"": ""Revenue_Exposure"", ""value"": ""$9B"", ""unit"": ""USD"", ""observed_on"": ""2025-10-30""}]",Finance,reported,"{finance,maintain}",Operations;Legal,"Regarding Initiate FX Natural Hedge via Supplier Currency Matching, Legal validated contract revisions; Finance insisted on preserving balance sheet liquidity reserves and maintaining target return on invested capital; Operations warned that strict capital rationing could constrain opportunistic component sourcing in Asia; Executive management authorized the financial allocation under disciplined risk parameters."
AAPL-2025Q4-0072,Apple Inc.,2025-10-30,quarterly_filings/2025_Q4.pdf,https://www.sec.gov/ix?doc=/Archives/edgar/data/0000320193/000032019325000095/aapl-20250927.htm,Item 2. Management's Discussion and Analysis - Liquidity and Capital Resources,Disclosure Context (2025Q4): Trigger: 'Installment plan adoption surged 24% during holiday'. Management Action: 'Implement Holiday Dynamic Installment APR Optimization'. Scope: 'Apple corporate treasury and financial planning leadership approved strategic capital parameters regarding Implement Holiday ...'. Rationale: 'Balances upgrade acceleration with credit risk exposure. This balanced financial management approach opti...'.,Implement Holiday Dynamic Installment APR Optimization,"Apple corporate treasury and financial planning leadership approved strategic capital parameters regarding Implement Holiday Dynamic Installment APR Optimization. The finance committee established strict cash deployment guidelines to preserve liquidity buffers, optimize portfolio risk-adjusted yields, and execute Board-authorized share repurchases under Rule 10b5-1 programs.",Tiered APR optimization,maintain,Balances upgrade acceleration with credit risk exposure. This balanced financial management approach optimizes risk-adjusted returns on invested capital while preserving financial flexibility for multi-year strategic technology investments.,"[{""name"": ""Installment_Adoption"", ""value"": ""+24%"", ""unit"": ""percentage"", ""observed_on"": ""2025-10-30""}, {""name"": ""Default_Risk"", ""value"": ""Moderate"", ""unit"": ""metric"", ""observed_on"": ""2025-10-30""}, {""name"": ""NIM"", ""value"": ""+0.4%"", ""unit"": ""percentage"", ""observed_on"": ""2025-10-30""}]",Finance,reported,"{finance,maintain}",Legal;Operations,"Regarding Implement Holiday Dynamic Installment APR Optimization, Legal required stricter disclosure language; Finance insisted on preserving balance sheet liquidity reserves and maintaining target return on invested capital; Operations warned that strict capital rationing could constrain opportunistic component sourcing in Asia; Executive management authorized the financial allocation under disciplined risk parameters."
AAPL-2025Q4-0073,Apple Inc.,2025-10-30,quarterly_filings/2025_Q4.pdf,https://www.sec.gov/ix?doc=/Archives/edgar/data/0000320193/000032019325000095/aapl-20250927.htm,Item 2. Management's Discussion and Analysis - Liquidity and Capital Resources,Disclosure Context (2025Q4): Trigger: 'AI infra cost exceeded forecast by 14%'. Management Action: 'Initiate AI Compute Cost Transfer Pricing Adjustment'. Scope: 'Apple corporate treasury and financial planning leadership approved strategic capital parameters regarding Initiate AI Comput...'. Rationale: 'Improves hardware segment margin transparency. This balanced financial management approach optimizes risk...'.,Initiate AI Compute Cost Transfer Pricing Adjustment,"Apple corporate treasury and financial planning leadership approved strategic capital parameters regarding Initiate AI Compute Cost Transfer Pricing Adjustment. The finance committee established strict cash deployment guidelines to preserve liquidity buffers, optimize portfolio risk-adjusted yields, and execute Board-authorized share repurchases under Rule 10b5-1 programs.",Allocate to Services,revise,Improves hardware segment margin transparency. This balanced financial management approach optimizes risk-adjusted returns on invested capital while preserving financial flexibility for multi-year strategic technology investments.,"[{""name"": ""Infra_Cost"", ""value"": ""+14%"", ""unit"": ""percentage"", ""observed_on"": ""2025-10-30""}, {""name"": ""Services_Revenue"", ""value"": ""Record"", ""unit"": ""metric"", ""observed_on"": ""2025-10-30""}]",Finance,reported,"{finance,revise}",Legal,"Regarding Initiate AI Compute Cost Transfer Pricing Adjustment, Legal required disclosure clarity; Finance insisted on preserving balance sheet liquidity reserves and maintaining target return on invested capital; Operations warned that strict capital rationing could constrain opportunistic component sourcing in Asia; Executive management authorized the financial allocation under disciplined risk parameters."
AAPL-2025Q4-0074,Apple Inc.,2025-10-30,quarterly_filings/2025_Q4.pdf,https://www.sec.gov/ix?doc=/Archives/edgar/data/0000320193/000032019325000095/aapl-20250927.htm,Item 2. Management's Discussion and Analysis - Liquidity and Capital Resources,Disclosure Context (2025Q4): Trigger: 'Legacy accessory sales declined post-iPhone 17 launch'. Management Action: 'Accelerate Inventory Write-Down on iPhone 15 Accessories'. Scope: 'Apple corporate treasury and financial planning leadership approved strategic capital parameters regarding Accelerate Invento...'. Rationale: 'Cleans balance sheet before fiscal close. This balanced financial management approach optimizes risk-adju...'.,Accelerate Inventory Write-Down on iPhone 15 Accessories,"Apple corporate treasury and financial planning leadership approved strategic capital parameters regarding Accelerate Inventory Write-Down on iPhone 15 Accessories. The finance committee established strict cash deployment guidelines to preserve liquidity buffers, optimize portfolio risk-adjusted yields, and execute Board-authorized share repurchases under Rule 10b5-1 programs.",Accelerate write-down,expand,Cleans balance sheet before fiscal close. This balanced financial management approach optimizes risk-adjusted returns on invested capital while preserving financial flexibility for multi-year strategic technology investments.,"[{""name"": ""Inventory_Slow"", ""value"": ""-14%"", ""unit"": ""percentage"", ""observed_on"": ""2025-10-30""}, {""name"": ""WriteDown"", ""value"": ""$85M"", ""unit"": ""USD"", ""observed_on"": ""2025-10-30""}, {""name"": ""EPS_Impact"", ""value"": ""-0.01"", ""unit"": ""metric"", ""observed_on"": ""2025-10-30""}]",Finance,reported,"{finance,expand}",Operations;Legal,"Regarding Accelerate Inventory Write-Down on iPhone 15 Accessories, Ops concerned about optics; Finance insisted on preserving balance sheet liquidity reserves and maintaining target return on invested capital; Operations warned that strict capital rationing could constrain opportunistic component sourcing in Asia; Executive management authorized the financial allocation under disciplined risk parameters."
AAPL-2025Q4-0075,Apple Inc.,2025-10-30,quarterly_filings/2025_Q4.pdf,https://www.sec.gov/ix?doc=/Archives/edgar/data/0000320193/000032019325000095/aapl-20250927.htm,Item 2. Management's Discussion and Analysis - Liquidity and Capital Resources,Disclosure Context (2025Q4): Trigger: 'Holiday promotions compressed hardware margin'. Management Action: 'Implement Seasonal Gross Margin Buffer Model'. Scope: 'Apple corporate treasury and financial planning leadership approved strategic capital parameters regarding Implement Seasonal...'. Rationale: 'Improves margin predictability entering FY26. This balanced financial management approach optimizes risk-...'.,Implement Seasonal Gross Margin Buffer Model,"Apple corporate treasury and financial planning leadership approved strategic capital parameters regarding Implement Seasonal Gross Margin Buffer Model. The finance committee established strict cash deployment guidelines to preserve liquidity buffers, optimize portfolio risk-adjusted yields, and execute Board-authorized share repurchases under Rule 10b5-1 programs.",Dynamic buffer model,maintain,Improves margin predictability entering FY26. This balanced financial management approach optimizes risk-adjusted returns on invested capital while preserving financial flexibility for multi-year strategic technology investments.,"[{""name"": ""Promo_Impact"", ""value"": ""-1.2%"", ""unit"": ""percentage"", ""observed_on"": ""2025-10-30""}, {""name"": ""Forecast_Error"", ""value"": ""-30%"", ""unit"": ""percentage"", ""observed_on"": ""2025-10-30""}, {""name"": ""EPS_Stability"", ""value"": ""+0.02"", ""unit"": ""metric"", ""observed_on"": ""2025-10-30""}]",Finance,reported,"{finance,maintain}",Operations,"Regarding Implement Seasonal Gross Margin Buffer Model, Ops saw improved alignment; Finance insisted on preserving balance sheet liquidity reserves and maintaining target return on invested capital; Operations warned that strict capital rationing could constrain opportunistic component sourcing in Asia; Executive management authorized the financial allocation under disciplined risk parameters."
AAPL-2025Q4-0076,Apple Inc.,2025-10-30,quarterly_filings/2025_Q4.pdf,https://www.sec.gov/ix?doc=/Archives/edgar/data/0000320193/000032019325000095/aapl-20250927.htm,Item 2. Management's Discussion and Analysis - Liquidity and Capital Resources,Disclosure Context (2025Q4): Trigger: 'Market volatility increased before fiscal close'. Management Action: 'Expand Short-Term Money Market Holdings for Year-End Stability'. Scope: 'Apple corporate treasury and financial planning leadership approved strategic capital parameters regarding Expand Short-Term ...'. Rationale: 'Protects liquidity while earning modest yield. This balanced financial management approach optimizes risk...'.,Expand Short-Term Money Market Holdings for Year-End Stability,"Apple corporate treasury and financial planning leadership approved strategic capital parameters regarding Expand Short-Term Money Market Holdings for Year-End Stability. The finance committee established strict cash deployment guidelines to preserve liquidity buffers, optimize portfolio risk-adjusted yields, and execute Board-authorized share repurchases under Rule 10b5-1 programs.",Increase MMF exposure,expand,Protects liquidity while earning modest yield. This balanced financial management approach optimizes risk-adjusted returns on invested capital while preserving financial flexibility for multi-year strategic technology investments.,"[{""name"": ""Volatility"", ""value"": ""+15%"", ""unit"": ""percentage"", ""observed_on"": ""2025-10-30""}, {""name"": ""Yield"", ""value"": ""+3.8%"", ""unit"": ""percentage"", ""observed_on"": ""2025-10-30""}, {""name"": ""Liquidity"", ""value"": ""High"", ""unit"": ""metric"", ""observed_on"": ""2025-10-30""}]",Finance,reported,"{finance,expand}",Legal,"Regarding Expand Short-Term Money Market Holdings for Year-End Stability, Legal confirmed compliance with treasury policy; Finance insisted on preserving balance sheet liquidity reserves and maintaining target return on invested capital; Operations warned that strict capital rationing could constrain opportunistic component sourcing in Asia; Executive management authorized the financial allocation under disciplined risk parameters."
AAPL-2025Q4-0077,Apple Inc.,2025-10-30,quarterly_filings/2025_Q4.pdf,https://www.sec.gov/ix?doc=/Archives/edgar/data/0000320193/000032019325000095/aapl-20250927.htm,Item 2. Management's Discussion and Analysis - Liquidity and Capital Resources,Disclosure Context (2025Q4): Trigger: 'High Pro model attach rate for AppleCare'. Management Action: 'Launch Premium AppleCare Plus AI Protection Tier'. Scope: 'Apple corporate treasury and financial planning leadership approved strategic capital parameters regarding Launch Premium App...'. Rationale: 'Monetizes advanced hardware while boosting retention. This balanced financial management approach optimiz...'.,Launch Premium AppleCare Plus AI Protection Tier,"Apple corporate treasury and financial planning leadership approved strategic capital parameters regarding Launch Premium AppleCare Plus AI Protection Tier. The finance committee established strict cash deployment guidelines to preserve liquidity buffers, optimize portfolio risk-adjusted yields, and execute Board-authorized share repurchases under Rule 10b5-1 programs.",Add AI tier,maintain,Monetizes advanced hardware while boosting retention. This balanced financial management approach optimizes risk-adjusted returns on invested capital while preserving financial flexibility for multi-year strategic technology investments.,"[{""name"": ""Attach Rate"", ""value"": ""+15%"", ""unit"": ""percentage"", ""observed_on"": ""2025-10-30""}, {""name"": ""ARPU"", ""value"": ""+5%"", ""unit"": ""percentage"", ""observed_on"": ""2025-10-30""}, {""name"": ""Claim Risk"", ""value"": ""Moderate"", ""unit"": ""metric"", ""observed_on"": ""2025-10-30""}]",Finance,reported,"{finance,maintain}",Legal; Operations,"Regarding Launch Premium AppleCare Plus AI Protection Tier, Legal required clear AI damage exclusions; Finance insisted on preserving balance sheet liquidity reserves and maintaining target return on invested capital; Operations warned that strict capital rationing could constrain opportunistic component sourcing in Asia; Executive management authorized the financial allocation under disciplined risk parameters."
AAPL-2025Q4-0078,Apple Inc.,2025-10-30,quarterly_filings/2025_Q4.pdf,https://www.sec.gov/ix?doc=/Archives/edgar/data/0000320193/000032019325000095/aapl-20250927.htm,Item 2. Management's Discussion and Analysis - Liquidity and Capital Resources,Disclosure Context (2025Q4): Trigger: 'Emerging markets services growth outpaced mature markets'. Management Action: 'Adjust Services Revenue Geographic Mix Strategy'. Scope: 'Apple corporate treasury and financial planning leadership approved strategic capital parameters regarding Adjust Services Re...'. Rationale: 'Optimizes recurring revenue growth profile. This balanced financial management approach optimizes risk-ad...'.,Adjust Services Revenue Geographic Mix Strategy,"Apple corporate treasury and financial planning leadership approved strategic capital parameters regarding Adjust Services Revenue Geographic Mix Strategy. The finance committee established strict cash deployment guidelines to preserve liquidity buffers, optimize portfolio risk-adjusted yields, and execute Board-authorized share repurchases under Rule 10b5-1 programs.",Rebalance regions,revise,Optimizes recurring revenue growth profile. This balanced financial management approach optimizes risk-adjusted returns on invested capital while preserving financial flexibility for multi-year strategic technology investments.,"[{""name"": ""Emerging Growth"", ""value"": ""+21%"", ""unit"": ""percentage"", ""observed_on"": ""2025-10-30""}, {""name"": ""Margin Difference"", ""value"": ""+4%"", ""unit"": ""percentage"", ""observed_on"": ""2025-10-30""}, {""name"": ""Investment Shift"", ""value"": ""+$120M"", ""unit"": ""USD"", ""observed_on"": ""2025-10-30""}]",Finance,reported,"{finance,revise}",Legal; Operations,"Regarding Adjust Services Revenue Geographic Mix Strategy, Legal monitored cross-border pricing impact; Finance insisted on preserving balance sheet liquidity reserves and maintaining target return on invested capital; Operations warned that strict capital rationing could constrain opportunistic component sourcing in Asia; Executive management authorized the financial allocation under disciplined risk parameters."
AAPL-2025Q4-0079,Apple Inc.,2025-10-30,quarterly_filings/2025_Q4.pdf,https://www.sec.gov/ix?doc=/Archives/edgar/data/0000320193/000032019325000095/aapl-20250927.htm,Item 2. Management's Discussion and Analysis - Liquidity and Capital Resources,Disclosure Context (2025Q4): Trigger: 'High-memory configuration demand rose 17%'. Management Action: 'Reprice High Memory iPad Pro Configurations'. Scope: 'Apple corporate treasury and financial planning leadership approved strategic capital parameters regarding Reprice High Memor...'. Rationale: 'Captures willingness to pay during holiday demand. This balanced financial management approach optimizes ...'.,Reprice High Memory iPad Pro Configurations,"Apple corporate treasury and financial planning leadership approved strategic capital parameters regarding Reprice High Memory iPad Pro Configurations. The finance committee established strict cash deployment guidelines to preserve liquidity buffers, optimize portfolio risk-adjusted yields, and execute Board-authorized share repurchases under Rule 10b5-1 programs.",+30 premium,maintain,Captures willingness to pay during holiday demand. This balanced financial management approach optimizes risk-adjusted returns on invested capital while preserving financial flexibility for multi-year strategic technology investments.,"[{""name"": ""Demand"", ""value"": ""+17%"", ""unit"": ""percentage"", ""observed_on"": ""2025-10-30""}, {""name"": ""ASP"", ""value"": ""+5%"", ""unit"": ""percentage"", ""observed_on"": ""2025-10-30""}, {""name"": ""Margin"", ""value"": ""+0.8%"", ""unit"": ""percentage"", ""observed_on"": ""2025-10-30""}]",Finance,reported,"{finance,maintain}",Operations; Legal,"Regarding Reprice High Memory iPad Pro Configurations, Legal reviewed pricing fairness; Finance insisted on preserving balance sheet liquidity reserves and maintaining target return on invested capital; Operations warned that strict capital rationing could constrain opportunistic component sourcing in Asia; Executive management authorized the financial allocation under disciplined risk parameters."
AAPL-2025Q4-0080,Apple Inc.,2025-10-30,quarterly_filings/2025_Q4.pdf,https://www.sec.gov/ix?doc=/Archives/edgar/data/0000320193/000032019325000095/aapl-20250927.htm,Item 2. Management's Discussion and Analysis - Liquidity and Capital Resources,Disclosure Context (2025Q4): Trigger: 'Lithium prices spiked unexpectedly late quarter'. Management Action: 'Initiate Short Term Commodity Hedge For Lithium'. Scope: 'Apple corporate treasury and financial planning leadership approved strategic capital parameters regarding Initiate Short Ter...'. Rationale: 'Stabilizes battery costs during peak demand. This balanced financial management approach optimizes risk-a...'.,Initiate Short Term Commodity Hedge For Lithium,"Apple corporate treasury and financial planning leadership approved strategic capital parameters regarding Initiate Short Term Commodity Hedge For Lithium. The finance committee established strict cash deployment guidelines to preserve liquidity buffers, optimize portfolio risk-adjusted yields, and execute Board-authorized share repurchases under Rule 10b5-1 programs.",Short-term hedge,maintain,Stabilizes battery costs during peak demand. This balanced financial management approach optimizes risk-adjusted returns on invested capital while preserving financial flexibility for multi-year strategic technology investments.,"[{""name"": ""Lithium"", ""value"": ""+12%"", ""unit"": ""percentage"", ""observed_on"": ""2025-10-30""}, {""name"": ""Cost Volatility"", ""value"": ""High"", ""unit"": ""metric"", ""observed_on"": ""2025-10-30""}, {""name"": ""Hedge Cost"", ""value"": ""$9M"", ""unit"": ""USD"", ""observed_on"": ""2025-10-30""}]",Finance,reported,"{finance,maintain}",Operations; Legal,"Regarding Initiate Short Term Commodity Hedge For Lithium, Legal validated contract terms; Finance insisted on preserving balance sheet liquidity reserves and maintaining target return on invested capital; Operations warned that strict capital rationing could constrain opportunistic component sourcing in Asia; Executive management authorized the financial allocation under disciplined risk parameters."
AAPL-2025Q4-0081,Apple Inc.,2025-10-30,quarterly_filings/2025_Q4.pdf,https://www.sec.gov/ix?doc=/Archives/edgar/data/0000320193/000032019325000095/aapl-20250927.htm,Item 2. Management's Discussion and Analysis - Liquidity and Capital Resources,Disclosure Context (2025Q4): Trigger: 'Inventory turn increased post-launch'. Management Action: 'Adjust Quarter End Inventory Valuation Method'. Scope: 'Apple corporate treasury and financial planning leadership approved strategic capital parameters regarding Adjust Quarter End...'. Rationale: 'Improves cost transparency. This balanced financial management approach optimizes risk-adjusted returns o...'.,Adjust Quarter End Inventory Valuation Method,"Apple corporate treasury and financial planning leadership approved strategic capital parameters regarding Adjust Quarter End Inventory Valuation Method. The finance committee established strict cash deployment guidelines to preserve liquidity buffers, optimize portfolio risk-adjusted yields, and execute Board-authorized share repurchases under Rule 10b5-1 programs.",Adopt FIFO,revise,Improves cost transparency. This balanced financial management approach optimizes risk-adjusted returns on invested capital while preserving financial flexibility for multi-year strategic technology investments.,"[{""name"": ""Inventory Turn"", ""value"": ""+12%"", ""unit"": ""percentage"", ""observed_on"": ""2025-10-30""}, {""name"": ""EPS Impact"", ""value"": ""+0.01"", ""unit"": ""metric"", ""observed_on"": ""2025-10-30""}, {""name"": ""Audit Review"", ""value"": ""Required"", ""unit"": ""metric"", ""observed_on"": ""2025-10-30""}]",Finance,reported,"{finance,revise}",Legal,"Regarding Adjust Quarter End Inventory Valuation Method, Legal ensured GAAP alignment; Finance insisted on preserving balance sheet liquidity reserves and maintaining target return on invested capital; Operations warned that strict capital rationing could constrain opportunistic component sourcing in Asia; Executive management authorized the financial allocation under disciplined risk parameters."
AAPL-2025Q4-0082,Apple Inc.,2025-10-30,quarterly_filings/2025_Q4.pdf,https://www.sec.gov/ix?doc=/Archives/edgar/data/0000320193/000032019325000095/aapl-20250927.htm,Item 2. Management's Discussion and Analysis - Liquidity and Capital Resources,Disclosure Context (2025Q4): Trigger: 'FX volatility impacted cross-border pricing'. Management Action: 'Introduce Dynamic Currency Pricing Online'. Scope: 'Apple corporate treasury and financial planning leadership approved strategic capital parameters regarding Introduce Dynamic ...'. Rationale: 'Preserves margin amid currency fluctuations. This balanced financial management approach optimizes risk-a...'.,Introduce Dynamic Currency Pricing Online,"Apple corporate treasury and financial planning leadership approved strategic capital parameters regarding Introduce Dynamic Currency Pricing Online. The finance committee established strict cash deployment guidelines to preserve liquidity buffers, optimize portfolio risk-adjusted yields, and execute Board-authorized share repurchases under Rule 10b5-1 programs.",Dynamic FX pricing,maintain,Preserves margin amid currency fluctuations. This balanced financial management approach optimizes risk-adjusted returns on invested capital while preserving financial flexibility for multi-year strategic technology investments.,"[{""name"": ""FX Volatility"", ""value"": ""+15%"", ""unit"": ""percentage"", ""observed_on"": ""2025-10-30""}, {""name"": ""Margin Impact"", ""value"": ""+0.6%"", ""unit"": ""percentage"", ""observed_on"": ""2025-10-30""}, {""name"": ""Conversion Rate"", ""value"": ""Stable"", ""unit"": ""metric"", ""observed_on"": ""2025-10-30""}]",Finance,reported,"{finance,maintain}",Legal; Operations,"Regarding Introduce Dynamic Currency Pricing Online, Legal reviewed local pricing laws; Finance insisted on preserving balance sheet liquidity reserves and maintaining target return on invested capital; Operations warned that strict capital rationing could constrain opportunistic component sourcing in Asia; Executive management authorized the financial allocation under disciplined risk parameters."
AAPL-2025Q4-0083,Apple Inc.,2025-10-30,quarterly_filings/2025_Q4.pdf,https://www.sec.gov/ix?doc=/Archives/edgar/data/0000320193/000032019325000095/aapl-20250927.htm,Item 2. Management's Discussion and Analysis - Liquidity and Capital Resources,Disclosure Context (2025Q4): Trigger: 'Stock volatility increased post-earnings'. Management Action: 'Adjust Share Repurchase Pacing Strategy'. Scope: 'Apple corporate treasury and financial planning leadership approved strategic capital parameters regarding Adjust Share Repur...'. Rationale: 'Enhances EPS accretion and capital flexibility. This balanced financial management approach optimizes ris...'.,Adjust Share Repurchase Pacing Strategy,"Apple corporate treasury and financial planning leadership approved strategic capital parameters regarding Adjust Share Repurchase Pacing Strategy. The finance committee established strict cash deployment guidelines to preserve liquidity buffers, optimize portfolio risk-adjusted yields, and execute Board-authorized share repurchases under Rule 10b5-1 programs.",Adaptive pacing,revise,Enhances EPS accretion and capital flexibility. This balanced financial management approach optimizes risk-adjusted returns on invested capital while preserving financial flexibility for multi-year strategic technology investments.,"[{""name"": ""Stock Volatility"", ""value"": ""+20%"", ""unit"": ""percentage"", ""observed_on"": ""2025-10-30""}, {""name"": ""Buyback"", ""value"": ""$75B"", ""unit"": ""USD"", ""observed_on"": ""2025-10-30""}, {""name"": ""EPS Impact"", ""value"": ""+0.02"", ""unit"": ""metric"", ""observed_on"": ""2025-10-30""}]",Finance,reported,"{finance,revise}",Legal,"Regarding Adjust Share Repurchase Pacing Strategy, Legal validated disclosure compliance; Finance insisted on preserving balance sheet liquidity reserves and maintaining target return on invested capital; Operations warned that strict capital rationing could constrain opportunistic component sourcing in Asia; Executive management authorized the financial allocation under disciplined risk parameters."
AAPL-2025Q4-0084,Apple Inc.,2025-10-30,quarterly_filings/2025_Q4.pdf,https://www.sec.gov/ix?doc=/Archives/edgar/data/0000320193/000032019325000095/aapl-20250927.htm,Item 2. Management's Discussion and Analysis - Liquidity and Capital Resources,Disclosure Context (2025Q4): Trigger: 'Competitors offered zero interest financing'. Management Action: 'Expand Installment Plan Interest Subsidy'. Scope: 'Apple corporate treasury and financial planning leadership approved strategic capital parameters regarding Expand Installment...'. Rationale: 'Boosts conversion without deep discounting. This balanced financial management approach optimizes risk-ad...'.,Expand Installment Plan Interest Subsidy,"Apple corporate treasury and financial planning leadership approved strategic capital parameters regarding Expand Installment Plan Interest Subsidy. The finance committee established strict cash deployment guidelines to preserve liquidity buffers, optimize portfolio risk-adjusted yields, and execute Board-authorized share repurchases under Rule 10b5-1 programs.",Subsidize interest,expand,Boosts conversion without deep discounting. This balanced financial management approach optimizes risk-adjusted returns on invested capital while preserving financial flexibility for multi-year strategic technology investments.,"[{""name"": ""Conversion Rate"", ""value"": ""+9%"", ""unit"": ""percentage"", ""observed_on"": ""2025-10-30""}, {""name"": ""Subsidy Cost"", ""value"": ""$45M"", ""unit"": ""USD"", ""observed_on"": ""2025-10-30""}, {""name"": ""Volume"", ""value"": ""+6%"", ""unit"": ""percentage"", ""observed_on"": ""2025-10-30""}]",Finance,reported,"{finance,expand}",Legal; Operations,"Regarding Expand Installment Plan Interest Subsidy, Legal reviewed credit disclosures; Finance insisted on preserving balance sheet liquidity reserves and maintaining target return on invested capital; Operations warned that strict capital rationing could constrain opportunistic component sourcing in Asia; Executive management authorized the financial allocation under disciplined risk parameters."
AAPL-2025Q4-0085,Apple Inc.,2025-10-30,quarterly_filings/2025_Q4.pdf,https://www.sec.gov/ix?doc=/Archives/edgar/data/0000320193/000032019325000095/aapl-20250927.htm,Item 2. Management's Discussion and Analysis - Liquidity and Capital Resources,Disclosure Context (2025Q4): Trigger: 'Unexpected yen appreciation impacted exports'. Management Action: 'Create Short Term FX Forward Buffer'. Scope: 'Apple corporate treasury and financial planning leadership approved strategic capital parameters regarding Create Short Term ...'. Rationale: 'Stabilizes profit during currency shift. This balanced financial management approach optimizes risk-adjus...'.,Create Short Term FX Forward Buffer,"Apple corporate treasury and financial planning leadership approved strategic capital parameters regarding Create Short Term FX Forward Buffer. The finance committee established strict cash deployment guidelines to preserve liquidity buffers, optimize portfolio risk-adjusted yields, and execute Board-authorized share repurchases under Rule 10b5-1 programs.",FX forwards,maintain,Stabilizes profit during currency shift. This balanced financial management approach optimizes risk-adjusted returns on invested capital while preserving financial flexibility for multi-year strategic technology investments.,"[{""name"": ""Yen"", ""value"": ""+8%"", ""unit"": ""percentage"", ""observed_on"": ""2025-10-30""}, {""name"": ""Hedge Cost"", ""value"": ""$12M"", ""unit"": ""USD"", ""observed_on"": ""2025-10-30""}, {""name"": ""Margin Stability"", ""value"": ""Improved"", ""unit"": ""metric"", ""observed_on"": ""2025-10-30""}]",Finance,reported,"{finance,maintain}",Legal,"Regarding Create Short Term FX Forward Buffer, Legal validated forward contracts; Finance insisted on preserving balance sheet liquidity reserves and maintaining target return on invested capital; Operations warned that strict capital rationing could constrain opportunistic component sourcing in Asia; Executive management authorized the financial allocation under disciplined risk parameters."
AAPL-2025Q4-0086,Apple Inc.,2025-10-30,quarterly_filings/2025_Q4.pdf,https://www.sec.gov/ix?doc=/Archives/edgar/data/0000320193/000032019325000095/aapl-20250927.htm,Item 2. Management's Discussion and Analysis - Liquidity and Capital Resources,Disclosure Context (2025Q4): Trigger: 'Inventory levels high post-launch'. Management Action: 'Optimize Holiday Inventory Financing Cost'. Scope: 'Apple corporate treasury and financial planning leadership approved strategic capital parameters regarding Optimize Holiday I...'. Rationale: 'Reduces interest expense and improves cash flow. This balanced financial management approach optimizes ri...'.,Optimize Holiday Inventory Financing Cost,"Apple corporate treasury and financial planning leadership approved strategic capital parameters regarding Optimize Holiday Inventory Financing Cost. The finance committee established strict cash deployment guidelines to preserve liquidity buffers, optimize portfolio risk-adjusted yields, and execute Board-authorized share repurchases under Rule 10b5-1 programs.",Renegotiate terms,revise,Reduces interest expense and improves cash flow. This balanced financial management approach optimizes risk-adjusted returns on invested capital while preserving financial flexibility for multi-year strategic technology investments.,"[{""name"": ""Inventory Value"", ""value"": ""High"", ""unit"": ""metric"", ""observed_on"": ""2025-10-30""}, {""name"": ""Interest"", ""value"": ""-0.4%"", ""unit"": ""percentage"", ""observed_on"": ""2025-10-30""}, {""name"": ""Savings"", ""value"": ""$18M"", ""unit"": ""USD"", ""observed_on"": ""2025-10-30""}]",Finance,reported,"{finance,revise}",Legal,"Regarding Optimize Holiday Inventory Financing Cost, Legal approved renegotiation terms; Finance insisted on preserving balance sheet liquidity reserves and maintaining target return on invested capital; Operations warned that strict capital rationing could constrain opportunistic component sourcing in Asia; Executive management authorized the financial allocation under disciplined risk parameters."
AAPL-2025Q4-0087,Apple Inc.,2025-10-30,quarterly_filings/2025_Q4.pdf,https://www.sec.gov/ix?doc=/Archives/edgar/data/0000320193/000032019325000095/aapl-20250927.htm,Item 2. Management's Discussion and Analysis - Liquidity and Capital Resources,Disclosure Context (2025Q4): Trigger: 'Foreign exchange volatility and cross-currency swap rate spreads widened by 18 bps'. Management Action: 'Restructure Short-Term Liquidity Allocation Tranche 1 for Treasury Hedging in 2025Q4'. Scope: 'Authorize Apple Treasury to allocate $1.2B into euro and yen-denominated short-term government securities and interest rate s...'. Rationale: 'Protects cash yield against foreign exchange swings while ensuring compliance with Board-authorized liqui...'.,Restructure Short-Term Liquidity Allocation Tranche 1 for Treasury Hedging in 2025Q4,Authorize Apple Treasury to allocate $1.2B into euro and yen-denominated short-term government securities and interest rate swaps to optimize cash yield while maintaining liquidity reserves for quarterly operating expenses and dividend obligations.,+3%,revise,Protects cash yield against foreign exchange swings while ensuring compliance with Board-authorized liquidity investment risk parameters.,"[{""name"": ""FX_Spread"", ""value"": ""+18bps"", ""unit"": ""metric"", ""observed_on"": ""2025-10-30""}, {""name"": ""Treasury_Yield"", ""value"": ""4.4%"", ""unit"": ""percentage"", ""observed_on"": ""2025-10-30""}, {""name"": ""Allocated_Cash"", ""value"": ""$1.2B"", ""unit"": ""USD"", ""observed_on"": ""2025-10-30""}]",Finance,reported,"{finance,revise}",Operations;Legal,"Regarding Restructure Short-Term Liquidity Allocation Tranche 1 for Treasury Hedging in 2025Q4, Finance prioritized preserving capital yield in commercial paper and high-grade sovereign debt; Operations warned that excessive cash lock-in could constrain opportunistic spot component purchases in Asia; Executive management approved the liquidity tranche with 30-day redeployment triggers; Finance insisted on preserving balance sheet liquidity reserves and maintaining target return on invested capital; Operations warned that strict capital rationing could constrain opportunistic component sourcing in Asia; Executive management authorized the financial allocation under disciplined risk parameters."
AAPL-2025Q4-0088,Apple Inc.,2025-10-30,quarterly_filings/2025_Q4.pdf,https://www.sec.gov/ix?doc=/Archives/edgar/data/0000320193/000032019325000095/aapl-20250927.htm,Item 2. Management's Discussion and Analysis - Liquidity and Capital Resources,Disclosure Context (2025Q4): Trigger: 'Foreign exchange volatility and cross-currency swap rate spreads widened by 22 bps'. Management Action: 'Restructure Short-Term Liquidity Allocation Tranche 2 for Treasury Hedging in 2025Q4'. Scope: 'Authorize Apple Treasury to allocate $1.6B into euro and yen-denominated short-term government securities and interest rate s...'. Rationale: 'Protects cash yield against foreign exchange swings while ensuring compliance with Board-authorized liqui...'.,Restructure Short-Term Liquidity Allocation Tranche 2 for Treasury Hedging in 2025Q4,Authorize Apple Treasury to allocate $1.6B into euro and yen-denominated short-term government securities and interest rate swaps to optimize cash yield while maintaining liquidity reserves for quarterly operating expenses and dividend obligations.,+75B,revise,Protects cash yield against foreign exchange swings while ensuring compliance with Board-authorized liquidity investment risk parameters.,"[{""name"": ""FX_Spread"", ""value"": ""+22bps"", ""unit"": ""metric"", ""observed_on"": ""2025-10-30""}, {""name"": ""Treasury_Yield"", ""value"": ""4.5%"", ""unit"": ""percentage"", ""observed_on"": ""2025-10-30""}, {""name"": ""Allocated_Cash"", ""value"": ""$1.6B"", ""unit"": ""USD"", ""observed_on"": ""2025-10-30""}]",Finance,reported,"{finance,revise}",Operations;Legal,"Regarding Restructure Short-Term Liquidity Allocation Tranche 2 for Treasury Hedging in 2025Q4, Finance prioritized preserving capital yield in commercial paper and high-grade sovereign debt; Operations warned that excessive cash lock-in could constrain opportunistic spot component purchases in Asia; Executive management approved the liquidity tranche with 30-day redeployment triggers; Finance insisted on preserving balance sheet liquidity reserves and maintaining target return on invested capital; Operations warned that strict capital rationing could constrain opportunistic component sourcing in Asia; Executive management authorized the financial allocation under disciplined risk parameters."
AAPL-2025Q4-0089,Apple Inc.,2025-10-30,quarterly_filings/2025_Q4.pdf,https://www.sec.gov/ix?doc=/Archives/edgar/data/0000320193/000032019325000095/aapl-20250927.htm,Item 2. Management's Discussion and Analysis - Liquidity and Capital Resources,Disclosure Context (2025Q4): Trigger: 'Foreign exchange volatility and cross-currency swap rate spreads widened by 26 bps'. Management Action: 'Restructure Short-Term Liquidity Allocation Tranche 3 for Treasury Hedging in 2025Q4'. Scope: 'Authorize Apple Treasury to allocate $2.0B into euro and yen-denominated short-term government securities and interest rate s...'. Rationale: 'Protects cash yield against foreign exchange swings while ensuring compliance with Board-authorized liqui...'.,Restructure Short-Term Liquidity Allocation Tranche 3 for Treasury Hedging in 2025Q4,Authorize Apple Treasury to allocate $2.0B into euro and yen-denominated short-term government securities and interest rate swaps to optimize cash yield while maintaining liquidity reserves for quarterly operating expenses and dividend obligations.,18-month lock,revise,Protects cash yield against foreign exchange swings while ensuring compliance with Board-authorized liquidity investment risk parameters.,"[{""name"": ""FX_Spread"", ""value"": ""+26bps"", ""unit"": ""metric"", ""observed_on"": ""2025-10-30""}, {""name"": ""Treasury_Yield"", ""value"": ""4.6%"", ""unit"": ""percentage"", ""observed_on"": ""2025-10-30""}, {""name"": ""Allocated_Cash"", ""value"": ""$2.0B"", ""unit"": ""USD"", ""observed_on"": ""2025-10-30""}]",Finance,reported,"{finance,revise}",Operations;Legal,"Regarding Restructure Short-Term Liquidity Allocation Tranche 3 for Treasury Hedging in 2025Q4, Finance prioritized preserving capital yield in commercial paper and high-grade sovereign debt; Operations warned that excessive cash lock-in could constrain opportunistic spot component purchases in Asia; Executive management approved the liquidity tranche with 30-day redeployment triggers; Finance insisted on preserving balance sheet liquidity reserves and maintaining target return on invested capital; Operations warned that strict capital rationing could constrain opportunistic component sourcing in Asia; Executive management authorized the financial allocation under disciplined risk parameters."
AAPL-2025Q4-0090,Apple Inc.,2025-10-30,quarterly_filings/2025_Q4.pdf,https://www.sec.gov/ix?doc=/Archives/edgar/data/0000320193/000032019325000095/aapl-20250927.htm,Item 2. Management's Discussion and Analysis - Liquidity and Capital Resources,Disclosure Context (2025Q4): Trigger: 'Foreign exchange volatility and cross-currency swap rate spreads widened by 30 bps'. Management Action: 'Restructure Short-Term Liquidity Allocation Tranche 4 for Treasury Hedging in 2025Q4'. Scope: 'Authorize Apple Treasury to allocate $2.4B into euro and yen-denominated short-term government securities and interest rate s...'. Rationale: 'Protects cash yield against foreign exchange swings while ensuring compliance with Board-authorized liqui...'.,Restructure Short-Term Liquidity Allocation Tranche 4 for Treasury Hedging in 2025Q4,Authorize Apple Treasury to allocate $2.4B into euro and yen-denominated short-term government securities and interest rate swaps to optimize cash yield while maintaining liquidity reserves for quarterly operating expenses and dividend obligations.,+8%,revise,Protects cash yield against foreign exchange swings while ensuring compliance with Board-authorized liquidity investment risk parameters.,"[{""name"": ""FX_Spread"", ""value"": ""+30bps"", ""unit"": ""metric"", ""observed_on"": ""2025-10-30""}, {""name"": ""Treasury_Yield"", ""value"": ""4.7%"", ""unit"": ""percentage"", ""observed_on"": ""2025-10-30""}, {""name"": ""Allocated_Cash"", ""value"": ""$2.4B"", ""unit"": ""USD"", ""observed_on"": ""2025-10-30""}]",Finance,reported,"{finance,revise}",Operations;Legal,"Regarding Restructure Short-Term Liquidity Allocation Tranche 4 for Treasury Hedging in 2025Q4, Finance prioritized preserving capital yield in commercial paper and high-grade sovereign debt; Operations warned that excessive cash lock-in could constrain opportunistic spot component purchases in Asia; Executive management approved the liquidity tranche with 30-day redeployment triggers; Finance insisted on preserving balance sheet liquidity reserves and maintaining target return on invested capital; Operations warned that strict capital rationing could constrain opportunistic component sourcing in Asia; Executive management authorized the financial allocation under disciplined risk parameters."
AAPL-2025Q4-0091,Apple Inc.,2025-10-30,quarterly_filings/2025_Q4.pdf,https://www.sec.gov/ix?doc=/Archives/edgar/data/0000320193/000032019325000095/aapl-20250927.htm,Item 2. Management's Discussion and Analysis - Research and Development,Disclosure Context (2025Q4): Trigger: 'Internal thermal benchmarks exceeded safe tolerance in sustained load'. Management Action: 'Optimize M5 Chip Thermal Envelope'. Scope: 'Apple hardware and software engineering teams allocated dedicated resources toward Optimize M5 Chip Thermal Envelope. Senior ...'. Rationale: 'Prevents overheating reviews while keeping product launch intact. This technical focus accelerates core s...'.,Optimize M5 Chip Thermal Envelope,"Apple hardware and software engineering teams allocated dedicated resources toward Optimize M5 Chip Thermal Envelope. Senior engineering directors aligned silicon architecture sprints, OS firmware integration milestones, and multi-tier regression test suites to guarantee thermal efficiency, on-device ML speed, and ecosystem reliability.",Firmware cap,revise,"Prevents overheating reviews while keeping product launch intact. This technical focus accelerates core software delivery milestones, reinforces Apple Silicon architectural leadership, and deepens user retention across the active installed base.","[{""name"": ""Thermal_Peak"", ""value"": ""48C"", ""unit"": ""metric"", ""observed_on"": ""2025-10-30""}, {""name"": ""Perf_Impact"", ""value"": ""-3%"", ""unit"": ""percentage"", ""observed_on"": ""2025-10-30""}, {""name"": ""Launch_Window"", ""value"": ""Critical"", ""unit"": ""metric"", ""observed_on"": ""2025-10-30""}]",R&D,reported,"{r&d,revise}",Operations;Legal,"In evaluating Optimize M5 Chip Thermal Envelope, Ops feared benchmark criticism; R&D prioritized long-term reliability; R&D engineering prioritized aggressive feature integration and on-device model capability milestones; Operations raised concerns regarding factory test cycle duration and thermal yields; Executive leadership approved the technical roadmap with phased milestone gating."
AAPL-2025Q4-0092,Apple Inc.,2025-10-30,quarterly_filings/2025_Q4.pdf,https://www.sec.gov/ix?doc=/Archives/edgar/data/0000320193/000032019325000095/aapl-20250927.htm,Item 2. Management's Discussion and Analysis - Research and Development,Disclosure Context (2025Q4): Trigger: 'Competitive pressure from Android AI camera enhancements'. Management Action: 'Enable Advanced Camera AI on iPhone 17 via Update'. Scope: 'Apple hardware and software engineering teams allocated dedicated resources toward Enable Advanced Camera AI on iPhone 17 via...'. Rationale: 'Mitigates competitive threat while monitoring compute load. This technical focus accelerates core softwar...'.,Enable Advanced Camera AI on iPhone 17 via Update,"Apple hardware and software engineering teams allocated dedicated resources toward Enable Advanced Camera AI on iPhone 17 via Update. Senior engineering directors aligned silicon architecture sprints, OS firmware integration milestones, and multi-tier regression test suites to guarantee thermal efficiency, on-device ML speed, and ecosystem reliability.",Limited rollout,revise,"Mitigates competitive threat while monitoring compute load. This technical focus accelerates core software delivery milestones, reinforces Apple Silicon architectural leadership, and deepens user retention across the active installed base.","[{""name"": ""AI_Compute"", ""value"": ""+22%"", ""unit"": ""percentage"", ""observed_on"": ""2025-10-30""}, {""name"": ""User_Interest"", ""value"": ""High"", ""unit"": ""metric"", ""observed_on"": ""2025-10-30""}, {""name"": ""Battery_Impact"", ""value"": ""-2%"", ""unit"": ""percentage"", ""observed_on"": ""2025-10-30""}]",R&D,reported,"{r&d,revise}",Operations;Legal,"In evaluating Enable Advanced Camera AI on iPhone 17 via Update, Legal questioned AI data usage disclosure; R&D argued edge processing privacy; R&D engineering prioritized aggressive feature integration and on-device model capability milestones; Operations raised concerns regarding factory test cycle duration and thermal yields; Executive leadership approved the technical roadmap with phased milestone gating."
AAPL-2025Q4-0093,Apple Inc.,2025-10-30,quarterly_filings/2025_Q4.pdf,https://www.sec.gov/ix?doc=/Archives/edgar/data/0000320193/000032019325000095/aapl-20250927.htm,Item 2. Management's Discussion and Analysis - Research and Development,Disclosure Context (2025Q4): Trigger: 'Engineering bandwidth constrained due to iPhone 17 patch cycle'. Management Action: 'Delay Minor iPadOS Update to Prioritize iPhone Stability'. Scope: 'Apple hardware and software engineering teams allocated dedicated resources toward Delay Minor iPadOS Update to Prioritize iP...'. Rationale: 'Protects flagship launch experience during record quarter. This technical focus accelerates core software...'.,Delay Minor iPadOS Update to Prioritize iPhone Stability,"Apple hardware and software engineering teams allocated dedicated resources toward Delay Minor iPadOS Update to Prioritize iPhone Stability. Senior engineering directors aligned silicon architecture sprints, OS firmware integration milestones, and multi-tier regression test suites to guarantee thermal efficiency, on-device ML speed, and ecosystem reliability.",Partial delay,revise,"Protects flagship launch experience during record quarter. This technical focus accelerates core software delivery milestones, reinforces Apple Silicon architectural leadership, and deepens user retention across the active installed base.","[{""name"": ""Bug_Rate"", ""value"": ""+12%"", ""unit"": ""percentage"", ""observed_on"": ""2025-10-30""}, {""name"": ""Launch_Critical"", ""value"": ""Yes"", ""unit"": ""metric"", ""observed_on"": ""2025-10-30""}, {""name"": ""Resource_Load"", ""value"": ""High"", ""unit"": ""metric"", ""observed_on"": ""2025-10-30""}]",R&D,reported,"{r&d,revise}",Operations;Finance,"In evaluating Delay Minor iPadOS Update to Prioritize iPhone Stability, Finance wanted roadmap adherence; R&D argued launch stability first; R&D engineering prioritized aggressive feature integration and on-device model capability milestones; Operations raised concerns regarding factory test cycle duration and thermal yields; Executive leadership approved the technical roadmap with phased milestone gating."
AAPL-2025Q4-0094,Apple Inc.,2025-10-30,quarterly_filings/2025_Q4.pdf,https://www.sec.gov/ix?doc=/Archives/edgar/data/0000320193/000032019325000095/aapl-20250927.htm,Item 2. Management's Discussion and Analysis - Research and Development,Disclosure Context (2025Q4): Trigger: 'Early user feedback flagged inconsistent battery health metrics'. Management Action: 'Optimize Battery Calibration Algorithm for iPhone 17'. Scope: 'Apple hardware and software engineering teams allocated dedicated resources toward Optimize Battery Calibration Algorithm for...'. Rationale: 'Maintains trust in battery longevity metrics during flagship cycle. This technical focus accelerates core...'.,Optimize Battery Calibration Algorithm for iPhone 17,"Apple hardware and software engineering teams allocated dedicated resources toward Optimize Battery Calibration Algorithm for iPhone 17. Senior engineering directors aligned silicon architecture sprints, OS firmware integration milestones, and multi-tier regression test suites to guarantee thermal efficiency, on-device ML speed, and ecosystem reliability.",Full recalibration,revise,"Maintains trust in battery longevity metrics during flagship cycle. This technical focus accelerates core software delivery milestones, reinforces Apple Silicon architectural leadership, and deepens user retention across the active installed base.","[{""name"": ""User_Feedback"", ""value"": ""High"", ""unit"": ""metric"", ""observed_on"": ""2025-10-30""}, {""name"": ""Calibration_Error"", ""value"": ""3%"", ""unit"": ""percentage"", ""observed_on"": ""2025-10-30""}, {""name"": ""Warranty_Risk"", ""value"": ""Medium"", ""unit"": ""metric"", ""observed_on"": ""2025-10-30""}]",R&D,reported,"{r&d,revise}",Legal;Operations,"In evaluating Optimize Battery Calibration Algorithm for iPhone 17, Finance feared extra dev cost; R&D prioritized perception accuracy; R&D engineering prioritized aggressive feature integration and on-device model capability milestones; Operations raised concerns regarding factory test cycle duration and thermal yields; Executive leadership approved the technical roadmap with phased milestone gating."
AAPL-2025Q4-0095,Apple Inc.,2025-10-30,quarterly_filings/2025_Q4.pdf,https://www.sec.gov/ix?doc=/Archives/edgar/data/0000320193/000032019325000095/aapl-20250927.htm,Item 2. Management's Discussion and Analysis - Research and Development,Disclosure Context (2025Q4): Trigger: 'Internal telemetry showed AI background tasks consuming 8% extra battery'. Management Action: 'Reduce Background AI Compute to Extend Battery Life'. Scope: 'Apple hardware and software engineering teams allocated dedicated resources toward Reduce Background AI Compute to Extend Bat...'. Rationale: 'Improves battery life perception without disabling marquee AI features. This technical focus accelerates ...'.,Reduce Background AI Compute to Extend Battery Life,"Apple hardware and software engineering teams allocated dedicated resources toward Reduce Background AI Compute to Extend Battery Life. Senior engineering directors aligned silicon architecture sprints, OS firmware integration milestones, and multi-tier regression test suites to guarantee thermal efficiency, on-device ML speed, and ecosystem reliability.",Partial throttle,reduce,"Improves battery life perception without disabling marquee AI features. This technical focus accelerates core software delivery milestones, reinforces Apple Silicon architectural leadership, and deepens user retention across the active installed base.","[{""name"": ""Battery_Impact"", ""value"": ""-8%"", ""unit"": ""percentage"", ""observed_on"": ""2025-10-30""}, {""name"": ""Perf_Impact"", ""value"": ""-1%"", ""unit"": ""percentage"", ""observed_on"": ""2025-10-30""}, {""name"": ""NPS_Risk"", ""value"": ""Moderate"", ""unit"": ""metric"", ""observed_on"": ""2025-10-30""}]",R&D,reported,"{r&d,reduce}",Finance;Operations,"In evaluating Reduce Background AI Compute to Extend Battery Life, Finance questioned development cost; R&D prioritized long-term loyalty; R&D engineering prioritized aggressive feature integration and on-device model capability milestones; Operations raised concerns regarding factory test cycle duration and thermal yields; Executive leadership approved the technical roadmap with phased milestone gating."
AAPL-2025Q4-0096,Apple Inc.,2025-10-30,quarterly_filings/2025_Q4.pdf,https://www.sec.gov/ix?doc=/Archives/edgar/data/0000320193/000032019325000095/aapl-20250927.htm,Item 2. Management's Discussion and Analysis - Research and Development,Disclosure Context (2025Q4): Trigger: 'Battery testing revealed variability under workout conditions'. Management Action: 'Enable Adaptive Refresh Rate Scaling for Apple Watch'. Scope: 'Apple hardware and software engineering teams allocated dedicated resources toward Enable Adaptive Refresh Rate Scaling for A...'. Rationale: 'Enhances battery life during extended workouts without degrading UX. This technical focus accelerates cor...'.,Enable Adaptive Refresh Rate Scaling for Apple Watch,"Apple hardware and software engineering teams allocated dedicated resources toward Enable Adaptive Refresh Rate Scaling for Apple Watch. Senior engineering directors aligned silicon architecture sprints, OS firmware integration milestones, and multi-tier regression test suites to guarantee thermal efficiency, on-device ML speed, and ecosystem reliability.",Update algorithm,maintain,"Enhances battery life during extended workouts without degrading UX. This technical focus accelerates core software delivery milestones, reinforces Apple Silicon architectural leadership, and deepens user retention across the active installed base.","[{""name"": ""Workout_Drain"", ""value"": ""+11%"", ""unit"": ""percentage"", ""observed_on"": ""2025-10-30""}, {""name"": ""Battery_Improvement"", ""value"": ""+7%"", ""unit"": ""percentage"", ""observed_on"": ""2025-10-30""}, {""name"": ""UX_Risk"", ""value"": ""Low"", ""unit"": ""metric"", ""observed_on"": ""2025-10-30""}]",R&D,reported,"{r&d,maintain}",Operations,"In evaluating Enable Adaptive Refresh Rate Scaling for Apple Watch, Finance questioned ROI; R&D cited loyalty impact; R&D engineering prioritized aggressive feature integration and on-device model capability milestones; Operations raised concerns regarding factory test cycle duration and thermal yields; Executive leadership approved the technical roadmap with phased milestone gating."
AAPL-2025Q4-0097,Apple Inc.,2025-10-30,quarterly_filings/2025_Q4.pdf,https://www.sec.gov/ix?doc=/Archives/edgar/data/0000320193/000032019325000095/aapl-20250927.htm,Item 2. Management's Discussion and Analysis - Research and Development,Disclosure Context (2025Q4): Trigger: 'AI server demand exceeded projections in emerging markets'. Management Action: 'Introduce AI Resource Throttling in Low-Signal Regions'. Scope: 'Apple hardware and software engineering teams allocated dedicated resources toward Introduce AI Resource Throttling in Low-Si...'. Rationale: 'Ensures flagship markets remain stable during capacity strain. This technical focus accelerates core soft...'.,Introduce AI Resource Throttling in Low-Signal Regions,"Apple hardware and software engineering teams allocated dedicated resources toward Introduce AI Resource Throttling in Low-Signal Regions. Senior engineering directors aligned silicon architecture sprints, OS firmware integration milestones, and multi-tier regression test suites to guarantee thermal efficiency, on-device ML speed, and ecosystem reliability.",Region throttle,maintain,"Ensures flagship markets remain stable during capacity strain. This technical focus accelerates core software delivery milestones, reinforces Apple Silicon architectural leadership, and deepens user retention across the active installed base.","[{""name"": ""AI_Load"", ""value"": ""+28%"", ""unit"": ""percentage"", ""observed_on"": ""2025-10-30""}, {""name"": ""Latency"", ""value"": ""+140ms"", ""unit"": ""metric"", ""observed_on"": ""2025-10-30""}, {""name"": ""Infra_Cost"", ""value"": ""+$75M"", ""unit"": ""USD"", ""observed_on"": ""2025-10-30""}]",R&D,reported,"{r&d,maintain}",Finance;Operations,"In evaluating Introduce AI Resource Throttling in Low-Signal Regions, Finance wanted universal access; R&D prioritized stability in core markets; R&D engineering prioritized aggressive feature integration and on-device model capability milestones; Operations raised concerns regarding factory test cycle duration and thermal yields; Executive leadership approved the technical roadmap with phased milestone gating."
AAPL-2025Q4-0098,Apple Inc.,2025-10-30,quarterly_filings/2025_Q4.pdf,https://www.sec.gov/ix?doc=/Archives/edgar/data/0000320193/000032019325000095/aapl-20250927.htm,Item 2. Management's Discussion and Analysis - Research and Development,Disclosure Context (2025Q4): Trigger: 'Internal review found dataset sourcing inconsistency'. Management Action: 'Adjust Camera AI Training Dataset Governance'. Scope: 'Apple hardware and software engineering teams allocated dedicated resources toward Adjust Camera AI Training Dataset Governan...'. Rationale: 'Prevents reputational damage and future legal claims. This technical focus accelerates core software deli...'.,Adjust Camera AI Training Dataset Governance,"Apple hardware and software engineering teams allocated dedicated resources toward Adjust Camera AI Training Dataset Governance. Senior engineering directors aligned silicon architecture sprints, OS firmware integration milestones, and multi-tier regression test suites to guarantee thermal efficiency, on-device ML speed, and ecosystem reliability.",Full retraining,revise,"Prevents reputational damage and future legal claims. This technical focus accelerates core software delivery milestones, reinforces Apple Silicon architectural leadership, and deepens user retention across the active installed base.","[{""name"": ""Dataset_Flag"", ""value"": ""Moderate"", ""unit"": ""metric"", ""observed_on"": ""2025-10-30""}, {""name"": ""PR_Risk"", ""value"": ""High"", ""unit"": ""metric"", ""observed_on"": ""2025-10-30""}, {""name"": ""Retrain_Cost"", ""value"": ""$60M"", ""unit"": ""USD"", ""observed_on"": ""2025-10-30""}]",R&D,reported,"{r&d,revise}",Legal;Finance,"In evaluating Adjust Camera AI Training Dataset Governance, Finance resisted retraining cost; Legal emphasized reputational risk; R&D engineering prioritized aggressive feature integration and on-device model capability milestones; Operations raised concerns regarding factory test cycle duration and thermal yields; Executive leadership approved the technical roadmap with phased milestone gating."
AAPL-2025Q4-0099,Apple Inc.,2025-10-30,quarterly_filings/2025_Q4.pdf,https://www.sec.gov/ix?doc=/Archives/edgar/data/0000320193/000032019325000095/aapl-20250927.htm,Item 2. Management's Discussion and Analysis - Research and Development,Disclosure Context (2025Q4): Trigger: 'Customer feedback flagged storage pressure on base models'. Management Action: 'Limit On-Device AI Model Size to Preserve Storage'. Scope: 'Apple hardware and software engineering teams allocated dedicated resources toward Limit On-Device AI Model Size to Preserve ...'. Rationale: 'Protects base-model UX without removing AI capabilities. This technical focus accelerates core software d...'.,Limit On-Device AI Model Size to Preserve Storage,"Apple hardware and software engineering teams allocated dedicated resources toward Limit On-Device AI Model Size to Preserve Storage. Senior engineering directors aligned silicon architecture sprints, OS firmware integration milestones, and multi-tier regression test suites to guarantee thermal efficiency, on-device ML speed, and ecosystem reliability.",Compress model,maintain,"Protects base-model UX without removing AI capabilities. This technical focus accelerates core software delivery milestones, reinforces Apple Silicon architectural leadership, and deepens user retention across the active installed base.","[{""name"": ""Model_Size"", ""value"": ""-22%"", ""unit"": ""percentage"", ""observed_on"": ""2025-10-30""}, {""name"": ""Accuracy"", ""value"": ""-1.5%"", ""unit"": ""percentage"", ""observed_on"": ""2025-10-30""}, {""name"": ""Storage_Impact"", ""value"": ""+4GB"", ""unit"": ""metric"", ""observed_on"": ""2025-10-30""}]",R&D,reported,"{r&d,maintain}",Finance;Operations,"In evaluating Limit On-Device AI Model Size to Preserve Storage, Finance saw no revenue benefit; R&D focused on UX preservation; R&D engineering prioritized aggressive feature integration and on-device model capability milestones; Operations raised concerns regarding factory test cycle duration and thermal yields; Executive leadership approved the technical roadmap with phased milestone gating."
AAPL-2025Q4-0100,Apple Inc.,2025-10-30,quarterly_filings/2025_Q4.pdf,https://www.sec.gov/ix?doc=/Archives/edgar/data/0000320193/000032019325000095/aapl-20250927.htm,Item 2. Management's Discussion and Analysis - Research and Development,Disclosure Context (2025Q4): Trigger: 'Holiday support tickets for FaceID increased 14%'. Management Action: 'Accelerate Firmware Update to Improve FaceID Recognition'. Scope: 'Apple hardware and software engineering teams allocated dedicated resources toward Accelerate Firmware Update to Improve Face...'. Rationale: 'Reduces holiday support burden and improves satisfaction. This technical focus accelerates core software ...'.,Accelerate Firmware Update to Improve FaceID Recognition,"Apple hardware and software engineering teams allocated dedicated resources toward Accelerate Firmware Update to Improve FaceID Recognition. Senior engineering directors aligned silicon architecture sprints, OS firmware integration milestones, and multi-tier regression test suites to guarantee thermal efficiency, on-device ML speed, and ecosystem reliability.",Accelerate update,expand,"Reduces holiday support burden and improves satisfaction. This technical focus accelerates core software delivery milestones, reinforces Apple Silicon architectural leadership, and deepens user retention across the active installed base.","[{""name"": ""Support_Tickets"", ""value"": ""+14%"", ""unit"": ""percentage"", ""observed_on"": ""2025-10-30""}, {""name"": ""Patch_Time"", ""value"": ""10_days"", ""unit"": ""metric"", ""observed_on"": ""2025-10-30""}, {""name"": ""Accuracy"", ""value"": ""+3%"", ""unit"": ""percentage"", ""observed_on"": ""2025-10-30""}]",R&D,reported,"{r&d,expand}",Operations;Finance,"In evaluating Accelerate Firmware Update to Improve FaceID Recognition, Finance questioned resource shift; R&D prioritized user trust; R&D engineering prioritized aggressive feature integration and on-device model capability milestones; Operations raised concerns regarding factory test cycle duration and thermal yields; Executive leadership approved the technical roadmap with phased milestone gating."
AAPL-2025Q4-0101,Apple Inc.,2025-10-30,quarterly_filings/2025_Q4.pdf,https://www.sec.gov/ix?doc=/Archives/edgar/data/0000320193/000032019325000095/aapl-20250927.htm,Item 2. Management's Discussion and Analysis - Research and Development,Disclosure Context (2025Q4): Trigger: 'Sustained 120Hz usage caused localized thermal spikes'. Management Action: 'Reduce ProMotion Max Refresh Ceiling to Preserve Thermals'. Scope: 'Apple hardware and software engineering teams allocated dedicated resources toward Reduce ProMotion Max Refresh Ceiling to Pr...'. Rationale: 'Prevents overheating complaints during peak holiday usage. This technical focus accelerates core software...'.,Reduce ProMotion Max Refresh Ceiling to Preserve Thermals,"Apple hardware and software engineering teams allocated dedicated resources toward Reduce ProMotion Max Refresh Ceiling to Preserve Thermals. Senior engineering directors aligned silicon architecture sprints, OS firmware integration milestones, and multi-tier regression test suites to guarantee thermal efficiency, on-device ML speed, and ecosystem reliability.",Adaptive cap,reduce,"Prevents overheating complaints during peak holiday usage. This technical focus accelerates core software delivery milestones, reinforces Apple Silicon architectural leadership, and deepens user retention across the active installed base.","[{""name"": ""Thermal_Spike"", ""value"": ""+6%"", ""unit"": ""percentage"", ""observed_on"": ""2025-10-30""}, {""name"": ""Perf_Impact"", ""value"": ""-1.8%"", ""unit"": ""percentage"", ""observed_on"": ""2025-10-30""}, {""name"": ""Support_Risk"", ""value"": ""Moderate"", ""unit"": ""metric"", ""observed_on"": ""2025-10-30""}]",R&D,reported,"{r&d,reduce}",Operations;Finance,"In evaluating Reduce ProMotion Max Refresh Ceiling to Preserve Thermals, Finance questioned marginal benefit; R&D emphasized long-term device health; R&D engineering prioritized aggressive feature integration and on-device model capability milestones; Operations raised concerns regarding factory test cycle duration and thermal yields; Executive leadership approved the technical roadmap with phased milestone gating."
AAPL-2025Q4-0102,Apple Inc.,2025-10-30,quarterly_filings/2025_Q4.pdf,https://www.sec.gov/ix?doc=/Archives/edgar/data/0000320193/000032019325000095/aapl-20250927.htm,Item 2. Management's Discussion and Analysis - Research and Development,Disclosure Context (2025Q4): Trigger: 'High compute demand from external developers'. Management Action: 'Restrict Third-Party Access to New AI API Tier'. Scope: 'Apple hardware and software engineering teams allocated dedicated resources toward Restrict Third-Party Access to New AI API ...'. Rationale: 'Prevents infrastructure overload during consumer peak demand. This technical focus accelerates core softw...'.,Restrict Third-Party Access to New AI API Tier,"Apple hardware and software engineering teams allocated dedicated resources toward Restrict Third-Party Access to New AI API Tier. Senior engineering directors aligned silicon architecture sprints, OS firmware integration milestones, and multi-tier regression test suites to guarantee thermal efficiency, on-device ML speed, and ecosystem reliability.",Verified-only access,maintain,"Prevents infrastructure overload during consumer peak demand. This technical focus accelerates core software delivery milestones, reinforces Apple Silicon architectural leadership, and deepens user retention across the active installed base.","[{""name"": ""API_Usage"", ""value"": ""+35%"", ""unit"": ""percentage"", ""observed_on"": ""2025-10-30""}, {""name"": ""Infra_Cost"", ""value"": ""+$80M"", ""unit"": ""USD"", ""observed_on"": ""2025-10-30""}, {""name"": ""Consumer_Latency"", ""value"": ""Critical"", ""unit"": ""metric"", ""observed_on"": ""2025-10-30""}]",R&D,reported,"{r&d,maintain}",Finance;Legal,"In evaluating Restrict Third-Party Access to New AI API Tier, Finance preferred monetization expansion; R&D prioritized stability; R&D engineering prioritized aggressive feature integration and on-device model capability milestones; Operations raised concerns regarding factory test cycle duration and thermal yields; Executive leadership approved the technical roadmap with phased milestone gating."
AAPL-2025Q4-0103,Apple Inc.,2025-10-30,quarterly_filings/2025_Q4.pdf,https://www.sec.gov/ix?doc=/Archives/edgar/data/0000320193/000032019325000095/aapl-20250927.htm,Item 2. Management's Discussion and Analysis - Research and Development,Disclosure Context (2025Q4): Trigger: 'User reports flagged misleading AI responses'. Management Action: 'Implement AI Hallucination Suppression Filters'. Scope: 'Apple hardware and software engineering teams allocated dedicated resources toward Implement AI Hallucination Suppression Fil...'. Rationale: 'Reduces reputational risk during high-visibility launch cycle. This technical focus accelerates core soft...'.,Implement AI Hallucination Suppression Filters,"Apple hardware and software engineering teams allocated dedicated resources toward Implement AI Hallucination Suppression Filters. Senior engineering directors aligned silicon architecture sprints, OS firmware integration milestones, and multi-tier regression test suites to guarantee thermal efficiency, on-device ML speed, and ecosystem reliability.",Deploy suppression filter,maintain,"Reduces reputational risk during high-visibility launch cycle. This technical focus accelerates core software delivery milestones, reinforces Apple Silicon architectural leadership, and deepens user retention across the active installed base.","[{""name"": ""Hallucination_Rate"", ""value"": ""2.4%"", ""unit"": ""percentage"", ""observed_on"": ""2025-10-30""}, {""name"": ""PR_Risk"", ""value"": ""High"", ""unit"": ""metric"", ""observed_on"": ""2025-10-30""}, {""name"": ""Compute_Cost"", ""value"": ""+$20M"", ""unit"": ""USD"", ""observed_on"": ""2025-10-30""}]",R&D,reported,"{r&d,maintain}",Legal;Finance,"In evaluating Implement AI Hallucination Suppression Filters, Finance resisted compute cost; Legal prioritized liability containment; R&D engineering prioritized aggressive feature integration and on-device model capability milestones; Operations raised concerns regarding factory test cycle duration and thermal yields; Executive leadership approved the technical roadmap with phased milestone gating."
AAPL-2025Q4-0104,Apple Inc.,2025-10-30,quarterly_filings/2025_Q4.pdf,https://www.sec.gov/ix?doc=/Archives/edgar/data/0000320193/000032019325000095/aapl-20250927.htm,Item 2. Management's Discussion and Analysis - Research and Development,Disclosure Context (2025Q4): Trigger: 'Server load increased sharply during holiday usage spike'. Management Action: 'Temporarily Limit Generative AI Output Length on Mobile'. Scope: 'Apple hardware and software engineering teams allocated dedicated resources toward Temporarily Limit Generative AI Output Len...'. Rationale: 'Preserves service availability for majority of users. This technical focus accelerates core software deli...'.,Temporarily Limit Generative AI Output Length on Mobile,"Apple hardware and software engineering teams allocated dedicated resources toward Temporarily Limit Generative AI Output Length on Mobile. Senior engineering directors aligned silicon architecture sprints, OS firmware integration milestones, and multi-tier regression test suites to guarantee thermal efficiency, on-device ML speed, and ecosystem reliability.",Limit length,maintain,"Preserves service availability for majority of users. This technical focus accelerates core software delivery milestones, reinforces Apple Silicon architectural leadership, and deepens user retention across the active installed base.","[{""name"": ""Server_Load"", ""value"": ""+34%"", ""unit"": ""percentage"", ""observed_on"": ""2025-10-30""}, {""name"": ""Latency"", ""value"": ""+180ms"", ""unit"": ""metric"", ""observed_on"": ""2025-10-30""}, {""name"": ""User_Complaints"", ""value"": ""Moderate"", ""unit"": ""metric"", ""observed_on"": ""2025-10-30""}]",R&D,reported,"{r&d,maintain}",Operations;Finance,"In evaluating Temporarily Limit Generative AI Output Length on Mobile, Finance feared user dissatisfaction; R&D prioritized uptime; R&D engineering prioritized aggressive feature integration and on-device model capability milestones; Operations raised concerns regarding factory test cycle duration and thermal yields; Executive leadership approved the technical roadmap with phased milestone gating."
AAPL-2025Q4-0105,Apple Inc.,2025-10-30,quarterly_filings/2025_Q4.pdf,https://www.sec.gov/ix?doc=/Archives/edgar/data/0000320193/000032019325000095/aapl-20250927.htm,Item 2. Management's Discussion and Analysis - Research and Development,Disclosure Context (2025Q4): Trigger: 'AI outputs flagged for regional bias patterns'. Management Action: 'Launch Bias Audit Program for Apple Intelligence'. Scope: 'Apple hardware and software engineering teams allocated dedicated resources toward Launch Bias Audit Program for Apple Intell...'. Rationale: 'Prevents reputational and regulatory backlash. This technical focus accelerates core software delivery mi...'.,Launch Bias Audit Program for Apple Intelligence,"Apple hardware and software engineering teams allocated dedicated resources toward Launch Bias Audit Program for Apple Intelligence. Senior engineering directors aligned silicon architecture sprints, OS firmware integration milestones, and multi-tier regression test suites to guarantee thermal efficiency, on-device ML speed, and ecosystem reliability.",Independent audit,investigate,"Prevents reputational and regulatory backlash. This technical focus accelerates core software delivery milestones, reinforces Apple Silicon architectural leadership, and deepens user retention across the active installed base.","[{""name"": ""Bias_Flag"", ""value"": ""Low"", ""unit"": ""metric"", ""observed_on"": ""2025-10-30""}, {""name"": ""PR_Risk"", ""value"": ""High"", ""unit"": ""metric"", ""observed_on"": ""2025-10-30""}, {""name"": ""Audit_Cost"", ""value"": ""$35M"", ""unit"": ""USD"", ""observed_on"": ""2025-10-30""}]",R&D,reported,"{r&d,investigate}",Legal;Finance,"In evaluating Launch Bias Audit Program for Apple Intelligence, Finance questioned ROI; Legal insisted proactive audit avoids escalation; R&D engineering prioritized aggressive feature integration and on-device model capability milestones; Operations raised concerns regarding factory test cycle duration and thermal yields; Executive leadership approved the technical roadmap with phased milestone gating."
AAPL-2025Q4-0106,Apple Inc.,2025-10-30,quarterly_filings/2025_Q4.pdf,https://www.sec.gov/ix?doc=/Archives/edgar/data/0000320193/000032019325000095/aapl-20250927.htm,Item 2. Management's Discussion and Analysis - Research and Development,Disclosure Context (2025Q4): Trigger: 'Automated monitoring incorrectly flagged battery defect spike'. Management Action: 'Suppress False Recall Alert from Internal Monitoring'. Scope: 'Apple hardware and software engineering teams allocated dedicated resources toward Suppress False Recall Alert from Internal ...'. Rationale: 'Avoids unnecessary recall and reputational shock. This technical focus accelerates core software delivery...'.,Suppress False Recall Alert from Internal Monitoring,"Apple hardware and software engineering teams allocated dedicated resources toward Suppress False Recall Alert from Internal Monitoring. Senior engineering directors aligned silicon architecture sprints, OS firmware integration milestones, and multi-tier regression test suites to guarantee thermal efficiency, on-device ML speed, and ecosystem reliability.",Internal investigation,maintain,"Avoids unnecessary recall and reputational shock. This technical focus accelerates core software delivery milestones, reinforces Apple Silicon architectural leadership, and deepens user retention across the active installed base.","[{""name"": ""False_Positive"", ""value"": ""Confirmed"", ""unit"": ""metric"", ""observed_on"": ""2025-10-30""}, {""name"": ""Recall_Cost"", ""value"": ""$600M"", ""unit"": ""USD"", ""observed_on"": ""2025-10-30""}, {""name"": ""PR_Risk"", ""value"": ""High"", ""unit"": ""metric"", ""observed_on"": ""2025-10-30""}]",R&D,reported,"{r&d,maintain}",Legal;Operations,"In evaluating Suppress False Recall Alert from Internal Monitoring, Finance feared optics of inaction; R&D confirmed no defect; R&D engineering prioritized aggressive feature integration and on-device model capability milestones; Operations raised concerns regarding factory test cycle duration and thermal yields; Executive leadership approved the technical roadmap with phased milestone gating."
AAPL-2025Q4-0107,Apple Inc.,2025-10-30,quarterly_filings/2025_Q4.pdf,https://www.sec.gov/ix?doc=/Archives/edgar/data/0000320193/000032019325000095/aapl-20250927.htm,Item 2. Management's Discussion and Analysis - Research and Development,Disclosure Context (2025Q4): Trigger: 'Peak holiday AI server utilization hit 92%'. Management Action: 'Implement AI Power Budget Allocation by User Tier'. Scope: 'Apple hardware and software engineering teams allocated dedicated resources toward Implement AI Power Budget Allocation by Us...'. Rationale: 'Protects premium users while maintaining overall uptime. This technical focus accelerates core software d...'.,Implement AI Power Budget Allocation by User Tier,"Apple hardware and software engineering teams allocated dedicated resources toward Implement AI Power Budget Allocation by User Tier. Senior engineering directors aligned silicon architecture sprints, OS firmware integration milestones, and multi-tier regression test suites to guarantee thermal efficiency, on-device ML speed, and ecosystem reliability.",Tier-based priority,maintain,"Protects premium users while maintaining overall uptime. This technical focus accelerates core software delivery milestones, reinforces Apple Silicon architectural leadership, and deepens user retention across the active installed base.","[{""name"": ""Server_Load"", ""value"": ""92%"", ""unit"": ""percentage"", ""observed_on"": ""2025-10-30""}, {""name"": ""Latency_Risk"", ""value"": ""High"", ""unit"": ""metric"", ""observed_on"": ""2025-10-30""}, {""name"": ""Premium_User_Share"", ""value"": ""18%"", ""unit"": ""percentage"", ""observed_on"": ""2025-10-30""}]",R&D,reported,"{r&d,maintain}",Finance;Legal,"In evaluating Implement AI Power Budget Allocation by User Tier, Finance concerned about perception of unequal access; R&D prioritized system resilience; R&D engineering prioritized aggressive feature integration and on-device model capability milestones; Operations raised concerns regarding factory test cycle duration and thermal yields; Executive leadership approved the technical roadmap with phased milestone gating."
AAPL-2025Q4-0108,Apple Inc.,2025-10-30,quarterly_filings/2025_Q4.pdf,https://www.sec.gov/ix?doc=/Archives/edgar/data/0000320193/000032019325000095/aapl-20250927.htm,Item 2. Management's Discussion and Analysis - Research and Development,Disclosure Context (2025Q4): Trigger: 'Base iPhone models reported memory strain'. Management Action: 'Deploy On-Device AI Model Quantization Update'. Scope: 'Apple hardware and software engineering teams allocated dedicated resources toward Deploy On-Device AI Model Quantization Upd...'. Rationale: 'Balances performance and storage efficiency. This technical focus accelerates core software delivery mile...'.,Deploy On-Device AI Model Quantization Update,"Apple hardware and software engineering teams allocated dedicated resources toward Deploy On-Device AI Model Quantization Update. Senior engineering directors aligned silicon architecture sprints, OS firmware integration milestones, and multi-tier regression test suites to guarantee thermal efficiency, on-device ML speed, and ecosystem reliability.",Quantize model,revise,"Balances performance and storage efficiency. This technical focus accelerates core software delivery milestones, reinforces Apple Silicon architectural leadership, and deepens user retention across the active installed base.","[{""name"": ""Model_Size"", ""value"": ""-28%"", ""unit"": ""percentage"", ""observed_on"": ""2025-10-30""}, {""name"": ""Accuracy"", ""value"": ""-1%"", ""unit"": ""percentage"", ""observed_on"": ""2025-10-30""}, {""name"": ""Battery_Improvement"", ""value"": ""+5%"", ""unit"": ""percentage"", ""observed_on"": ""2025-10-30""}]",R&D,reported,"{r&d,revise}",Finance;Operations,"In evaluating Deploy On-Device AI Model Quantization Update, Finance neutral; R&D prioritized optimization; R&D engineering prioritized aggressive feature integration and on-device model capability milestones; Operations raised concerns regarding factory test cycle duration and thermal yields; Executive leadership approved the technical roadmap with phased milestone gating."
AAPL-2025Q4-0109,Apple Inc.,2025-10-30,quarterly_filings/2025_Q4.pdf,https://www.sec.gov/ix?doc=/Archives/edgar/data/0000320193/000032019325000095/aapl-20250927.htm,Item 2. Management's Discussion and Analysis - Research and Development,Disclosure Context (2025Q4): Trigger: 'Increased scrutiny on AI data ingestion'. Management Action: 'Enhance AI Data Anonymization Layer'. Scope: 'Apple hardware and software engineering teams allocated dedicated resources toward Enhance AI Data Anonymization Layer. Senio...'. Rationale: 'Protects privacy stance during record Services growth. This technical focus accelerates core software del...'.,Enhance AI Data Anonymization Layer,"Apple hardware and software engineering teams allocated dedicated resources toward Enhance AI Data Anonymization Layer. Senior engineering directors aligned silicon architecture sprints, OS firmware integration milestones, and multi-tier regression test suites to guarantee thermal efficiency, on-device ML speed, and ecosystem reliability.",Strengthen anonymization,maintain,"Protects privacy stance during record Services growth. This technical focus accelerates core software delivery milestones, reinforces Apple Silicon architectural leadership, and deepens user retention across the active installed base.","[{""name"": ""Privacy_Scrutiny"", ""value"": ""High"", ""unit"": ""metric"", ""observed_on"": ""2025-10-30""}, {""name"": ""Data_Retention_Risk"", ""value"": ""Moderate"", ""unit"": ""metric"", ""observed_on"": ""2025-10-30""}, {""name"": ""Cost"", ""value"": ""+$22M"", ""unit"": ""USD"", ""observed_on"": ""2025-10-30""}]",R&D,reported,"{r&d,maintain}",Legal;Finance,"In evaluating Enhance AI Data Anonymization Layer, Finance questioned compute overhead; Legal prioritized compliance posture; R&D engineering prioritized aggressive feature integration and on-device model capability milestones; Operations raised concerns regarding factory test cycle duration and thermal yields; Executive leadership approved the technical roadmap with phased milestone gating."
AAPL-2025Q4-0110,Apple Inc.,2025-10-30,quarterly_filings/2025_Q4.pdf,https://www.sec.gov/ix?doc=/Archives/edgar/data/0000320193/000032019325000095/aapl-20250927.htm,Item 2. Management's Discussion and Analysis - Research and Development,Disclosure Context (2025Q4): Trigger: 'Extended gaming sessions triggered thermal throttling reports'. Management Action: 'Cap Peak GPU Burst for iPhone 17 Air'. Scope: 'Apple hardware and software engineering teams allocated dedicated resources toward Cap Peak GPU Burst for iPhone 17 Air. Seni...'. Rationale: 'Prevents overheating headlines during holiday cycle. This technical focus accelerates core software deliv...'.,Cap Peak GPU Burst for iPhone 17 Air,"Apple hardware and software engineering teams allocated dedicated resources toward Cap Peak GPU Burst for iPhone 17 Air. Senior engineering directors aligned silicon architecture sprints, OS firmware integration milestones, and multi-tier regression test suites to guarantee thermal efficiency, on-device ML speed, and ecosystem reliability.",Cap duration,maintain,"Prevents overheating headlines during holiday cycle. This technical focus accelerates core software delivery milestones, reinforces Apple Silicon architectural leadership, and deepens user retention across the active installed base.","[{""name"": ""Thermal_Events"", ""value"": ""+5%"", ""unit"": ""percentage"", ""observed_on"": ""2025-10-30""}, {""name"": ""Perf_Impact"", ""value"": ""-2%"", ""unit"": ""percentage"", ""observed_on"": ""2025-10-30""}, {""name"": ""PR_Risk"", ""value"": ""Moderate"", ""unit"": ""metric"", ""observed_on"": ""2025-10-30""}]",R&D,reported,"{r&d,maintain}",Operations;Finance,"In evaluating Cap Peak GPU Burst for iPhone 17 Air, Finance feared benchmark backlash; R&D emphasized reliability; R&D engineering prioritized aggressive feature integration and on-device model capability milestones; Operations raised concerns regarding factory test cycle duration and thermal yields; Executive leadership approved the technical roadmap with phased milestone gating."
AAPL-2025Q4-0111,Apple Inc.,2025-10-30,quarterly_filings/2025_Q4.pdf,https://www.sec.gov/ix?doc=/Archives/edgar/data/0000320193/000032019325000095/aapl-20250927.htm,Item 2. Management's Discussion and Analysis - Research and Development,Disclosure Context (2025Q4): Trigger: 'Users requested transparency on AI battery usage'. Management Action: 'Deploy AI Battery Usage Insights Dashboard'. Scope: 'Apple hardware and software engineering teams allocated dedicated resources toward Deploy AI Battery Usage Insights Dashboard...'. Rationale: 'Improves transparency amid AI battery scrutiny. This technical focus accelerates core software delivery m...'.,Deploy AI Battery Usage Insights Dashboard,"Apple hardware and software engineering teams allocated dedicated resources toward Deploy AI Battery Usage Insights Dashboard. Senior engineering directors aligned silicon architecture sprints, OS firmware integration milestones, and multi-tier regression test suites to guarantee thermal efficiency, on-device ML speed, and ecosystem reliability.",Add dashboard,maintain,"Improves transparency amid AI battery scrutiny. This technical focus accelerates core software delivery milestones, reinforces Apple Silicon architectural leadership, and deepens user retention across the active installed base.","[{""name"": ""Battery_Concern"", ""value"": ""Moderate"", ""unit"": ""metric"", ""observed_on"": ""2025-10-30""}, {""name"": ""Dev_Cost"", ""value"": ""$18M"", ""unit"": ""USD"", ""observed_on"": ""2025-10-30""}, {""name"": ""NPS"", ""value"": ""+3%"", ""unit"": ""percentage"", ""observed_on"": ""2025-10-30""}]",R&D,reported,"{r&d,maintain}",Finance;Legal,"In evaluating Deploy AI Battery Usage Insights Dashboard, Finance saw limited monetization; R&D prioritized trust; R&D engineering prioritized aggressive feature integration and on-device model capability milestones; Operations raised concerns regarding factory test cycle duration and thermal yields; Executive leadership approved the technical roadmap with phased milestone gating."
AAPL-2025Q4-0112,Apple Inc.,2025-10-30,quarterly_filings/2025_Q4.pdf,https://www.sec.gov/ix?doc=/Archives/edgar/data/0000320193/000032019325000095/aapl-20250927.htm,Item 2. Management's Discussion and Analysis - Research and Development,Disclosure Context (2025Q4): Trigger: 'Professional reviewers noted rare HDR overexposure case'. Management Action: 'Launch Silent Patch for Camera Overexposure Edge Case'. Scope: 'Apple hardware and software engineering teams allocated dedicated resources toward Launch Silent Patch for Camera Overexposur...'. Rationale: 'Prevents viral criticism during holiday sales surge. This technical focus accelerates core software deliv...'.,Launch Silent Patch for Camera Overexposure Edge Case,"Apple hardware and software engineering teams allocated dedicated resources toward Launch Silent Patch for Camera Overexposure Edge Case. Senior engineering directors aligned silicon architecture sprints, OS firmware integration milestones, and multi-tier regression test suites to guarantee thermal efficiency, on-device ML speed, and ecosystem reliability.",Silent patch,maintain,"Prevents viral criticism during holiday sales surge. This technical focus accelerates core software delivery milestones, reinforces Apple Silicon architectural leadership, and deepens user retention across the active installed base.","[{""name"": ""Issue_Frequency"", ""value"": ""Low"", ""unit"": ""metric"", ""observed_on"": ""2025-10-30""}, {""name"": ""PR_Risk"", ""value"": ""Moderate"", ""unit"": ""metric"", ""observed_on"": ""2025-10-30""}, {""name"": ""Dev_Time"", ""value"": ""6_days"", ""unit"": ""metric"", ""observed_on"": ""2025-10-30""}]",R&D,reported,"{r&d,maintain}",Operations,"In evaluating Launch Silent Patch for Camera Overexposure Edge Case, Finance saw limited impact; R&D insisted optics matter; R&D engineering prioritized aggressive feature integration and on-device model capability milestones; Operations raised concerns regarding factory test cycle duration and thermal yields; Executive leadership approved the technical roadmap with phased milestone gating."
AAPL-2025Q4-0113,Apple Inc.,2025-10-30,quarterly_filings/2025_Q4.pdf,https://www.sec.gov/ix?doc=/Archives/edgar/data/0000320193/000032019325000095/aapl-20250927.htm,Item 2. Management's Discussion and Analysis - Research and Development,Disclosure Context (2025Q4): Trigger: 'Peak holiday usage overloaded AI inference clusters'. Management Action: 'Throttle Background Siri AI Queries During Peak Hours'. Scope: 'Apple hardware and software engineering teams allocated dedicated resources toward Throttle Background Siri AI Queries During...'. Rationale: 'Protects primary feature performance during surge. This technical focus accelerates core software deliver...'.,Throttle Background Siri AI Queries During Peak Hours,"Apple hardware and software engineering teams allocated dedicated resources toward Throttle Background Siri AI Queries During Peak Hours. Senior engineering directors aligned silicon architecture sprints, OS firmware integration milestones, and multi-tier regression test suites to guarantee thermal efficiency, on-device ML speed, and ecosystem reliability.",Throttle background queries,maintain,"Protects primary feature performance during surge. This technical focus accelerates core software delivery milestones, reinforces Apple Silicon architectural leadership, and deepens user retention across the active installed base.","[{""name"": ""Cluster_Load"", ""value"": ""+31%"", ""unit"": ""percentage"", ""observed_on"": ""2025-10-30""}, {""name"": ""Latency"", ""value"": ""+160ms"", ""unit"": ""metric"", ""observed_on"": ""2025-10-30""}, {""name"": ""User_Risk"", ""value"": ""Moderate"", ""unit"": ""metric"", ""observed_on"": ""2025-10-30""}]",R&D,reported,"{r&d,maintain}",Operations;Finance,"In evaluating Throttle Background Siri AI Queries During Peak Hours, Finance feared reduced engagement; R&D prioritized uptime; R&D engineering prioritized aggressive feature integration and on-device model capability milestones; Operations raised concerns regarding factory test cycle duration and thermal yields; Executive leadership approved the technical roadmap with phased milestone gating."
AAPL-2025Q4-0114,Apple Inc.,2025-10-30,quarterly_filings/2025_Q4.pdf,https://www.sec.gov/ix?doc=/Archives/edgar/data/0000320193/000032019325000095/aapl-20250927.htm,Item 2. Management's Discussion and Analysis - Research and Development,Disclosure Context (2025Q4): Trigger: 'AI query volume rose 33% during holiday surge'. Management Action: 'Deploy AI Model Distillation to Reduce Cloud Inference Cost'. Scope: 'Apple hardware and software engineering teams allocated dedicated resources toward Deploy AI Model Distillation to Reduce Clo...'. Rationale: 'Reduces compute cost while preserving perceived quality. This technical focus accelerates core software d...'.,Deploy AI Model Distillation to Reduce Cloud Inference Cost,"Apple hardware and software engineering teams allocated dedicated resources toward Deploy AI Model Distillation to Reduce Cloud Inference Cost. Senior engineering directors aligned silicon architecture sprints, OS firmware integration milestones, and multi-tier regression test suites to guarantee thermal efficiency, on-device ML speed, and ecosystem reliability.",Distill for light tasks,reduce,"Reduces compute cost while preserving perceived quality. This technical focus accelerates core software delivery milestones, reinforces Apple Silicon architectural leadership, and deepens user retention across the active installed base.","[{""name"": ""AI_Volume"", ""value"": ""+33%"", ""unit"": ""percentage"", ""observed_on"": ""2025-10-30""}, {""name"": ""Compute_Cost"", ""value"": ""-18%"", ""unit"": ""percentage"", ""observed_on"": ""2025-10-30""}, {""name"": ""Accuracy"", ""value"": ""-0.8%"", ""unit"": ""percentage"", ""observed_on"": ""2025-10-30""}]",R&D,reported,"{r&d,reduce}",Finance;Operations,"In evaluating Deploy AI Model Distillation to Reduce Cloud Inference Cost, Finance supported margin gain; Legal monitored transparency; R&D engineering prioritized aggressive feature integration and on-device model capability milestones; Operations raised concerns regarding factory test cycle duration and thermal yields; Executive leadership approved the technical roadmap with phased milestone gating."
AAPL-2025Q4-0115,Apple Inc.,2025-10-30,quarterly_filings/2025_Q4.pdf,https://www.sec.gov/ix?doc=/Archives/edgar/data/0000320193/000032019325000095/aapl-20250927.htm,Item 2. Management's Discussion and Analysis - Research and Development,Disclosure Context (2025Q4): Trigger: 'Users reported minor call distortion under heavy noise'. Management Action: 'Optimize FaceTime AI Noise Suppression for AirPods Pro 3'. Scope: 'Apple hardware and software engineering teams allocated dedicated resources toward Optimize FaceTime AI Noise Suppression for...'. Rationale: 'Improves call clarity perception during holiday gifting season. This technical focus accelerates core sof...'.,Optimize FaceTime AI Noise Suppression for AirPods Pro 3,"Apple hardware and software engineering teams allocated dedicated resources toward Optimize FaceTime AI Noise Suppression for AirPods Pro 3. Senior engineering directors aligned silicon architecture sprints, OS firmware integration milestones, and multi-tier regression test suites to guarantee thermal efficiency, on-device ML speed, and ecosystem reliability.",Retune threshold,revise,"Improves call clarity perception during holiday gifting season. This technical focus accelerates core software delivery milestones, reinforces Apple Silicon architectural leadership, and deepens user retention across the active installed base.","[{""name"": ""Support_Tickets"", ""value"": ""+6%"", ""unit"": ""percentage"", ""observed_on"": ""2025-10-30""}, {""name"": ""Dev_Time"", ""value"": ""8_days"", ""unit"": ""metric"", ""observed_on"": ""2025-10-30""}, {""name"": ""Satisfaction"", ""value"": ""+4%"", ""unit"": ""percentage"", ""observed_on"": ""2025-10-30""}]",R&D,reported,"{r&d,revise}",Operations,"In evaluating Optimize FaceTime AI Noise Suppression for AirPods Pro 3, Finance saw minimal revenue impact; R&D engineering prioritized aggressive feature integration and on-device model capability milestones; Operations raised concerns regarding factory test cycle duration and thermal yields; Executive leadership approved the technical roadmap with phased milestone gating."
AAPL-2025Q4-0116,Apple Inc.,2025-10-30,quarterly_filings/2025_Q4.pdf,https://www.sec.gov/ix?doc=/Archives/edgar/data/0000320193/000032019325000095/aapl-20250927.htm,Item 2. Management's Discussion and Analysis - Research and Development,Disclosure Context (2025Q4): Trigger: 'Users reported duplicate AI-enhanced photo saves'. Management Action: 'Improve AI Photo Deduplication Algorithm'. Scope: 'Apple hardware and software engineering teams allocated dedicated resources toward Improve AI Photo Deduplication Algorithm. ...'. Rationale: 'Reduces storage complaints during gifting surge. This technical focus accelerates core software delivery ...'.,Improve AI Photo Deduplication Algorithm,"Apple hardware and software engineering teams allocated dedicated resources toward Improve AI Photo Deduplication Algorithm. Senior engineering directors aligned silicon architecture sprints, OS firmware integration milestones, and multi-tier regression test suites to guarantee thermal efficiency, on-device ML speed, and ecosystem reliability.",Improve algorithm,maintain,"Reduces storage complaints during gifting surge. This technical focus accelerates core software delivery milestones, reinforces Apple Silicon architectural leadership, and deepens user retention across the active installed base.","[{""name"": ""Duplicate_Rate"", ""value"": ""+5%"", ""unit"": ""percentage"", ""observed_on"": ""2025-10-30""}, {""name"": ""Storage_Savings"", ""value"": ""+3GB"", ""unit"": ""metric"", ""observed_on"": ""2025-10-30""}, {""name"": ""Dev_Cost"", ""value"": ""$10M"", ""unit"": ""USD"", ""observed_on"": ""2025-10-30""}]",R&D,reported,"{r&d,maintain}",Finance;Operations,"In evaluating Improve AI Photo Deduplication Algorithm, Finance saw marginal revenue link; R&D engineering prioritized aggressive feature integration and on-device model capability milestones; Operations raised concerns regarding factory test cycle duration and thermal yields; Executive leadership approved the technical roadmap with phased milestone gating."
AAPL-2025Q4-0117,Apple Inc.,2025-10-30,quarterly_filings/2025_Q4.pdf,https://www.sec.gov/ix?doc=/Archives/edgar/data/0000320193/000032019325000095/aapl-20250927.htm,Item 2. Management's Discussion and Analysis - Research and Development,Disclosure Context (2025Q4): Trigger: 'Feedback indicated excessive AI prompts'. Management Action: 'Reduce AI Notification Frequency to Lower User Fatigue'. Scope: 'Apple hardware and software engineering teams allocated dedicated resources toward Reduce AI Notification Frequency to Lower ...'. Rationale: 'Improves satisfaction without disabling AI. This technical focus accelerates core software delivery miles...'.,Reduce AI Notification Frequency to Lower User Fatigue,"Apple hardware and software engineering teams allocated dedicated resources toward Reduce AI Notification Frequency to Lower User Fatigue. Senior engineering directors aligned silicon architecture sprints, OS firmware integration milestones, and multi-tier regression test suites to guarantee thermal efficiency, on-device ML speed, and ecosystem reliability.",Reduce frequency,reduce,"Improves satisfaction without disabling AI. This technical focus accelerates core software delivery milestones, reinforces Apple Silicon architectural leadership, and deepens user retention across the active installed base.","[{""name"": ""Notification_Complaints"", ""value"": ""+9%"", ""unit"": ""percentage"", ""observed_on"": ""2025-10-30""}, {""name"": ""NPS"", ""value"": ""+2%"", ""unit"": ""percentage"", ""observed_on"": ""2025-10-30""}, {""name"": ""Engagement"", ""value"": ""-1%"", ""unit"": ""percentage"", ""observed_on"": ""2025-10-30""}]",R&D,reported,"{r&d,reduce}",Finance;Operations,"In evaluating Reduce AI Notification Frequency to Lower User Fatigue, Finance concerned about engagement drop; R&D engineering prioritized aggressive feature integration and on-device model capability milestones; Operations raised concerns regarding factory test cycle duration and thermal yields; Executive leadership approved the technical roadmap with phased milestone gating."
AAPL-2025Q4-0118,Apple Inc.,2025-10-30,quarterly_filings/2025_Q4.pdf,https://www.sec.gov/ix?doc=/Archives/edgar/data/0000320193/000032019325000095/aapl-20250927.htm,Item 2. Management's Discussion and Analysis - Research and Development,Disclosure Context (2025Q4): Trigger: 'AI response latency increased under peak load'. Management Action: 'Optimize Apple Intelligence Prompt Caching'. Scope: 'Apple hardware and software engineering teams allocated dedicated resources toward Optimize Apple Intelligence Prompt Caching...'. Rationale: 'Reduces latency without scaling servers. This technical focus accelerates core software delivery mileston...'.,Optimize Apple Intelligence Prompt Caching,"Apple hardware and software engineering teams allocated dedicated resources toward Optimize Apple Intelligence Prompt Caching. Senior engineering directors aligned silicon architecture sprints, OS firmware integration milestones, and multi-tier regression test suites to guarantee thermal efficiency, on-device ML speed, and ecosystem reliability.",Enable caching,revise,"Reduces latency without scaling servers. This technical focus accelerates core software delivery milestones, reinforces Apple Silicon architectural leadership, and deepens user retention across the active installed base.","[{""name"": ""Latency"", ""value"": ""+140ms"", ""unit"": ""metric"", ""observed_on"": ""2025-10-30""}, {""name"": ""Infra_Cost"", ""value"": ""-9%"", ""unit"": ""percentage"", ""observed_on"": ""2025-10-30""}, {""name"": ""Cache_Hit"", ""value"": ""42%"", ""unit"": ""percentage"", ""observed_on"": ""2025-10-30""}]",R&D,reported,"{r&d,revise}",Finance;Operations,"In evaluating Optimize Apple Intelligence Prompt Caching, Finance supported cost efficiency; R&D engineering prioritized aggressive feature integration and on-device model capability milestones; Operations raised concerns regarding factory test cycle duration and thermal yields; Executive leadership approved the technical roadmap with phased milestone gating."
AAPL-2025Q4-0119,Apple Inc.,2025-10-30,quarterly_filings/2025_Q4.pdf,https://www.sec.gov/ix?doc=/Archives/edgar/data/0000320193/000032019325000095/aapl-20250927.htm,Item 2. Management's Discussion and Analysis - Research and Development,Disclosure Context (2025Q4): Trigger: 'User feedback noted large spatial video file sizes'. Management Action: 'Optimize Spatial Video Compression For Vision Features'. Scope: 'Apple hardware and software engineering teams allocated dedicated resources toward Optimize Spatial Video Compression For Vis...'. Rationale: 'Reduces storage burden without quality loss. This technical focus accelerates core software delivery mile...'.,Optimize Spatial Video Compression For Vision Features,"Apple hardware and software engineering teams allocated dedicated resources toward Optimize Spatial Video Compression For Vision Features. Senior engineering directors aligned silicon architecture sprints, OS firmware integration milestones, and multi-tier regression test suites to guarantee thermal efficiency, on-device ML speed, and ecosystem reliability.",Improve compression,revise,"Reduces storage burden without quality loss. This technical focus accelerates core software delivery milestones, reinforces Apple Silicon architectural leadership, and deepens user retention across the active installed base.","[{""name"": ""File Size"", ""value"": ""-28%"", ""unit"": ""percentage"", ""observed_on"": ""2025-10-30""}, {""name"": ""Quality Loss"", ""value"": ""Minimal"", ""unit"": ""metric"", ""observed_on"": ""2025-10-30""}, {""name"": ""Dev Cost"", ""value"": ""$22M"", ""unit"": ""USD"", ""observed_on"": ""2025-10-30""}]",R&D,reported,"{r&d,revise}",Finance; Operations,"In evaluating Optimize Spatial Video Compression For Vision Features, Finance supported storage efficiency; R&D engineering prioritized aggressive feature integration and on-device model capability milestones; Operations raised concerns regarding factory test cycle duration and thermal yields; Executive leadership approved the technical roadmap with phased milestone gating."
AAPL-2025Q4-0120,Apple Inc.,2025-10-30,quarterly_filings/2025_Q4.pdf,https://www.sec.gov/ix?doc=/Archives/edgar/data/0000320193/000032019325000095/aapl-20250927.htm,Item 2. Management's Discussion and Analysis - Research and Development,Disclosure Context (2025Q4): Trigger: 'AI context windows strained device RAM'. Management Action: 'Improve On Device LLM Context Memory Efficiency'. Scope: 'Apple hardware and software engineering teams allocated dedicated resources toward Improve On Device LLM Context Memory Effic...'. Rationale: 'Improves performance without increasing compute. This technical focus accelerates core software delivery ...'.,Improve On Device LLM Context Memory Efficiency,"Apple hardware and software engineering teams allocated dedicated resources toward Improve On Device LLM Context Memory Efficiency. Senior engineering directors aligned silicon architecture sprints, OS firmware integration milestones, and multi-tier regression test suites to guarantee thermal efficiency, on-device ML speed, and ecosystem reliability.",Optimize context memory,maintain,"Improves performance without increasing compute. This technical focus accelerates core software delivery milestones, reinforces Apple Silicon architectural leadership, and deepens user retention across the active installed base.","[{""name"": ""RAM Usage"", ""value"": ""-18%"", ""unit"": ""percentage"", ""observed_on"": ""2025-10-30""}, {""name"": ""Latency"", ""value"": ""-12%"", ""unit"": ""percentage"", ""observed_on"": ""2025-10-30""}, {""name"": ""Battery Impact"", ""value"": ""Neutral"", ""unit"": ""metric"", ""observed_on"": ""2025-10-30""}]",R&D,reported,"{r&d,maintain}",Finance; Operations,"In evaluating Improve On Device LLM Context Memory Efficiency, Finance supported cost avoidance; R&D engineering prioritized aggressive feature integration and on-device model capability milestones; Operations raised concerns regarding factory test cycle duration and thermal yields; Executive leadership approved the technical roadmap with phased milestone gating."
AAPL-2025Q4-0121,Apple Inc.,2025-10-30,quarterly_filings/2025_Q4.pdf,https://www.sec.gov/ix?doc=/Archives/edgar/data/0000320193/000032019325000095/aapl-20250927.htm,Item 2. Management's Discussion and Analysis - Research and Development,Disclosure Context (2025Q4): Trigger: 'Holiday travel use cases increased language translation requests'. Management Action: 'Optimize Live Translation Latency'. Scope: 'Apple hardware and software engineering teams allocated dedicated resources toward Optimize Live Translation Latency. Senior ...'. Rationale: 'Reduces lag for travelers and business users. This technical focus accelerates core software delivery mil...'.,Optimize Live Translation Latency,"Apple hardware and software engineering teams allocated dedicated resources toward Optimize Live Translation Latency. Senior engineering directors aligned silicon architecture sprints, OS firmware integration milestones, and multi-tier regression test suites to guarantee thermal efficiency, on-device ML speed, and ecosystem reliability.",Pipeline optimization,revise,"Reduces lag for travelers and business users. This technical focus accelerates core software delivery milestones, reinforces Apple Silicon architectural leadership, and deepens user retention across the active installed base.","[{""name"": ""Latency"", ""value"": ""-25%"", ""unit"": ""percentage"", ""observed_on"": ""2025-10-30""}, {""name"": ""Compute Cost"", ""value"": ""+$6M"", ""unit"": ""USD"", ""observed_on"": ""2025-10-30""}, {""name"": ""User Satisfaction"", ""value"": ""+5%"", ""unit"": ""percentage"", ""observed_on"": ""2025-10-30""}]",R&D,reported,"{r&d,revise}",Finance; Operations,"In evaluating Optimize Live Translation Latency, Finance approved cost given holiday visibility; R&D engineering prioritized aggressive feature integration and on-device model capability milestones; Operations raised concerns regarding factory test cycle duration and thermal yields; Executive leadership approved the technical roadmap with phased milestone gating."
AAPL-2025Q4-0122,Apple Inc.,2025-10-30,quarterly_filings/2025_Q4.pdf,https://www.sec.gov/ix?doc=/Archives/edgar/data/0000320193/000032019325000095/aapl-20250927.htm,Item 2. Management's Discussion and Analysis - Research and Development,Disclosure Context (2025Q4): Trigger: 'Users requested more custom voice tone options'. Management Action: 'Refine Apple Intelligence Voice Tone Control'. Scope: 'Apple hardware and software engineering teams allocated dedicated resources toward Refine Apple Intelligence Voice Tone Contr...'. Rationale: 'Enhances AI appeal and user engagement. This technical focus accelerates core software delivery milestone...'.,Refine Apple Intelligence Voice Tone Control,"Apple hardware and software engineering teams allocated dedicated resources toward Refine Apple Intelligence Voice Tone Control. Senior engineering directors aligned silicon architecture sprints, OS firmware integration milestones, and multi-tier regression test suites to guarantee thermal efficiency, on-device ML speed, and ecosystem reliability.",Add tone control,maintain,"Enhances AI appeal and user engagement. This technical focus accelerates core software delivery milestones, reinforces Apple Silicon architectural leadership, and deepens user retention across the active installed base.","[{""name"": ""User Requests"", ""value"": ""+14%"", ""unit"": ""percentage"", ""observed_on"": ""2025-10-30""}, {""name"": ""Dev Cost"", ""value"": ""$15M"", ""unit"": ""USD"", ""observed_on"": ""2025-10-30""}, {""name"": ""Engagement"", ""value"": ""+3%"", ""unit"": ""percentage"", ""observed_on"": ""2025-10-30""}]",R&D,reported,"{r&d,maintain}",Finance; Operations,"In evaluating Refine Apple Intelligence Voice Tone Control, Finance saw moderate ROI; R&D engineering prioritized aggressive feature integration and on-device model capability milestones; Operations raised concerns regarding factory test cycle duration and thermal yields; Executive leadership approved the technical roadmap with phased milestone gating."
AAPL-2025Q4-0123,Apple Inc.,2025-10-30,quarterly_filings/2025_Q4.pdf,https://www.sec.gov/ix?doc=/Archives/edgar/data/0000320193/000032019325000095/aapl-20250927.htm,Item 2. Management's Discussion and Analysis - Research and Development,Disclosure Context (2025Q4): Trigger: 'Users noted minor frame jitter'. Management Action: 'Reduce Dynamic Island Animation Load'. Scope: 'Apple hardware and software engineering teams allocated dedicated resources toward Reduce Dynamic Island Animation Load. Seni...'. Rationale: 'Improves UI fluidity without feature loss. This technical focus accelerates core software delivery milest...'.,Reduce Dynamic Island Animation Load,"Apple hardware and software engineering teams allocated dedicated resources toward Reduce Dynamic Island Animation Load. Senior engineering directors aligned silicon architecture sprints, OS firmware integration milestones, and multi-tier regression test suites to guarantee thermal efficiency, on-device ML speed, and ecosystem reliability.",Optimize pipeline,reduce,"Improves UI fluidity without feature loss. This technical focus accelerates core software delivery milestones, reinforces Apple Silicon architectural leadership, and deepens user retention across the active installed base.","[{""name"": ""Frame Rate"", ""value"": ""+6%"", ""unit"": ""percentage"", ""observed_on"": ""2025-10-30""}, {""name"": ""Battery Impact"", ""value"": ""Neutral"", ""unit"": ""metric"", ""observed_on"": ""2025-10-30""}, {""name"": ""Dev Cost"", ""value"": ""$5M"", ""unit"": ""USD"", ""observed_on"": ""2025-10-30""}]",R&D,reported,"{r&d,reduce}",Finance; Operations,"In evaluating Reduce Dynamic Island Animation Load, Finance saw limited cost impact; R&D engineering prioritized aggressive feature integration and on-device model capability milestones; Operations raised concerns regarding factory test cycle duration and thermal yields; Executive leadership approved the technical roadmap with phased milestone gating."
AAPL-2025Q4-0124,Apple Inc.,2025-10-30,quarterly_filings/2025_Q4.pdf,https://www.sec.gov/ix?doc=/Archives/edgar/data/0000320193/000032019325000095/aapl-20250927.htm,Item 2. Management's Discussion and Analysis - Research and Development,Disclosure Context (2025Q4): Trigger: 'User battery feedback increased post-launch'. Management Action: 'Optimize Always On Display Energy Profile'. Scope: 'Apple hardware and software engineering teams allocated dedicated resources toward Optimize Always On Display Energy Profile....'. Rationale: 'Extends battery without affecting visibility. This technical focus accelerates core software delivery mil...'.,Optimize Always On Display Energy Profile,"Apple hardware and software engineering teams allocated dedicated resources toward Optimize Always On Display Energy Profile. Senior engineering directors aligned silicon architecture sprints, OS firmware integration milestones, and multi-tier regression test suites to guarantee thermal efficiency, on-device ML speed, and ecosystem reliability.",Optimize energy,revise,"Extends battery without affecting visibility. This technical focus accelerates core software delivery milestones, reinforces Apple Silicon architectural leadership, and deepens user retention across the active installed base.","[{""name"": ""Battery Life"", ""value"": ""+6%"", ""unit"": ""percentage"", ""observed_on"": ""2025-10-30""}, {""name"": ""Performance Impact"", ""value"": ""-1%"", ""unit"": ""percentage"", ""observed_on"": ""2025-10-30""}, {""name"": ""Dev Cost"", ""value"": ""$8M"", ""unit"": ""USD"", ""observed_on"": ""2025-10-30""}]",R&D,reported,"{r&d,revise}",Finance; Operations,"In evaluating Optimize Always On Display Energy Profile, Finance supported low cost high impact; R&D engineering prioritized aggressive feature integration and on-device model capability milestones; Operations raised concerns regarding factory test cycle duration and thermal yields; Executive leadership approved the technical roadmap with phased milestone gating."
AAPL-2025Q4-0125,Apple Inc.,2025-10-30,quarterly_filings/2025_Q4.pdf,https://www.sec.gov/ix?doc=/Archives/edgar/data/0000320193/000032019325000095/aapl-20250927.htm,Item 2. Management's Discussion and Analysis - Research and Development,"Disclosure Context (2025Q4): Trigger: 'Holiday video call volume surged'. Management Action: 'Reduce FaceTime Background Processing Load'. Scope: 'Apple hardware and software engineering teams allocated dedicated resources toward Reduce FaceTime Background Processing Load...'. Rationale: 'Improves stability under high usage. This technical focus accelerates core software delivery milestones, ...'.",Reduce FaceTime Background Processing Load,"Apple hardware and software engineering teams allocated dedicated resources toward Reduce FaceTime Background Processing Load. Senior engineering directors aligned silicon architecture sprints, OS firmware integration milestones, and multi-tier regression test suites to guarantee thermal efficiency, on-device ML speed, and ecosystem reliability.",Reduce processing load,reduce,"Improves stability under high usage. This technical focus accelerates core software delivery milestones, reinforces Apple Silicon architectural leadership, and deepens user retention across the active installed base.","[{""name"": ""Call Volume"", ""value"": ""+27%"", ""unit"": ""percentage"", ""observed_on"": ""2025-10-30""}, {""name"": ""Crash Rate"", ""value"": ""-12%"", ""unit"": ""percentage"", ""observed_on"": ""2025-10-30""}, {""name"": ""Dev Cost"", ""value"": ""$6M"", ""unit"": ""USD"", ""observed_on"": ""2025-10-30""}]",R&D,reported,"{r&d,reduce}",Finance; Operations,"In evaluating Reduce FaceTime Background Processing Load, Finance supported cost-effective patch; R&D engineering prioritized aggressive feature integration and on-device model capability milestones; Operations raised concerns regarding factory test cycle duration and thermal yields; Executive leadership approved the technical roadmap with phased milestone gating."
AAPL-2025Q4-0126,Apple Inc.,2025-10-30,quarterly_filings/2025_Q4.pdf,https://www.sec.gov/ix?doc=/Archives/edgar/data/0000320193/000032019325000095/aapl-20250927.htm,Item 2. Management's Discussion and Analysis - Research and Development,Disclosure Context (2025Q4): Trigger: 'Audiophile reviews noted inconsistent calibration'. Management Action: 'Enhance AirPods Spatial Audio Calibration'. Scope: 'Apple hardware and software engineering teams allocated dedicated resources toward Enhance AirPods Spatial Audio Calibration....'. Rationale: 'Improves review score and brand perception. This technical focus accelerates core software delivery miles...'.,Enhance AirPods Spatial Audio Calibration,"Apple hardware and software engineering teams allocated dedicated resources toward Enhance AirPods Spatial Audio Calibration. Senior engineering directors aligned silicon architecture sprints, OS firmware integration milestones, and multi-tier regression test suites to guarantee thermal efficiency, on-device ML speed, and ecosystem reliability.",Enhance calibration,maintain,"Improves review score and brand perception. This technical focus accelerates core software delivery milestones, reinforces Apple Silicon architectural leadership, and deepens user retention across the active installed base.","[{""name"": ""Review Score"", ""value"": ""+4%"", ""unit"": ""percentage"", ""observed_on"": ""2025-10-30""}, {""name"": ""Return Rate"", ""value"": ""-3%"", ""unit"": ""percentage"", ""observed_on"": ""2025-10-30""}, {""name"": ""Dev Cost"", ""value"": ""$9M"", ""unit"": ""USD"", ""observed_on"": ""2025-10-30""}]",R&D,reported,"{r&d,maintain}",Finance; Operations,"In evaluating Enhance AirPods Spatial Audio Calibration, Finance supported minor investment; R&D engineering prioritized aggressive feature integration and on-device model capability milestones; Operations raised concerns regarding factory test cycle duration and thermal yields; Executive leadership approved the technical roadmap with phased milestone gating."
AAPL-2025Q4-0127,Apple Inc.,2025-10-30,quarterly_filings/2025_Q4.pdf,https://www.sec.gov/ix?doc=/Archives/edgar/data/0000320193/000032019325000095/aapl-20250927.htm,Item 2. Management's Discussion and Analysis - Research and Development,Disclosure Context (2025Q4): Trigger: 'Holiday photo uploads spiked'. Management Action: 'Reduce Background Photo Indexing Load'. Scope: 'Apple hardware and software engineering teams allocated dedicated resources toward Reduce Background Photo Indexing Load. Sen...'. Rationale: 'Improves device battery and performance. This technical focus accelerates core software delivery mileston...'.,Reduce Background Photo Indexing Load,"Apple hardware and software engineering teams allocated dedicated resources toward Reduce Background Photo Indexing Load. Senior engineering directors aligned silicon architecture sprints, OS firmware integration milestones, and multi-tier regression test suites to guarantee thermal efficiency, on-device ML speed, and ecosystem reliability.",Throttle indexing,reduce,"Improves device battery and performance. This technical focus accelerates core software delivery milestones, reinforces Apple Silicon architectural leadership, and deepens user retention across the active installed base.","[{""name"": ""Indexing Load"", ""value"": ""-20%"", ""unit"": ""percentage"", ""observed_on"": ""2025-10-30""}, {""name"": ""Battery Gain"", ""value"": ""+4%"", ""unit"": ""percentage"", ""observed_on"": ""2025-10-30""}, {""name"": ""User Impact"", ""value"": ""Low"", ""unit"": ""metric"", ""observed_on"": ""2025-10-30""}]",R&D,reported,"{r&d,reduce}",Finance; Operations,"In evaluating Reduce Background Photo Indexing Load, Finance supported low risk optimization; R&D engineering prioritized aggressive feature integration and on-device model capability milestones; Operations raised concerns regarding factory test cycle duration and thermal yields; Executive leadership approved the technical roadmap with phased milestone gating."
AAPL-2025Q4-0128,Apple Inc.,2025-10-30,quarterly_filings/2025_Q4.pdf,https://www.sec.gov/ix?doc=/Archives/edgar/data/0000320193/000032019325000095/aapl-20250927.htm,Item 2. Management's Discussion and Analysis - Research and Development,Disclosure Context (2025Q4): Trigger: 'Fitness reviewers noted minor GPS drift'. Management Action: 'Optimize Apple Watch Workout GPS Accuracy'. Scope: 'Apple hardware and software engineering teams allocated dedicated resources toward Optimize Apple Watch Workout GPS Accuracy....'. Rationale: 'Improves accuracy for high-visibility fitness market. This technical focus accelerates core software deli...'.,Optimize Apple Watch Workout GPS Accuracy,"Apple hardware and software engineering teams allocated dedicated resources toward Optimize Apple Watch Workout GPS Accuracy. Senior engineering directors aligned silicon architecture sprints, OS firmware integration milestones, and multi-tier regression test suites to guarantee thermal efficiency, on-device ML speed, and ecosystem reliability.",Refine algorithm,revise,"Improves accuracy for high-visibility fitness market. This technical focus accelerates core software delivery milestones, reinforces Apple Silicon architectural leadership, and deepens user retention across the active installed base.","[{""name"": ""GPS Drift"", ""value"": ""-18%"", ""unit"": ""percentage"", ""observed_on"": ""2025-10-30""}, {""name"": ""Dev Cost"", ""value"": ""$7M"", ""unit"": ""USD"", ""observed_on"": ""2025-10-30""}, {""name"": ""User Satisfaction"", ""value"": ""+4%"", ""unit"": ""percentage"", ""observed_on"": ""2025-10-30""}]",R&D,reported,"{r&d,revise}",Finance; Operations,"In evaluating Optimize Apple Watch Workout GPS Accuracy, Finance supported minor investment; R&D engineering prioritized aggressive feature integration and on-device model capability milestones; Operations raised concerns regarding factory test cycle duration and thermal yields; Executive leadership approved the technical roadmap with phased milestone gating."
AAPL-2025Q4-0129,Apple Inc.,2025-10-30,quarterly_filings/2025_Q4.pdf,https://www.sec.gov/ix?doc=/Archives/edgar/data/0000320193/000032019325000095/aapl-20250927.htm,Item 1. Financial Statements - Note 8. Commitments and Contingencies,Disclosure Context (2025Q4): Trigger: 'New EU digital advertising transparency guidelines issued'. Management Action: 'Review AI Advertising Targeting Compliance in EU'. Scope: 'Apple legal and regulatory affairs counsel established binding compliance procedures regarding Review AI Advertising Targetin...'. Rationale: 'Protects all-time-high Services revenue from regulatory penalties. This governance framework minimizes st...'.,Review AI Advertising Targeting Compliance in EU,"Apple legal and regulatory affairs counsel established binding compliance procedures regarding Review AI Advertising Targeting Compliance in EU. Compliance officers instituted mandatory auditing controls, statutory filing verifications, and external litigation risk assessments to safeguard corporate assets and ensure adherence to evolving global regulatory frameworks.",Audit,investigate,"Protects all-time-high Services revenue from regulatory penalties. This governance framework minimizes statutory regulatory exposure, defends core intellectual property boundaries, and mitigates legal liabilities under international trade and antitrust statutes.","[{""name"": ""EU_Compliance_Risk"", ""value"": ""High"", ""unit"": ""metric"", ""observed_on"": ""2025-10-30""}, {""name"": ""Ads_Revenue"", ""value"": ""+15%"", ""unit"": ""percentage"", ""observed_on"": ""2025-10-30""}, {""name"": ""Fine_Risk"", ""value"": ""$400M"", ""unit"": ""USD"", ""observed_on"": ""2025-10-30""}]",Legal,reported,"{legal,investigate}",Finance;R&D,"In deliberating Review AI Advertising Targeting Compliance in EU, Finance worried audit slows revenue growth; Legal insisted proactive review; Legal mandated conservative platform terms and strict statutory compliance controls to mitigate regulatory fines; Operations and Product teams raised concerns regarding developer friction and user experience; Executive leadership mandated the compliance framework under ongoing regulatory review."
AAPL-2025Q4-0130,Apple Inc.,2025-10-30,quarterly_filings/2025_Q4.pdf,https://www.sec.gov/ix?doc=/Archives/edgar/data/0000320193/000032019325000095/aapl-20250927.htm,Item 1. Financial Statements - Note 8. Commitments and Contingencies,Disclosure Context (2025Q4): Trigger: 'Class action escalated over commission rates'. Management Action: 'Negotiate Settlement in App Store Commission Dispute'. Scope: 'Apple legal and regulatory affairs counsel established binding compliance procedures regarding Negotiate Settlement in App St...'. Rationale: 'Reduces long-term legal exposure while preserving commission model. This governance framework minimizes s...'.,Negotiate Settlement in App Store Commission Dispute,"Apple legal and regulatory affairs counsel established binding compliance procedures regarding Negotiate Settlement in App Store Commission Dispute. Compliance officers instituted mandatory auditing controls, statutory filing verifications, and external litigation risk assessments to safeguard corporate assets and ensure adherence to evolving global regulatory frameworks.",Negotiate,maintain,"Reduces long-term legal exposure while preserving commission model. This governance framework minimizes statutory regulatory exposure, defends core intellectual property boundaries, and mitigates legal liabilities under international trade and antitrust statutes.","[{""name"": ""Litigation_Cost"", ""value"": ""$120M"", ""unit"": ""USD"", ""observed_on"": ""2025-10-30""}, {""name"": ""Revenue_Exposure"", ""value"": ""Moderate"", ""unit"": ""metric"", ""observed_on"": ""2025-10-30""}, {""name"": ""PR_Risk"", ""value"": ""High"", ""unit"": ""metric"", ""observed_on"": ""2025-10-30""}]",Legal,reported,"{legal,maintain}",Finance;Operations,"In deliberating Negotiate Settlement in App Store Commission Dispute, Finance resisted potential payout; Legal emphasized reputational risk; Legal mandated conservative platform terms and strict statutory compliance controls to mitigate regulatory fines; Operations and Product teams raised concerns regarding developer friction and user experience; Executive leadership mandated the compliance framework under ongoing regulatory review."
AAPL-2025Q4-0131,Apple Inc.,2025-10-30,quarterly_filings/2025_Q4.pdf,https://www.sec.gov/ix?doc=/Archives/edgar/data/0000320193/000032019325000095/aapl-20250927.htm,Item 1. Financial Statements - Note 8. Commitments and Contingencies,Disclosure Context (2025Q4): Trigger: 'Increased scrutiny on AI performance claims in marketing materials'. Management Action: 'Strengthen Warranty Disclosure Language for M5 Devices'. Scope: 'Apple legal and regulatory affairs counsel established binding compliance procedures regarding Strengthen Warranty Disclosure...'. Rationale: 'Reduces risk of consumer litigation over AI feature expectations. This governance framework minimizes sta...'.,Strengthen Warranty Disclosure Language for M5 Devices,"Apple legal and regulatory affairs counsel established binding compliance procedures regarding Strengthen Warranty Disclosure Language for M5 Devices. Compliance officers instituted mandatory auditing controls, statutory filing verifications, and external litigation risk assessments to safeguard corporate assets and ensure adherence to evolving global regulatory frameworks.",Add disclaimer,maintain,"Reduces risk of consumer litigation over AI feature expectations. This governance framework minimizes statutory regulatory exposure, defends core intellectual property boundaries, and mitigates legal liabilities under international trade and antitrust statutes.","[{""name"": ""Claim_Risk"", ""value"": ""Moderate"", ""unit"": ""metric"", ""observed_on"": ""2025-10-30""}, {""name"": ""PR_Sensitivity"", ""value"": ""High"", ""unit"": ""metric"", ""observed_on"": ""2025-10-30""}, {""name"": ""Legal_Exposure"", ""value"": ""$150M"", ""unit"": ""USD"", ""observed_on"": ""2025-10-30""}]",Legal,reported,"{legal,maintain}",Finance;R&D,"In deliberating Strengthen Warranty Disclosure Language for M5 Devices, R&D felt disclaimer reduces excitement; Legal insisted on clarity; Legal mandated conservative platform terms and strict statutory compliance controls to mitigate regulatory fines; Operations and Product teams raised concerns regarding developer friction and user experience; Executive leadership mandated the compliance framework under ongoing regulatory review."
AAPL-2025Q4-0132,Apple Inc.,2025-10-30,quarterly_filings/2025_Q4.pdf,https://www.sec.gov/ix?doc=/Archives/edgar/data/0000320193/000032019325000095/aapl-20250927.htm,Item 1. Financial Statements - Note 8. Commitments and Contingencies,Disclosure Context (2025Q4): Trigger: 'Holiday ads highlighted AI and performance metrics aggressively'. Management Action: 'Preemptive Review of Holiday Promotional Claims'. Scope: 'Apple legal and regulatory affairs counsel established binding compliance procedures regarding Preemptive Review of Holiday P...'. Rationale: 'Prevents false advertising claims without delaying marketing campaigns. This governance framework minimiz...'.,Preemptive Review of Holiday Promotional Claims,"Apple legal and regulatory affairs counsel established binding compliance procedures regarding Preemptive Review of Holiday Promotional Claims. Compliance officers instituted mandatory auditing controls, statutory filing verifications, and external litigation risk assessments to safeguard corporate assets and ensure adherence to evolving global regulatory frameworks.",Limited review,investigate,"Prevents false advertising claims without delaying marketing campaigns. This governance framework minimizes statutory regulatory exposure, defends core intellectual property boundaries, and mitigates legal liabilities under international trade and antitrust statutes.","[{""name"": ""Promo_Reach"", ""value"": ""High"", ""unit"": ""metric"", ""observed_on"": ""2025-10-30""}, {""name"": ""Litigation_Risk"", ""value"": ""Moderate"", ""unit"": ""metric"", ""observed_on"": ""2025-10-30""}, {""name"": ""Deadline"", ""value"": ""Short"", ""unit"": ""metric"", ""observed_on"": ""2025-10-30""}]",Legal,reported,"{legal,investigate}",Finance;Operations,"In deliberating Preemptive Review of Holiday Promotional Claims, Finance feared delay in ad rollout; Legal emphasized scrutiny risk; Legal mandated conservative platform terms and strict statutory compliance controls to mitigate regulatory fines; Operations and Product teams raised concerns regarding developer friction and user experience; Executive leadership mandated the compliance framework under ongoing regulatory review."
AAPL-2025Q4-0133,Apple Inc.,2025-10-30,quarterly_filings/2025_Q4.pdf,https://www.sec.gov/ix?doc=/Archives/edgar/data/0000320193/000032019325000095/aapl-20250927.htm,Item 1. Financial Statements - Note 8. Commitments and Contingencies,Disclosure Context (2025Q4): Trigger: 'Global regulators increasing scrutiny on platform fee disclosures'. Management Action: 'Review App Store Commission Transparency Reporting'. Scope: 'Apple legal and regulatory affairs counsel established binding compliance procedures regarding Review App Store Commission Tr...'. Rationale: 'Transparency reduces antitrust pressure while preserving revenue model. This governance framework minimiz...'.,Review App Store Commission Transparency Reporting,"Apple legal and regulatory affairs counsel established binding compliance procedures regarding Review App Store Commission Transparency Reporting. Compliance officers instituted mandatory auditing controls, statutory filing verifications, and external litigation risk assessments to safeguard corporate assets and ensure adherence to evolving global regulatory frameworks.",Expand reporting,investigate,"Transparency reduces antitrust pressure while preserving revenue model. This governance framework minimizes statutory regulatory exposure, defends core intellectual property boundaries, and mitigates legal liabilities under international trade and antitrust statutes.","[{""name"": ""Regulatory_Scrutiny"", ""value"": ""High"", ""unit"": ""metric"", ""observed_on"": ""2025-10-30""}, {""name"": ""Services_Revenue"", ""value"": ""Record"", ""unit"": ""metric"", ""observed_on"": ""2025-10-30""}, {""name"": ""Litigation_Risk"", ""value"": ""Moderate"", ""unit"": ""metric"", ""observed_on"": ""2025-10-30""}]",Legal,reported,"{legal,investigate}",Finance,"In deliberating Review App Store Commission Transparency Reporting, Finance feared data may fuel competitor pressure; Legal insisted on proactive stance; Legal mandated conservative platform terms and strict statutory compliance controls to mitigate regulatory fines; Operations and Product teams raised concerns regarding developer friction and user experience; Executive leadership mandated the compliance framework under ongoing regulatory review."
AAPL-2025Q4-0134,Apple Inc.,2025-10-30,quarterly_filings/2025_Q4.pdf,https://www.sec.gov/ix?doc=/Archives/edgar/data/0000320193/000032019325000095/aapl-20250927.htm,Item 1. Financial Statements - Note 8. Commitments and Contingencies,Disclosure Context (2025Q4): Trigger: 'Consumer advocacy groups raised concerns on AI training data'. Management Action: 'Preemptive Settlement Review on AI Data Use Complaints'. Scope: 'Apple legal and regulatory affairs counsel established binding compliance procedures regarding Preemptive Settlement Review o...'. Rationale: 'Proactive resolution reduces PR and litigation exposure. This governance framework minimizes statutory re...'.,Preemptive Settlement Review on AI Data Use Complaints,"Apple legal and regulatory affairs counsel established binding compliance procedures regarding Preemptive Settlement Review on AI Data Use Complaints. Compliance officers instituted mandatory auditing controls, statutory filing verifications, and external litigation risk assessments to safeguard corporate assets and ensure adherence to evolving global regulatory frameworks.",Mediation,investigate,"Proactive resolution reduces PR and litigation exposure. This governance framework minimizes statutory regulatory exposure, defends core intellectual property boundaries, and mitigates legal liabilities under international trade and antitrust statutes.","[{""name"": ""Complaint_Volume"", ""value"": ""Moderate"", ""unit"": ""metric"", ""observed_on"": ""2025-10-30""}, {""name"": ""PR_Risk"", ""value"": ""High"", ""unit"": ""metric"", ""observed_on"": ""2025-10-30""}, {""name"": ""Settlement_Est"", ""value"": ""$40M"", ""unit"": ""USD"", ""observed_on"": ""2025-10-30""}]",Legal,reported,"{legal,investigate}",Finance;R&D,"In deliberating Preemptive Settlement Review on AI Data Use Complaints, Finance resisted settlement cost; Legal warned escalation risk; Legal mandated conservative platform terms and strict statutory compliance controls to mitigate regulatory fines; Operations and Product teams raised concerns regarding developer friction and user experience; Executive leadership mandated the compliance framework under ongoing regulatory review."
AAPL-2025Q4-0135,Apple Inc.,2025-10-30,quarterly_filings/2025_Q4.pdf,https://www.sec.gov/ix?doc=/Archives/edgar/data/0000320193/000032019325000095/aapl-20250927.htm,Item 1. Financial Statements - Note 8. Commitments and Contingencies,Disclosure Context (2025Q4): Trigger: 'Expanded installment plans introduced for iPhone 17'. Management Action: 'Pre-Review Holiday Financing Offers for Consumer Credit Compliance'. Scope: 'Apple legal and regulatory affairs counsel established binding compliance procedures regarding Pre-Review Holiday Financing O...'. Rationale: 'Reduces exposure to credit regulation penalties across US and EU. This governance framework minimizes sta...'.,Pre-Review Holiday Financing Offers for Consumer Credit Compliance,"Apple legal and regulatory affairs counsel established binding compliance procedures regarding Pre-Review Holiday Financing Offers for Consumer Credit Compliance. Compliance officers instituted mandatory auditing controls, statutory filing verifications, and external litigation risk assessments to safeguard corporate assets and ensure adherence to evolving global regulatory frameworks.",Full compliance audit,investigate,"Reduces exposure to credit regulation penalties across US and EU. This governance framework minimizes statutory regulatory exposure, defends core intellectual property boundaries, and mitigates legal liabilities under international trade and antitrust statutes.","[{""name"": ""Installment_Adoption"", ""value"": ""+21%"", ""unit"": ""percentage"", ""observed_on"": ""2025-10-30""}, {""name"": ""Regulatory_Risk"", ""value"": ""Moderate"", ""unit"": ""metric"", ""observed_on"": ""2025-10-30""}, {""name"": ""Exposure"", ""value"": ""$300M"", ""unit"": ""USD"", ""observed_on"": ""2025-10-30""}]",Legal,reported,"{legal,investigate}",Finance,"In deliberating Pre-Review Holiday Financing Offers for Consumer Credit Compliance, Finance feared delay in financing campaign; Legal insisted on thorough audit; Legal mandated conservative platform terms and strict statutory compliance controls to mitigate regulatory fines; Operations and Product teams raised concerns regarding developer friction and user experience; Executive leadership mandated the compliance framework under ongoing regulatory review."
AAPL-2025Q4-0136,Apple Inc.,2025-10-30,quarterly_filings/2025_Q4.pdf,https://www.sec.gov/ix?doc=/Archives/edgar/data/0000320193/000032019325000095/aapl-20250927.htm,Item 1. Financial Statements - Note 8. Commitments and Contingencies,Disclosure Context (2025Q4): Trigger: 'Increased EU-US regulatory scrutiny on data transfers'. Management Action: 'Review Cross-Border Data Transfer Agreements'. Scope: 'Apple legal and regulatory affairs counsel established binding compliance procedures regarding Review Cross-Border Data Trans...'. Rationale: 'Protects Services revenue from cross-border compliance exposure. This governance framework minimizes stat...'.,Review Cross-Border Data Transfer Agreements,"Apple legal and regulatory affairs counsel established binding compliance procedures regarding Review Cross-Border Data Transfer Agreements. Compliance officers instituted mandatory auditing controls, statutory filing verifications, and external litigation risk assessments to safeguard corporate assets and ensure adherence to evolving global regulatory frameworks.",Amend contracts,investigate,"Protects Services revenue from cross-border compliance exposure. This governance framework minimizes statutory regulatory exposure, defends core intellectual property boundaries, and mitigates legal liabilities under international trade and antitrust statutes.","[{""name"": ""Data_Transfer_Volume"", ""value"": ""High"", ""unit"": ""metric"", ""observed_on"": ""2025-10-30""}, {""name"": ""EU_Scrutiny"", ""value"": ""High"", ""unit"": ""metric"", ""observed_on"": ""2025-10-30""}, {""name"": ""Fine_Risk"", ""value"": ""$500M"", ""unit"": ""USD"", ""observed_on"": ""2025-10-30""}]",Legal,reported,"{legal,investigate}",Finance;Operations,"In deliberating Review Cross-Border Data Transfer Agreements, Finance worried about renegotiation cost; Legal prioritized regulatory certainty; Legal mandated conservative platform terms and strict statutory compliance controls to mitigate regulatory fines; Operations and Product teams raised concerns regarding developer friction and user experience; Executive leadership mandated the compliance framework under ongoing regulatory review."
AAPL-2025Q4-0137,Apple Inc.,2025-10-30,quarterly_filings/2025_Q4.pdf,https://www.sec.gov/ix?doc=/Archives/edgar/data/0000320193/000032019325000095/aapl-20250927.htm,Item 1. Financial Statements - Note 8. Commitments and Contingencies,Disclosure Context (2025Q4): Trigger: 'Public discourse intensified around AI training sources'. Management Action: 'Initiate Voluntary Transparency Report on AI Training Data'. Scope: 'Apple legal and regulatory affairs counsel established binding compliance procedures regarding Initiate Voluntary Transparenc...'. Rationale: 'Positions company as proactive leader in AI ethics. This governance framework minimizes statutory regulat...'.,Initiate Voluntary Transparency Report on AI Training Data,"Apple legal and regulatory affairs counsel established binding compliance procedures regarding Initiate Voluntary Transparency Report on AI Training Data. Compliance officers instituted mandatory auditing controls, statutory filing verifications, and external litigation risk assessments to safeguard corporate assets and ensure adherence to evolving global regulatory frameworks.",Voluntary report,maintain,"Positions company as proactive leader in AI ethics. This governance framework minimizes statutory regulatory exposure, defends core intellectual property boundaries, and mitigates legal liabilities under international trade and antitrust statutes.","[{""name"": ""PR_Sentiment"", ""value"": ""Neutral"", ""unit"": ""metric"", ""observed_on"": ""2025-10-30""}, {""name"": ""Regulatory_Pressure"", ""value"": ""Rising"", ""unit"": ""metric"", ""observed_on"": ""2025-10-30""}, {""name"": ""Compliance_Cost"", ""value"": ""$25M"", ""unit"": ""USD"", ""observed_on"": ""2025-10-30""}]",Legal,reported,"{legal,maintain}",Finance;R&D,"In deliberating Initiate Voluntary Transparency Report on AI Training Data, Finance questioned ROI; Legal emphasized trust dividend; Legal mandated conservative platform terms and strict statutory compliance controls to mitigate regulatory fines; Operations and Product teams raised concerns regarding developer friction and user experience; Executive leadership mandated the compliance framework under ongoing regulatory review."
AAPL-2025Q4-0138,Apple Inc.,2025-10-30,quarterly_filings/2025_Q4.pdf,https://www.sec.gov/ix?doc=/Archives/edgar/data/0000320193/000032019325000095/aapl-20250927.htm,Item 1. Financial Statements - Note 8. Commitments and Contingencies,Disclosure Context (2025Q4): Trigger: 'Regulators reviewing fairness of device trade-in values'. Management Action: 'Review Holiday Trade-In Valuation Compliance'. Scope: 'Apple legal and regulatory affairs counsel established binding compliance procedures regarding Review Holiday Trade-In Valuat...'. Rationale: 'Prevents enforcement action and reputational harm. This governance framework minimizes statutory regulato...'.,Review Holiday Trade-In Valuation Compliance,"Apple legal and regulatory affairs counsel established binding compliance procedures regarding Review Holiday Trade-In Valuation Compliance. Compliance officers instituted mandatory auditing controls, statutory filing verifications, and external litigation risk assessments to safeguard corporate assets and ensure adherence to evolving global regulatory frameworks.",Audit and revise,investigate,"Prevents enforcement action and reputational harm. This governance framework minimizes statutory regulatory exposure, defends core intellectual property boundaries, and mitigates legal liabilities under international trade and antitrust statutes.","[{""name"": ""TradeIn_Volume"", ""value"": ""High"", ""unit"": ""metric"", ""observed_on"": ""2025-10-30""}, {""name"": ""Regulator_Inquiry"", ""value"": ""Moderate"", ""unit"": ""metric"", ""observed_on"": ""2025-10-30""}, {""name"": ""Risk"", ""value"": ""$150M"", ""unit"": ""USD"", ""observed_on"": ""2025-10-30""}]",Legal,reported,"{legal,investigate}",Finance;Operations,"In deliberating Review Holiday Trade-In Valuation Compliance, Finance feared cost increase; Legal prioritized fairness exposure; Legal mandated conservative platform terms and strict statutory compliance controls to mitigate regulatory fines; Operations and Product teams raised concerns regarding developer friction and user experience; Executive leadership mandated the compliance framework under ongoing regulatory review."
AAPL-2025Q4-0139,Apple Inc.,2025-10-30,quarterly_filings/2025_Q4.pdf,https://www.sec.gov/ix?doc=/Archives/edgar/data/0000320193/000032019325000095/aapl-20250927.htm,Item 1. Financial Statements - Note 8. Commitments and Contingencies,Disclosure Context (2025Q4): Trigger: 'DMA scrutiny intensified post-record Services revenue'. Management Action: 'Preemptive Antitrust Briefing with EU Regulators'. Scope: 'Apple legal and regulatory affairs counsel established binding compliance procedures regarding Preemptive Antitrust Briefing ...'. Rationale: 'Signals cooperation and reduces adversarial escalation risk. This governance framework minimizes statutor...'.,Preemptive Antitrust Briefing with EU Regulators,"Apple legal and regulatory affairs counsel established binding compliance procedures regarding Preemptive Antitrust Briefing with EU Regulators. Compliance officers instituted mandatory auditing controls, statutory filing verifications, and external litigation risk assessments to safeguard corporate assets and ensure adherence to evolving global regulatory frameworks.",Proactive briefing,maintain,"Signals cooperation and reduces adversarial escalation risk. This governance framework minimizes statutory regulatory exposure, defends core intellectual property boundaries, and mitigates legal liabilities under international trade and antitrust statutes.","[{""name"": ""Services_Revenue"", ""value"": ""Record"", ""unit"": ""metric"", ""observed_on"": ""2025-10-30""}, {""name"": ""Regulatory_Tension"", ""value"": ""High"", ""unit"": ""metric"", ""observed_on"": ""2025-10-30""}, {""name"": ""Fine_Risk"", ""value"": ""$600M"", ""unit"": ""USD"", ""observed_on"": ""2025-10-30""}]",Legal,reported,"{legal,maintain}",Finance;Operations,"In deliberating Preemptive Antitrust Briefing with EU Regulators, Finance feared signaling vulnerability; Legal prioritized diplomatic leverage; Legal mandated conservative platform terms and strict statutory compliance controls to mitigate regulatory fines; Operations and Product teams raised concerns regarding developer friction and user experience; Executive leadership mandated the compliance framework under ongoing regulatory review."
AAPL-2025Q4-0140,Apple Inc.,2025-10-30,quarterly_filings/2025_Q4.pdf,https://www.sec.gov/ix?doc=/Archives/edgar/data/0000320193/000032019325000095/aapl-20250927.htm,Item 1. Financial Statements - Note 8. Commitments and Contingencies,"Disclosure Context (2025Q4): Trigger: 'Holiday return window extended to 60 days'. Management Action: 'Revise Return Policy Language for Holiday Extensions'. Scope: 'Apple legal and regulatory affairs counsel established binding compliance procedures regarding Revise Return Policy Language ...'. Rationale: 'Reduces fraud and chargeback exposure. This governance framework minimizes statutory regulatory exposure,...'.",Revise Return Policy Language for Holiday Extensions,"Apple legal and regulatory affairs counsel established binding compliance procedures regarding Revise Return Policy Language for Holiday Extensions. Compliance officers instituted mandatory auditing controls, statutory filing verifications, and external litigation risk assessments to safeguard corporate assets and ensure adherence to evolving global regulatory frameworks.",Tighten exclusions,revise,"Reduces fraud and chargeback exposure. This governance framework minimizes statutory regulatory exposure, defends core intellectual property boundaries, and mitigates legal liabilities under international trade and antitrust statutes.","[{""name"": ""Return_Window"", ""value"": ""60_days"", ""unit"": ""metric"", ""observed_on"": ""2025-10-30""}, {""name"": ""Fraud_Risk"", ""value"": ""+12%"", ""unit"": ""percentage"", ""observed_on"": ""2025-10-30""}, {""name"": ""Exposure"", ""value"": ""$220M"", ""unit"": ""USD"", ""observed_on"": ""2025-10-30""}]",Legal,reported,"{legal,revise}",Finance;Operations,"In deliberating Revise Return Policy Language for Holiday Extensions, Finance supported tighter language; Ops monitored NPS impact; Legal mandated conservative platform terms and strict statutory compliance controls to mitigate regulatory fines; Operations and Product teams raised concerns regarding developer friction and user experience; Executive leadership mandated the compliance framework under ongoing regulatory review."
AAPL-2025Q4-0141,Apple Inc.,2025-10-30,quarterly_filings/2025_Q4.pdf,https://www.sec.gov/ix?doc=/Archives/edgar/data/0000320193/000032019325000095/aapl-20250927.htm,Item 1. Financial Statements - Note 8. Commitments and Contingencies,Disclosure Context (2025Q4): Trigger: 'NGOs questioned carbon-neutral packaging claims'. Management Action: 'Update Sustainability Claims Language on Packaging'. Scope: 'Apple legal and regulatory affairs counsel established binding compliance procedures regarding Update Sustainability Claims L...'. Rationale: 'Prevents regulatory and reputational backlash. This governance framework minimizes statutory regulatory e...'.,Update Sustainability Claims Language on Packaging,"Apple legal and regulatory affairs counsel established binding compliance procedures regarding Update Sustainability Claims Language on Packaging. Compliance officers instituted mandatory auditing controls, statutory filing verifications, and external litigation risk assessments to safeguard corporate assets and ensure adherence to evolving global regulatory frameworks.",Adjust claims wording,revise,"Prevents regulatory and reputational backlash. This governance framework minimizes statutory regulatory exposure, defends core intellectual property boundaries, and mitigates legal liabilities under international trade and antitrust statutes.","[{""name"": ""ESG_Scrutiny"", ""value"": ""Moderate"", ""unit"": ""metric"", ""observed_on"": ""2025-10-30""}, {""name"": ""Claim_Risk"", ""value"": ""High"", ""unit"": ""metric"", ""observed_on"": ""2025-10-30""}, {""name"": ""PR_Exposure"", ""value"": ""$200M"", ""unit"": ""USD"", ""observed_on"": ""2025-10-30""}]",Legal,reported,"{legal,revise}",Finance;Operations,"In deliberating Update Sustainability Claims Language on Packaging, Finance saw minimal financial impact; Legal emphasized ESG scrutiny trend; Legal mandated conservative platform terms and strict statutory compliance controls to mitigate regulatory fines; Operations and Product teams raised concerns regarding developer friction and user experience; Executive leadership mandated the compliance framework under ongoing regulatory review."
AAPL-2025Q4-0142,Apple Inc.,2025-10-30,quarterly_filings/2025_Q4.pdf,https://www.sec.gov/ix?doc=/Archives/edgar/data/0000320193/000032019325000095/aapl-20250927.htm,Item 1. Financial Statements - Note 8. Commitments and Contingencies,Disclosure Context (2025Q4): Trigger: 'Increase in subscription-related refund complaints'. Management Action: 'Clarify App Store Subscription Auto-Renewal Policies'. Scope: 'Apple legal and regulatory affairs counsel established binding compliance procedures regarding Clarify App Store Subscription...'. Rationale: 'Reduces refund disputes and regulator scrutiny. This governance framework minimizes statutory regulatory ...'.,Clarify App Store Subscription Auto-Renewal Policies,"Apple legal and regulatory affairs counsel established binding compliance procedures regarding Clarify App Store Subscription Auto-Renewal Policies. Compliance officers instituted mandatory auditing controls, statutory filing verifications, and external litigation risk assessments to safeguard corporate assets and ensure adherence to evolving global regulatory frameworks.",Increase reminder frequency,maintain,"Reduces refund disputes and regulator scrutiny. This governance framework minimizes statutory regulatory exposure, defends core intellectual property boundaries, and mitigates legal liabilities under international trade and antitrust statutes.","[{""name"": ""Refund_Rate"", ""value"": ""+9%"", ""unit"": ""percentage"", ""observed_on"": ""2025-10-30""}, {""name"": ""Regulatory_Attention"", ""value"": ""Moderate"", ""unit"": ""metric"", ""observed_on"": ""2025-10-30""}, {""name"": ""Revenue_Impact"", ""value"": ""-0.1%"", ""unit"": ""percentage"", ""observed_on"": ""2025-10-30""}]",Legal,reported,"{legal,maintain}",Finance,"In deliberating Clarify App Store Subscription Auto-Renewal Policies, Finance worried about lower renewal rates; Legal prioritized compliance; Legal mandated conservative platform terms and strict statutory compliance controls to mitigate regulatory fines; Operations and Product teams raised concerns regarding developer friction and user experience; Executive leadership mandated the compliance framework under ongoing regulatory review."
AAPL-2025Q4-0143,Apple Inc.,2025-10-30,quarterly_filings/2025_Q4.pdf,https://www.sec.gov/ix?doc=/Archives/edgar/data/0000320193/000032019325000095/aapl-20250927.htm,Item 1. Financial Statements - Note 8. Commitments and Contingencies,Disclosure Context (2025Q4): Trigger: 'Marketing materials referenced competitor performance benchmarks'. Management Action: 'Review Holiday Advertising Comparative Claims'. Scope: 'Apple legal and regulatory affairs counsel established binding compliance procedures regarding Review Holiday Advertising Com...'. Rationale: 'Reduces litigation exposure during high-visibility season. This governance framework minimizes statutory ...'.,Review Holiday Advertising Comparative Claims,"Apple legal and regulatory affairs counsel established binding compliance procedures regarding Review Holiday Advertising Comparative Claims. Compliance officers instituted mandatory auditing controls, statutory filing verifications, and external litigation risk assessments to safeguard corporate assets and ensure adherence to evolving global regulatory frameworks.",Modify language,investigate,"Reduces litigation exposure during high-visibility season. This governance framework minimizes statutory regulatory exposure, defends core intellectual property boundaries, and mitigates legal liabilities under international trade and antitrust statutes.","[{""name"": ""Comparative_Ads"", ""value"": ""High"", ""unit"": ""metric"", ""observed_on"": ""2025-10-30""}, {""name"": ""Suit_Risk"", ""value"": ""Moderate"", ""unit"": ""metric"", ""observed_on"": ""2025-10-30""}, {""name"": ""PR_Sensitivity"", ""value"": ""High"", ""unit"": ""metric"", ""observed_on"": ""2025-10-30""}]",Legal,reported,"{legal,investigate}",Finance,"In deliberating Review Holiday Advertising Comparative Claims, Finance preferred aggressive claims; Legal emphasized compliance safety; Legal mandated conservative platform terms and strict statutory compliance controls to mitigate regulatory fines; Operations and Product teams raised concerns regarding developer friction and user experience; Executive leadership mandated the compliance framework under ongoing regulatory review."
AAPL-2025Q4-0144,Apple Inc.,2025-10-30,quarterly_filings/2025_Q4.pdf,https://www.sec.gov/ix?doc=/Archives/edgar/data/0000320193/000032019325000095/aapl-20250927.htm,Item 1. Financial Statements - Note 8. Commitments and Contingencies,Disclosure Context (2025Q4): Trigger: 'EU DMA revisions required commission model updates'. Management Action: 'Clarify Developer Revenue Share Changes for EU'. Scope: 'Apple legal and regulatory affairs counsel established binding compliance procedures regarding Clarify Developer Revenue Shar...'. Rationale: 'Reduces contract dispute exposure under new DMA framework. This governance framework minimizes statutory ...'.,Clarify Developer Revenue Share Changes for EU,"Apple legal and regulatory affairs counsel established binding compliance procedures regarding Clarify Developer Revenue Share Changes for EU. Compliance officers instituted mandatory auditing controls, statutory filing verifications, and external litigation risk assessments to safeguard corporate assets and ensure adherence to evolving global regulatory frameworks.",Immediate revision,maintain,"Reduces contract dispute exposure under new DMA framework. This governance framework minimizes statutory regulatory exposure, defends core intellectual property boundaries, and mitigates legal liabilities under international trade and antitrust statutes.","[{""name"": ""DMA_Update"", ""value"": ""Required"", ""unit"": ""metric"", ""observed_on"": ""2025-10-30""}, {""name"": ""Dev_Impact"", ""value"": ""Moderate"", ""unit"": ""metric"", ""observed_on"": ""2025-10-30""}, {""name"": ""Legal_Risk"", ""value"": ""High"", ""unit"": ""metric"", ""observed_on"": ""2025-10-30""}]",Legal,reported,"{legal,maintain}",Finance,"In deliberating Clarify Developer Revenue Share Changes for EU, Finance worried about Services margin impact; Legal emphasized regulatory obligation; Legal mandated conservative platform terms and strict statutory compliance controls to mitigate regulatory fines; Operations and Product teams raised concerns regarding developer friction and user experience; Executive leadership mandated the compliance framework under ongoing regulatory review."
AAPL-2025Q4-0145,Apple Inc.,2025-10-30,quarterly_filings/2025_Q4.pdf,https://www.sec.gov/ix?doc=/Archives/edgar/data/0000320193/000032019325000095/aapl-20250927.htm,Item 1. Financial Statements - Note 8. Commitments and Contingencies,Disclosure Context (2025Q4): Trigger: 'Record fiscal year triggered expanded sustainability disclosure review'. Management Action: 'Audit Carbon Offset Claims for FY25 Reporting'. Scope: 'Apple legal and regulatory affairs counsel established binding compliance procedures regarding Audit Carbon Offset Claims for...'. Rationale: 'Strengthens credibility amid ESG scrutiny. This governance framework minimizes statutory regulatory expos...'.,Audit Carbon Offset Claims for FY25 Reporting,"Apple legal and regulatory affairs counsel established binding compliance procedures regarding Audit Carbon Offset Claims for FY25 Reporting. Compliance officers instituted mandatory auditing controls, statutory filing verifications, and external litigation risk assessments to safeguard corporate assets and ensure adherence to evolving global regulatory frameworks.",External audit,investigate,"Strengthens credibility amid ESG scrutiny. This governance framework minimizes statutory regulatory exposure, defends core intellectual property boundaries, and mitigates legal liabilities under international trade and antitrust statutes.","[{""name"": ""Offset_Volume"", ""value"": ""High"", ""unit"": ""metric"", ""observed_on"": ""2025-10-30""}, {""name"": ""ESG_Risk"", ""value"": ""Moderate"", ""unit"": ""metric"", ""observed_on"": ""2025-10-30""}, {""name"": ""Audit_Cost"", ""value"": ""$18M"", ""unit"": ""USD"", ""observed_on"": ""2025-10-30""}]",Legal,reported,"{legal,investigate}",Finance,"In deliberating Audit Carbon Offset Claims for FY25 Reporting, Finance questioned audit expense; Legal emphasized credibility value; Legal mandated conservative platform terms and strict statutory compliance controls to mitigate regulatory fines; Operations and Product teams raised concerns regarding developer friction and user experience; Executive leadership mandated the compliance framework under ongoing regulatory review."
AAPL-2025Q4-0146,Apple Inc.,2025-10-30,quarterly_filings/2025_Q4.pdf,https://www.sec.gov/ix?doc=/Archives/edgar/data/0000320193/000032019325000095/aapl-20250927.htm,Item 1. Financial Statements - Note 8. Commitments and Contingencies,Disclosure Context (2025Q4): Trigger: 'Expanded installment uptake across EU and US'. Management Action: 'Review Holiday Financing APR Disclosures'. Scope: 'Apple legal and regulatory affairs counsel established binding compliance procedures regarding Review Holiday Financing APR D...'. Rationale: 'Reduces enforcement risk in high-volume financing season. This governance framework minimizes statutory r...'.,Review Holiday Financing APR Disclosures,"Apple legal and regulatory affairs counsel established binding compliance procedures regarding Review Holiday Financing APR Disclosures. Compliance officers instituted mandatory auditing controls, statutory filing verifications, and external litigation risk assessments to safeguard corporate assets and ensure adherence to evolving global regulatory frameworks.",Expand disclosure clarity,investigate,"Reduces enforcement risk in high-volume financing season. This governance framework minimizes statutory regulatory exposure, defends core intellectual property boundaries, and mitigates legal liabilities under international trade and antitrust statutes.","[{""name"": ""Installment_Growth"", ""value"": ""+21%"", ""unit"": ""percentage"", ""observed_on"": ""2025-10-30""}, {""name"": ""Credit_Risk"", ""value"": ""Moderate"", ""unit"": ""metric"", ""observed_on"": ""2025-10-30""}, {""name"": ""Fine_Exposure"", ""value"": ""$180M"", ""unit"": ""USD"", ""observed_on"": ""2025-10-30""}]",Legal,reported,"{legal,investigate}",Finance,"In deliberating Review Holiday Financing APR Disclosures, Finance worried about conversion impact; Legal prioritized clarity; Legal mandated conservative platform terms and strict statutory compliance controls to mitigate regulatory fines; Operations and Product teams raised concerns regarding developer friction and user experience; Executive leadership mandated the compliance framework under ongoing regulatory review."
AAPL-2025Q4-0147,Apple Inc.,2025-10-30,quarterly_filings/2025_Q4.pdf,https://www.sec.gov/ix?doc=/Archives/edgar/data/0000320193/000032019325000095/aapl-20250927.htm,Item 1. Financial Statements - Note 8. Commitments and Contingencies,"Disclosure Context (2025Q4): Trigger: 'Services revenue record heightened DMA attention'. Management Action: 'Preemptive EU DMA Compliance Impact Assessment'. Scope: 'Apple legal and regulatory affairs counsel established binding compliance procedures regarding Preemptive EU DMA Compliance I...'. Rationale: 'Prepares board for regulatory shifts. This governance framework minimizes statutory regulatory exposure, ...'.",Preemptive EU DMA Compliance Impact Assessment,"Apple legal and regulatory affairs counsel established binding compliance procedures regarding Preemptive EU DMA Compliance Impact Assessment. Compliance officers instituted mandatory auditing controls, statutory filing verifications, and external litigation risk assessments to safeguard corporate assets and ensure adherence to evolving global regulatory frameworks.",Proactive scenario planning,investigate,"Prepares board for regulatory shifts. This governance framework minimizes statutory regulatory exposure, defends core intellectual property boundaries, and mitigates legal liabilities under international trade and antitrust statutes.","[{""name"": ""DMA_Exposure"", ""value"": ""High"", ""unit"": ""metric"", ""observed_on"": ""2025-10-30""}, {""name"": ""Services_Revenue"", ""value"": ""Record"", ""unit"": ""metric"", ""observed_on"": ""2025-10-30""}, {""name"": ""Fee_Cap_Risk"", ""value"": ""Moderate"", ""unit"": ""metric"", ""observed_on"": ""2025-10-30""}]",Legal,reported,"{legal,investigate}",Finance,"In deliberating Preemptive EU DMA Compliance Impact Assessment, Finance preferred optimistic forecast; Legal emphasized stress testing; Legal mandated conservative platform terms and strict statutory compliance controls to mitigate regulatory fines; Operations and Product teams raised concerns regarding developer friction and user experience; Executive leadership mandated the compliance framework under ongoing regulatory review."
AAPL-2025Q4-0148,Apple Inc.,2025-10-30,quarterly_filings/2025_Q4.pdf,https://www.sec.gov/ix?doc=/Archives/edgar/data/0000320193/000032019325000095/aapl-20250927.htm,Item 1. Financial Statements - Note 8. Commitments and Contingencies,Disclosure Context (2025Q4): Trigger: 'Regulators queried data synchronization across devices'. Management Action: 'Audit Cross-Platform Data Sync Practices'. Scope: 'Apple legal and regulatory affairs counsel established binding compliance procedures regarding Audit Cross-Platform Data Sync...'. Rationale: 'Protects Services growth from data governance disputes. This governance framework minimizes statutory reg...'.,Audit Cross-Platform Data Sync Practices,"Apple legal and regulatory affairs counsel established binding compliance procedures regarding Audit Cross-Platform Data Sync Practices. Compliance officers instituted mandatory auditing controls, statutory filing verifications, and external litigation risk assessments to safeguard corporate assets and ensure adherence to evolving global regulatory frameworks.",Formal audit,investigate,"Protects Services growth from data governance disputes. This governance framework minimizes statutory regulatory exposure, defends core intellectual property boundaries, and mitigates legal liabilities under international trade and antitrust statutes.","[{""name"": ""Sync_Users"", ""value"": ""High"", ""unit"": ""metric"", ""observed_on"": ""2025-10-30""}, {""name"": ""Compliance_Risk"", ""value"": ""Moderate"", ""unit"": ""metric"", ""observed_on"": ""2025-10-30""}, {""name"": ""Fine_Risk"", ""value"": ""$300M"", ""unit"": ""USD"", ""observed_on"": ""2025-10-30""}]",Legal,reported,"{legal,investigate}",Finance;R&D,"In deliberating Audit Cross-Platform Data Sync Practices, Finance questioned urgency; Legal emphasized cross-border scrutiny; Legal mandated conservative platform terms and strict statutory compliance controls to mitigate regulatory fines; Operations and Product teams raised concerns regarding developer friction and user experience; Executive leadership mandated the compliance framework under ongoing regulatory review."
AAPL-2025Q4-0149,Apple Inc.,2025-10-30,quarterly_filings/2025_Q4.pdf,https://www.sec.gov/ix?doc=/Archives/edgar/data/0000320193/000032019325000095/aapl-20250927.htm,Item 1. Financial Statements - Note 8. Commitments and Contingencies,Disclosure Context (2025Q4): Trigger: 'EU marketplace policy under DMA review'. Management Action: 'Pre-Review EU DMA Marketplace Fee Structure'. Scope: 'Apple legal and regulatory affairs counsel established binding compliance procedures regarding Pre-Review EU DMA Marketplace ...'. Rationale: 'Prevents additional daily fines during peak revenue cycle. This governance framework minimizes statutory ...'.,Pre-Review EU DMA Marketplace Fee Structure,"Apple legal and regulatory affairs counsel established binding compliance procedures regarding Pre-Review EU DMA Marketplace Fee Structure. Compliance officers instituted mandatory auditing controls, statutory filing verifications, and external litigation risk assessments to safeguard corporate assets and ensure adherence to evolving global regulatory frameworks.",Revise structure,investigate,"Prevents additional daily fines during peak revenue cycle. This governance framework minimizes statutory regulatory exposure, defends core intellectual property boundaries, and mitigates legal liabilities under international trade and antitrust statutes.","[{""name"": ""EU_Fine_Risk"", ""value"": ""$500M"", ""unit"": ""USD"", ""observed_on"": ""2025-10-30""}, {""name"": ""Rev_Exposure"", ""value"": ""High"", ""unit"": ""metric"", ""observed_on"": ""2025-10-30""}, {""name"": ""Compliance_Score"", ""value"": ""Low"", ""unit"": ""metric"", ""observed_on"": ""2025-10-30""}]",Legal,reported,"{legal,investigate}",Finance,"In deliberating Pre-Review EU DMA Marketplace Fee Structure, Finance resisted revenue reduction; Legal stressed fine risk; Legal mandated conservative platform terms and strict statutory compliance controls to mitigate regulatory fines; Operations and Product teams raised concerns regarding developer friction and user experience; Executive leadership mandated the compliance framework under ongoing regulatory review."
AAPL-2025Q4-0150,Apple Inc.,2025-10-30,quarterly_filings/2025_Q4.pdf,https://www.sec.gov/ix?doc=/Archives/edgar/data/0000320193/000032019325000095/aapl-20250927.htm,Item 1. Financial Statements - Note 8. Commitments and Contingencies,Disclosure Context (2025Q4): Trigger: 'EU regulators questioned refund processing fairness'. Management Action: 'Assess App Store Refund Policy Under DMA'. Scope: 'Apple legal and regulatory affairs counsel established binding compliance procedures regarding Assess App Store Refund Policy...'. Rationale: 'Avoids enforcement action impacting Services growth. This governance framework minimizes statutory regula...'.,Assess App Store Refund Policy Under DMA,"Apple legal and regulatory affairs counsel established binding compliance procedures regarding Assess App Store Refund Policy Under DMA. Compliance officers instituted mandatory auditing controls, statutory filing verifications, and external litigation risk assessments to safeguard corporate assets and ensure adherence to evolving global regulatory frameworks.",Audit & revise,investigate,"Avoids enforcement action impacting Services growth. This governance framework minimizes statutory regulatory exposure, defends core intellectual property boundaries, and mitigates legal liabilities under international trade and antitrust statutes.","[{""name"": ""Refund_Volume"", ""value"": ""High"", ""unit"": ""metric"", ""observed_on"": ""2025-10-30""}, {""name"": ""Regulator_Scrutiny"", ""value"": ""Moderate"", ""unit"": ""metric"", ""observed_on"": ""2025-10-30""}, {""name"": ""Exposure"", ""value"": ""$200M"", ""unit"": ""USD"", ""observed_on"": ""2025-10-30""}]",Legal,reported,"{legal,investigate}",Finance,"In deliberating Assess App Store Refund Policy Under DMA, Finance feared higher refunds; Legal prioritized compliance; Legal mandated conservative platform terms and strict statutory compliance controls to mitigate regulatory fines; Operations and Product teams raised concerns regarding developer friction and user experience; Executive leadership mandated the compliance framework under ongoing regulatory review."
AAPL-2025Q4-0151,Apple Inc.,2025-10-30,quarterly_filings/2025_Q4.pdf,https://www.sec.gov/ix?doc=/Archives/edgar/data/0000320193/000032019325000095/aapl-20250927.htm,Item 1. Financial Statements - Note 8. Commitments and Contingencies,Disclosure Context (2025Q4): Trigger: 'Holiday influencer campaigns increased 30%'. Management Action: 'Strengthen Influencer Marketing Disclosure Compliance'. Scope: 'Apple legal and regulatory affairs counsel established binding compliance procedures regarding Strengthen Influencer Marketin...'. Rationale: 'Prevents FTC-style enforcement risk during peak marketing. This governance framework minimizes statutory ...'.,Strengthen Influencer Marketing Disclosure Compliance,"Apple legal and regulatory affairs counsel established binding compliance procedures regarding Strengthen Influencer Marketing Disclosure Compliance. Compliance officers instituted mandatory auditing controls, statutory filing verifications, and external litigation risk assessments to safeguard corporate assets and ensure adherence to evolving global regulatory frameworks.",Formal audit,maintain,"Prevents FTC-style enforcement risk during peak marketing. This governance framework minimizes statutory regulatory exposure, defends core intellectual property boundaries, and mitigates legal liabilities under international trade and antitrust statutes.","[{""name"": ""Campaign_Volume"", ""value"": ""+30%"", ""unit"": ""percentage"", ""observed_on"": ""2025-10-30""}, {""name"": ""Compliance_Risk"", ""value"": ""Moderate"", ""unit"": ""metric"", ""observed_on"": ""2025-10-30""}, {""name"": ""Fine_Exposure"", ""value"": ""$120M"", ""unit"": ""USD"", ""observed_on"": ""2025-10-30""}]",Legal,reported,"{legal,maintain}",Finance,"In deliberating Strengthen Influencer Marketing Disclosure Compliance, Finance feared slowing marketing velocity; Legal mandated conservative platform terms and strict statutory compliance controls to mitigate regulatory fines; Operations and Product teams raised concerns regarding developer friction and user experience; Executive leadership mandated the compliance framework under ongoing regulatory review."
AAPL-2025Q4-0152,Apple Inc.,2025-10-30,quarterly_filings/2025_Q4.pdf,https://www.sec.gov/ix?doc=/Archives/edgar/data/0000320193/000032019325000095/aapl-20250927.htm,Item 1. Financial Statements - Note 8. Commitments and Contingencies,Disclosure Context (2025Q4): Trigger: 'Generative AI image tool gained popularity'. Management Action: 'Review AI Image Generation IP Exposure'. Scope: 'Apple legal and regulatory affairs counsel established binding compliance procedures regarding Review AI Image Generation IP ...'. Rationale: 'Prevents future litigation from derivative content claims. This governance framework minimizes statutory ...'.,Review AI Image Generation IP Exposure,"Apple legal and regulatory affairs counsel established binding compliance procedures regarding Review AI Image Generation IP Exposure. Compliance officers instituted mandatory auditing controls, statutory filing verifications, and external litigation risk assessments to safeguard corporate assets and ensure adherence to evolving global regulatory frameworks.",Formal IP audit,investigate,"Prevents future litigation from derivative content claims. This governance framework minimizes statutory regulatory exposure, defends core intellectual property boundaries, and mitigates legal liabilities under international trade and antitrust statutes.","[{""name"": ""Usage"", ""value"": ""+27%"", ""unit"": ""percentage"", ""observed_on"": ""2025-10-30""}, {""name"": ""IP_Risk"", ""value"": ""Moderate"", ""unit"": ""metric"", ""observed_on"": ""2025-10-30""}, {""name"": ""Exposure"", ""value"": ""$250M"", ""unit"": ""USD"", ""observed_on"": ""2025-10-30""}]",Legal,reported,"{legal,investigate}",Finance;R&D,"In deliberating Review AI Image Generation IP Exposure, Finance questioned exposure probability; Legal mandated conservative platform terms and strict statutory compliance controls to mitigate regulatory fines; Operations and Product teams raised concerns regarding developer friction and user experience; Executive leadership mandated the compliance framework under ongoing regulatory review."
AAPL-2025Q4-0153,Apple Inc.,2025-10-30,quarterly_filings/2025_Q4.pdf,https://www.sec.gov/ix?doc=/Archives/edgar/data/0000320193/000032019325000095/aapl-20250927.htm,Item 1. Financial Statements - Note 8. Commitments and Contingencies,Disclosure Context (2025Q4): Trigger: 'Cross-border purchases increased 22%'. Management Action: 'Clarify International Warranty Transfer Policy'. Scope: 'Apple legal and regulatory affairs counsel established binding compliance procedures regarding Clarify International Warranty...'. Rationale: 'Prevents disputes in high-travel season. This governance framework minimizes statutory regulatory exposur...'.,Clarify International Warranty Transfer Policy,"Apple legal and regulatory affairs counsel established binding compliance procedures regarding Clarify International Warranty Transfer Policy. Compliance officers instituted mandatory auditing controls, statutory filing verifications, and external litigation risk assessments to safeguard corporate assets and ensure adherence to evolving global regulatory frameworks.",Clarify terms,maintain,"Prevents disputes in high-travel season. This governance framework minimizes statutory regulatory exposure, defends core intellectual property boundaries, and mitigates legal liabilities under international trade and antitrust statutes.","[{""name"": ""CrossBorder_Sales"", ""value"": ""+22%"", ""unit"": ""percentage"", ""observed_on"": ""2025-10-30""}, {""name"": ""Claim_Risk"", ""value"": ""Moderate"", ""unit"": ""metric"", ""observed_on"": ""2025-10-30""}, {""name"": ""Exposure"", ""value"": ""$180M"", ""unit"": ""USD"", ""observed_on"": ""2025-10-30""}]",Legal,reported,"{legal,maintain}",Finance,"In deliberating Clarify International Warranty Transfer Policy, Finance feared minor claim increase; Legal mandated conservative platform terms and strict statutory compliance controls to mitigate regulatory fines; Operations and Product teams raised concerns regarding developer friction and user experience; Executive leadership mandated the compliance framework under ongoing regulatory review."
AAPL-2025Q4-0154,Apple Inc.,2025-10-30,quarterly_filings/2025_Q4.pdf,https://www.sec.gov/ix?doc=/Archives/edgar/data/0000320193/000032019325000095/aapl-20250927.htm,Item 1. Financial Statements - Note 8. Commitments and Contingencies,"Disclosure Context (2025Q4): Trigger: 'Flash sale discrepancies detected online'. Management Action: 'Audit Holiday Flash Sale Pricing Consistency'. Scope: 'Apple legal and regulatory affairs counsel established binding compliance procedures regarding Audit Holiday Flash Sale Prici...'. Rationale: 'Prevents class action risk. This governance framework minimizes statutory regulatory exposure, defends co...'.",Audit Holiday Flash Sale Pricing Consistency,"Apple legal and regulatory affairs counsel established binding compliance procedures regarding Audit Holiday Flash Sale Pricing Consistency. Compliance officers instituted mandatory auditing controls, statutory filing verifications, and external litigation risk assessments to safeguard corporate assets and ensure adherence to evolving global regulatory frameworks.",Audit and correct,investigate,"Prevents class action risk. This governance framework minimizes statutory regulatory exposure, defends core intellectual property boundaries, and mitigates legal liabilities under international trade and antitrust statutes.","[{""name"": ""Price_Error"", ""value"": ""+3%"", ""unit"": ""percentage"", ""observed_on"": ""2025-10-30""}, {""name"": ""Exposure"", ""value"": ""$90M"", ""unit"": ""USD"", ""observed_on"": ""2025-10-30""}, {""name"": ""Regulatory_Attention"", ""value"": ""Moderate"", ""unit"": ""metric"", ""observed_on"": ""2025-10-30""}]",Legal,reported,"{legal,investigate}",Finance;Operations,"In deliberating Audit Holiday Flash Sale Pricing Consistency, Finance focused on revenue speed; Legal mandated conservative platform terms and strict statutory compliance controls to mitigate regulatory fines; Operations and Product teams raised concerns regarding developer friction and user experience; Executive leadership mandated the compliance framework under ongoing regulatory review."
AAPL-2025Q4-0155,Apple Inc.,2025-10-30,quarterly_filings/2025_Q4.pdf,https://www.sec.gov/ix?doc=/Archives/edgar/data/0000320193/000032019325000095/aapl-20250927.htm,Item 1. Financial Statements - Note 8. Commitments and Contingencies,Disclosure Context (2025Q4): Trigger: 'Refund fraud attempts rose 13%'. Management Action: 'Enhance App Store Holiday Refund Fraud Detection Oversight'. Scope: 'Apple legal and regulatory affairs counsel established binding compliance procedures regarding Enhance App Store Holiday Refu...'. Rationale: 'Prevents regulatory concern over unfair enforcement. This governance framework minimizes statutory regula...'.,Enhance App Store Holiday Refund Fraud Detection Oversight,"Apple legal and regulatory affairs counsel established binding compliance procedures regarding Enhance App Store Holiday Refund Fraud Detection Oversight. Compliance officers instituted mandatory auditing controls, statutory filing verifications, and external litigation risk assessments to safeguard corporate assets and ensure adherence to evolving global regulatory frameworks.",Strengthen oversight,maintain,"Prevents regulatory concern over unfair enforcement. This governance framework minimizes statutory regulatory exposure, defends core intellectual property boundaries, and mitigates legal liabilities under international trade and antitrust statutes.","[{""name"": ""Refund_Fraud"", ""value"": ""+13%"", ""unit"": ""percentage"", ""observed_on"": ""2025-10-30""}, {""name"": ""Exposure"", ""value"": ""$110M"", ""unit"": ""USD"", ""observed_on"": ""2025-10-30""}, {""name"": ""PR_Risk"", ""value"": ""Moderate"", ""unit"": ""metric"", ""observed_on"": ""2025-10-30""}]",Legal,reported,"{legal,maintain}",Finance;Operations,"In deliberating Enhance App Store Holiday Refund Fraud Detection Oversight, Finance aligned with fraud cost reduction; Legal mandated conservative platform terms and strict statutory compliance controls to mitigate regulatory fines; Operations and Product teams raised concerns regarding developer friction and user experience; Executive leadership mandated the compliance framework under ongoing regulatory review."
AAPL-2025Q4-0156,Apple Inc.,2025-10-30,quarterly_filings/2025_Q4.pdf,https://www.sec.gov/ix?doc=/Archives/edgar/data/0000320193/000032019325000095/aapl-20250927.htm,Item 1. Financial Statements - Note 8. Commitments and Contingencies,Disclosure Context (2025Q4): Trigger: 'Gift card fraud reports rose 19%'. Management Action: 'Audit Holiday Gift Card Fraud Patterns'. Scope: 'Apple legal and regulatory affairs counsel established binding compliance procedures regarding Audit Holiday Gift Card Fraud ...'. Rationale: 'Reduces chargebacks and regulatory scrutiny. This governance framework minimizes statutory regulatory exp...'.,Audit Holiday Gift Card Fraud Patterns,"Apple legal and regulatory affairs counsel established binding compliance procedures regarding Audit Holiday Gift Card Fraud Patterns. Compliance officers instituted mandatory auditing controls, statutory filing verifications, and external litigation risk assessments to safeguard corporate assets and ensure adherence to evolving global regulatory frameworks.",Enhance audit,investigate,"Reduces chargebacks and regulatory scrutiny. This governance framework minimizes statutory regulatory exposure, defends core intellectual property boundaries, and mitigates legal liabilities under international trade and antitrust statutes.","[{""name"": ""Fraud"", ""value"": ""+19%"", ""unit"": ""percentage"", ""observed_on"": ""2025-10-30""}, {""name"": ""Exposure"", ""value"": ""$95M"", ""unit"": ""USD"", ""observed_on"": ""2025-10-30""}, {""name"": ""Chargeback Risk"", ""value"": ""High"", ""unit"": ""metric"", ""observed_on"": ""2025-10-30""}]",Legal,reported,"{legal,investigate}",Finance; Operations,"In deliberating Audit Holiday Gift Card Fraud Patterns, Finance supported loss mitigation; Legal mandated conservative platform terms and strict statutory compliance controls to mitigate regulatory fines; Operations and Product teams raised concerns regarding developer friction and user experience; Executive leadership mandated the compliance framework under ongoing regulatory review."
AAPL-2025Q4-0157,Apple Inc.,2025-10-30,quarterly_filings/2025_Q4.pdf,https://www.sec.gov/ix?doc=/Archives/edgar/data/0000320193/000032019325000095/aapl-20250927.htm,Item 1. Financial Statements - Note 8. Commitments and Contingencies,Disclosure Context (2025Q4): Trigger: 'Extended 60-day return window increased abuse cases'. Management Action: 'Strengthen Holiday Return Abuse Monitoring'. Scope: 'Apple legal and regulatory affairs counsel established binding compliance procedures regarding Strengthen Holiday Return Abus...'. Rationale: 'Reduces return fraud without affecting legitimate customers. This governance framework minimizes statutor...'.,Strengthen Holiday Return Abuse Monitoring,"Apple legal and regulatory affairs counsel established binding compliance procedures regarding Strengthen Holiday Return Abuse Monitoring. Compliance officers instituted mandatory auditing controls, statutory filing verifications, and external litigation risk assessments to safeguard corporate assets and ensure adherence to evolving global regulatory frameworks.",Add verification,maintain,"Reduces return fraud without affecting legitimate customers. This governance framework minimizes statutory regulatory exposure, defends core intellectual property boundaries, and mitigates legal liabilities under international trade and antitrust statutes.","[{""name"": ""Return Abuse"", ""value"": ""+14%"", ""unit"": ""percentage"", ""observed_on"": ""2025-10-30""}, {""name"": ""Exposure"", ""value"": ""$130M"", ""unit"": ""USD"", ""observed_on"": ""2025-10-30""}, {""name"": ""Verification Cost"", ""value"": ""$8M"", ""unit"": ""USD"", ""observed_on"": ""2025-10-30""}]",Legal,reported,"{legal,maintain}",Finance; Operations,"In deliberating Strengthen Holiday Return Abuse Monitoring, Finance aligned with cost protection; Legal mandated conservative platform terms and strict statutory compliance controls to mitigate regulatory fines; Operations and Product teams raised concerns regarding developer friction and user experience; Executive leadership mandated the compliance framework under ongoing regulatory review."
AAPL-2025Q4-0158,Apple Inc.,2025-10-30,quarterly_filings/2025_Q4.pdf,https://www.sec.gov/ix?doc=/Archives/edgar/data/0000320193/000032019325000095/aapl-20250927.htm,Item 1. Financial Statements - Note 8. Commitments and Contingencies,"Disclosure Context (2025Q4): Trigger: 'Bundle promotions included multiple service trials'. Management Action: 'Review Holiday Bundle Disclosure Accuracy'. Scope: 'Apple legal and regulatory affairs counsel established binding compliance procedures regarding Review Holiday Bundle Disclosu...'. Rationale: 'Avoids misleading advertising claims. This governance framework minimizes statutory regulatory exposure, ...'.",Review Holiday Bundle Disclosure Accuracy,"Apple legal and regulatory affairs counsel established binding compliance procedures regarding Review Holiday Bundle Disclosure Accuracy. Compliance officers instituted mandatory auditing controls, statutory filing verifications, and external litigation risk assessments to safeguard corporate assets and ensure adherence to evolving global regulatory frameworks.",Clarify disclosures,investigate,"Avoids misleading advertising claims. This governance framework minimizes statutory regulatory exposure, defends core intellectual property boundaries, and mitigates legal liabilities under international trade and antitrust statutes.","[{""name"": ""Bundle Volume"", ""value"": ""High"", ""unit"": ""metric"", ""observed_on"": ""2025-10-30""}, {""name"": ""Complaint Risk"", ""value"": ""Moderate"", ""unit"": ""metric"", ""observed_on"": ""2025-10-30""}, {""name"": ""Exposure"", ""value"": ""$150M"", ""unit"": ""USD"", ""observed_on"": ""2025-10-30""}]",Legal,reported,"{legal,investigate}",Finance,"In deliberating Review Holiday Bundle Disclosure Accuracy, Finance supported preventive measure; Legal mandated conservative platform terms and strict statutory compliance controls to mitigate regulatory fines; Operations and Product teams raised concerns regarding developer friction and user experience; Executive leadership mandated the compliance framework under ongoing regulatory review."
AAPL-2025Q4-0159,Apple Inc.,2025-10-30,quarterly_filings/2025_Q4.pdf,https://www.sec.gov/ix?doc=/Archives/edgar/data/0000320193/000032019325000095/aapl-20250927.htm,Item 1. Financial Statements - Note 8. Commitments and Contingencies,"Disclosure Context (2025Q4): Trigger: 'Trial conversions under increased regulatory scrutiny'. Management Action: 'Audit Subscription Trial Conversion Transparency'. Scope: 'Apple legal and regulatory affairs counsel established binding compliance procedures regarding Audit Subscription Trial Conve...'. Rationale: 'Prevents class action risk. This governance framework minimizes statutory regulatory exposure, defends co...'.",Audit Subscription Trial Conversion Transparency,"Apple legal and regulatory affairs counsel established binding compliance procedures regarding Audit Subscription Trial Conversion Transparency. Compliance officers instituted mandatory auditing controls, statutory filing verifications, and external litigation risk assessments to safeguard corporate assets and ensure adherence to evolving global regulatory frameworks.",Enhance notification,investigate,"Prevents class action risk. This governance framework minimizes statutory regulatory exposure, defends core intellectual property boundaries, and mitigates legal liabilities under international trade and antitrust statutes.","[{""name"": ""Trial Volume"", ""value"": ""High"", ""unit"": ""metric"", ""observed_on"": ""2025-10-30""}, {""name"": ""Refund Risk"", ""value"": ""+8%"", ""unit"": ""percentage"", ""observed_on"": ""2025-10-30""}, {""name"": ""Exposure"", ""value"": ""$180M"", ""unit"": ""USD"", ""observed_on"": ""2025-10-30""}]",Legal,reported,"{legal,investigate}",Finance,"In deliberating Audit Subscription Trial Conversion Transparency, Finance aligned with risk avoidance; Legal mandated conservative platform terms and strict statutory compliance controls to mitigate regulatory fines; Operations and Product teams raised concerns regarding developer friction and user experience; Executive leadership mandated the compliance framework under ongoing regulatory review."
AAPL-2025Q4-0160,Apple Inc.,2025-10-30,quarterly_filings/2025_Q4.pdf,https://www.sec.gov/ix?doc=/Archives/edgar/data/0000320193/000032019325000095/aapl-20250927.htm,Item 1. Financial Statements - Note 8. Commitments and Contingencies,Disclosure Context (2025Q4): Trigger: 'Investors requested more detail on labor practices'. Management Action: 'Enhance ESG Reporting On Supply Chain Audits'. Scope: 'Apple legal and regulatory affairs counsel established binding compliance procedures regarding Enhance ESG Reporting On Suppl...'. Rationale: 'Improves institutional investor confidence. This governance framework minimizes statutory regulatory expo...'.,Enhance ESG Reporting On Supply Chain Audits,"Apple legal and regulatory affairs counsel established binding compliance procedures regarding Enhance ESG Reporting On Supply Chain Audits. Compliance officers instituted mandatory auditing controls, statutory filing verifications, and external litigation risk assessments to safeguard corporate assets and ensure adherence to evolving global regulatory frameworks.",Expand reporting,investigate,"Improves institutional investor confidence. This governance framework minimizes statutory regulatory exposure, defends core intellectual property boundaries, and mitigates legal liabilities under international trade and antitrust statutes.","[{""name"": ""Investor Demand"", ""value"": ""High"", ""unit"": ""metric"", ""observed_on"": ""2025-10-30""}, {""name"": ""Reporting Cost"", ""value"": ""$6M"", ""unit"": ""USD"", ""observed_on"": ""2025-10-30""}, {""name"": ""ESG Rating"", ""value"": ""AAA"", ""unit"": ""metric"", ""observed_on"": ""2025-10-30""}]",Legal,reported,"{legal,investigate}",Finance,"In deliberating Enhance ESG Reporting On Supply Chain Audits, Finance supported reputational benefit; Legal mandated conservative platform terms and strict statutory compliance controls to mitigate regulatory fines; Operations and Product teams raised concerns regarding developer friction and user experience; Executive leadership mandated the compliance framework under ongoing regulatory review."
