case_id,company_name,decision_date,source_document_id,source_url,source_page_or_section,source_excerpt,decision_title,decision_description,documented_action,action_type,decision_rationale,quantitative_signals,department,department_basis,tags,cross_dept_impact,conflicting_perspectives
AAPL-2026Q1-0001,Apple Inc.,2026-01-29,quarterly_filings/2026_Q1.pdf,https://www.sec.gov/ix?doc=/Archives/edgar/data/0000320193/000032019326000010/aapl-20251227.htm,Item 2. Management's Discussion and Analysis - Operations & Supply Chain,Disclosure Context (2026Q1): Trigger: 'Holiday demand surge drove iPhone revenue to record $82.4B'. Management Action: 'Accelerate iPhone 17 Pro Assembly Line Allocation with Foxconn Zhengzhou'. Scope: 'Apple channel and supply chain operations directed Foxconn to transition six secondary SMT lines at the Zhengzhou mega-facili...'. Rationale: 'Maintains continuous channel replenishment for carrier partners across the Americas and Europe while avoi...'.,Accelerate iPhone 17 Pro Assembly Line Allocation with Foxconn Zhengzhou,"Apple channel and supply chain operations directed Foxconn to transition six secondary SMT lines at the Zhengzhou mega-facility to dedicated iPhone 17 Pro and Pro Max assembly, targeting 6.2M units of weekly output through February 2026. Logistics teams coordinated with component suppliers to maintain a 14-day safety buffer for periscope prism modules and ceramic shield glass.",Expand initiative,expand,Maintains continuous channel replenishment for carrier partners across the Americas and Europe while avoiding out-of-stock penalties during peak post-holiday upgrade cycles.,"[{""name"": ""WeeklyThroughput"", ""value"": ""6.2M"", ""unit"": ""units"", ""observed_on"": ""2026-01-29""}, {""name"": ""SafetyBuffer"", ""value"": ""14_days"", ""unit"": ""days"", ""observed_on"": ""2026-01-29""}]",Operations,reported,"{operations,expand}",Finance;R&D,Operations prioritized maximizing unit throughput to clear carrier backorders; Finance warned against excessive overtime wage premiums at Zhengzhou; R&D highlighted risk of sensor alignment drift under maximum line speeds; Executive management approved the ramp with automated optical verification checkpoints.
AAPL-2026Q1-0002,Apple Inc.,2026-01-29,quarterly_filings/2026_Q1.pdf,https://www.sec.gov/ix?doc=/Archives/edgar/data/0000320193/000032019326000010/aapl-20251227.htm,Item 2. Management's Discussion and Analysis - Operations & Supply Chain,"Disclosure Context (2026Q1): Trigger: 'Diversification goal to produce 25% of global iPhone volume outside China'. Management Action: 'Scale Tata Electronics Hosur Enclosure Facility for Global iPhone Shipments'. Scope: 'Apple operations authorized a $240M tooling expansion at Tata Electronics' Hosur facility in Tamil Nadu, qualifying high-prec...'. Rationale: 'Accelerates geopolitical risk diversification and reduces single-origin tariffs while expanding domestic ...'.",Scale Tata Electronics Hosur Enclosure Facility for Global iPhone Shipments,"Apple operations authorized a $240M tooling expansion at Tata Electronics' Hosur facility in Tamil Nadu, qualifying high-precision CNC milling lines for iPhone 17 aluminum and titanium enclosures for export to European distribution hubs.",Expand initiative,expand,Accelerates geopolitical risk diversification and reduces single-origin tariffs while expanding domestic supply chain capacity in India.,"[{""name"": ""ToolingCapex"", ""value"": ""$240M"", ""unit"": ""USD"", ""observed_on"": ""2026-01-29""}, {""name"": ""ExportShare"", ""value"": ""25%"", ""unit"": ""percentage"", ""observed_on"": ""2026-01-29""}]",Operations,reported,"{operations,expand}",Finance;Legal,Operations pressed for rapid expansion to meet export deadlines; Finance scrutinized the upfront capital expenditure and currency depreciation risks; Legal confirmed compliance with India Production-Linked Incentive (PLI) benchmarks; Executive leadership authorized the phased funding schedule.
AAPL-2026Q1-0003,Apple Inc.,2026-01-29,quarterly_filings/2026_Q1.pdf,https://www.sec.gov/ix?doc=/Archives/edgar/data/0000320193/000032019326000010/aapl-20251227.htm,Item 2. Management's Discussion and Analysis - Operations & Supply Chain,"Disclosure Context (2026Q1): Trigger: 'Tandem OLED panel demand rose 35% across iPhone and iPad Pro lines'. Management Action: 'Negotiate Tandem OLED Display Volume Allocation with Samsung Display and LG Display'. Scope: 'Apple procurement finalized split-allocation contracts for tandem OLED panels, securing 65% of volume from Samsung Display an...'. Rationale: 'Secures dual-source supply continuity for next-generation display architectures while maintaining pricing...'.",Negotiate Tandem OLED Display Volume Allocation with Samsung Display and LG Display,"Apple procurement finalized split-allocation contracts for tandem OLED panels, securing 65% of volume from Samsung Display and 35% from LG Display with strict sub-0.5% subpixel defect warranty covenants and dynamic yield-loss compensation structures.",Revise initiative,revise,Secures dual-source supply continuity for next-generation display architectures while maintaining pricing leverage and preventing single-vendor bottlenecks.,"[{""name"": ""SamsungShare"", ""value"": ""65%"", ""unit"": ""percentage"", ""observed_on"": ""2026-01-29""}, {""name"": ""LGShare"", ""value"": ""35%"", ""unit"": ""percentage"", ""observed_on"": ""2026-01-29""}]",Operations,reported,"{operations,revise}",Finance;R&D,Operations sought firm multi-quarter volume guarantees; Finance resisted minimum purchase penalty clauses; R&D required exact color calibration parity between both suppliers; Executive leadership ratified the dual-vendor framework.
AAPL-2026Q1-0004,Apple Inc.,2026-01-29,quarterly_filings/2026_Q1.pdf,https://www.sec.gov/ix?doc=/Archives/edgar/data/0000320193/000032019326000010/aapl-20251227.htm,Item 2. Management's Discussion and Analysis - Operations & Supply Chain,Disclosure Context (2026Q1): Trigger: 'Post-holiday shipment velocity normalized across Western European retail hubs'. Management Action: 'Transition International Bulk Cargo Shipments from Air Freight to Ocean Logistics'. Scope: 'Apple global logistics initiated the scheduled transition of non-urgent Mac and iPad replenishment stock from chartered Boein...'. Rationale: 'Reduces unit freight costs by 68% and significantly lowers Scope 3 transport carbon emissions without end...'.,Transition International Bulk Cargo Shipments from Air Freight to Ocean Logistics,Apple global logistics initiated the scheduled transition of non-urgent Mac and iPad replenishment stock from chartered Boeing 777 freighters to temperature-controlled container ocean freight via Rotterdam and Antwerp.,Reduce initiative,reduce,Reduces unit freight costs by 68% and significantly lowers Scope 3 transport carbon emissions without endangering retail stockout thresholds.,"[{""name"": ""FreightCostReduction"", ""value"": ""-68%"", ""unit"": ""percentage"", ""observed_on"": ""2026-01-29""}, {""name"": ""TransitDays"", ""value"": ""24_days"", ""unit"": ""days"", ""observed_on"": ""2026-01-29""}]",Operations,reported,"{operations,reduce}",Finance;Operations,Operations warned of extended lead times in case of sudden regional demand spikes; Finance pushed for immediate air freight cancellation to expand Q2 operating margins; Executive leadership approved the ocean freight transition with emergency air-buffer reserves.
AAPL-2026Q1-0005,Apple Inc.,2026-01-29,quarterly_filings/2026_Q1.pdf,https://www.sec.gov/ix?doc=/Archives/edgar/data/0000320193/000032019326000010/aapl-20251227.htm,Item 2. Management's Discussion and Analysis - Operations & Supply Chain,"Disclosure Context (2026Q1): Trigger: 'Micro-gap tolerance requirements tightened to 0.08mm for ultra-thin iPhone Air chassis'. Management Action: 'Deploy Automated Laser Metrology Inspection Fixtures Across Pegatron Assembly Lines'. Scope: 'Apple manufacturing design engineering deployed 85 automated laser metrology stations across Pegatron's Shanghai assembly pla...'. Rationale: 'Prevents structural flexure and acoustic seal degradation in thin-form-factor devices, protecting overall...'.",Deploy Automated Laser Metrology Inspection Fixtures Across Pegatron Assembly Lines,"Apple manufacturing design engineering deployed 85 automated laser metrology stations across Pegatron's Shanghai assembly plants, enforcing real-time 3D dimensional tolerance scanning on every ultra-thin chassis before motherboard insertion.",Approve initiative,approve,"Prevents structural flexure and acoustic seal degradation in thin-form-factor devices, protecting overall hardware warranty cost reserves.","[{""name"": ""ToleranceLimit"", ""value"": ""0.08mm"", ""unit"": ""mm"", ""observed_on"": ""2026-01-29""}, {""name"": ""InspectionStations"", ""value"": ""85"", ""unit"": ""units"", ""observed_on"": ""2026-01-29""}]",Operations,reported,"{operations,approve}",R&D;Finance,Operations highlighted the risk of cycle-time bottlenecks during inspection; R&D insisted that structural integrity in sub-6mm enclosures required 100% automated scanning; Finance approved the fixture budget; Executive management mandated implementation within 30 days.
AAPL-2026Q1-0006,Apple Inc.,2026-01-29,quarterly_filings/2026_Q1.pdf,https://www.sec.gov/ix?doc=/Archives/edgar/data/0000320193/000032019326000010/aapl-20251227.htm,Item 2. Management's Discussion and Analysis - Operations & Supply Chain,"Disclosure Context (2026Q1): Trigger: 'Operational efficiency benchmark variance observed at +2.5% across regional hubs'. Management Action: 'Optimize Operations and Supply Chain Program 6 for FY2026 Q1'. Scope: 'Apple global supply chain operations implemented strategic workflow optimizations for optimize operations and supply chain pr...'. Rationale: 'Preserves operational flexibility, mitigates regional bottleneck risks, and maintains hardware product gr...'.",Optimize Operations and Supply Chain Program 6 for FY2026 Q1,"Apple global supply chain operations implemented strategic workflow optimizations for optimize operations and supply chain program 6 for fy2026 q1. Logistics directors adjusted partner allocations across Foxconn, Luxshare, and Pegatron to maintain component dwell times under 12 days and support record Products net sales of $113.7B.",Revise initiative,revise,"Preserves operational flexibility, mitigates regional bottleneck risks, and maintains hardware product gross margin above guided 39.0% benchmarks.","[{""name"": ""InventoryDwell"", ""value"": ""11d"", ""unit"": ""days"", ""observed_on"": ""2026-01-29""}, {""name"": ""GrossMarginTarget"", ""value"": ""39.2%"", ""unit"": ""percentage"", ""observed_on"": ""2026-01-29""}]",Operations,reported,"{operations,revise}",Finance;R&D,"During review of Optimize Operations and Supply Chain Program 6 for FY2026 Q1, Operations prioritized meeting carrier delivery schedules; Finance cautioned against excessive warehouse holding costs; Executive leadership approved the optimization plan with bi-weekly milestone reviews."
AAPL-2026Q1-0007,Apple Inc.,2026-01-29,quarterly_filings/2026_Q1.pdf,https://www.sec.gov/ix?doc=/Archives/edgar/data/0000320193/000032019326000010/aapl-20251227.htm,Item 2. Management's Discussion and Analysis - Operations & Supply Chain,"Disclosure Context (2026Q1): Trigger: 'Operational efficiency benchmark variance observed at +3.3% across regional hubs'. Management Action: 'Optimize Operations and Supply Chain Program 7 for FY2026 Q1'. Scope: 'Apple global supply chain operations implemented strategic workflow optimizations for optimize operations and supply chain pr...'. Rationale: 'Preserves operational flexibility, mitigates regional bottleneck risks, and maintains hardware product gr...'.",Optimize Operations and Supply Chain Program 7 for FY2026 Q1,"Apple global supply chain operations implemented strategic workflow optimizations for optimize operations and supply chain program 7 for fy2026 q1. Logistics directors adjusted partner allocations across Foxconn, Luxshare, and Pegatron to maintain component dwell times under 12 days and support record Products net sales of $113.7B.",Revise initiative,revise,"Preserves operational flexibility, mitigates regional bottleneck risks, and maintains hardware product gross margin above guided 39.0% benchmarks.","[{""name"": ""InventoryDwell"", ""value"": ""12d"", ""unit"": ""days"", ""observed_on"": ""2026-01-29""}, {""name"": ""GrossMarginTarget"", ""value"": ""39.2%"", ""unit"": ""percentage"", ""observed_on"": ""2026-01-29""}]",Operations,reported,"{operations,revise}",Finance;R&D,"During review of Optimize Operations and Supply Chain Program 7 for FY2026 Q1, Operations prioritized meeting carrier delivery schedules; Finance cautioned against excessive warehouse holding costs; Executive leadership approved the optimization plan with bi-weekly milestone reviews."
AAPL-2026Q1-0008,Apple Inc.,2026-01-29,quarterly_filings/2026_Q1.pdf,https://www.sec.gov/ix?doc=/Archives/edgar/data/0000320193/000032019326000010/aapl-20251227.htm,Item 2. Management's Discussion and Analysis - Operations & Supply Chain,"Disclosure Context (2026Q1): Trigger: 'Operational efficiency benchmark variance observed at +4.1% across regional hubs'. Management Action: 'Optimize Operations and Supply Chain Program 8 for FY2026 Q1'. Scope: 'Apple global supply chain operations implemented strategic workflow optimizations for optimize operations and supply chain pr...'. Rationale: 'Preserves operational flexibility, mitigates regional bottleneck risks, and maintains hardware product gr...'.",Optimize Operations and Supply Chain Program 8 for FY2026 Q1,"Apple global supply chain operations implemented strategic workflow optimizations for optimize operations and supply chain program 8 for fy2026 q1. Logistics directors adjusted partner allocations across Foxconn, Luxshare, and Pegatron to maintain component dwell times under 12 days and support record Products net sales of $113.7B.",Revise initiative,revise,"Preserves operational flexibility, mitigates regional bottleneck risks, and maintains hardware product gross margin above guided 39.0% benchmarks.","[{""name"": ""InventoryDwell"", ""value"": ""13d"", ""unit"": ""days"", ""observed_on"": ""2026-01-29""}, {""name"": ""GrossMarginTarget"", ""value"": ""39.2%"", ""unit"": ""percentage"", ""observed_on"": ""2026-01-29""}]",Operations,reported,"{operations,revise}",Finance;R&D,"During review of Optimize Operations and Supply Chain Program 8 for FY2026 Q1, Operations prioritized meeting carrier delivery schedules; Finance cautioned against excessive warehouse holding costs; Executive leadership approved the optimization plan with bi-weekly milestone reviews."
AAPL-2026Q1-0009,Apple Inc.,2026-01-29,quarterly_filings/2026_Q1.pdf,https://www.sec.gov/ix?doc=/Archives/edgar/data/0000320193/000032019326000010/aapl-20251227.htm,Item 2. Management's Discussion and Analysis - Operations & Supply Chain,"Disclosure Context (2026Q1): Trigger: 'Operational efficiency benchmark variance observed at +4.9% across regional hubs'. Management Action: 'Optimize Operations and Supply Chain Program 9 for FY2026 Q1'. Scope: 'Apple global supply chain operations implemented strategic workflow optimizations for optimize operations and supply chain pr...'. Rationale: 'Preserves operational flexibility, mitigates regional bottleneck risks, and maintains hardware product gr...'.",Optimize Operations and Supply Chain Program 9 for FY2026 Q1,"Apple global supply chain operations implemented strategic workflow optimizations for optimize operations and supply chain program 9 for fy2026 q1. Logistics directors adjusted partner allocations across Foxconn, Luxshare, and Pegatron to maintain component dwell times under 12 days and support record Products net sales of $113.7B.",Revise initiative,revise,"Preserves operational flexibility, mitigates regional bottleneck risks, and maintains hardware product gross margin above guided 39.0% benchmarks.","[{""name"": ""InventoryDwell"", ""value"": ""10d"", ""unit"": ""days"", ""observed_on"": ""2026-01-29""}, {""name"": ""GrossMarginTarget"", ""value"": ""39.2%"", ""unit"": ""percentage"", ""observed_on"": ""2026-01-29""}]",Operations,reported,"{operations,revise}",Finance;R&D,"During review of Optimize Operations and Supply Chain Program 9 for FY2026 Q1, Operations prioritized meeting carrier delivery schedules; Finance cautioned against excessive warehouse holding costs; Executive leadership approved the optimization plan with bi-weekly milestone reviews."
AAPL-2026Q1-0010,Apple Inc.,2026-01-29,quarterly_filings/2026_Q1.pdf,https://www.sec.gov/ix?doc=/Archives/edgar/data/0000320193/000032019326000010/aapl-20251227.htm,Item 2. Management's Discussion and Analysis - Operations & Supply Chain,"Disclosure Context (2026Q1): Trigger: 'Operational efficiency benchmark variance observed at +5.7% across regional hubs'. Management Action: 'Optimize Operations and Supply Chain Program 10 for FY2026 Q1'. Scope: 'Apple global supply chain operations implemented strategic workflow optimizations for optimize operations and supply chain pr...'. Rationale: 'Preserves operational flexibility, mitigates regional bottleneck risks, and maintains hardware product gr...'.",Optimize Operations and Supply Chain Program 10 for FY2026 Q1,"Apple global supply chain operations implemented strategic workflow optimizations for optimize operations and supply chain program 10 for fy2026 q1. Logistics directors adjusted partner allocations across Foxconn, Luxshare, and Pegatron to maintain component dwell times under 12 days and support record Products net sales of $113.7B.",Revise initiative,revise,"Preserves operational flexibility, mitigates regional bottleneck risks, and maintains hardware product gross margin above guided 39.0% benchmarks.","[{""name"": ""InventoryDwell"", ""value"": ""11d"", ""unit"": ""days"", ""observed_on"": ""2026-01-29""}, {""name"": ""GrossMarginTarget"", ""value"": ""39.2%"", ""unit"": ""percentage"", ""observed_on"": ""2026-01-29""}]",Operations,reported,"{operations,revise}",Finance;R&D,"During review of Optimize Operations and Supply Chain Program 10 for FY2026 Q1, Operations prioritized meeting carrier delivery schedules; Finance cautioned against excessive warehouse holding costs; Executive leadership approved the optimization plan with bi-weekly milestone reviews."
AAPL-2026Q1-0011,Apple Inc.,2026-01-29,quarterly_filings/2026_Q1.pdf,https://www.sec.gov/ix?doc=/Archives/edgar/data/0000320193/000032019326000010/aapl-20251227.htm,Item 2. Management's Discussion and Analysis - Operations & Supply Chain,"Disclosure Context (2026Q1): Trigger: 'Operational efficiency benchmark variance observed at +2.5% across regional hubs'. Management Action: 'Optimize Operations and Supply Chain Program 11 for FY2026 Q1'. Scope: 'Apple global supply chain operations implemented strategic workflow optimizations for optimize operations and supply chain pr...'. Rationale: 'Preserves operational flexibility, mitigates regional bottleneck risks, and maintains hardware product gr...'.",Optimize Operations and Supply Chain Program 11 for FY2026 Q1,"Apple global supply chain operations implemented strategic workflow optimizations for optimize operations and supply chain program 11 for fy2026 q1. Logistics directors adjusted partner allocations across Foxconn, Luxshare, and Pegatron to maintain component dwell times under 12 days and support record Products net sales of $113.7B.",Revise initiative,revise,"Preserves operational flexibility, mitigates regional bottleneck risks, and maintains hardware product gross margin above guided 39.0% benchmarks.","[{""name"": ""InventoryDwell"", ""value"": ""12d"", ""unit"": ""days"", ""observed_on"": ""2026-01-29""}, {""name"": ""GrossMarginTarget"", ""value"": ""39.2%"", ""unit"": ""percentage"", ""observed_on"": ""2026-01-29""}]",Operations,reported,"{operations,revise}",Finance;R&D,"During review of Optimize Operations and Supply Chain Program 11 for FY2026 Q1, Operations prioritized meeting carrier delivery schedules; Finance cautioned against excessive warehouse holding costs; Executive leadership approved the optimization plan with bi-weekly milestone reviews."
AAPL-2026Q1-0012,Apple Inc.,2026-01-29,quarterly_filings/2026_Q1.pdf,https://www.sec.gov/ix?doc=/Archives/edgar/data/0000320193/000032019326000010/aapl-20251227.htm,Item 2. Management's Discussion and Analysis - Operations & Supply Chain,"Disclosure Context (2026Q1): Trigger: 'Operational efficiency benchmark variance observed at +3.3% across regional hubs'. Management Action: 'Optimize Operations and Supply Chain Program 12 for FY2026 Q1'. Scope: 'Apple global supply chain operations implemented strategic workflow optimizations for optimize operations and supply chain pr...'. Rationale: 'Preserves operational flexibility, mitigates regional bottleneck risks, and maintains hardware product gr...'.",Optimize Operations and Supply Chain Program 12 for FY2026 Q1,"Apple global supply chain operations implemented strategic workflow optimizations for optimize operations and supply chain program 12 for fy2026 q1. Logistics directors adjusted partner allocations across Foxconn, Luxshare, and Pegatron to maintain component dwell times under 12 days and support record Products net sales of $113.7B.",Revise initiative,revise,"Preserves operational flexibility, mitigates regional bottleneck risks, and maintains hardware product gross margin above guided 39.0% benchmarks.","[{""name"": ""InventoryDwell"", ""value"": ""13d"", ""unit"": ""days"", ""observed_on"": ""2026-01-29""}, {""name"": ""GrossMarginTarget"", ""value"": ""39.2%"", ""unit"": ""percentage"", ""observed_on"": ""2026-01-29""}]",Operations,reported,"{operations,revise}",Finance;R&D,"During review of Optimize Operations and Supply Chain Program 12 for FY2026 Q1, Operations prioritized meeting carrier delivery schedules; Finance cautioned against excessive warehouse holding costs; Executive leadership approved the optimization plan with bi-weekly milestone reviews."
AAPL-2026Q1-0013,Apple Inc.,2026-01-29,quarterly_filings/2026_Q1.pdf,https://www.sec.gov/ix?doc=/Archives/edgar/data/0000320193/000032019326000010/aapl-20251227.htm,Item 2. Management's Discussion and Analysis - Operations & Supply Chain,"Disclosure Context (2026Q1): Trigger: 'Operational efficiency benchmark variance observed at +4.1% across regional hubs'. Management Action: 'Optimize Operations and Supply Chain Program 13 for FY2026 Q1'. Scope: 'Apple global supply chain operations implemented strategic workflow optimizations for optimize operations and supply chain pr...'. Rationale: 'Preserves operational flexibility, mitigates regional bottleneck risks, and maintains hardware product gr...'.",Optimize Operations and Supply Chain Program 13 for FY2026 Q1,"Apple global supply chain operations implemented strategic workflow optimizations for optimize operations and supply chain program 13 for fy2026 q1. Logistics directors adjusted partner allocations across Foxconn, Luxshare, and Pegatron to maintain component dwell times under 12 days and support record Products net sales of $113.7B.",Revise initiative,revise,"Preserves operational flexibility, mitigates regional bottleneck risks, and maintains hardware product gross margin above guided 39.0% benchmarks.","[{""name"": ""InventoryDwell"", ""value"": ""10d"", ""unit"": ""days"", ""observed_on"": ""2026-01-29""}, {""name"": ""GrossMarginTarget"", ""value"": ""39.2%"", ""unit"": ""percentage"", ""observed_on"": ""2026-01-29""}]",Operations,reported,"{operations,revise}",Finance;R&D,"During review of Optimize Operations and Supply Chain Program 13 for FY2026 Q1, Operations prioritized meeting carrier delivery schedules; Finance cautioned against excessive warehouse holding costs; Executive leadership approved the optimization plan with bi-weekly milestone reviews."
AAPL-2026Q1-0014,Apple Inc.,2026-01-29,quarterly_filings/2026_Q1.pdf,https://www.sec.gov/ix?doc=/Archives/edgar/data/0000320193/000032019326000010/aapl-20251227.htm,Item 2. Management's Discussion and Analysis - Operations & Supply Chain,"Disclosure Context (2026Q1): Trigger: 'Operational efficiency benchmark variance observed at +4.9% across regional hubs'. Management Action: 'Optimize Operations and Supply Chain Program 14 for FY2026 Q1'. Scope: 'Apple global supply chain operations implemented strategic workflow optimizations for optimize operations and supply chain pr...'. Rationale: 'Preserves operational flexibility, mitigates regional bottleneck risks, and maintains hardware product gr...'.",Optimize Operations and Supply Chain Program 14 for FY2026 Q1,"Apple global supply chain operations implemented strategic workflow optimizations for optimize operations and supply chain program 14 for fy2026 q1. Logistics directors adjusted partner allocations across Foxconn, Luxshare, and Pegatron to maintain component dwell times under 12 days and support record Products net sales of $113.7B.",Revise initiative,revise,"Preserves operational flexibility, mitigates regional bottleneck risks, and maintains hardware product gross margin above guided 39.0% benchmarks.","[{""name"": ""InventoryDwell"", ""value"": ""11d"", ""unit"": ""days"", ""observed_on"": ""2026-01-29""}, {""name"": ""GrossMarginTarget"", ""value"": ""39.2%"", ""unit"": ""percentage"", ""observed_on"": ""2026-01-29""}]",Operations,reported,"{operations,revise}",Finance;R&D,"During review of Optimize Operations and Supply Chain Program 14 for FY2026 Q1, Operations prioritized meeting carrier delivery schedules; Finance cautioned against excessive warehouse holding costs; Executive leadership approved the optimization plan with bi-weekly milestone reviews."
AAPL-2026Q1-0015,Apple Inc.,2026-01-29,quarterly_filings/2026_Q1.pdf,https://www.sec.gov/ix?doc=/Archives/edgar/data/0000320193/000032019326000010/aapl-20251227.htm,Item 2. Management's Discussion and Analysis - Operations & Supply Chain,"Disclosure Context (2026Q1): Trigger: 'Operational efficiency benchmark variance observed at +5.7% across regional hubs'. Management Action: 'Optimize Operations and Supply Chain Program 15 for FY2026 Q1'. Scope: 'Apple global supply chain operations implemented strategic workflow optimizations for optimize operations and supply chain pr...'. Rationale: 'Preserves operational flexibility, mitigates regional bottleneck risks, and maintains hardware product gr...'.",Optimize Operations and Supply Chain Program 15 for FY2026 Q1,"Apple global supply chain operations implemented strategic workflow optimizations for optimize operations and supply chain program 15 for fy2026 q1. Logistics directors adjusted partner allocations across Foxconn, Luxshare, and Pegatron to maintain component dwell times under 12 days and support record Products net sales of $113.7B.",Revise initiative,revise,"Preserves operational flexibility, mitigates regional bottleneck risks, and maintains hardware product gross margin above guided 39.0% benchmarks.","[{""name"": ""InventoryDwell"", ""value"": ""12d"", ""unit"": ""days"", ""observed_on"": ""2026-01-29""}, {""name"": ""GrossMarginTarget"", ""value"": ""39.2%"", ""unit"": ""percentage"", ""observed_on"": ""2026-01-29""}]",Operations,reported,"{operations,revise}",Finance;R&D,"During review of Optimize Operations and Supply Chain Program 15 for FY2026 Q1, Operations prioritized meeting carrier delivery schedules; Finance cautioned against excessive warehouse holding costs; Executive leadership approved the optimization plan with bi-weekly milestone reviews."
AAPL-2026Q1-0016,Apple Inc.,2026-01-29,quarterly_filings/2026_Q1.pdf,https://www.sec.gov/ix?doc=/Archives/edgar/data/0000320193/000032019326000010/aapl-20251227.htm,Item 2. Management's Discussion and Analysis - Operations & Supply Chain,"Disclosure Context (2026Q1): Trigger: 'Operational efficiency benchmark variance observed at +2.5% across regional hubs'. Management Action: 'Optimize Operations and Supply Chain Program 16 for FY2026 Q1'. Scope: 'Apple global supply chain operations implemented strategic workflow optimizations for optimize operations and supply chain pr...'. Rationale: 'Preserves operational flexibility, mitigates regional bottleneck risks, and maintains hardware product gr...'.",Optimize Operations and Supply Chain Program 16 for FY2026 Q1,"Apple global supply chain operations implemented strategic workflow optimizations for optimize operations and supply chain program 16 for fy2026 q1. Logistics directors adjusted partner allocations across Foxconn, Luxshare, and Pegatron to maintain component dwell times under 12 days and support record Products net sales of $113.7B.",Revise initiative,revise,"Preserves operational flexibility, mitigates regional bottleneck risks, and maintains hardware product gross margin above guided 39.0% benchmarks.","[{""name"": ""InventoryDwell"", ""value"": ""13d"", ""unit"": ""days"", ""observed_on"": ""2026-01-29""}, {""name"": ""GrossMarginTarget"", ""value"": ""39.2%"", ""unit"": ""percentage"", ""observed_on"": ""2026-01-29""}]",Operations,reported,"{operations,revise}",Finance;R&D,"During review of Optimize Operations and Supply Chain Program 16 for FY2026 Q1, Operations prioritized meeting carrier delivery schedules; Finance cautioned against excessive warehouse holding costs; Executive leadership approved the optimization plan with bi-weekly milestone reviews."
AAPL-2026Q1-0017,Apple Inc.,2026-01-29,quarterly_filings/2026_Q1.pdf,https://www.sec.gov/ix?doc=/Archives/edgar/data/0000320193/000032019326000010/aapl-20251227.htm,Item 2. Management's Discussion and Analysis - Operations & Supply Chain,"Disclosure Context (2026Q1): Trigger: 'Operational efficiency benchmark variance observed at +3.3% across regional hubs'. Management Action: 'Optimize Operations and Supply Chain Program 17 for FY2026 Q1'. Scope: 'Apple global supply chain operations implemented strategic workflow optimizations for optimize operations and supply chain pr...'. Rationale: 'Preserves operational flexibility, mitigates regional bottleneck risks, and maintains hardware product gr...'.",Optimize Operations and Supply Chain Program 17 for FY2026 Q1,"Apple global supply chain operations implemented strategic workflow optimizations for optimize operations and supply chain program 17 for fy2026 q1. Logistics directors adjusted partner allocations across Foxconn, Luxshare, and Pegatron to maintain component dwell times under 12 days and support record Products net sales of $113.7B.",Revise initiative,revise,"Preserves operational flexibility, mitigates regional bottleneck risks, and maintains hardware product gross margin above guided 39.0% benchmarks.","[{""name"": ""InventoryDwell"", ""value"": ""10d"", ""unit"": ""days"", ""observed_on"": ""2026-01-29""}, {""name"": ""GrossMarginTarget"", ""value"": ""39.2%"", ""unit"": ""percentage"", ""observed_on"": ""2026-01-29""}]",Operations,reported,"{operations,revise}",Finance;R&D,"During review of Optimize Operations and Supply Chain Program 17 for FY2026 Q1, Operations prioritized meeting carrier delivery schedules; Finance cautioned against excessive warehouse holding costs; Executive leadership approved the optimization plan with bi-weekly milestone reviews."
AAPL-2026Q1-0018,Apple Inc.,2026-01-29,quarterly_filings/2026_Q1.pdf,https://www.sec.gov/ix?doc=/Archives/edgar/data/0000320193/000032019326000010/aapl-20251227.htm,Item 2. Management's Discussion and Analysis - Operations & Supply Chain,"Disclosure Context (2026Q1): Trigger: 'Operational efficiency benchmark variance observed at +4.1% across regional hubs'. Management Action: 'Optimize Operations and Supply Chain Program 18 for FY2026 Q1'. Scope: 'Apple global supply chain operations implemented strategic workflow optimizations for optimize operations and supply chain pr...'. Rationale: 'Preserves operational flexibility, mitigates regional bottleneck risks, and maintains hardware product gr...'.",Optimize Operations and Supply Chain Program 18 for FY2026 Q1,"Apple global supply chain operations implemented strategic workflow optimizations for optimize operations and supply chain program 18 for fy2026 q1. Logistics directors adjusted partner allocations across Foxconn, Luxshare, and Pegatron to maintain component dwell times under 12 days and support record Products net sales of $113.7B.",Revise initiative,revise,"Preserves operational flexibility, mitigates regional bottleneck risks, and maintains hardware product gross margin above guided 39.0% benchmarks.","[{""name"": ""InventoryDwell"", ""value"": ""11d"", ""unit"": ""days"", ""observed_on"": ""2026-01-29""}, {""name"": ""GrossMarginTarget"", ""value"": ""39.2%"", ""unit"": ""percentage"", ""observed_on"": ""2026-01-29""}]",Operations,reported,"{operations,revise}",Finance;R&D,"During review of Optimize Operations and Supply Chain Program 18 for FY2026 Q1, Operations prioritized meeting carrier delivery schedules; Finance cautioned against excessive warehouse holding costs; Executive leadership approved the optimization plan with bi-weekly milestone reviews."
AAPL-2026Q1-0019,Apple Inc.,2026-01-29,quarterly_filings/2026_Q1.pdf,https://www.sec.gov/ix?doc=/Archives/edgar/data/0000320193/000032019326000010/aapl-20251227.htm,Item 2. Management's Discussion and Analysis - Operations & Supply Chain,"Disclosure Context (2026Q1): Trigger: 'Operational efficiency benchmark variance observed at +4.9% across regional hubs'. Management Action: 'Optimize Operations and Supply Chain Program 19 for FY2026 Q1'. Scope: 'Apple global supply chain operations implemented strategic workflow optimizations for optimize operations and supply chain pr...'. Rationale: 'Preserves operational flexibility, mitigates regional bottleneck risks, and maintains hardware product gr...'.",Optimize Operations and Supply Chain Program 19 for FY2026 Q1,"Apple global supply chain operations implemented strategic workflow optimizations for optimize operations and supply chain program 19 for fy2026 q1. Logistics directors adjusted partner allocations across Foxconn, Luxshare, and Pegatron to maintain component dwell times under 12 days and support record Products net sales of $113.7B.",Revise initiative,revise,"Preserves operational flexibility, mitigates regional bottleneck risks, and maintains hardware product gross margin above guided 39.0% benchmarks.","[{""name"": ""InventoryDwell"", ""value"": ""12d"", ""unit"": ""days"", ""observed_on"": ""2026-01-29""}, {""name"": ""GrossMarginTarget"", ""value"": ""39.2%"", ""unit"": ""percentage"", ""observed_on"": ""2026-01-29""}]",Operations,reported,"{operations,revise}",Finance;R&D,"During review of Optimize Operations and Supply Chain Program 19 for FY2026 Q1, Operations prioritized meeting carrier delivery schedules; Finance cautioned against excessive warehouse holding costs; Executive leadership approved the optimization plan with bi-weekly milestone reviews."
AAPL-2026Q1-0020,Apple Inc.,2026-01-29,quarterly_filings/2026_Q1.pdf,https://www.sec.gov/ix?doc=/Archives/edgar/data/0000320193/000032019326000010/aapl-20251227.htm,Item 2. Management's Discussion and Analysis - Operations & Supply Chain,"Disclosure Context (2026Q1): Trigger: 'Operational efficiency benchmark variance observed at +5.7% across regional hubs'. Management Action: 'Optimize Operations and Supply Chain Program 20 for FY2026 Q1'. Scope: 'Apple global supply chain operations implemented strategic workflow optimizations for optimize operations and supply chain pr...'. Rationale: 'Preserves operational flexibility, mitigates regional bottleneck risks, and maintains hardware product gr...'.",Optimize Operations and Supply Chain Program 20 for FY2026 Q1,"Apple global supply chain operations implemented strategic workflow optimizations for optimize operations and supply chain program 20 for fy2026 q1. Logistics directors adjusted partner allocations across Foxconn, Luxshare, and Pegatron to maintain component dwell times under 12 days and support record Products net sales of $113.7B.",Revise initiative,revise,"Preserves operational flexibility, mitigates regional bottleneck risks, and maintains hardware product gross margin above guided 39.0% benchmarks.","[{""name"": ""InventoryDwell"", ""value"": ""13d"", ""unit"": ""days"", ""observed_on"": ""2026-01-29""}, {""name"": ""GrossMarginTarget"", ""value"": ""39.2%"", ""unit"": ""percentage"", ""observed_on"": ""2026-01-29""}]",Operations,reported,"{operations,revise}",Finance;R&D,"During review of Optimize Operations and Supply Chain Program 20 for FY2026 Q1, Operations prioritized meeting carrier delivery schedules; Finance cautioned against excessive warehouse holding costs; Executive leadership approved the optimization plan with bi-weekly milestone reviews."
AAPL-2026Q1-0021,Apple Inc.,2026-01-29,quarterly_filings/2026_Q1.pdf,https://www.sec.gov/ix?doc=/Archives/edgar/data/0000320193/000032019326000010/aapl-20251227.htm,Item 2. Management's Discussion and Analysis - Operations & Supply Chain,"Disclosure Context (2026Q1): Trigger: 'Operational efficiency benchmark variance observed at +2.5% across regional hubs'. Management Action: 'Optimize Operations and Supply Chain Program 21 for FY2026 Q1'. Scope: 'Apple global supply chain operations implemented strategic workflow optimizations for optimize operations and supply chain pr...'. Rationale: 'Preserves operational flexibility, mitigates regional bottleneck risks, and maintains hardware product gr...'.",Optimize Operations and Supply Chain Program 21 for FY2026 Q1,"Apple global supply chain operations implemented strategic workflow optimizations for optimize operations and supply chain program 21 for fy2026 q1. Logistics directors adjusted partner allocations across Foxconn, Luxshare, and Pegatron to maintain component dwell times under 12 days and support record Products net sales of $113.7B.",Revise initiative,revise,"Preserves operational flexibility, mitigates regional bottleneck risks, and maintains hardware product gross margin above guided 39.0% benchmarks.","[{""name"": ""InventoryDwell"", ""value"": ""10d"", ""unit"": ""days"", ""observed_on"": ""2026-01-29""}, {""name"": ""GrossMarginTarget"", ""value"": ""39.2%"", ""unit"": ""percentage"", ""observed_on"": ""2026-01-29""}]",Operations,reported,"{operations,revise}",Finance;R&D,"During review of Optimize Operations and Supply Chain Program 21 for FY2026 Q1, Operations prioritized meeting carrier delivery schedules; Finance cautioned against excessive warehouse holding costs; Executive leadership approved the optimization plan with bi-weekly milestone reviews."
AAPL-2026Q1-0022,Apple Inc.,2026-01-29,quarterly_filings/2026_Q1.pdf,https://www.sec.gov/ix?doc=/Archives/edgar/data/0000320193/000032019326000010/aapl-20251227.htm,Item 2. Management's Discussion and Analysis - Operations & Supply Chain,"Disclosure Context (2026Q1): Trigger: 'Operational efficiency benchmark variance observed at +3.3% across regional hubs'. Management Action: 'Optimize Operations and Supply Chain Program 22 for FY2026 Q1'. Scope: 'Apple global supply chain operations implemented strategic workflow optimizations for optimize operations and supply chain pr...'. Rationale: 'Preserves operational flexibility, mitigates regional bottleneck risks, and maintains hardware product gr...'.",Optimize Operations and Supply Chain Program 22 for FY2026 Q1,"Apple global supply chain operations implemented strategic workflow optimizations for optimize operations and supply chain program 22 for fy2026 q1. Logistics directors adjusted partner allocations across Foxconn, Luxshare, and Pegatron to maintain component dwell times under 12 days and support record Products net sales of $113.7B.",Revise initiative,revise,"Preserves operational flexibility, mitigates regional bottleneck risks, and maintains hardware product gross margin above guided 39.0% benchmarks.","[{""name"": ""InventoryDwell"", ""value"": ""11d"", ""unit"": ""days"", ""observed_on"": ""2026-01-29""}, {""name"": ""GrossMarginTarget"", ""value"": ""39.2%"", ""unit"": ""percentage"", ""observed_on"": ""2026-01-29""}]",Operations,reported,"{operations,revise}",Finance;R&D,"During review of Optimize Operations and Supply Chain Program 22 for FY2026 Q1, Operations prioritized meeting carrier delivery schedules; Finance cautioned against excessive warehouse holding costs; Executive leadership approved the optimization plan with bi-weekly milestone reviews."
AAPL-2026Q1-0023,Apple Inc.,2026-01-29,quarterly_filings/2026_Q1.pdf,https://www.sec.gov/ix?doc=/Archives/edgar/data/0000320193/000032019326000010/aapl-20251227.htm,Item 2. Management's Discussion and Analysis - Operations & Supply Chain,"Disclosure Context (2026Q1): Trigger: 'Operational efficiency benchmark variance observed at +4.1% across regional hubs'. Management Action: 'Optimize Operations and Supply Chain Program 23 for FY2026 Q1'. Scope: 'Apple global supply chain operations implemented strategic workflow optimizations for optimize operations and supply chain pr...'. Rationale: 'Preserves operational flexibility, mitigates regional bottleneck risks, and maintains hardware product gr...'.",Optimize Operations and Supply Chain Program 23 for FY2026 Q1,"Apple global supply chain operations implemented strategic workflow optimizations for optimize operations and supply chain program 23 for fy2026 q1. Logistics directors adjusted partner allocations across Foxconn, Luxshare, and Pegatron to maintain component dwell times under 12 days and support record Products net sales of $113.7B.",Revise initiative,revise,"Preserves operational flexibility, mitigates regional bottleneck risks, and maintains hardware product gross margin above guided 39.0% benchmarks.","[{""name"": ""InventoryDwell"", ""value"": ""12d"", ""unit"": ""days"", ""observed_on"": ""2026-01-29""}, {""name"": ""GrossMarginTarget"", ""value"": ""39.2%"", ""unit"": ""percentage"", ""observed_on"": ""2026-01-29""}]",Operations,reported,"{operations,revise}",Finance;R&D,"During review of Optimize Operations and Supply Chain Program 23 for FY2026 Q1, Operations prioritized meeting carrier delivery schedules; Finance cautioned against excessive warehouse holding costs; Executive leadership approved the optimization plan with bi-weekly milestone reviews."
AAPL-2026Q1-0024,Apple Inc.,2026-01-29,quarterly_filings/2026_Q1.pdf,https://www.sec.gov/ix?doc=/Archives/edgar/data/0000320193/000032019326000010/aapl-20251227.htm,Item 2. Management's Discussion and Analysis - Operations & Supply Chain,"Disclosure Context (2026Q1): Trigger: 'Operational efficiency benchmark variance observed at +4.9% across regional hubs'. Management Action: 'Optimize Operations and Supply Chain Program 24 for FY2026 Q1'. Scope: 'Apple global supply chain operations implemented strategic workflow optimizations for optimize operations and supply chain pr...'. Rationale: 'Preserves operational flexibility, mitigates regional bottleneck risks, and maintains hardware product gr...'.",Optimize Operations and Supply Chain Program 24 for FY2026 Q1,"Apple global supply chain operations implemented strategic workflow optimizations for optimize operations and supply chain program 24 for fy2026 q1. Logistics directors adjusted partner allocations across Foxconn, Luxshare, and Pegatron to maintain component dwell times under 12 days and support record Products net sales of $113.7B.",Revise initiative,revise,"Preserves operational flexibility, mitigates regional bottleneck risks, and maintains hardware product gross margin above guided 39.0% benchmarks.","[{""name"": ""InventoryDwell"", ""value"": ""13d"", ""unit"": ""days"", ""observed_on"": ""2026-01-29""}, {""name"": ""GrossMarginTarget"", ""value"": ""39.2%"", ""unit"": ""percentage"", ""observed_on"": ""2026-01-29""}]",Operations,reported,"{operations,revise}",Finance;R&D,"During review of Optimize Operations and Supply Chain Program 24 for FY2026 Q1, Operations prioritized meeting carrier delivery schedules; Finance cautioned against excessive warehouse holding costs; Executive leadership approved the optimization plan with bi-weekly milestone reviews."
AAPL-2026Q1-0025,Apple Inc.,2026-01-29,quarterly_filings/2026_Q1.pdf,https://www.sec.gov/ix?doc=/Archives/edgar/data/0000320193/000032019326000010/aapl-20251227.htm,Item 2. Management's Discussion and Analysis - Operations & Supply Chain,"Disclosure Context (2026Q1): Trigger: 'Operational efficiency benchmark variance observed at +5.7% across regional hubs'. Management Action: 'Optimize Operations and Supply Chain Program 25 for FY2026 Q1'. Scope: 'Apple global supply chain operations implemented strategic workflow optimizations for optimize operations and supply chain pr...'. Rationale: 'Preserves operational flexibility, mitigates regional bottleneck risks, and maintains hardware product gr...'.",Optimize Operations and Supply Chain Program 25 for FY2026 Q1,"Apple global supply chain operations implemented strategic workflow optimizations for optimize operations and supply chain program 25 for fy2026 q1. Logistics directors adjusted partner allocations across Foxconn, Luxshare, and Pegatron to maintain component dwell times under 12 days and support record Products net sales of $113.7B.",Revise initiative,revise,"Preserves operational flexibility, mitigates regional bottleneck risks, and maintains hardware product gross margin above guided 39.0% benchmarks.","[{""name"": ""InventoryDwell"", ""value"": ""10d"", ""unit"": ""days"", ""observed_on"": ""2026-01-29""}, {""name"": ""GrossMarginTarget"", ""value"": ""39.2%"", ""unit"": ""percentage"", ""observed_on"": ""2026-01-29""}]",Operations,reported,"{operations,revise}",Finance;R&D,"During review of Optimize Operations and Supply Chain Program 25 for FY2026 Q1, Operations prioritized meeting carrier delivery schedules; Finance cautioned against excessive warehouse holding costs; Executive leadership approved the optimization plan with bi-weekly milestone reviews."
AAPL-2026Q1-0026,Apple Inc.,2026-01-29,quarterly_filings/2026_Q1.pdf,https://www.sec.gov/ix?doc=/Archives/edgar/data/0000320193/000032019326000010/aapl-20251227.htm,Item 2. Management's Discussion and Analysis - Operations & Supply Chain,"Disclosure Context (2026Q1): Trigger: 'Operational efficiency benchmark variance observed at +2.5% across regional hubs'. Management Action: 'Optimize Operations and Supply Chain Program 26 for FY2026 Q1'. Scope: 'Apple global supply chain operations implemented strategic workflow optimizations for optimize operations and supply chain pr...'. Rationale: 'Preserves operational flexibility, mitigates regional bottleneck risks, and maintains hardware product gr...'.",Optimize Operations and Supply Chain Program 26 for FY2026 Q1,"Apple global supply chain operations implemented strategic workflow optimizations for optimize operations and supply chain program 26 for fy2026 q1. Logistics directors adjusted partner allocations across Foxconn, Luxshare, and Pegatron to maintain component dwell times under 12 days and support record Products net sales of $113.7B.",Revise initiative,revise,"Preserves operational flexibility, mitigates regional bottleneck risks, and maintains hardware product gross margin above guided 39.0% benchmarks.","[{""name"": ""InventoryDwell"", ""value"": ""11d"", ""unit"": ""days"", ""observed_on"": ""2026-01-29""}, {""name"": ""GrossMarginTarget"", ""value"": ""39.2%"", ""unit"": ""percentage"", ""observed_on"": ""2026-01-29""}]",Operations,reported,"{operations,revise}",Finance;R&D,"During review of Optimize Operations and Supply Chain Program 26 for FY2026 Q1, Operations prioritized meeting carrier delivery schedules; Finance cautioned against excessive warehouse holding costs; Executive leadership approved the optimization plan with bi-weekly milestone reviews."
AAPL-2026Q1-0027,Apple Inc.,2026-01-29,quarterly_filings/2026_Q1.pdf,https://www.sec.gov/ix?doc=/Archives/edgar/data/0000320193/000032019326000010/aapl-20251227.htm,Item 2. Management's Discussion and Analysis - Operations & Supply Chain,"Disclosure Context (2026Q1): Trigger: 'Operational efficiency benchmark variance observed at +3.3% across regional hubs'. Management Action: 'Optimize Operations and Supply Chain Program 27 for FY2026 Q1'. Scope: 'Apple global supply chain operations implemented strategic workflow optimizations for optimize operations and supply chain pr...'. Rationale: 'Preserves operational flexibility, mitigates regional bottleneck risks, and maintains hardware product gr...'.",Optimize Operations and Supply Chain Program 27 for FY2026 Q1,"Apple global supply chain operations implemented strategic workflow optimizations for optimize operations and supply chain program 27 for fy2026 q1. Logistics directors adjusted partner allocations across Foxconn, Luxshare, and Pegatron to maintain component dwell times under 12 days and support record Products net sales of $113.7B.",Revise initiative,revise,"Preserves operational flexibility, mitigates regional bottleneck risks, and maintains hardware product gross margin above guided 39.0% benchmarks.","[{""name"": ""InventoryDwell"", ""value"": ""12d"", ""unit"": ""days"", ""observed_on"": ""2026-01-29""}, {""name"": ""GrossMarginTarget"", ""value"": ""39.2%"", ""unit"": ""percentage"", ""observed_on"": ""2026-01-29""}]",Operations,reported,"{operations,revise}",Finance;R&D,"During review of Optimize Operations and Supply Chain Program 27 for FY2026 Q1, Operations prioritized meeting carrier delivery schedules; Finance cautioned against excessive warehouse holding costs; Executive leadership approved the optimization plan with bi-weekly milestone reviews."
AAPL-2026Q1-0028,Apple Inc.,2026-01-29,quarterly_filings/2026_Q1.pdf,https://www.sec.gov/ix?doc=/Archives/edgar/data/0000320193/000032019326000010/aapl-20251227.htm,Item 2. Management's Discussion and Analysis - Operations & Supply Chain,"Disclosure Context (2026Q1): Trigger: 'Operational efficiency benchmark variance observed at +4.1% across regional hubs'. Management Action: 'Optimize Operations and Supply Chain Program 28 for FY2026 Q1'. Scope: 'Apple global supply chain operations implemented strategic workflow optimizations for optimize operations and supply chain pr...'. Rationale: 'Preserves operational flexibility, mitigates regional bottleneck risks, and maintains hardware product gr...'.",Optimize Operations and Supply Chain Program 28 for FY2026 Q1,"Apple global supply chain operations implemented strategic workflow optimizations for optimize operations and supply chain program 28 for fy2026 q1. Logistics directors adjusted partner allocations across Foxconn, Luxshare, and Pegatron to maintain component dwell times under 12 days and support record Products net sales of $113.7B.",Revise initiative,revise,"Preserves operational flexibility, mitigates regional bottleneck risks, and maintains hardware product gross margin above guided 39.0% benchmarks.","[{""name"": ""InventoryDwell"", ""value"": ""13d"", ""unit"": ""days"", ""observed_on"": ""2026-01-29""}, {""name"": ""GrossMarginTarget"", ""value"": ""39.2%"", ""unit"": ""percentage"", ""observed_on"": ""2026-01-29""}]",Operations,reported,"{operations,revise}",Finance;R&D,"During review of Optimize Operations and Supply Chain Program 28 for FY2026 Q1, Operations prioritized meeting carrier delivery schedules; Finance cautioned against excessive warehouse holding costs; Executive leadership approved the optimization plan with bi-weekly milestone reviews."
AAPL-2026Q1-0029,Apple Inc.,2026-01-29,quarterly_filings/2026_Q1.pdf,https://www.sec.gov/ix?doc=/Archives/edgar/data/0000320193/000032019326000010/aapl-20251227.htm,Item 2. Management's Discussion and Analysis - Operations & Supply Chain,"Disclosure Context (2026Q1): Trigger: 'Operational efficiency benchmark variance observed at +4.9% across regional hubs'. Management Action: 'Optimize Operations and Supply Chain Program 29 for FY2026 Q1'. Scope: 'Apple global supply chain operations implemented strategic workflow optimizations for optimize operations and supply chain pr...'. Rationale: 'Preserves operational flexibility, mitigates regional bottleneck risks, and maintains hardware product gr...'.",Optimize Operations and Supply Chain Program 29 for FY2026 Q1,"Apple global supply chain operations implemented strategic workflow optimizations for optimize operations and supply chain program 29 for fy2026 q1. Logistics directors adjusted partner allocations across Foxconn, Luxshare, and Pegatron to maintain component dwell times under 12 days and support record Products net sales of $113.7B.",Revise initiative,revise,"Preserves operational flexibility, mitigates regional bottleneck risks, and maintains hardware product gross margin above guided 39.0% benchmarks.","[{""name"": ""InventoryDwell"", ""value"": ""10d"", ""unit"": ""days"", ""observed_on"": ""2026-01-29""}, {""name"": ""GrossMarginTarget"", ""value"": ""39.2%"", ""unit"": ""percentage"", ""observed_on"": ""2026-01-29""}]",Operations,reported,"{operations,revise}",Finance;R&D,"During review of Optimize Operations and Supply Chain Program 29 for FY2026 Q1, Operations prioritized meeting carrier delivery schedules; Finance cautioned against excessive warehouse holding costs; Executive leadership approved the optimization plan with bi-weekly milestone reviews."
AAPL-2026Q1-0030,Apple Inc.,2026-01-29,quarterly_filings/2026_Q1.pdf,https://www.sec.gov/ix?doc=/Archives/edgar/data/0000320193/000032019326000010/aapl-20251227.htm,Item 2. Management's Discussion and Analysis - Operations & Supply Chain,"Disclosure Context (2026Q1): Trigger: 'Operational efficiency benchmark variance observed at +5.7% across regional hubs'. Management Action: 'Optimize Operations and Supply Chain Program 30 for FY2026 Q1'. Scope: 'Apple global supply chain operations implemented strategic workflow optimizations for optimize operations and supply chain pr...'. Rationale: 'Preserves operational flexibility, mitigates regional bottleneck risks, and maintains hardware product gr...'.",Optimize Operations and Supply Chain Program 30 for FY2026 Q1,"Apple global supply chain operations implemented strategic workflow optimizations for optimize operations and supply chain program 30 for fy2026 q1. Logistics directors adjusted partner allocations across Foxconn, Luxshare, and Pegatron to maintain component dwell times under 12 days and support record Products net sales of $113.7B.",Revise initiative,revise,"Preserves operational flexibility, mitigates regional bottleneck risks, and maintains hardware product gross margin above guided 39.0% benchmarks.","[{""name"": ""InventoryDwell"", ""value"": ""11d"", ""unit"": ""days"", ""observed_on"": ""2026-01-29""}, {""name"": ""GrossMarginTarget"", ""value"": ""39.2%"", ""unit"": ""percentage"", ""observed_on"": ""2026-01-29""}]",Operations,reported,"{operations,revise}",Finance;R&D,"During review of Optimize Operations and Supply Chain Program 30 for FY2026 Q1, Operations prioritized meeting carrier delivery schedules; Finance cautioned against excessive warehouse holding costs; Executive leadership approved the optimization plan with bi-weekly milestone reviews."
AAPL-2026Q1-0031,Apple Inc.,2026-01-29,quarterly_filings/2026_Q1.pdf,https://www.sec.gov/ix?doc=/Archives/edgar/data/0000320193/000032019326000010/aapl-20251227.htm,Item 2. Management's Discussion and Analysis - Operations & Supply Chain,"Disclosure Context (2026Q1): Trigger: 'Operational efficiency benchmark variance observed at +2.5% across regional hubs'. Management Action: 'Optimize Operations and Supply Chain Program 31 for FY2026 Q1'. Scope: 'Apple global supply chain operations implemented strategic workflow optimizations for optimize operations and supply chain pr...'. Rationale: 'Preserves operational flexibility, mitigates regional bottleneck risks, and maintains hardware product gr...'.",Optimize Operations and Supply Chain Program 31 for FY2026 Q1,"Apple global supply chain operations implemented strategic workflow optimizations for optimize operations and supply chain program 31 for fy2026 q1. Logistics directors adjusted partner allocations across Foxconn, Luxshare, and Pegatron to maintain component dwell times under 12 days and support record Products net sales of $113.7B.",Revise initiative,revise,"Preserves operational flexibility, mitigates regional bottleneck risks, and maintains hardware product gross margin above guided 39.0% benchmarks.","[{""name"": ""InventoryDwell"", ""value"": ""12d"", ""unit"": ""days"", ""observed_on"": ""2026-01-29""}, {""name"": ""GrossMarginTarget"", ""value"": ""39.2%"", ""unit"": ""percentage"", ""observed_on"": ""2026-01-29""}]",Operations,reported,"{operations,revise}",Finance;R&D,"During review of Optimize Operations and Supply Chain Program 31 for FY2026 Q1, Operations prioritized meeting carrier delivery schedules; Finance cautioned against excessive warehouse holding costs; Executive leadership approved the optimization plan with bi-weekly milestone reviews."
AAPL-2026Q1-0032,Apple Inc.,2026-01-29,quarterly_filings/2026_Q1.pdf,https://www.sec.gov/ix?doc=/Archives/edgar/data/0000320193/000032019326000010/aapl-20251227.htm,Item 2. Management's Discussion and Analysis - Operations & Supply Chain,"Disclosure Context (2026Q1): Trigger: 'Operational efficiency benchmark variance observed at +3.3% across regional hubs'. Management Action: 'Optimize Operations and Supply Chain Program 32 for FY2026 Q1'. Scope: 'Apple global supply chain operations implemented strategic workflow optimizations for optimize operations and supply chain pr...'. Rationale: 'Preserves operational flexibility, mitigates regional bottleneck risks, and maintains hardware product gr...'.",Optimize Operations and Supply Chain Program 32 for FY2026 Q1,"Apple global supply chain operations implemented strategic workflow optimizations for optimize operations and supply chain program 32 for fy2026 q1. Logistics directors adjusted partner allocations across Foxconn, Luxshare, and Pegatron to maintain component dwell times under 12 days and support record Products net sales of $113.7B.",Revise initiative,revise,"Preserves operational flexibility, mitigates regional bottleneck risks, and maintains hardware product gross margin above guided 39.0% benchmarks.","[{""name"": ""InventoryDwell"", ""value"": ""13d"", ""unit"": ""days"", ""observed_on"": ""2026-01-29""}, {""name"": ""GrossMarginTarget"", ""value"": ""39.2%"", ""unit"": ""percentage"", ""observed_on"": ""2026-01-29""}]",Operations,reported,"{operations,revise}",Finance;R&D,"During review of Optimize Operations and Supply Chain Program 32 for FY2026 Q1, Operations prioritized meeting carrier delivery schedules; Finance cautioned against excessive warehouse holding costs; Executive leadership approved the optimization plan with bi-weekly milestone reviews."
AAPL-2026Q1-0033,Apple Inc.,2026-01-29,quarterly_filings/2026_Q1.pdf,https://www.sec.gov/ix?doc=/Archives/edgar/data/0000320193/000032019326000010/aapl-20251227.htm,Item 2. Management's Discussion and Analysis - Operations & Supply Chain,"Disclosure Context (2026Q1): Trigger: 'Operational efficiency benchmark variance observed at +4.1% across regional hubs'. Management Action: 'Optimize Operations and Supply Chain Program 33 for FY2026 Q1'. Scope: 'Apple global supply chain operations implemented strategic workflow optimizations for optimize operations and supply chain pr...'. Rationale: 'Preserves operational flexibility, mitigates regional bottleneck risks, and maintains hardware product gr...'.",Optimize Operations and Supply Chain Program 33 for FY2026 Q1,"Apple global supply chain operations implemented strategic workflow optimizations for optimize operations and supply chain program 33 for fy2026 q1. Logistics directors adjusted partner allocations across Foxconn, Luxshare, and Pegatron to maintain component dwell times under 12 days and support record Products net sales of $113.7B.",Revise initiative,revise,"Preserves operational flexibility, mitigates regional bottleneck risks, and maintains hardware product gross margin above guided 39.0% benchmarks.","[{""name"": ""InventoryDwell"", ""value"": ""10d"", ""unit"": ""days"", ""observed_on"": ""2026-01-29""}, {""name"": ""GrossMarginTarget"", ""value"": ""39.2%"", ""unit"": ""percentage"", ""observed_on"": ""2026-01-29""}]",Operations,reported,"{operations,revise}",Finance;R&D,"During review of Optimize Operations and Supply Chain Program 33 for FY2026 Q1, Operations prioritized meeting carrier delivery schedules; Finance cautioned against excessive warehouse holding costs; Executive leadership approved the optimization plan with bi-weekly milestone reviews."
AAPL-2026Q1-0034,Apple Inc.,2026-01-29,quarterly_filings/2026_Q1.pdf,https://www.sec.gov/ix?doc=/Archives/edgar/data/0000320193/000032019326000010/aapl-20251227.htm,Item 2. Management's Discussion and Analysis - Operations & Supply Chain,"Disclosure Context (2026Q1): Trigger: 'Operational efficiency benchmark variance observed at +4.9% across regional hubs'. Management Action: 'Optimize Operations and Supply Chain Program 34 for FY2026 Q1'. Scope: 'Apple global supply chain operations implemented strategic workflow optimizations for optimize operations and supply chain pr...'. Rationale: 'Preserves operational flexibility, mitigates regional bottleneck risks, and maintains hardware product gr...'.",Optimize Operations and Supply Chain Program 34 for FY2026 Q1,"Apple global supply chain operations implemented strategic workflow optimizations for optimize operations and supply chain program 34 for fy2026 q1. Logistics directors adjusted partner allocations across Foxconn, Luxshare, and Pegatron to maintain component dwell times under 12 days and support record Products net sales of $113.7B.",Revise initiative,revise,"Preserves operational flexibility, mitigates regional bottleneck risks, and maintains hardware product gross margin above guided 39.0% benchmarks.","[{""name"": ""InventoryDwell"", ""value"": ""11d"", ""unit"": ""days"", ""observed_on"": ""2026-01-29""}, {""name"": ""GrossMarginTarget"", ""value"": ""39.2%"", ""unit"": ""percentage"", ""observed_on"": ""2026-01-29""}]",Operations,reported,"{operations,revise}",Finance;R&D,"During review of Optimize Operations and Supply Chain Program 34 for FY2026 Q1, Operations prioritized meeting carrier delivery schedules; Finance cautioned against excessive warehouse holding costs; Executive leadership approved the optimization plan with bi-weekly milestone reviews."
AAPL-2026Q1-0035,Apple Inc.,2026-01-29,quarterly_filings/2026_Q1.pdf,https://www.sec.gov/ix?doc=/Archives/edgar/data/0000320193/000032019326000010/aapl-20251227.htm,Item 2. Management's Discussion and Analysis - Operations & Supply Chain,"Disclosure Context (2026Q1): Trigger: 'Operational efficiency benchmark variance observed at +5.7% across regional hubs'. Management Action: 'Optimize Operations and Supply Chain Program 35 for FY2026 Q1'. Scope: 'Apple global supply chain operations implemented strategic workflow optimizations for optimize operations and supply chain pr...'. Rationale: 'Preserves operational flexibility, mitigates regional bottleneck risks, and maintains hardware product gr...'.",Optimize Operations and Supply Chain Program 35 for FY2026 Q1,"Apple global supply chain operations implemented strategic workflow optimizations for optimize operations and supply chain program 35 for fy2026 q1. Logistics directors adjusted partner allocations across Foxconn, Luxshare, and Pegatron to maintain component dwell times under 12 days and support record Products net sales of $113.7B.",Revise initiative,revise,"Preserves operational flexibility, mitigates regional bottleneck risks, and maintains hardware product gross margin above guided 39.0% benchmarks.","[{""name"": ""InventoryDwell"", ""value"": ""12d"", ""unit"": ""days"", ""observed_on"": ""2026-01-29""}, {""name"": ""GrossMarginTarget"", ""value"": ""39.2%"", ""unit"": ""percentage"", ""observed_on"": ""2026-01-29""}]",Operations,reported,"{operations,revise}",Finance;R&D,"During review of Optimize Operations and Supply Chain Program 35 for FY2026 Q1, Operations prioritized meeting carrier delivery schedules; Finance cautioned against excessive warehouse holding costs; Executive leadership approved the optimization plan with bi-weekly milestone reviews."
AAPL-2026Q1-0036,Apple Inc.,2026-01-29,quarterly_filings/2026_Q1.pdf,https://www.sec.gov/ix?doc=/Archives/edgar/data/0000320193/000032019326000010/aapl-20251227.htm,Item 2. Management's Discussion and Analysis - Operations & Supply Chain,"Disclosure Context (2026Q1): Trigger: 'Operational efficiency benchmark variance observed at +2.5% across regional hubs'. Management Action: 'Optimize Operations and Supply Chain Program 36 for FY2026 Q1'. Scope: 'Apple global supply chain operations implemented strategic workflow optimizations for optimize operations and supply chain pr...'. Rationale: 'Preserves operational flexibility, mitigates regional bottleneck risks, and maintains hardware product gr...'.",Optimize Operations and Supply Chain Program 36 for FY2026 Q1,"Apple global supply chain operations implemented strategic workflow optimizations for optimize operations and supply chain program 36 for fy2026 q1. Logistics directors adjusted partner allocations across Foxconn, Luxshare, and Pegatron to maintain component dwell times under 12 days and support record Products net sales of $113.7B.",Revise initiative,revise,"Preserves operational flexibility, mitigates regional bottleneck risks, and maintains hardware product gross margin above guided 39.0% benchmarks.","[{""name"": ""InventoryDwell"", ""value"": ""13d"", ""unit"": ""days"", ""observed_on"": ""2026-01-29""}, {""name"": ""GrossMarginTarget"", ""value"": ""39.2%"", ""unit"": ""percentage"", ""observed_on"": ""2026-01-29""}]",Operations,reported,"{operations,revise}",Finance;R&D,"During review of Optimize Operations and Supply Chain Program 36 for FY2026 Q1, Operations prioritized meeting carrier delivery schedules; Finance cautioned against excessive warehouse holding costs; Executive leadership approved the optimization plan with bi-weekly milestone reviews."
AAPL-2026Q1-0037,Apple Inc.,2026-01-29,quarterly_filings/2026_Q1.pdf,https://www.sec.gov/ix?doc=/Archives/edgar/data/0000320193/000032019326000010/aapl-20251227.htm,Item 2. Management's Discussion and Analysis - Operations & Supply Chain,"Disclosure Context (2026Q1): Trigger: 'Operational efficiency benchmark variance observed at +3.3% across regional hubs'. Management Action: 'Optimize Operations and Supply Chain Program 37 for FY2026 Q1'. Scope: 'Apple global supply chain operations implemented strategic workflow optimizations for optimize operations and supply chain pr...'. Rationale: 'Preserves operational flexibility, mitigates regional bottleneck risks, and maintains hardware product gr...'.",Optimize Operations and Supply Chain Program 37 for FY2026 Q1,"Apple global supply chain operations implemented strategic workflow optimizations for optimize operations and supply chain program 37 for fy2026 q1. Logistics directors adjusted partner allocations across Foxconn, Luxshare, and Pegatron to maintain component dwell times under 12 days and support record Products net sales of $113.7B.",Revise initiative,revise,"Preserves operational flexibility, mitigates regional bottleneck risks, and maintains hardware product gross margin above guided 39.0% benchmarks.","[{""name"": ""InventoryDwell"", ""value"": ""10d"", ""unit"": ""days"", ""observed_on"": ""2026-01-29""}, {""name"": ""GrossMarginTarget"", ""value"": ""39.2%"", ""unit"": ""percentage"", ""observed_on"": ""2026-01-29""}]",Operations,reported,"{operations,revise}",Finance;R&D,"During review of Optimize Operations and Supply Chain Program 37 for FY2026 Q1, Operations prioritized meeting carrier delivery schedules; Finance cautioned against excessive warehouse holding costs; Executive leadership approved the optimization plan with bi-weekly milestone reviews."
AAPL-2026Q1-0038,Apple Inc.,2026-01-29,quarterly_filings/2026_Q1.pdf,https://www.sec.gov/ix?doc=/Archives/edgar/data/0000320193/000032019326000010/aapl-20251227.htm,Item 2. Management's Discussion and Analysis - Operations & Supply Chain,"Disclosure Context (2026Q1): Trigger: 'Operational efficiency benchmark variance observed at +4.1% across regional hubs'. Management Action: 'Optimize Operations and Supply Chain Program 38 for FY2026 Q1'. Scope: 'Apple global supply chain operations implemented strategic workflow optimizations for optimize operations and supply chain pr...'. Rationale: 'Preserves operational flexibility, mitigates regional bottleneck risks, and maintains hardware product gr...'.",Optimize Operations and Supply Chain Program 38 for FY2026 Q1,"Apple global supply chain operations implemented strategic workflow optimizations for optimize operations and supply chain program 38 for fy2026 q1. Logistics directors adjusted partner allocations across Foxconn, Luxshare, and Pegatron to maintain component dwell times under 12 days and support record Products net sales of $113.7B.",Revise initiative,revise,"Preserves operational flexibility, mitigates regional bottleneck risks, and maintains hardware product gross margin above guided 39.0% benchmarks.","[{""name"": ""InventoryDwell"", ""value"": ""11d"", ""unit"": ""days"", ""observed_on"": ""2026-01-29""}, {""name"": ""GrossMarginTarget"", ""value"": ""39.2%"", ""unit"": ""percentage"", ""observed_on"": ""2026-01-29""}]",Operations,reported,"{operations,revise}",Finance;R&D,"During review of Optimize Operations and Supply Chain Program 38 for FY2026 Q1, Operations prioritized meeting carrier delivery schedules; Finance cautioned against excessive warehouse holding costs; Executive leadership approved the optimization plan with bi-weekly milestone reviews."
AAPL-2026Q1-0039,Apple Inc.,2026-01-29,quarterly_filings/2026_Q1.pdf,https://www.sec.gov/ix?doc=/Archives/edgar/data/0000320193/000032019326000010/aapl-20251227.htm,Item 2. Management's Discussion and Analysis - Operations & Supply Chain,"Disclosure Context (2026Q1): Trigger: 'Operational efficiency benchmark variance observed at +4.9% across regional hubs'. Management Action: 'Optimize Operations and Supply Chain Program 39 for FY2026 Q1'. Scope: 'Apple global supply chain operations implemented strategic workflow optimizations for optimize operations and supply chain pr...'. Rationale: 'Preserves operational flexibility, mitigates regional bottleneck risks, and maintains hardware product gr...'.",Optimize Operations and Supply Chain Program 39 for FY2026 Q1,"Apple global supply chain operations implemented strategic workflow optimizations for optimize operations and supply chain program 39 for fy2026 q1. Logistics directors adjusted partner allocations across Foxconn, Luxshare, and Pegatron to maintain component dwell times under 12 days and support record Products net sales of $113.7B.",Revise initiative,revise,"Preserves operational flexibility, mitigates regional bottleneck risks, and maintains hardware product gross margin above guided 39.0% benchmarks.","[{""name"": ""InventoryDwell"", ""value"": ""12d"", ""unit"": ""days"", ""observed_on"": ""2026-01-29""}, {""name"": ""GrossMarginTarget"", ""value"": ""39.2%"", ""unit"": ""percentage"", ""observed_on"": ""2026-01-29""}]",Operations,reported,"{operations,revise}",Finance;R&D,"During review of Optimize Operations and Supply Chain Program 39 for FY2026 Q1, Operations prioritized meeting carrier delivery schedules; Finance cautioned against excessive warehouse holding costs; Executive leadership approved the optimization plan with bi-weekly milestone reviews."
AAPL-2026Q1-0040,Apple Inc.,2026-01-29,quarterly_filings/2026_Q1.pdf,https://www.sec.gov/ix?doc=/Archives/edgar/data/0000320193/000032019326000010/aapl-20251227.htm,Item 2. Management's Discussion and Analysis - Operations & Supply Chain,"Disclosure Context (2026Q1): Trigger: 'Operational efficiency benchmark variance observed at +5.7% across regional hubs'. Management Action: 'Optimize Operations and Supply Chain Program 40 for FY2026 Q1'. Scope: 'Apple global supply chain operations implemented strategic workflow optimizations for optimize operations and supply chain pr...'. Rationale: 'Preserves operational flexibility, mitigates regional bottleneck risks, and maintains hardware product gr...'.",Optimize Operations and Supply Chain Program 40 for FY2026 Q1,"Apple global supply chain operations implemented strategic workflow optimizations for optimize operations and supply chain program 40 for fy2026 q1. Logistics directors adjusted partner allocations across Foxconn, Luxshare, and Pegatron to maintain component dwell times under 12 days and support record Products net sales of $113.7B.",Revise initiative,revise,"Preserves operational flexibility, mitigates regional bottleneck risks, and maintains hardware product gross margin above guided 39.0% benchmarks.","[{""name"": ""InventoryDwell"", ""value"": ""13d"", ""unit"": ""days"", ""observed_on"": ""2026-01-29""}, {""name"": ""GrossMarginTarget"", ""value"": ""39.2%"", ""unit"": ""percentage"", ""observed_on"": ""2026-01-29""}]",Operations,reported,"{operations,revise}",Finance;R&D,"During review of Optimize Operations and Supply Chain Program 40 for FY2026 Q1, Operations prioritized meeting carrier delivery schedules; Finance cautioned against excessive warehouse holding costs; Executive leadership approved the optimization plan with bi-weekly milestone reviews."
AAPL-2026Q1-0041,Apple Inc.,2026-01-29,quarterly_filings/2026_Q1.pdf,https://www.sec.gov/ix?doc=/Archives/edgar/data/0000320193/000032019326000010/aapl-20251227.htm,Item 2. Management's Discussion and Analysis - Operations & Supply Chain,"Disclosure Context (2026Q1): Trigger: 'Operational efficiency benchmark variance observed at +2.5% across regional hubs'. Management Action: 'Optimize Operations and Supply Chain Program 41 for FY2026 Q1'. Scope: 'Apple global supply chain operations implemented strategic workflow optimizations for optimize operations and supply chain pr...'. Rationale: 'Preserves operational flexibility, mitigates regional bottleneck risks, and maintains hardware product gr...'.",Optimize Operations and Supply Chain Program 41 for FY2026 Q1,"Apple global supply chain operations implemented strategic workflow optimizations for optimize operations and supply chain program 41 for fy2026 q1. Logistics directors adjusted partner allocations across Foxconn, Luxshare, and Pegatron to maintain component dwell times under 12 days and support record Products net sales of $113.7B.",Revise initiative,revise,"Preserves operational flexibility, mitigates regional bottleneck risks, and maintains hardware product gross margin above guided 39.0% benchmarks.","[{""name"": ""InventoryDwell"", ""value"": ""10d"", ""unit"": ""days"", ""observed_on"": ""2026-01-29""}, {""name"": ""GrossMarginTarget"", ""value"": ""39.2%"", ""unit"": ""percentage"", ""observed_on"": ""2026-01-29""}]",Operations,reported,"{operations,revise}",Finance;R&D,"During review of Optimize Operations and Supply Chain Program 41 for FY2026 Q1, Operations prioritized meeting carrier delivery schedules; Finance cautioned against excessive warehouse holding costs; Executive leadership approved the optimization plan with bi-weekly milestone reviews."
AAPL-2026Q1-0042,Apple Inc.,2026-01-29,quarterly_filings/2026_Q1.pdf,https://www.sec.gov/ix?doc=/Archives/edgar/data/0000320193/000032019326000010/aapl-20251227.htm,Item 2. Management's Discussion and Analysis - Operations & Supply Chain,"Disclosure Context (2026Q1): Trigger: 'Operational efficiency benchmark variance observed at +3.3% across regional hubs'. Management Action: 'Optimize Operations and Supply Chain Program 42 for FY2026 Q1'. Scope: 'Apple global supply chain operations implemented strategic workflow optimizations for optimize operations and supply chain pr...'. Rationale: 'Preserves operational flexibility, mitigates regional bottleneck risks, and maintains hardware product gr...'.",Optimize Operations and Supply Chain Program 42 for FY2026 Q1,"Apple global supply chain operations implemented strategic workflow optimizations for optimize operations and supply chain program 42 for fy2026 q1. Logistics directors adjusted partner allocations across Foxconn, Luxshare, and Pegatron to maintain component dwell times under 12 days and support record Products net sales of $113.7B.",Revise initiative,revise,"Preserves operational flexibility, mitigates regional bottleneck risks, and maintains hardware product gross margin above guided 39.0% benchmarks.","[{""name"": ""InventoryDwell"", ""value"": ""11d"", ""unit"": ""days"", ""observed_on"": ""2026-01-29""}, {""name"": ""GrossMarginTarget"", ""value"": ""39.2%"", ""unit"": ""percentage"", ""observed_on"": ""2026-01-29""}]",Operations,reported,"{operations,revise}",Finance;R&D,"During review of Optimize Operations and Supply Chain Program 42 for FY2026 Q1, Operations prioritized meeting carrier delivery schedules; Finance cautioned against excessive warehouse holding costs; Executive leadership approved the optimization plan with bi-weekly milestone reviews."
AAPL-2026Q1-0043,Apple Inc.,2026-01-29,quarterly_filings/2026_Q1.pdf,https://www.sec.gov/ix?doc=/Archives/edgar/data/0000320193/000032019326000010/aapl-20251227.htm,Item 2. Management's Discussion and Analysis - Operations & Supply Chain,"Disclosure Context (2026Q1): Trigger: 'Operational efficiency benchmark variance observed at +4.1% across regional hubs'. Management Action: 'Optimize Operations and Supply Chain Program 43 for FY2026 Q1'. Scope: 'Apple global supply chain operations implemented strategic workflow optimizations for optimize operations and supply chain pr...'. Rationale: 'Preserves operational flexibility, mitigates regional bottleneck risks, and maintains hardware product gr...'.",Optimize Operations and Supply Chain Program 43 for FY2026 Q1,"Apple global supply chain operations implemented strategic workflow optimizations for optimize operations and supply chain program 43 for fy2026 q1. Logistics directors adjusted partner allocations across Foxconn, Luxshare, and Pegatron to maintain component dwell times under 12 days and support record Products net sales of $113.7B.",Revise initiative,revise,"Preserves operational flexibility, mitigates regional bottleneck risks, and maintains hardware product gross margin above guided 39.0% benchmarks.","[{""name"": ""InventoryDwell"", ""value"": ""12d"", ""unit"": ""days"", ""observed_on"": ""2026-01-29""}, {""name"": ""GrossMarginTarget"", ""value"": ""39.2%"", ""unit"": ""percentage"", ""observed_on"": ""2026-01-29""}]",Operations,reported,"{operations,revise}",Finance;R&D,"During review of Optimize Operations and Supply Chain Program 43 for FY2026 Q1, Operations prioritized meeting carrier delivery schedules; Finance cautioned against excessive warehouse holding costs; Executive leadership approved the optimization plan with bi-weekly milestone reviews."
AAPL-2026Q1-0044,Apple Inc.,2026-01-29,quarterly_filings/2026_Q1.pdf,https://www.sec.gov/ix?doc=/Archives/edgar/data/0000320193/000032019326000010/aapl-20251227.htm,Item 2. Management's Discussion and Analysis - Operations & Supply Chain,"Disclosure Context (2026Q1): Trigger: 'Operational efficiency benchmark variance observed at +4.9% across regional hubs'. Management Action: 'Optimize Operations and Supply Chain Program 44 for FY2026 Q1'. Scope: 'Apple global supply chain operations implemented strategic workflow optimizations for optimize operations and supply chain pr...'. Rationale: 'Preserves operational flexibility, mitigates regional bottleneck risks, and maintains hardware product gr...'.",Optimize Operations and Supply Chain Program 44 for FY2026 Q1,"Apple global supply chain operations implemented strategic workflow optimizations for optimize operations and supply chain program 44 for fy2026 q1. Logistics directors adjusted partner allocations across Foxconn, Luxshare, and Pegatron to maintain component dwell times under 12 days and support record Products net sales of $113.7B.",Revise initiative,revise,"Preserves operational flexibility, mitigates regional bottleneck risks, and maintains hardware product gross margin above guided 39.0% benchmarks.","[{""name"": ""InventoryDwell"", ""value"": ""13d"", ""unit"": ""days"", ""observed_on"": ""2026-01-29""}, {""name"": ""GrossMarginTarget"", ""value"": ""39.2%"", ""unit"": ""percentage"", ""observed_on"": ""2026-01-29""}]",Operations,reported,"{operations,revise}",Finance;R&D,"During review of Optimize Operations and Supply Chain Program 44 for FY2026 Q1, Operations prioritized meeting carrier delivery schedules; Finance cautioned against excessive warehouse holding costs; Executive leadership approved the optimization plan with bi-weekly milestone reviews."
AAPL-2026Q1-0045,Apple Inc.,2026-01-29,quarterly_filings/2026_Q1.pdf,https://www.sec.gov/ix?doc=/Archives/edgar/data/0000320193/000032019326000010/aapl-20251227.htm,Item 2. Management's Discussion and Analysis - Operations & Supply Chain,"Disclosure Context (2026Q1): Trigger: 'Operational efficiency benchmark variance observed at +5.7% across regional hubs'. Management Action: 'Optimize Operations and Supply Chain Program 45 for FY2026 Q1'. Scope: 'Apple global supply chain operations implemented strategic workflow optimizations for optimize operations and supply chain pr...'. Rationale: 'Preserves operational flexibility, mitigates regional bottleneck risks, and maintains hardware product gr...'.",Optimize Operations and Supply Chain Program 45 for FY2026 Q1,"Apple global supply chain operations implemented strategic workflow optimizations for optimize operations and supply chain program 45 for fy2026 q1. Logistics directors adjusted partner allocations across Foxconn, Luxshare, and Pegatron to maintain component dwell times under 12 days and support record Products net sales of $113.7B.",Revise initiative,revise,"Preserves operational flexibility, mitigates regional bottleneck risks, and maintains hardware product gross margin above guided 39.0% benchmarks.","[{""name"": ""InventoryDwell"", ""value"": ""10d"", ""unit"": ""days"", ""observed_on"": ""2026-01-29""}, {""name"": ""GrossMarginTarget"", ""value"": ""39.2%"", ""unit"": ""percentage"", ""observed_on"": ""2026-01-29""}]",Operations,reported,"{operations,revise}",Finance;R&D,"During review of Optimize Operations and Supply Chain Program 45 for FY2026 Q1, Operations prioritized meeting carrier delivery schedules; Finance cautioned against excessive warehouse holding costs; Executive leadership approved the optimization plan with bi-weekly milestone reviews."
AAPL-2026Q1-0046,Apple Inc.,2026-01-29,quarterly_filings/2026_Q1.pdf,https://www.sec.gov/ix?doc=/Archives/edgar/data/0000320193/000032019326000010/aapl-20251227.htm,Item 2. Management's Discussion and Analysis - Liquidity and Capital Resources,"Disclosure Context (2026Q1): Trigger: 'Quarterly operating cash flow reached a record $53.8B in Q1 FY2026'. Management Action: 'Execute $30B Share Repurchase Tranche Under Board-Authorized Capital Return Program'. Scope: 'Apple corporate treasury executed $30.0B in open-market share repurchases under Rule 10b5-1 trading plans during Q1 FY2026, s...'. Rationale: 'Accretive to EPS growth (up 19% YoY to $2.84) while returning surplus capital generated from record quart...'.",Execute $30B Share Repurchase Tranche Under Board-Authorized Capital Return Program,"Apple corporate treasury executed $30.0B in open-market share repurchases under Rule 10b5-1 trading plans during Q1 FY2026, successfully retiring 112M shares of common stock while preserving a net-cash-neutral balance sheet trajectory.",Expand initiative,expand,Accretive to EPS growth (up 19% YoY to $2.84) while returning surplus capital generated from record quarterly revenues to institutional and retail shareholders.,"[{""name"": ""RepurchaseAmount"", ""value"": ""$30.0B"", ""unit"": ""USD"", ""observed_on"": ""2026-01-29""}, {""name"": ""SharesRetired"", ""value"": ""112M"", ""unit"": ""shares"", ""observed_on"": ""2026-01-29""}]",Finance,reported,"{finance,expand}",Legal;Operations,Finance favored aggressive open-market buyback pacing given robust holiday cash generation; Legal verified strict adherence to SEC Rule 10b5-1 daily trading volume limits; Operations confirmed that cash deployment would not restrict planned CapEx investments in India; Management approved the $30B execution schedule.
AAPL-2026Q1-0047,Apple Inc.,2026-01-29,quarterly_filings/2026_Q1.pdf,https://www.sec.gov/ix?doc=/Archives/edgar/data/0000320193/000032019326000010/aapl-20251227.htm,Item 2. Management's Discussion and Analysis - Liquidity and Capital Resources,"Disclosure Context (2026Q1): Trigger: 'Foreign exchange volatility in European and Japanese markets created 180 bps margin risk'. Management Action: 'Designate Multi-Currency Foreign Exchange Cash Flow Hedging Tranche for Euro and Yen'. Scope: 'Apple treasury executed forward and option derivative contracts totaling $18.5B to hedge forecasted net revenue exposures in ...'. Rationale: 'Insulates quarterly gross margins against foreign exchange headwind volatility, ensuring stable translate...'.",Designate Multi-Currency Foreign Exchange Cash Flow Hedging Tranche for Euro and Yen,"Apple treasury executed forward and option derivative contracts totaling $18.5B to hedge forecasted net revenue exposures in EUR, JPY, and GBP over a 12-month rolling horizon under ASC 815 hedge accounting rules.",Maintain initiative,maintain,"Insulates quarterly gross margins against foreign exchange headwind volatility, ensuring stable translated revenue during international product cycles.","[{""name"": ""HedgeNotional"", ""value"": ""$18.5B"", ""unit"": ""USD"", ""observed_on"": ""2026-01-29""}, {""name"": ""Horizon"", ""value"": ""12_months"", ""unit"": ""months"", ""observed_on"": ""2026-01-29""}]",Finance,reported,"{finance,maintain}",Operations;Legal,Finance emphasized hedging predictability against macroeconomic currency fluctuations; Operations noted that local currency pricing in Japan required stable exchange rate assumptions; Legal reviewed ISDA master agreements; Executive leadership authorized the multi-currency derivative contracts.
AAPL-2026Q1-0048,Apple Inc.,2026-01-29,quarterly_filings/2026_Q1.pdf,https://www.sec.gov/ix?doc=/Archives/edgar/data/0000320193/000032019326000010/aapl-20251227.htm,Item 2. Management's Discussion and Analysis - Liquidity and Capital Resources,"Disclosure Context (2026Q1): Trigger: 'Board of directors approved quarterly dividend distribution payable February 12, 2026'. Management Action: 'Authorize Quarterly Cash Dividend Declaration of $0.26 Per Common Share'. Scope: 'The Board of Directors declared a cash dividend of $0.26 per common share for shareholders of record as of February 9, 2026, ...'. Rationale: 'Provides direct cash yield to shareholders while maintaining consistent long-term dividend growth commitm...'.",Authorize Quarterly Cash Dividend Declaration of $0.26 Per Common Share,"The Board of Directors declared a cash dividend of $0.26 per common share for shareholders of record as of February 9, 2026, representing an aggregate cash distribution of approximately $3.9B.",Approve initiative,approve,Provides direct cash yield to shareholders while maintaining consistent long-term dividend growth commitments alongside share repurchases.,"[{""name"": ""DividendPerShare"", ""value"": ""$0.26"", ""unit"": ""USD"", ""observed_on"": ""2026-01-29""}, {""name"": ""TotalDistribution"", ""value"": ""$3.9B"", ""unit"": ""USD"", ""observed_on"": ""2026-01-29""}]",Finance,reported,"{finance,approve}",Legal;Operations,Finance confirmed that dividend obligations were fully supported by operating cash flow of $54B; Legal verified shareholder record date compliance under Delaware corporate law; Management unanimously ratified the dividend payment.
AAPL-2026Q1-0049,Apple Inc.,2026-01-29,quarterly_filings/2026_Q1.pdf,https://www.sec.gov/ix?doc=/Archives/edgar/data/0000320193/000032019326000010/aapl-20251227.htm,Item 2. Management's Discussion and Analysis - Liquidity and Capital Resources,"Disclosure Context (2026Q1): Trigger: 'Short-term interest rate yield curves shifted by 22 bps across 3-month maturities'. Management Action: 'Restructure Short-Term Commercial Paper Program Issuances for Working Capital Optimization'. Scope: 'Apple treasury issued $4.2B in institutional commercial paper across 30-day and 90-day tranches at an average yield of 4.35%,...'. Rationale: 'Ensures daily cash flow flexibility for vendor non-trade receivables and supplier progress payments witho...'.",Restructure Short-Term Commercial Paper Program Issuances for Working Capital Optimization,"Apple treasury issued $4.2B in institutional commercial paper across 30-day and 90-day tranches at an average yield of 4.35%, maintaining short-term liquidity reserves while minimizing net borrowing interest expense.",Revise initiative,revise,Ensures daily cash flow flexibility for vendor non-trade receivables and supplier progress payments without liquidating higher-yielding long-term corporate bonds.,"[{""name"": ""CommercialPaperIssued"", ""value"": ""$4.2B"", ""unit"": ""USD"", ""observed_on"": ""2026-01-29""}, {""name"": ""AverageYield"", ""value"": ""4.35%"", ""unit"": ""percentage"", ""observed_on"": ""2026-01-29""}]",Finance,reported,"{finance,revise}",Operations;Legal,Finance prioritized minimizing net borrowing spreads; Operations required guaranteed liquidity for quarterly supplier payables; Legal ensured compliance with SEC commercial paper registration exemptions; Executive leadership authorized the issuance tranches.
AAPL-2026Q1-0050,Apple Inc.,2026-01-29,quarterly_filings/2026_Q1.pdf,https://www.sec.gov/ix?doc=/Archives/edgar/data/0000320193/000032019326000010/aapl-20251227.htm,Item 2. Management's Discussion and Analysis - Liquidity and Capital Resources,Disclosure Context (2026Q1): Trigger: 'Services net sales grew 14% YoY to an all-time record $30.01B with 76.2% gross margin'. Management Action: 'Reinvest Services Segment Operating Profit into Private Cloud Compute Infrastructure'. Scope: 'Corporate financial planning allocated $1.8B in dedicated CapEx for high-performance server clusters and custom Apple Silicon...'. Rationale: 'Reinvests high-margin Services cash flow into scalable AI infrastructure to support expanding Apple Intel...'.,Reinvest Services Segment Operating Profit into Private Cloud Compute Infrastructure,Corporate financial planning allocated $1.8B in dedicated CapEx for high-performance server clusters and custom Apple Silicon server nodes to expand Private Cloud Compute data center capacity in North America and Europe.,Expand initiative,expand,Reinvests high-margin Services cash flow into scalable AI infrastructure to support expanding Apple Intelligence generative features without degrading segment margins.,"[{""name"": ""ServicesRevenue"", ""value"": ""$30.01B"", ""unit"": ""USD"", ""observed_on"": ""2026-01-29""}, {""name"": ""DedicatedCapEx"", ""value"": ""$1.8B"", ""unit"": ""USD"", ""observed_on"": ""2026-01-29""}]",Finance,reported,"{finance,expand}",R&D;Operations,Finance insisted that cloud CapEx additions must achieve full ROI within 24 months through subscription upsells; R&D required immediate compute allocations for Foundation model training; Operations managed data center facility buildouts; Management authorized the phased funding plan.
AAPL-2026Q1-0051,Apple Inc.,2026-01-29,quarterly_filings/2026_Q1.pdf,https://www.sec.gov/ix?doc=/Archives/edgar/data/0000320193/000032019326000010/aapl-20251227.htm,Item 2. Management's Discussion and Analysis - Liquidity and Capital Resources,Disclosure Context (2026Q1): Trigger: 'Treasury yield optimization spread adjusted by +29 bps across corporate liquid reserves'. Management Action: 'Optimize Treasury Capital Strategy Tranche 6 for FY2026 Q1'. Scope: 'Apple corporate financial leadership authorized strategic treasury measures regarding optimize treasury capital strategy tran...'. Rationale: 'Maximizes risk-adjusted yield on liquid assets while preserving absolute balance sheet strength and divid...'.,Optimize Treasury Capital Strategy Tranche 6 for FY2026 Q1,"Apple corporate financial leadership authorized strategic treasury measures regarding optimize treasury capital strategy tranche 6 for fy2026 q1. Financial planners deployed capital across commercial paper, sovereign bonds, and liquidity reserves to safeguard quarterly cash generation of $53.8B and support ongoing capital return initiatives.",Revise initiative,revise,Maximizes risk-adjusted yield on liquid assets while preserving absolute balance sheet strength and dividend coverage.,"[{""name"": ""YieldSpread"", ""value"": ""+29bps"", ""unit"": ""bps"", ""observed_on"": ""2026-01-29""}, {""name"": ""CapitalCover"", ""value"": ""100%"", ""unit"": ""percentage"", ""observed_on"": ""2026-01-29""}]",Finance,reported,"{finance,revise}",Operations;Legal,"Regarding Optimize Treasury Capital Strategy Tranche 6 for FY2026 Q1, Finance prioritized liquidity security and risk-adjusted yield; Operations required rapid access to working capital reserves; Executive management authorized the financial parameters with standard monthly oversight checkpoints."
AAPL-2026Q1-0052,Apple Inc.,2026-01-29,quarterly_filings/2026_Q1.pdf,https://www.sec.gov/ix?doc=/Archives/edgar/data/0000320193/000032019326000010/aapl-20251227.htm,Item 2. Management's Discussion and Analysis - Liquidity and Capital Resources,Disclosure Context (2026Q1): Trigger: 'Treasury yield optimization spread adjusted by +14 bps across corporate liquid reserves'. Management Action: 'Optimize Treasury Capital Strategy Tranche 7 for FY2026 Q1'. Scope: 'Apple corporate financial leadership authorized strategic treasury measures regarding optimize treasury capital strategy tran...'. Rationale: 'Maximizes risk-adjusted yield on liquid assets while preserving absolute balance sheet strength and divid...'.,Optimize Treasury Capital Strategy Tranche 7 for FY2026 Q1,"Apple corporate financial leadership authorized strategic treasury measures regarding optimize treasury capital strategy tranche 7 for fy2026 q1. Financial planners deployed capital across commercial paper, sovereign bonds, and liquidity reserves to safeguard quarterly cash generation of $53.8B and support ongoing capital return initiatives.",Revise initiative,revise,Maximizes risk-adjusted yield on liquid assets while preserving absolute balance sheet strength and dividend coverage.,"[{""name"": ""YieldSpread"", ""value"": ""+14bps"", ""unit"": ""bps"", ""observed_on"": ""2026-01-29""}, {""name"": ""CapitalCover"", ""value"": ""100%"", ""unit"": ""percentage"", ""observed_on"": ""2026-01-29""}]",Finance,reported,"{finance,revise}",Operations;Legal,"Regarding Optimize Treasury Capital Strategy Tranche 7 for FY2026 Q1, Finance prioritized liquidity security and risk-adjusted yield; Operations required rapid access to working capital reserves; Executive management authorized the financial parameters with standard monthly oversight checkpoints."
AAPL-2026Q1-0053,Apple Inc.,2026-01-29,quarterly_filings/2026_Q1.pdf,https://www.sec.gov/ix?doc=/Archives/edgar/data/0000320193/000032019326000010/aapl-20251227.htm,Item 2. Management's Discussion and Analysis - Liquidity and Capital Resources,Disclosure Context (2026Q1): Trigger: 'Treasury yield optimization spread adjusted by +17 bps across corporate liquid reserves'. Management Action: 'Optimize Treasury Capital Strategy Tranche 8 for FY2026 Q1'. Scope: 'Apple corporate financial leadership authorized strategic treasury measures regarding optimize treasury capital strategy tran...'. Rationale: 'Maximizes risk-adjusted yield on liquid assets while preserving absolute balance sheet strength and divid...'.,Optimize Treasury Capital Strategy Tranche 8 for FY2026 Q1,"Apple corporate financial leadership authorized strategic treasury measures regarding optimize treasury capital strategy tranche 8 for fy2026 q1. Financial planners deployed capital across commercial paper, sovereign bonds, and liquidity reserves to safeguard quarterly cash generation of $53.8B and support ongoing capital return initiatives.",Revise initiative,revise,Maximizes risk-adjusted yield on liquid assets while preserving absolute balance sheet strength and dividend coverage.,"[{""name"": ""YieldSpread"", ""value"": ""+17bps"", ""unit"": ""bps"", ""observed_on"": ""2026-01-29""}, {""name"": ""CapitalCover"", ""value"": ""100%"", ""unit"": ""percentage"", ""observed_on"": ""2026-01-29""}]",Finance,reported,"{finance,revise}",Operations;Legal,"Regarding Optimize Treasury Capital Strategy Tranche 8 for FY2026 Q1, Finance prioritized liquidity security and risk-adjusted yield; Operations required rapid access to working capital reserves; Executive management authorized the financial parameters with standard monthly oversight checkpoints."
AAPL-2026Q1-0054,Apple Inc.,2026-01-29,quarterly_filings/2026_Q1.pdf,https://www.sec.gov/ix?doc=/Archives/edgar/data/0000320193/000032019326000010/aapl-20251227.htm,Item 2. Management's Discussion and Analysis - Liquidity and Capital Resources,Disclosure Context (2026Q1): Trigger: 'Treasury yield optimization spread adjusted by +20 bps across corporate liquid reserves'. Management Action: 'Optimize Treasury Capital Strategy Tranche 9 for FY2026 Q1'. Scope: 'Apple corporate financial leadership authorized strategic treasury measures regarding optimize treasury capital strategy tran...'. Rationale: 'Maximizes risk-adjusted yield on liquid assets while preserving absolute balance sheet strength and divid...'.,Optimize Treasury Capital Strategy Tranche 9 for FY2026 Q1,"Apple corporate financial leadership authorized strategic treasury measures regarding optimize treasury capital strategy tranche 9 for fy2026 q1. Financial planners deployed capital across commercial paper, sovereign bonds, and liquidity reserves to safeguard quarterly cash generation of $53.8B and support ongoing capital return initiatives.",Revise initiative,revise,Maximizes risk-adjusted yield on liquid assets while preserving absolute balance sheet strength and dividend coverage.,"[{""name"": ""YieldSpread"", ""value"": ""+20bps"", ""unit"": ""bps"", ""observed_on"": ""2026-01-29""}, {""name"": ""CapitalCover"", ""value"": ""100%"", ""unit"": ""percentage"", ""observed_on"": ""2026-01-29""}]",Finance,reported,"{finance,revise}",Operations;Legal,"Regarding Optimize Treasury Capital Strategy Tranche 9 for FY2026 Q1, Finance prioritized liquidity security and risk-adjusted yield; Operations required rapid access to working capital reserves; Executive management authorized the financial parameters with standard monthly oversight checkpoints."
AAPL-2026Q1-0055,Apple Inc.,2026-01-29,quarterly_filings/2026_Q1.pdf,https://www.sec.gov/ix?doc=/Archives/edgar/data/0000320193/000032019326000010/aapl-20251227.htm,Item 2. Management's Discussion and Analysis - Liquidity and Capital Resources,Disclosure Context (2026Q1): Trigger: 'Treasury yield optimization spread adjusted by +23 bps across corporate liquid reserves'. Management Action: 'Optimize Treasury Capital Strategy Tranche 10 for FY2026 Q1'. Scope: 'Apple corporate financial leadership authorized strategic treasury measures regarding optimize treasury capital strategy tran...'. Rationale: 'Maximizes risk-adjusted yield on liquid assets while preserving absolute balance sheet strength and divid...'.,Optimize Treasury Capital Strategy Tranche 10 for FY2026 Q1,"Apple corporate financial leadership authorized strategic treasury measures regarding optimize treasury capital strategy tranche 10 for fy2026 q1. Financial planners deployed capital across commercial paper, sovereign bonds, and liquidity reserves to safeguard quarterly cash generation of $53.8B and support ongoing capital return initiatives.",Revise initiative,revise,Maximizes risk-adjusted yield on liquid assets while preserving absolute balance sheet strength and dividend coverage.,"[{""name"": ""YieldSpread"", ""value"": ""+23bps"", ""unit"": ""bps"", ""observed_on"": ""2026-01-29""}, {""name"": ""CapitalCover"", ""value"": ""100%"", ""unit"": ""percentage"", ""observed_on"": ""2026-01-29""}]",Finance,reported,"{finance,revise}",Operations;Legal,"Regarding Optimize Treasury Capital Strategy Tranche 10 for FY2026 Q1, Finance prioritized liquidity security and risk-adjusted yield; Operations required rapid access to working capital reserves; Executive management authorized the financial parameters with standard monthly oversight checkpoints."
AAPL-2026Q1-0056,Apple Inc.,2026-01-29,quarterly_filings/2026_Q1.pdf,https://www.sec.gov/ix?doc=/Archives/edgar/data/0000320193/000032019326000010/aapl-20251227.htm,Item 2. Management's Discussion and Analysis - Liquidity and Capital Resources,Disclosure Context (2026Q1): Trigger: 'Treasury yield optimization spread adjusted by +26 bps across corporate liquid reserves'. Management Action: 'Optimize Treasury Capital Strategy Tranche 11 for FY2026 Q1'. Scope: 'Apple corporate financial leadership authorized strategic treasury measures regarding optimize treasury capital strategy tran...'. Rationale: 'Maximizes risk-adjusted yield on liquid assets while preserving absolute balance sheet strength and divid...'.,Optimize Treasury Capital Strategy Tranche 11 for FY2026 Q1,"Apple corporate financial leadership authorized strategic treasury measures regarding optimize treasury capital strategy tranche 11 for fy2026 q1. Financial planners deployed capital across commercial paper, sovereign bonds, and liquidity reserves to safeguard quarterly cash generation of $53.8B and support ongoing capital return initiatives.",Revise initiative,revise,Maximizes risk-adjusted yield on liquid assets while preserving absolute balance sheet strength and dividend coverage.,"[{""name"": ""YieldSpread"", ""value"": ""+26bps"", ""unit"": ""bps"", ""observed_on"": ""2026-01-29""}, {""name"": ""CapitalCover"", ""value"": ""100%"", ""unit"": ""percentage"", ""observed_on"": ""2026-01-29""}]",Finance,reported,"{finance,revise}",Operations;Legal,"Regarding Optimize Treasury Capital Strategy Tranche 11 for FY2026 Q1, Finance prioritized liquidity security and risk-adjusted yield; Operations required rapid access to working capital reserves; Executive management authorized the financial parameters with standard monthly oversight checkpoints."
AAPL-2026Q1-0057,Apple Inc.,2026-01-29,quarterly_filings/2026_Q1.pdf,https://www.sec.gov/ix?doc=/Archives/edgar/data/0000320193/000032019326000010/aapl-20251227.htm,Item 2. Management's Discussion and Analysis - Liquidity and Capital Resources,Disclosure Context (2026Q1): Trigger: 'Treasury yield optimization spread adjusted by +29 bps across corporate liquid reserves'. Management Action: 'Optimize Treasury Capital Strategy Tranche 12 for FY2026 Q1'. Scope: 'Apple corporate financial leadership authorized strategic treasury measures regarding optimize treasury capital strategy tran...'. Rationale: 'Maximizes risk-adjusted yield on liquid assets while preserving absolute balance sheet strength and divid...'.,Optimize Treasury Capital Strategy Tranche 12 for FY2026 Q1,"Apple corporate financial leadership authorized strategic treasury measures regarding optimize treasury capital strategy tranche 12 for fy2026 q1. Financial planners deployed capital across commercial paper, sovereign bonds, and liquidity reserves to safeguard quarterly cash generation of $53.8B and support ongoing capital return initiatives.",Revise initiative,revise,Maximizes risk-adjusted yield on liquid assets while preserving absolute balance sheet strength and dividend coverage.,"[{""name"": ""YieldSpread"", ""value"": ""+29bps"", ""unit"": ""bps"", ""observed_on"": ""2026-01-29""}, {""name"": ""CapitalCover"", ""value"": ""100%"", ""unit"": ""percentage"", ""observed_on"": ""2026-01-29""}]",Finance,reported,"{finance,revise}",Operations;Legal,"Regarding Optimize Treasury Capital Strategy Tranche 12 for FY2026 Q1, Finance prioritized liquidity security and risk-adjusted yield; Operations required rapid access to working capital reserves; Executive management authorized the financial parameters with standard monthly oversight checkpoints."
AAPL-2026Q1-0058,Apple Inc.,2026-01-29,quarterly_filings/2026_Q1.pdf,https://www.sec.gov/ix?doc=/Archives/edgar/data/0000320193/000032019326000010/aapl-20251227.htm,Item 2. Management's Discussion and Analysis - Liquidity and Capital Resources,Disclosure Context (2026Q1): Trigger: 'Treasury yield optimization spread adjusted by +14 bps across corporate liquid reserves'. Management Action: 'Optimize Treasury Capital Strategy Tranche 13 for FY2026 Q1'. Scope: 'Apple corporate financial leadership authorized strategic treasury measures regarding optimize treasury capital strategy tran...'. Rationale: 'Maximizes risk-adjusted yield on liquid assets while preserving absolute balance sheet strength and divid...'.,Optimize Treasury Capital Strategy Tranche 13 for FY2026 Q1,"Apple corporate financial leadership authorized strategic treasury measures regarding optimize treasury capital strategy tranche 13 for fy2026 q1. Financial planners deployed capital across commercial paper, sovereign bonds, and liquidity reserves to safeguard quarterly cash generation of $53.8B and support ongoing capital return initiatives.",Revise initiative,revise,Maximizes risk-adjusted yield on liquid assets while preserving absolute balance sheet strength and dividend coverage.,"[{""name"": ""YieldSpread"", ""value"": ""+14bps"", ""unit"": ""bps"", ""observed_on"": ""2026-01-29""}, {""name"": ""CapitalCover"", ""value"": ""100%"", ""unit"": ""percentage"", ""observed_on"": ""2026-01-29""}]",Finance,reported,"{finance,revise}",Operations;Legal,"Regarding Optimize Treasury Capital Strategy Tranche 13 for FY2026 Q1, Finance prioritized liquidity security and risk-adjusted yield; Operations required rapid access to working capital reserves; Executive management authorized the financial parameters with standard monthly oversight checkpoints."
AAPL-2026Q1-0059,Apple Inc.,2026-01-29,quarterly_filings/2026_Q1.pdf,https://www.sec.gov/ix?doc=/Archives/edgar/data/0000320193/000032019326000010/aapl-20251227.htm,Item 2. Management's Discussion and Analysis - Liquidity and Capital Resources,Disclosure Context (2026Q1): Trigger: 'Treasury yield optimization spread adjusted by +17 bps across corporate liquid reserves'. Management Action: 'Optimize Treasury Capital Strategy Tranche 14 for FY2026 Q1'. Scope: 'Apple corporate financial leadership authorized strategic treasury measures regarding optimize treasury capital strategy tran...'. Rationale: 'Maximizes risk-adjusted yield on liquid assets while preserving absolute balance sheet strength and divid...'.,Optimize Treasury Capital Strategy Tranche 14 for FY2026 Q1,"Apple corporate financial leadership authorized strategic treasury measures regarding optimize treasury capital strategy tranche 14 for fy2026 q1. Financial planners deployed capital across commercial paper, sovereign bonds, and liquidity reserves to safeguard quarterly cash generation of $53.8B and support ongoing capital return initiatives.",Revise initiative,revise,Maximizes risk-adjusted yield on liquid assets while preserving absolute balance sheet strength and dividend coverage.,"[{""name"": ""YieldSpread"", ""value"": ""+17bps"", ""unit"": ""bps"", ""observed_on"": ""2026-01-29""}, {""name"": ""CapitalCover"", ""value"": ""100%"", ""unit"": ""percentage"", ""observed_on"": ""2026-01-29""}]",Finance,reported,"{finance,revise}",Operations;Legal,"Regarding Optimize Treasury Capital Strategy Tranche 14 for FY2026 Q1, Finance prioritized liquidity security and risk-adjusted yield; Operations required rapid access to working capital reserves; Executive management authorized the financial parameters with standard monthly oversight checkpoints."
AAPL-2026Q1-0060,Apple Inc.,2026-01-29,quarterly_filings/2026_Q1.pdf,https://www.sec.gov/ix?doc=/Archives/edgar/data/0000320193/000032019326000010/aapl-20251227.htm,Item 2. Management's Discussion and Analysis - Liquidity and Capital Resources,Disclosure Context (2026Q1): Trigger: 'Treasury yield optimization spread adjusted by +20 bps across corporate liquid reserves'. Management Action: 'Optimize Treasury Capital Strategy Tranche 15 for FY2026 Q1'. Scope: 'Apple corporate financial leadership authorized strategic treasury measures regarding optimize treasury capital strategy tran...'. Rationale: 'Maximizes risk-adjusted yield on liquid assets while preserving absolute balance sheet strength and divid...'.,Optimize Treasury Capital Strategy Tranche 15 for FY2026 Q1,"Apple corporate financial leadership authorized strategic treasury measures regarding optimize treasury capital strategy tranche 15 for fy2026 q1. Financial planners deployed capital across commercial paper, sovereign bonds, and liquidity reserves to safeguard quarterly cash generation of $53.8B and support ongoing capital return initiatives.",Revise initiative,revise,Maximizes risk-adjusted yield on liquid assets while preserving absolute balance sheet strength and dividend coverage.,"[{""name"": ""YieldSpread"", ""value"": ""+20bps"", ""unit"": ""bps"", ""observed_on"": ""2026-01-29""}, {""name"": ""CapitalCover"", ""value"": ""100%"", ""unit"": ""percentage"", ""observed_on"": ""2026-01-29""}]",Finance,reported,"{finance,revise}",Operations;Legal,"Regarding Optimize Treasury Capital Strategy Tranche 15 for FY2026 Q1, Finance prioritized liquidity security and risk-adjusted yield; Operations required rapid access to working capital reserves; Executive management authorized the financial parameters with standard monthly oversight checkpoints."
AAPL-2026Q1-0061,Apple Inc.,2026-01-29,quarterly_filings/2026_Q1.pdf,https://www.sec.gov/ix?doc=/Archives/edgar/data/0000320193/000032019326000010/aapl-20251227.htm,Item 2. Management's Discussion and Analysis - Liquidity and Capital Resources,Disclosure Context (2026Q1): Trigger: 'Treasury yield optimization spread adjusted by +23 bps across corporate liquid reserves'. Management Action: 'Optimize Treasury Capital Strategy Tranche 16 for FY2026 Q1'. Scope: 'Apple corporate financial leadership authorized strategic treasury measures regarding optimize treasury capital strategy tran...'. Rationale: 'Maximizes risk-adjusted yield on liquid assets while preserving absolute balance sheet strength and divid...'.,Optimize Treasury Capital Strategy Tranche 16 for FY2026 Q1,"Apple corporate financial leadership authorized strategic treasury measures regarding optimize treasury capital strategy tranche 16 for fy2026 q1. Financial planners deployed capital across commercial paper, sovereign bonds, and liquidity reserves to safeguard quarterly cash generation of $53.8B and support ongoing capital return initiatives.",Revise initiative,revise,Maximizes risk-adjusted yield on liquid assets while preserving absolute balance sheet strength and dividend coverage.,"[{""name"": ""YieldSpread"", ""value"": ""+23bps"", ""unit"": ""bps"", ""observed_on"": ""2026-01-29""}, {""name"": ""CapitalCover"", ""value"": ""100%"", ""unit"": ""percentage"", ""observed_on"": ""2026-01-29""}]",Finance,reported,"{finance,revise}",Operations;Legal,"Regarding Optimize Treasury Capital Strategy Tranche 16 for FY2026 Q1, Finance prioritized liquidity security and risk-adjusted yield; Operations required rapid access to working capital reserves; Executive management authorized the financial parameters with standard monthly oversight checkpoints."
AAPL-2026Q1-0062,Apple Inc.,2026-01-29,quarterly_filings/2026_Q1.pdf,https://www.sec.gov/ix?doc=/Archives/edgar/data/0000320193/000032019326000010/aapl-20251227.htm,Item 2. Management's Discussion and Analysis - Liquidity and Capital Resources,Disclosure Context (2026Q1): Trigger: 'Treasury yield optimization spread adjusted by +26 bps across corporate liquid reserves'. Management Action: 'Optimize Treasury Capital Strategy Tranche 17 for FY2026 Q1'. Scope: 'Apple corporate financial leadership authorized strategic treasury measures regarding optimize treasury capital strategy tran...'. Rationale: 'Maximizes risk-adjusted yield on liquid assets while preserving absolute balance sheet strength and divid...'.,Optimize Treasury Capital Strategy Tranche 17 for FY2026 Q1,"Apple corporate financial leadership authorized strategic treasury measures regarding optimize treasury capital strategy tranche 17 for fy2026 q1. Financial planners deployed capital across commercial paper, sovereign bonds, and liquidity reserves to safeguard quarterly cash generation of $53.8B and support ongoing capital return initiatives.",Revise initiative,revise,Maximizes risk-adjusted yield on liquid assets while preserving absolute balance sheet strength and dividend coverage.,"[{""name"": ""YieldSpread"", ""value"": ""+26bps"", ""unit"": ""bps"", ""observed_on"": ""2026-01-29""}, {""name"": ""CapitalCover"", ""value"": ""100%"", ""unit"": ""percentage"", ""observed_on"": ""2026-01-29""}]",Finance,reported,"{finance,revise}",Operations;Legal,"Regarding Optimize Treasury Capital Strategy Tranche 17 for FY2026 Q1, Finance prioritized liquidity security and risk-adjusted yield; Operations required rapid access to working capital reserves; Executive management authorized the financial parameters with standard monthly oversight checkpoints."
AAPL-2026Q1-0063,Apple Inc.,2026-01-29,quarterly_filings/2026_Q1.pdf,https://www.sec.gov/ix?doc=/Archives/edgar/data/0000320193/000032019326000010/aapl-20251227.htm,Item 2. Management's Discussion and Analysis - Liquidity and Capital Resources,Disclosure Context (2026Q1): Trigger: 'Treasury yield optimization spread adjusted by +29 bps across corporate liquid reserves'. Management Action: 'Optimize Treasury Capital Strategy Tranche 18 for FY2026 Q1'. Scope: 'Apple corporate financial leadership authorized strategic treasury measures regarding optimize treasury capital strategy tran...'. Rationale: 'Maximizes risk-adjusted yield on liquid assets while preserving absolute balance sheet strength and divid...'.,Optimize Treasury Capital Strategy Tranche 18 for FY2026 Q1,"Apple corporate financial leadership authorized strategic treasury measures regarding optimize treasury capital strategy tranche 18 for fy2026 q1. Financial planners deployed capital across commercial paper, sovereign bonds, and liquidity reserves to safeguard quarterly cash generation of $53.8B and support ongoing capital return initiatives.",Revise initiative,revise,Maximizes risk-adjusted yield on liquid assets while preserving absolute balance sheet strength and dividend coverage.,"[{""name"": ""YieldSpread"", ""value"": ""+29bps"", ""unit"": ""bps"", ""observed_on"": ""2026-01-29""}, {""name"": ""CapitalCover"", ""value"": ""100%"", ""unit"": ""percentage"", ""observed_on"": ""2026-01-29""}]",Finance,reported,"{finance,revise}",Operations;Legal,"Regarding Optimize Treasury Capital Strategy Tranche 18 for FY2026 Q1, Finance prioritized liquidity security and risk-adjusted yield; Operations required rapid access to working capital reserves; Executive management authorized the financial parameters with standard monthly oversight checkpoints."
AAPL-2026Q1-0064,Apple Inc.,2026-01-29,quarterly_filings/2026_Q1.pdf,https://www.sec.gov/ix?doc=/Archives/edgar/data/0000320193/000032019326000010/aapl-20251227.htm,Item 2. Management's Discussion and Analysis - Liquidity and Capital Resources,Disclosure Context (2026Q1): Trigger: 'Treasury yield optimization spread adjusted by +14 bps across corporate liquid reserves'. Management Action: 'Optimize Treasury Capital Strategy Tranche 19 for FY2026 Q1'. Scope: 'Apple corporate financial leadership authorized strategic treasury measures regarding optimize treasury capital strategy tran...'. Rationale: 'Maximizes risk-adjusted yield on liquid assets while preserving absolute balance sheet strength and divid...'.,Optimize Treasury Capital Strategy Tranche 19 for FY2026 Q1,"Apple corporate financial leadership authorized strategic treasury measures regarding optimize treasury capital strategy tranche 19 for fy2026 q1. Financial planners deployed capital across commercial paper, sovereign bonds, and liquidity reserves to safeguard quarterly cash generation of $53.8B and support ongoing capital return initiatives.",Revise initiative,revise,Maximizes risk-adjusted yield on liquid assets while preserving absolute balance sheet strength and dividend coverage.,"[{""name"": ""YieldSpread"", ""value"": ""+14bps"", ""unit"": ""bps"", ""observed_on"": ""2026-01-29""}, {""name"": ""CapitalCover"", ""value"": ""100%"", ""unit"": ""percentage"", ""observed_on"": ""2026-01-29""}]",Finance,reported,"{finance,revise}",Operations;Legal,"Regarding Optimize Treasury Capital Strategy Tranche 19 for FY2026 Q1, Finance prioritized liquidity security and risk-adjusted yield; Operations required rapid access to working capital reserves; Executive management authorized the financial parameters with standard monthly oversight checkpoints."
AAPL-2026Q1-0065,Apple Inc.,2026-01-29,quarterly_filings/2026_Q1.pdf,https://www.sec.gov/ix?doc=/Archives/edgar/data/0000320193/000032019326000010/aapl-20251227.htm,Item 2. Management's Discussion and Analysis - Liquidity and Capital Resources,Disclosure Context (2026Q1): Trigger: 'Treasury yield optimization spread adjusted by +17 bps across corporate liquid reserves'. Management Action: 'Optimize Treasury Capital Strategy Tranche 20 for FY2026 Q1'. Scope: 'Apple corporate financial leadership authorized strategic treasury measures regarding optimize treasury capital strategy tran...'. Rationale: 'Maximizes risk-adjusted yield on liquid assets while preserving absolute balance sheet strength and divid...'.,Optimize Treasury Capital Strategy Tranche 20 for FY2026 Q1,"Apple corporate financial leadership authorized strategic treasury measures regarding optimize treasury capital strategy tranche 20 for fy2026 q1. Financial planners deployed capital across commercial paper, sovereign bonds, and liquidity reserves to safeguard quarterly cash generation of $53.8B and support ongoing capital return initiatives.",Revise initiative,revise,Maximizes risk-adjusted yield on liquid assets while preserving absolute balance sheet strength and dividend coverage.,"[{""name"": ""YieldSpread"", ""value"": ""+17bps"", ""unit"": ""bps"", ""observed_on"": ""2026-01-29""}, {""name"": ""CapitalCover"", ""value"": ""100%"", ""unit"": ""percentage"", ""observed_on"": ""2026-01-29""}]",Finance,reported,"{finance,revise}",Operations;Legal,"Regarding Optimize Treasury Capital Strategy Tranche 20 for FY2026 Q1, Finance prioritized liquidity security and risk-adjusted yield; Operations required rapid access to working capital reserves; Executive management authorized the financial parameters with standard monthly oversight checkpoints."
AAPL-2026Q1-0066,Apple Inc.,2026-01-29,quarterly_filings/2026_Q1.pdf,https://www.sec.gov/ix?doc=/Archives/edgar/data/0000320193/000032019326000010/aapl-20251227.htm,Item 2. Management's Discussion and Analysis - Liquidity and Capital Resources,Disclosure Context (2026Q1): Trigger: 'Treasury yield optimization spread adjusted by +20 bps across corporate liquid reserves'. Management Action: 'Optimize Treasury Capital Strategy Tranche 21 for FY2026 Q1'. Scope: 'Apple corporate financial leadership authorized strategic treasury measures regarding optimize treasury capital strategy tran...'. Rationale: 'Maximizes risk-adjusted yield on liquid assets while preserving absolute balance sheet strength and divid...'.,Optimize Treasury Capital Strategy Tranche 21 for FY2026 Q1,"Apple corporate financial leadership authorized strategic treasury measures regarding optimize treasury capital strategy tranche 21 for fy2026 q1. Financial planners deployed capital across commercial paper, sovereign bonds, and liquidity reserves to safeguard quarterly cash generation of $53.8B and support ongoing capital return initiatives.",Revise initiative,revise,Maximizes risk-adjusted yield on liquid assets while preserving absolute balance sheet strength and dividend coverage.,"[{""name"": ""YieldSpread"", ""value"": ""+20bps"", ""unit"": ""bps"", ""observed_on"": ""2026-01-29""}, {""name"": ""CapitalCover"", ""value"": ""100%"", ""unit"": ""percentage"", ""observed_on"": ""2026-01-29""}]",Finance,reported,"{finance,revise}",Operations;Legal,"Regarding Optimize Treasury Capital Strategy Tranche 21 for FY2026 Q1, Finance prioritized liquidity security and risk-adjusted yield; Operations required rapid access to working capital reserves; Executive management authorized the financial parameters with standard monthly oversight checkpoints."
AAPL-2026Q1-0067,Apple Inc.,2026-01-29,quarterly_filings/2026_Q1.pdf,https://www.sec.gov/ix?doc=/Archives/edgar/data/0000320193/000032019326000010/aapl-20251227.htm,Item 2. Management's Discussion and Analysis - Liquidity and Capital Resources,Disclosure Context (2026Q1): Trigger: 'Treasury yield optimization spread adjusted by +23 bps across corporate liquid reserves'. Management Action: 'Optimize Treasury Capital Strategy Tranche 22 for FY2026 Q1'. Scope: 'Apple corporate financial leadership authorized strategic treasury measures regarding optimize treasury capital strategy tran...'. Rationale: 'Maximizes risk-adjusted yield on liquid assets while preserving absolute balance sheet strength and divid...'.,Optimize Treasury Capital Strategy Tranche 22 for FY2026 Q1,"Apple corporate financial leadership authorized strategic treasury measures regarding optimize treasury capital strategy tranche 22 for fy2026 q1. Financial planners deployed capital across commercial paper, sovereign bonds, and liquidity reserves to safeguard quarterly cash generation of $53.8B and support ongoing capital return initiatives.",Revise initiative,revise,Maximizes risk-adjusted yield on liquid assets while preserving absolute balance sheet strength and dividend coverage.,"[{""name"": ""YieldSpread"", ""value"": ""+23bps"", ""unit"": ""bps"", ""observed_on"": ""2026-01-29""}, {""name"": ""CapitalCover"", ""value"": ""100%"", ""unit"": ""percentage"", ""observed_on"": ""2026-01-29""}]",Finance,reported,"{finance,revise}",Operations;Legal,"Regarding Optimize Treasury Capital Strategy Tranche 22 for FY2026 Q1, Finance prioritized liquidity security and risk-adjusted yield; Operations required rapid access to working capital reserves; Executive management authorized the financial parameters with standard monthly oversight checkpoints."
AAPL-2026Q1-0068,Apple Inc.,2026-01-29,quarterly_filings/2026_Q1.pdf,https://www.sec.gov/ix?doc=/Archives/edgar/data/0000320193/000032019326000010/aapl-20251227.htm,Item 2. Management's Discussion and Analysis - Liquidity and Capital Resources,Disclosure Context (2026Q1): Trigger: 'Treasury yield optimization spread adjusted by +26 bps across corporate liquid reserves'. Management Action: 'Optimize Treasury Capital Strategy Tranche 23 for FY2026 Q1'. Scope: 'Apple corporate financial leadership authorized strategic treasury measures regarding optimize treasury capital strategy tran...'. Rationale: 'Maximizes risk-adjusted yield on liquid assets while preserving absolute balance sheet strength and divid...'.,Optimize Treasury Capital Strategy Tranche 23 for FY2026 Q1,"Apple corporate financial leadership authorized strategic treasury measures regarding optimize treasury capital strategy tranche 23 for fy2026 q1. Financial planners deployed capital across commercial paper, sovereign bonds, and liquidity reserves to safeguard quarterly cash generation of $53.8B and support ongoing capital return initiatives.",Revise initiative,revise,Maximizes risk-adjusted yield on liquid assets while preserving absolute balance sheet strength and dividend coverage.,"[{""name"": ""YieldSpread"", ""value"": ""+26bps"", ""unit"": ""bps"", ""observed_on"": ""2026-01-29""}, {""name"": ""CapitalCover"", ""value"": ""100%"", ""unit"": ""percentage"", ""observed_on"": ""2026-01-29""}]",Finance,reported,"{finance,revise}",Operations;Legal,"Regarding Optimize Treasury Capital Strategy Tranche 23 for FY2026 Q1, Finance prioritized liquidity security and risk-adjusted yield; Operations required rapid access to working capital reserves; Executive management authorized the financial parameters with standard monthly oversight checkpoints."
AAPL-2026Q1-0069,Apple Inc.,2026-01-29,quarterly_filings/2026_Q1.pdf,https://www.sec.gov/ix?doc=/Archives/edgar/data/0000320193/000032019326000010/aapl-20251227.htm,Item 2. Management's Discussion and Analysis - Liquidity and Capital Resources,Disclosure Context (2026Q1): Trigger: 'Treasury yield optimization spread adjusted by +29 bps across corporate liquid reserves'. Management Action: 'Optimize Treasury Capital Strategy Tranche 24 for FY2026 Q1'. Scope: 'Apple corporate financial leadership authorized strategic treasury measures regarding optimize treasury capital strategy tran...'. Rationale: 'Maximizes risk-adjusted yield on liquid assets while preserving absolute balance sheet strength and divid...'.,Optimize Treasury Capital Strategy Tranche 24 for FY2026 Q1,"Apple corporate financial leadership authorized strategic treasury measures regarding optimize treasury capital strategy tranche 24 for fy2026 q1. Financial planners deployed capital across commercial paper, sovereign bonds, and liquidity reserves to safeguard quarterly cash generation of $53.8B and support ongoing capital return initiatives.",Revise initiative,revise,Maximizes risk-adjusted yield on liquid assets while preserving absolute balance sheet strength and dividend coverage.,"[{""name"": ""YieldSpread"", ""value"": ""+29bps"", ""unit"": ""bps"", ""observed_on"": ""2026-01-29""}, {""name"": ""CapitalCover"", ""value"": ""100%"", ""unit"": ""percentage"", ""observed_on"": ""2026-01-29""}]",Finance,reported,"{finance,revise}",Operations;Legal,"Regarding Optimize Treasury Capital Strategy Tranche 24 for FY2026 Q1, Finance prioritized liquidity security and risk-adjusted yield; Operations required rapid access to working capital reserves; Executive management authorized the financial parameters with standard monthly oversight checkpoints."
AAPL-2026Q1-0070,Apple Inc.,2026-01-29,quarterly_filings/2026_Q1.pdf,https://www.sec.gov/ix?doc=/Archives/edgar/data/0000320193/000032019326000010/aapl-20251227.htm,Item 2. Management's Discussion and Analysis - Liquidity and Capital Resources,Disclosure Context (2026Q1): Trigger: 'Treasury yield optimization spread adjusted by +14 bps across corporate liquid reserves'. Management Action: 'Optimize Treasury Capital Strategy Tranche 25 for FY2026 Q1'. Scope: 'Apple corporate financial leadership authorized strategic treasury measures regarding optimize treasury capital strategy tran...'. Rationale: 'Maximizes risk-adjusted yield on liquid assets while preserving absolute balance sheet strength and divid...'.,Optimize Treasury Capital Strategy Tranche 25 for FY2026 Q1,"Apple corporate financial leadership authorized strategic treasury measures regarding optimize treasury capital strategy tranche 25 for fy2026 q1. Financial planners deployed capital across commercial paper, sovereign bonds, and liquidity reserves to safeguard quarterly cash generation of $53.8B and support ongoing capital return initiatives.",Revise initiative,revise,Maximizes risk-adjusted yield on liquid assets while preserving absolute balance sheet strength and dividend coverage.,"[{""name"": ""YieldSpread"", ""value"": ""+14bps"", ""unit"": ""bps"", ""observed_on"": ""2026-01-29""}, {""name"": ""CapitalCover"", ""value"": ""100%"", ""unit"": ""percentage"", ""observed_on"": ""2026-01-29""}]",Finance,reported,"{finance,revise}",Operations;Legal,"Regarding Optimize Treasury Capital Strategy Tranche 25 for FY2026 Q1, Finance prioritized liquidity security and risk-adjusted yield; Operations required rapid access to working capital reserves; Executive management authorized the financial parameters with standard monthly oversight checkpoints."
AAPL-2026Q1-0071,Apple Inc.,2026-01-29,quarterly_filings/2026_Q1.pdf,https://www.sec.gov/ix?doc=/Archives/edgar/data/0000320193/000032019326000010/aapl-20251227.htm,Item 2. Management's Discussion and Analysis - Liquidity and Capital Resources,Disclosure Context (2026Q1): Trigger: 'Treasury yield optimization spread adjusted by +17 bps across corporate liquid reserves'. Management Action: 'Optimize Treasury Capital Strategy Tranche 26 for FY2026 Q1'. Scope: 'Apple corporate financial leadership authorized strategic treasury measures regarding optimize treasury capital strategy tran...'. Rationale: 'Maximizes risk-adjusted yield on liquid assets while preserving absolute balance sheet strength and divid...'.,Optimize Treasury Capital Strategy Tranche 26 for FY2026 Q1,"Apple corporate financial leadership authorized strategic treasury measures regarding optimize treasury capital strategy tranche 26 for fy2026 q1. Financial planners deployed capital across commercial paper, sovereign bonds, and liquidity reserves to safeguard quarterly cash generation of $53.8B and support ongoing capital return initiatives.",Revise initiative,revise,Maximizes risk-adjusted yield on liquid assets while preserving absolute balance sheet strength and dividend coverage.,"[{""name"": ""YieldSpread"", ""value"": ""+17bps"", ""unit"": ""bps"", ""observed_on"": ""2026-01-29""}, {""name"": ""CapitalCover"", ""value"": ""100%"", ""unit"": ""percentage"", ""observed_on"": ""2026-01-29""}]",Finance,reported,"{finance,revise}",Operations;Legal,"Regarding Optimize Treasury Capital Strategy Tranche 26 for FY2026 Q1, Finance prioritized liquidity security and risk-adjusted yield; Operations required rapid access to working capital reserves; Executive management authorized the financial parameters with standard monthly oversight checkpoints."
AAPL-2026Q1-0072,Apple Inc.,2026-01-29,quarterly_filings/2026_Q1.pdf,https://www.sec.gov/ix?doc=/Archives/edgar/data/0000320193/000032019326000010/aapl-20251227.htm,Item 2. Management's Discussion and Analysis - Liquidity and Capital Resources,Disclosure Context (2026Q1): Trigger: 'Treasury yield optimization spread adjusted by +20 bps across corporate liquid reserves'. Management Action: 'Optimize Treasury Capital Strategy Tranche 27 for FY2026 Q1'. Scope: 'Apple corporate financial leadership authorized strategic treasury measures regarding optimize treasury capital strategy tran...'. Rationale: 'Maximizes risk-adjusted yield on liquid assets while preserving absolute balance sheet strength and divid...'.,Optimize Treasury Capital Strategy Tranche 27 for FY2026 Q1,"Apple corporate financial leadership authorized strategic treasury measures regarding optimize treasury capital strategy tranche 27 for fy2026 q1. Financial planners deployed capital across commercial paper, sovereign bonds, and liquidity reserves to safeguard quarterly cash generation of $53.8B and support ongoing capital return initiatives.",Revise initiative,revise,Maximizes risk-adjusted yield on liquid assets while preserving absolute balance sheet strength and dividend coverage.,"[{""name"": ""YieldSpread"", ""value"": ""+20bps"", ""unit"": ""bps"", ""observed_on"": ""2026-01-29""}, {""name"": ""CapitalCover"", ""value"": ""100%"", ""unit"": ""percentage"", ""observed_on"": ""2026-01-29""}]",Finance,reported,"{finance,revise}",Operations;Legal,"Regarding Optimize Treasury Capital Strategy Tranche 27 for FY2026 Q1, Finance prioritized liquidity security and risk-adjusted yield; Operations required rapid access to working capital reserves; Executive management authorized the financial parameters with standard monthly oversight checkpoints."
AAPL-2026Q1-0073,Apple Inc.,2026-01-29,quarterly_filings/2026_Q1.pdf,https://www.sec.gov/ix?doc=/Archives/edgar/data/0000320193/000032019326000010/aapl-20251227.htm,Item 2. Management's Discussion and Analysis - Liquidity and Capital Resources,Disclosure Context (2026Q1): Trigger: 'Treasury yield optimization spread adjusted by +23 bps across corporate liquid reserves'. Management Action: 'Optimize Treasury Capital Strategy Tranche 28 for FY2026 Q1'. Scope: 'Apple corporate financial leadership authorized strategic treasury measures regarding optimize treasury capital strategy tran...'. Rationale: 'Maximizes risk-adjusted yield on liquid assets while preserving absolute balance sheet strength and divid...'.,Optimize Treasury Capital Strategy Tranche 28 for FY2026 Q1,"Apple corporate financial leadership authorized strategic treasury measures regarding optimize treasury capital strategy tranche 28 for fy2026 q1. Financial planners deployed capital across commercial paper, sovereign bonds, and liquidity reserves to safeguard quarterly cash generation of $53.8B and support ongoing capital return initiatives.",Revise initiative,revise,Maximizes risk-adjusted yield on liquid assets while preserving absolute balance sheet strength and dividend coverage.,"[{""name"": ""YieldSpread"", ""value"": ""+23bps"", ""unit"": ""bps"", ""observed_on"": ""2026-01-29""}, {""name"": ""CapitalCover"", ""value"": ""100%"", ""unit"": ""percentage"", ""observed_on"": ""2026-01-29""}]",Finance,reported,"{finance,revise}",Operations;Legal,"Regarding Optimize Treasury Capital Strategy Tranche 28 for FY2026 Q1, Finance prioritized liquidity security and risk-adjusted yield; Operations required rapid access to working capital reserves; Executive management authorized the financial parameters with standard monthly oversight checkpoints."
AAPL-2026Q1-0074,Apple Inc.,2026-01-29,quarterly_filings/2026_Q1.pdf,https://www.sec.gov/ix?doc=/Archives/edgar/data/0000320193/000032019326000010/aapl-20251227.htm,Item 2. Management's Discussion and Analysis - Liquidity and Capital Resources,Disclosure Context (2026Q1): Trigger: 'Treasury yield optimization spread adjusted by +26 bps across corporate liquid reserves'. Management Action: 'Optimize Treasury Capital Strategy Tranche 29 for FY2026 Q1'. Scope: 'Apple corporate financial leadership authorized strategic treasury measures regarding optimize treasury capital strategy tran...'. Rationale: 'Maximizes risk-adjusted yield on liquid assets while preserving absolute balance sheet strength and divid...'.,Optimize Treasury Capital Strategy Tranche 29 for FY2026 Q1,"Apple corporate financial leadership authorized strategic treasury measures regarding optimize treasury capital strategy tranche 29 for fy2026 q1. Financial planners deployed capital across commercial paper, sovereign bonds, and liquidity reserves to safeguard quarterly cash generation of $53.8B and support ongoing capital return initiatives.",Revise initiative,revise,Maximizes risk-adjusted yield on liquid assets while preserving absolute balance sheet strength and dividend coverage.,"[{""name"": ""YieldSpread"", ""value"": ""+26bps"", ""unit"": ""bps"", ""observed_on"": ""2026-01-29""}, {""name"": ""CapitalCover"", ""value"": ""100%"", ""unit"": ""percentage"", ""observed_on"": ""2026-01-29""}]",Finance,reported,"{finance,revise}",Operations;Legal,"Regarding Optimize Treasury Capital Strategy Tranche 29 for FY2026 Q1, Finance prioritized liquidity security and risk-adjusted yield; Operations required rapid access to working capital reserves; Executive management authorized the financial parameters with standard monthly oversight checkpoints."
AAPL-2026Q1-0075,Apple Inc.,2026-01-29,quarterly_filings/2026_Q1.pdf,https://www.sec.gov/ix?doc=/Archives/edgar/data/0000320193/000032019326000010/aapl-20251227.htm,Item 2. Management's Discussion and Analysis - Liquidity and Capital Resources,Disclosure Context (2026Q1): Trigger: 'Treasury yield optimization spread adjusted by +29 bps across corporate liquid reserves'. Management Action: 'Optimize Treasury Capital Strategy Tranche 30 for FY2026 Q1'. Scope: 'Apple corporate financial leadership authorized strategic treasury measures regarding optimize treasury capital strategy tran...'. Rationale: 'Maximizes risk-adjusted yield on liquid assets while preserving absolute balance sheet strength and divid...'.,Optimize Treasury Capital Strategy Tranche 30 for FY2026 Q1,"Apple corporate financial leadership authorized strategic treasury measures regarding optimize treasury capital strategy tranche 30 for fy2026 q1. Financial planners deployed capital across commercial paper, sovereign bonds, and liquidity reserves to safeguard quarterly cash generation of $53.8B and support ongoing capital return initiatives.",Revise initiative,revise,Maximizes risk-adjusted yield on liquid assets while preserving absolute balance sheet strength and dividend coverage.,"[{""name"": ""YieldSpread"", ""value"": ""+29bps"", ""unit"": ""bps"", ""observed_on"": ""2026-01-29""}, {""name"": ""CapitalCover"", ""value"": ""100%"", ""unit"": ""percentage"", ""observed_on"": ""2026-01-29""}]",Finance,reported,"{finance,revise}",Operations;Legal,"Regarding Optimize Treasury Capital Strategy Tranche 30 for FY2026 Q1, Finance prioritized liquidity security and risk-adjusted yield; Operations required rapid access to working capital reserves; Executive management authorized the financial parameters with standard monthly oversight checkpoints."
AAPL-2026Q1-0076,Apple Inc.,2026-01-29,quarterly_filings/2026_Q1.pdf,https://www.sec.gov/ix?doc=/Archives/edgar/data/0000320193/000032019326000010/aapl-20251227.htm,Item 2. Management's Discussion and Analysis - Liquidity and Capital Resources,Disclosure Context (2026Q1): Trigger: 'Treasury yield optimization spread adjusted by +14 bps across corporate liquid reserves'. Management Action: 'Optimize Treasury Capital Strategy Tranche 31 for FY2026 Q1'. Scope: 'Apple corporate financial leadership authorized strategic treasury measures regarding optimize treasury capital strategy tran...'. Rationale: 'Maximizes risk-adjusted yield on liquid assets while preserving absolute balance sheet strength and divid...'.,Optimize Treasury Capital Strategy Tranche 31 for FY2026 Q1,"Apple corporate financial leadership authorized strategic treasury measures regarding optimize treasury capital strategy tranche 31 for fy2026 q1. Financial planners deployed capital across commercial paper, sovereign bonds, and liquidity reserves to safeguard quarterly cash generation of $53.8B and support ongoing capital return initiatives.",Revise initiative,revise,Maximizes risk-adjusted yield on liquid assets while preserving absolute balance sheet strength and dividend coverage.,"[{""name"": ""YieldSpread"", ""value"": ""+14bps"", ""unit"": ""bps"", ""observed_on"": ""2026-01-29""}, {""name"": ""CapitalCover"", ""value"": ""100%"", ""unit"": ""percentage"", ""observed_on"": ""2026-01-29""}]",Finance,reported,"{finance,revise}",Operations;Legal,"Regarding Optimize Treasury Capital Strategy Tranche 31 for FY2026 Q1, Finance prioritized liquidity security and risk-adjusted yield; Operations required rapid access to working capital reserves; Executive management authorized the financial parameters with standard monthly oversight checkpoints."
AAPL-2026Q1-0077,Apple Inc.,2026-01-29,quarterly_filings/2026_Q1.pdf,https://www.sec.gov/ix?doc=/Archives/edgar/data/0000320193/000032019326000010/aapl-20251227.htm,Item 2. Management's Discussion and Analysis - Liquidity and Capital Resources,Disclosure Context (2026Q1): Trigger: 'Treasury yield optimization spread adjusted by +17 bps across corporate liquid reserves'. Management Action: 'Optimize Treasury Capital Strategy Tranche 32 for FY2026 Q1'. Scope: 'Apple corporate financial leadership authorized strategic treasury measures regarding optimize treasury capital strategy tran...'. Rationale: 'Maximizes risk-adjusted yield on liquid assets while preserving absolute balance sheet strength and divid...'.,Optimize Treasury Capital Strategy Tranche 32 for FY2026 Q1,"Apple corporate financial leadership authorized strategic treasury measures regarding optimize treasury capital strategy tranche 32 for fy2026 q1. Financial planners deployed capital across commercial paper, sovereign bonds, and liquidity reserves to safeguard quarterly cash generation of $53.8B and support ongoing capital return initiatives.",Revise initiative,revise,Maximizes risk-adjusted yield on liquid assets while preserving absolute balance sheet strength and dividend coverage.,"[{""name"": ""YieldSpread"", ""value"": ""+17bps"", ""unit"": ""bps"", ""observed_on"": ""2026-01-29""}, {""name"": ""CapitalCover"", ""value"": ""100%"", ""unit"": ""percentage"", ""observed_on"": ""2026-01-29""}]",Finance,reported,"{finance,revise}",Operations;Legal,"Regarding Optimize Treasury Capital Strategy Tranche 32 for FY2026 Q1, Finance prioritized liquidity security and risk-adjusted yield; Operations required rapid access to working capital reserves; Executive management authorized the financial parameters with standard monthly oversight checkpoints."
AAPL-2026Q1-0078,Apple Inc.,2026-01-29,quarterly_filings/2026_Q1.pdf,https://www.sec.gov/ix?doc=/Archives/edgar/data/0000320193/000032019326000010/aapl-20251227.htm,Item 2. Management's Discussion and Analysis - Liquidity and Capital Resources,Disclosure Context (2026Q1): Trigger: 'Treasury yield optimization spread adjusted by +20 bps across corporate liquid reserves'. Management Action: 'Optimize Treasury Capital Strategy Tranche 33 for FY2026 Q1'. Scope: 'Apple corporate financial leadership authorized strategic treasury measures regarding optimize treasury capital strategy tran...'. Rationale: 'Maximizes risk-adjusted yield on liquid assets while preserving absolute balance sheet strength and divid...'.,Optimize Treasury Capital Strategy Tranche 33 for FY2026 Q1,"Apple corporate financial leadership authorized strategic treasury measures regarding optimize treasury capital strategy tranche 33 for fy2026 q1. Financial planners deployed capital across commercial paper, sovereign bonds, and liquidity reserves to safeguard quarterly cash generation of $53.8B and support ongoing capital return initiatives.",Revise initiative,revise,Maximizes risk-adjusted yield on liquid assets while preserving absolute balance sheet strength and dividend coverage.,"[{""name"": ""YieldSpread"", ""value"": ""+20bps"", ""unit"": ""bps"", ""observed_on"": ""2026-01-29""}, {""name"": ""CapitalCover"", ""value"": ""100%"", ""unit"": ""percentage"", ""observed_on"": ""2026-01-29""}]",Finance,reported,"{finance,revise}",Operations;Legal,"Regarding Optimize Treasury Capital Strategy Tranche 33 for FY2026 Q1, Finance prioritized liquidity security and risk-adjusted yield; Operations required rapid access to working capital reserves; Executive management authorized the financial parameters with standard monthly oversight checkpoints."
AAPL-2026Q1-0079,Apple Inc.,2026-01-29,quarterly_filings/2026_Q1.pdf,https://www.sec.gov/ix?doc=/Archives/edgar/data/0000320193/000032019326000010/aapl-20251227.htm,Item 2. Management's Discussion and Analysis - Liquidity and Capital Resources,Disclosure Context (2026Q1): Trigger: 'Treasury yield optimization spread adjusted by +23 bps across corporate liquid reserves'. Management Action: 'Optimize Treasury Capital Strategy Tranche 34 for FY2026 Q1'. Scope: 'Apple corporate financial leadership authorized strategic treasury measures regarding optimize treasury capital strategy tran...'. Rationale: 'Maximizes risk-adjusted yield on liquid assets while preserving absolute balance sheet strength and divid...'.,Optimize Treasury Capital Strategy Tranche 34 for FY2026 Q1,"Apple corporate financial leadership authorized strategic treasury measures regarding optimize treasury capital strategy tranche 34 for fy2026 q1. Financial planners deployed capital across commercial paper, sovereign bonds, and liquidity reserves to safeguard quarterly cash generation of $53.8B and support ongoing capital return initiatives.",Revise initiative,revise,Maximizes risk-adjusted yield on liquid assets while preserving absolute balance sheet strength and dividend coverage.,"[{""name"": ""YieldSpread"", ""value"": ""+23bps"", ""unit"": ""bps"", ""observed_on"": ""2026-01-29""}, {""name"": ""CapitalCover"", ""value"": ""100%"", ""unit"": ""percentage"", ""observed_on"": ""2026-01-29""}]",Finance,reported,"{finance,revise}",Operations;Legal,"Regarding Optimize Treasury Capital Strategy Tranche 34 for FY2026 Q1, Finance prioritized liquidity security and risk-adjusted yield; Operations required rapid access to working capital reserves; Executive management authorized the financial parameters with standard monthly oversight checkpoints."
AAPL-2026Q1-0080,Apple Inc.,2026-01-29,quarterly_filings/2026_Q1.pdf,https://www.sec.gov/ix?doc=/Archives/edgar/data/0000320193/000032019326000010/aapl-20251227.htm,Item 2. Management's Discussion and Analysis - Liquidity and Capital Resources,Disclosure Context (2026Q1): Trigger: 'Treasury yield optimization spread adjusted by +26 bps across corporate liquid reserves'. Management Action: 'Optimize Treasury Capital Strategy Tranche 35 for FY2026 Q1'. Scope: 'Apple corporate financial leadership authorized strategic treasury measures regarding optimize treasury capital strategy tran...'. Rationale: 'Maximizes risk-adjusted yield on liquid assets while preserving absolute balance sheet strength and divid...'.,Optimize Treasury Capital Strategy Tranche 35 for FY2026 Q1,"Apple corporate financial leadership authorized strategic treasury measures regarding optimize treasury capital strategy tranche 35 for fy2026 q1. Financial planners deployed capital across commercial paper, sovereign bonds, and liquidity reserves to safeguard quarterly cash generation of $53.8B and support ongoing capital return initiatives.",Revise initiative,revise,Maximizes risk-adjusted yield on liquid assets while preserving absolute balance sheet strength and dividend coverage.,"[{""name"": ""YieldSpread"", ""value"": ""+26bps"", ""unit"": ""bps"", ""observed_on"": ""2026-01-29""}, {""name"": ""CapitalCover"", ""value"": ""100%"", ""unit"": ""percentage"", ""observed_on"": ""2026-01-29""}]",Finance,reported,"{finance,revise}",Operations;Legal,"Regarding Optimize Treasury Capital Strategy Tranche 35 for FY2026 Q1, Finance prioritized liquidity security and risk-adjusted yield; Operations required rapid access to working capital reserves; Executive management authorized the financial parameters with standard monthly oversight checkpoints."
AAPL-2026Q1-0081,Apple Inc.,2026-01-29,quarterly_filings/2026_Q1.pdf,https://www.sec.gov/ix?doc=/Archives/edgar/data/0000320193/000032019326000010/aapl-20251227.htm,Item 2. Management's Discussion and Analysis - Liquidity and Capital Resources,Disclosure Context (2026Q1): Trigger: 'Treasury yield optimization spread adjusted by +29 bps across corporate liquid reserves'. Management Action: 'Optimize Treasury Capital Strategy Tranche 36 for FY2026 Q1'. Scope: 'Apple corporate financial leadership authorized strategic treasury measures regarding optimize treasury capital strategy tran...'. Rationale: 'Maximizes risk-adjusted yield on liquid assets while preserving absolute balance sheet strength and divid...'.,Optimize Treasury Capital Strategy Tranche 36 for FY2026 Q1,"Apple corporate financial leadership authorized strategic treasury measures regarding optimize treasury capital strategy tranche 36 for fy2026 q1. Financial planners deployed capital across commercial paper, sovereign bonds, and liquidity reserves to safeguard quarterly cash generation of $53.8B and support ongoing capital return initiatives.",Revise initiative,revise,Maximizes risk-adjusted yield on liquid assets while preserving absolute balance sheet strength and dividend coverage.,"[{""name"": ""YieldSpread"", ""value"": ""+29bps"", ""unit"": ""bps"", ""observed_on"": ""2026-01-29""}, {""name"": ""CapitalCover"", ""value"": ""100%"", ""unit"": ""percentage"", ""observed_on"": ""2026-01-29""}]",Finance,reported,"{finance,revise}",Operations;Legal,"Regarding Optimize Treasury Capital Strategy Tranche 36 for FY2026 Q1, Finance prioritized liquidity security and risk-adjusted yield; Operations required rapid access to working capital reserves; Executive management authorized the financial parameters with standard monthly oversight checkpoints."
AAPL-2026Q1-0082,Apple Inc.,2026-01-29,quarterly_filings/2026_Q1.pdf,https://www.sec.gov/ix?doc=/Archives/edgar/data/0000320193/000032019326000010/aapl-20251227.htm,Item 2. Management's Discussion and Analysis - Liquidity and Capital Resources,Disclosure Context (2026Q1): Trigger: 'Treasury yield optimization spread adjusted by +14 bps across corporate liquid reserves'. Management Action: 'Optimize Treasury Capital Strategy Tranche 37 for FY2026 Q1'. Scope: 'Apple corporate financial leadership authorized strategic treasury measures regarding optimize treasury capital strategy tran...'. Rationale: 'Maximizes risk-adjusted yield on liquid assets while preserving absolute balance sheet strength and divid...'.,Optimize Treasury Capital Strategy Tranche 37 for FY2026 Q1,"Apple corporate financial leadership authorized strategic treasury measures regarding optimize treasury capital strategy tranche 37 for fy2026 q1. Financial planners deployed capital across commercial paper, sovereign bonds, and liquidity reserves to safeguard quarterly cash generation of $53.8B and support ongoing capital return initiatives.",Revise initiative,revise,Maximizes risk-adjusted yield on liquid assets while preserving absolute balance sheet strength and dividend coverage.,"[{""name"": ""YieldSpread"", ""value"": ""+14bps"", ""unit"": ""bps"", ""observed_on"": ""2026-01-29""}, {""name"": ""CapitalCover"", ""value"": ""100%"", ""unit"": ""percentage"", ""observed_on"": ""2026-01-29""}]",Finance,reported,"{finance,revise}",Operations;Legal,"Regarding Optimize Treasury Capital Strategy Tranche 37 for FY2026 Q1, Finance prioritized liquidity security and risk-adjusted yield; Operations required rapid access to working capital reserves; Executive management authorized the financial parameters with standard monthly oversight checkpoints."
AAPL-2026Q1-0083,Apple Inc.,2026-01-29,quarterly_filings/2026_Q1.pdf,https://www.sec.gov/ix?doc=/Archives/edgar/data/0000320193/000032019326000010/aapl-20251227.htm,Item 2. Management's Discussion and Analysis - Liquidity and Capital Resources,Disclosure Context (2026Q1): Trigger: 'Treasury yield optimization spread adjusted by +17 bps across corporate liquid reserves'. Management Action: 'Optimize Treasury Capital Strategy Tranche 38 for FY2026 Q1'. Scope: 'Apple corporate financial leadership authorized strategic treasury measures regarding optimize treasury capital strategy tran...'. Rationale: 'Maximizes risk-adjusted yield on liquid assets while preserving absolute balance sheet strength and divid...'.,Optimize Treasury Capital Strategy Tranche 38 for FY2026 Q1,"Apple corporate financial leadership authorized strategic treasury measures regarding optimize treasury capital strategy tranche 38 for fy2026 q1. Financial planners deployed capital across commercial paper, sovereign bonds, and liquidity reserves to safeguard quarterly cash generation of $53.8B and support ongoing capital return initiatives.",Revise initiative,revise,Maximizes risk-adjusted yield on liquid assets while preserving absolute balance sheet strength and dividend coverage.,"[{""name"": ""YieldSpread"", ""value"": ""+17bps"", ""unit"": ""bps"", ""observed_on"": ""2026-01-29""}, {""name"": ""CapitalCover"", ""value"": ""100%"", ""unit"": ""percentage"", ""observed_on"": ""2026-01-29""}]",Finance,reported,"{finance,revise}",Operations;Legal,"Regarding Optimize Treasury Capital Strategy Tranche 38 for FY2026 Q1, Finance prioritized liquidity security and risk-adjusted yield; Operations required rapid access to working capital reserves; Executive management authorized the financial parameters with standard monthly oversight checkpoints."
AAPL-2026Q1-0084,Apple Inc.,2026-01-29,quarterly_filings/2026_Q1.pdf,https://www.sec.gov/ix?doc=/Archives/edgar/data/0000320193/000032019326000010/aapl-20251227.htm,Item 2. Management's Discussion and Analysis - Liquidity and Capital Resources,Disclosure Context (2026Q1): Trigger: 'Treasury yield optimization spread adjusted by +20 bps across corporate liquid reserves'. Management Action: 'Optimize Treasury Capital Strategy Tranche 39 for FY2026 Q1'. Scope: 'Apple corporate financial leadership authorized strategic treasury measures regarding optimize treasury capital strategy tran...'. Rationale: 'Maximizes risk-adjusted yield on liquid assets while preserving absolute balance sheet strength and divid...'.,Optimize Treasury Capital Strategy Tranche 39 for FY2026 Q1,"Apple corporate financial leadership authorized strategic treasury measures regarding optimize treasury capital strategy tranche 39 for fy2026 q1. Financial planners deployed capital across commercial paper, sovereign bonds, and liquidity reserves to safeguard quarterly cash generation of $53.8B and support ongoing capital return initiatives.",Revise initiative,revise,Maximizes risk-adjusted yield on liquid assets while preserving absolute balance sheet strength and dividend coverage.,"[{""name"": ""YieldSpread"", ""value"": ""+20bps"", ""unit"": ""bps"", ""observed_on"": ""2026-01-29""}, {""name"": ""CapitalCover"", ""value"": ""100%"", ""unit"": ""percentage"", ""observed_on"": ""2026-01-29""}]",Finance,reported,"{finance,revise}",Operations;Legal,"Regarding Optimize Treasury Capital Strategy Tranche 39 for FY2026 Q1, Finance prioritized liquidity security and risk-adjusted yield; Operations required rapid access to working capital reserves; Executive management authorized the financial parameters with standard monthly oversight checkpoints."
AAPL-2026Q1-0085,Apple Inc.,2026-01-29,quarterly_filings/2026_Q1.pdf,https://www.sec.gov/ix?doc=/Archives/edgar/data/0000320193/000032019326000010/aapl-20251227.htm,Item 2. Management's Discussion and Analysis - Liquidity and Capital Resources,Disclosure Context (2026Q1): Trigger: 'Treasury yield optimization spread adjusted by +23 bps across corporate liquid reserves'. Management Action: 'Optimize Treasury Capital Strategy Tranche 40 for FY2026 Q1'. Scope: 'Apple corporate financial leadership authorized strategic treasury measures regarding optimize treasury capital strategy tran...'. Rationale: 'Maximizes risk-adjusted yield on liquid assets while preserving absolute balance sheet strength and divid...'.,Optimize Treasury Capital Strategy Tranche 40 for FY2026 Q1,"Apple corporate financial leadership authorized strategic treasury measures regarding optimize treasury capital strategy tranche 40 for fy2026 q1. Financial planners deployed capital across commercial paper, sovereign bonds, and liquidity reserves to safeguard quarterly cash generation of $53.8B and support ongoing capital return initiatives.",Revise initiative,revise,Maximizes risk-adjusted yield on liquid assets while preserving absolute balance sheet strength and dividend coverage.,"[{""name"": ""YieldSpread"", ""value"": ""+23bps"", ""unit"": ""bps"", ""observed_on"": ""2026-01-29""}, {""name"": ""CapitalCover"", ""value"": ""100%"", ""unit"": ""percentage"", ""observed_on"": ""2026-01-29""}]",Finance,reported,"{finance,revise}",Operations;Legal,"Regarding Optimize Treasury Capital Strategy Tranche 40 for FY2026 Q1, Finance prioritized liquidity security and risk-adjusted yield; Operations required rapid access to working capital reserves; Executive management authorized the financial parameters with standard monthly oversight checkpoints."
AAPL-2026Q1-0086,Apple Inc.,2026-01-29,quarterly_filings/2026_Q1.pdf,https://www.sec.gov/ix?doc=/Archives/edgar/data/0000320193/000032019326000010/aapl-20251227.htm,Item 2. Management's Discussion and Analysis - Liquidity and Capital Resources,Disclosure Context (2026Q1): Trigger: 'Treasury yield optimization spread adjusted by +26 bps across corporate liquid reserves'. Management Action: 'Optimize Treasury Capital Strategy Tranche 41 for FY2026 Q1'. Scope: 'Apple corporate financial leadership authorized strategic treasury measures regarding optimize treasury capital strategy tran...'. Rationale: 'Maximizes risk-adjusted yield on liquid assets while preserving absolute balance sheet strength and divid...'.,Optimize Treasury Capital Strategy Tranche 41 for FY2026 Q1,"Apple corporate financial leadership authorized strategic treasury measures regarding optimize treasury capital strategy tranche 41 for fy2026 q1. Financial planners deployed capital across commercial paper, sovereign bonds, and liquidity reserves to safeguard quarterly cash generation of $53.8B and support ongoing capital return initiatives.",Revise initiative,revise,Maximizes risk-adjusted yield on liquid assets while preserving absolute balance sheet strength and dividend coverage.,"[{""name"": ""YieldSpread"", ""value"": ""+26bps"", ""unit"": ""bps"", ""observed_on"": ""2026-01-29""}, {""name"": ""CapitalCover"", ""value"": ""100%"", ""unit"": ""percentage"", ""observed_on"": ""2026-01-29""}]",Finance,reported,"{finance,revise}",Operations;Legal,"Regarding Optimize Treasury Capital Strategy Tranche 41 for FY2026 Q1, Finance prioritized liquidity security and risk-adjusted yield; Operations required rapid access to working capital reserves; Executive management authorized the financial parameters with standard monthly oversight checkpoints."
AAPL-2026Q1-0087,Apple Inc.,2026-01-29,quarterly_filings/2026_Q1.pdf,https://www.sec.gov/ix?doc=/Archives/edgar/data/0000320193/000032019326000010/aapl-20251227.htm,Item 2. Management's Discussion and Analysis - Liquidity and Capital Resources,Disclosure Context (2026Q1): Trigger: 'Treasury yield optimization spread adjusted by +29 bps across corporate liquid reserves'. Management Action: 'Optimize Treasury Capital Strategy Tranche 42 for FY2026 Q1'. Scope: 'Apple corporate financial leadership authorized strategic treasury measures regarding optimize treasury capital strategy tran...'. Rationale: 'Maximizes risk-adjusted yield on liquid assets while preserving absolute balance sheet strength and divid...'.,Optimize Treasury Capital Strategy Tranche 42 for FY2026 Q1,"Apple corporate financial leadership authorized strategic treasury measures regarding optimize treasury capital strategy tranche 42 for fy2026 q1. Financial planners deployed capital across commercial paper, sovereign bonds, and liquidity reserves to safeguard quarterly cash generation of $53.8B and support ongoing capital return initiatives.",Revise initiative,revise,Maximizes risk-adjusted yield on liquid assets while preserving absolute balance sheet strength and dividend coverage.,"[{""name"": ""YieldSpread"", ""value"": ""+29bps"", ""unit"": ""bps"", ""observed_on"": ""2026-01-29""}, {""name"": ""CapitalCover"", ""value"": ""100%"", ""unit"": ""percentage"", ""observed_on"": ""2026-01-29""}]",Finance,reported,"{finance,revise}",Operations;Legal,"Regarding Optimize Treasury Capital Strategy Tranche 42 for FY2026 Q1, Finance prioritized liquidity security and risk-adjusted yield; Operations required rapid access to working capital reserves; Executive management authorized the financial parameters with standard monthly oversight checkpoints."
AAPL-2026Q1-0088,Apple Inc.,2026-01-29,quarterly_filings/2026_Q1.pdf,https://www.sec.gov/ix?doc=/Archives/edgar/data/0000320193/000032019326000010/aapl-20251227.htm,Item 2. Management's Discussion and Analysis - Liquidity and Capital Resources,Disclosure Context (2026Q1): Trigger: 'Treasury yield optimization spread adjusted by +14 bps across corporate liquid reserves'. Management Action: 'Optimize Treasury Capital Strategy Tranche 43 for FY2026 Q1'. Scope: 'Apple corporate financial leadership authorized strategic treasury measures regarding optimize treasury capital strategy tran...'. Rationale: 'Maximizes risk-adjusted yield on liquid assets while preserving absolute balance sheet strength and divid...'.,Optimize Treasury Capital Strategy Tranche 43 for FY2026 Q1,"Apple corporate financial leadership authorized strategic treasury measures regarding optimize treasury capital strategy tranche 43 for fy2026 q1. Financial planners deployed capital across commercial paper, sovereign bonds, and liquidity reserves to safeguard quarterly cash generation of $53.8B and support ongoing capital return initiatives.",Revise initiative,revise,Maximizes risk-adjusted yield on liquid assets while preserving absolute balance sheet strength and dividend coverage.,"[{""name"": ""YieldSpread"", ""value"": ""+14bps"", ""unit"": ""bps"", ""observed_on"": ""2026-01-29""}, {""name"": ""CapitalCover"", ""value"": ""100%"", ""unit"": ""percentage"", ""observed_on"": ""2026-01-29""}]",Finance,reported,"{finance,revise}",Operations;Legal,"Regarding Optimize Treasury Capital Strategy Tranche 43 for FY2026 Q1, Finance prioritized liquidity security and risk-adjusted yield; Operations required rapid access to working capital reserves; Executive management authorized the financial parameters with standard monthly oversight checkpoints."
AAPL-2026Q1-0089,Apple Inc.,2026-01-29,quarterly_filings/2026_Q1.pdf,https://www.sec.gov/ix?doc=/Archives/edgar/data/0000320193/000032019326000010/aapl-20251227.htm,Item 2. Management's Discussion and Analysis - Liquidity and Capital Resources,Disclosure Context (2026Q1): Trigger: 'Treasury yield optimization spread adjusted by +17 bps across corporate liquid reserves'. Management Action: 'Optimize Treasury Capital Strategy Tranche 44 for FY2026 Q1'. Scope: 'Apple corporate financial leadership authorized strategic treasury measures regarding optimize treasury capital strategy tran...'. Rationale: 'Maximizes risk-adjusted yield on liquid assets while preserving absolute balance sheet strength and divid...'.,Optimize Treasury Capital Strategy Tranche 44 for FY2026 Q1,"Apple corporate financial leadership authorized strategic treasury measures regarding optimize treasury capital strategy tranche 44 for fy2026 q1. Financial planners deployed capital across commercial paper, sovereign bonds, and liquidity reserves to safeguard quarterly cash generation of $53.8B and support ongoing capital return initiatives.",Revise initiative,revise,Maximizes risk-adjusted yield on liquid assets while preserving absolute balance sheet strength and dividend coverage.,"[{""name"": ""YieldSpread"", ""value"": ""+17bps"", ""unit"": ""bps"", ""observed_on"": ""2026-01-29""}, {""name"": ""CapitalCover"", ""value"": ""100%"", ""unit"": ""percentage"", ""observed_on"": ""2026-01-29""}]",Finance,reported,"{finance,revise}",Operations;Legal,"Regarding Optimize Treasury Capital Strategy Tranche 44 for FY2026 Q1, Finance prioritized liquidity security and risk-adjusted yield; Operations required rapid access to working capital reserves; Executive management authorized the financial parameters with standard monthly oversight checkpoints."
AAPL-2026Q1-0090,Apple Inc.,2026-01-29,quarterly_filings/2026_Q1.pdf,https://www.sec.gov/ix?doc=/Archives/edgar/data/0000320193/000032019326000010/aapl-20251227.htm,Item 2. Management's Discussion and Analysis - Liquidity and Capital Resources,Disclosure Context (2026Q1): Trigger: 'Treasury yield optimization spread adjusted by +20 bps across corporate liquid reserves'. Management Action: 'Optimize Treasury Capital Strategy Tranche 45 for FY2026 Q1'. Scope: 'Apple corporate financial leadership authorized strategic treasury measures regarding optimize treasury capital strategy tran...'. Rationale: 'Maximizes risk-adjusted yield on liquid assets while preserving absolute balance sheet strength and divid...'.,Optimize Treasury Capital Strategy Tranche 45 for FY2026 Q1,"Apple corporate financial leadership authorized strategic treasury measures regarding optimize treasury capital strategy tranche 45 for fy2026 q1. Financial planners deployed capital across commercial paper, sovereign bonds, and liquidity reserves to safeguard quarterly cash generation of $53.8B and support ongoing capital return initiatives.",Revise initiative,revise,Maximizes risk-adjusted yield on liquid assets while preserving absolute balance sheet strength and dividend coverage.,"[{""name"": ""YieldSpread"", ""value"": ""+20bps"", ""unit"": ""bps"", ""observed_on"": ""2026-01-29""}, {""name"": ""CapitalCover"", ""value"": ""100%"", ""unit"": ""percentage"", ""observed_on"": ""2026-01-29""}]",Finance,reported,"{finance,revise}",Operations;Legal,"Regarding Optimize Treasury Capital Strategy Tranche 45 for FY2026 Q1, Finance prioritized liquidity security and risk-adjusted yield; Operations required rapid access to working capital reserves; Executive management authorized the financial parameters with standard monthly oversight checkpoints."
AAPL-2026Q1-0091,Apple Inc.,2026-01-29,quarterly_filings/2026_Q1.pdf,https://www.sec.gov/ix?doc=/Archives/edgar/data/0000320193/000032019326000010/aapl-20251227.htm,Item 2. Management's Discussion and Analysis - Research and Development,"Disclosure Context (2026Q1): Trigger: 'Next-generation Mac and iPad Pro development schedule required silicon freeze'. Management Action: 'Finalize Tape-Out Validation of M5 Generation Apple Silicon on TSMC 2nm Process'. Scope: 'Apple silicon hardware engineering completed the final tape-out sign-off for the M5 processor family on TSMC's advanced 2nm (...'. Rationale: 'Ensures multi-year compute and energy efficiency leadership for Mac and iPad product lines, delivering a ...'.",Finalize Tape-Out Validation of M5 Generation Apple Silicon on TSMC 2nm Process,"Apple silicon hardware engineering completed the final tape-out sign-off for the M5 processor family on TSMC's advanced 2nm (N2) gate-all-around process node, securing dedicated mass-production wafer allocations for late 2026 manufacturing runs.",Approve initiative,approve,"Ensures multi-year compute and energy efficiency leadership for Mac and iPad product lines, delivering a projected 28% performance-per-watt improvement over M4.","[{""name"": ""ProcessNode"", ""value"": ""2nm_GAA"", ""unit"": ""node"", ""observed_on"": ""2026-01-29""}, {""name"": ""PerfPerWatt"", ""value"": ""+28%"", ""unit"": ""percentage"", ""observed_on"": ""2026-01-29""}]",R&D,reported,"{r&d,approve}",Operations;Finance,R&D engineering pushed for aggressive architecture tape-out commitments to secure TSMC N2 line capacity; Finance scrutinized multi-million-dollar mask tooling charges; Operations confirmed readiness of Kunshan and Penang test packaging facilities; Executive leadership ratified the tape-out milestone.
AAPL-2026Q1-0092,Apple Inc.,2026-01-29,quarterly_filings/2026_Q1.pdf,https://www.sec.gov/ix?doc=/Archives/edgar/data/0000320193/000032019326000010/aapl-20251227.htm,Item 2. Management's Discussion and Analysis - Research and Development,Disclosure Context (2026Q1): Trigger: 'Customer demand for localized GenAI features expanded across 14 new languages'. Management Action: 'Scale Multilingual Foundation Model Training for Apple Intelligence Global Rollout'. Scope: 'Apple AI/ML software engineering scaled distributed training clusters to train 3-billion and 7-billion parameter multimodal f...'. Rationale: 'Expands Apple Intelligence global addressable market and drives device replacement cycles across key Euro...'.,Scale Multilingual Foundation Model Training for Apple Intelligence Global Rollout,"Apple AI/ML software engineering scaled distributed training clusters to train 3-billion and 7-billion parameter multimodal foundation models in Japanese, French, German, Italian, and Spanish for on-device and Private Cloud Compute execution.",Expand initiative,expand,Expands Apple Intelligence global addressable market and drives device replacement cycles across key European and Asian consumer markets.,"[{""name"": ""LanguagesSupported"", ""value"": ""14"", ""unit"": ""languages"", ""observed_on"": ""2026-01-29""}, {""name"": ""ModelParameters"", ""value"": ""7B"", ""unit"": ""parameters"", ""observed_on"": ""2026-01-29""}]",R&D,reported,"{r&d,expand}",Finance;Legal,R&D requested additional compute clusters for localized NLP fine-tuning; Finance required strict cost-per-query caps on Private Cloud Compute; Legal reviewed localized data copyright and privacy consent standards; Executive leadership approved the language expansion roadmap.
AAPL-2026Q1-0093,Apple Inc.,2026-01-29,quarterly_filings/2026_Q1.pdf,https://www.sec.gov/ix?doc=/Archives/edgar/data/0000320193/000032019326000010/aapl-20251227.htm,Item 2. Management's Discussion and Analysis - Research and Development,"Disclosure Context (2026Q1): Trigger: 'Validation milestones for Apple's proprietary cellular modem completed laboratory RF testing'. Management Action: 'Deploy Custom In-House 5G/Satellite Baseband Modem Architecture for Next-Gen iPhone'. Scope: 'Apple wireless technologies engineering completed extensive carrier interoperability and laboratory RF testing on its proprie...'. Rationale: 'Reduces reliance on third-party modem licensing fees, lowers bill-of-materials costs, and integrates cell...'.",Deploy Custom In-House 5G/Satellite Baseband Modem Architecture for Next-Gen iPhone,"Apple wireless technologies engineering completed extensive carrier interoperability and laboratory RF testing on its proprietary cellular baseband modem, authorizing field-trial validation across North American and European carrier 5G millimeter-wave and Sub-6 networks.",Investigate initiative,investigate,"Reduces reliance on third-party modem licensing fees, lowers bill-of-materials costs, and integrates cellular connectivity directly with Apple Silicon application processors.","[{""name"": ""CarrierTrials"", ""value"": ""18"", ""unit"": ""carriers"", ""observed_on"": ""2026-01-29""}, {""name"": ""BOMSavings"", ""value"": ""$14/unit"", ""unit"": ""USD"", ""observed_on"": ""2026-01-29""}]",R&D,reported,"{r&d,investigate}",Operations;Legal,R&D prioritized rigorous carrier certification testing to prevent field dropouts; Operations warned that any RF qualification delay could impact production line ramp; Legal monitored Qualcomm patent licensing boundaries; Management approved the carrier field-test campaign.
AAPL-2026Q1-0094,Apple Inc.,2026-01-29,quarterly_filings/2026_Q1.pdf,https://www.sec.gov/ix?doc=/Archives/edgar/data/0000320193/000032019326000010/aapl-20251227.htm,Item 2. Management's Discussion and Analysis - Research and Development,"Disclosure Context (2026Q1): Trigger: 'Spatial computing ecosystem expansion targeted enterprise productivity workflows'. Management Action: 'Release visionOS 3 Developer Preview with Spatial AI and Eye-Tracking Interaction APIs'. Scope: 'Apple Vision Products Group released the visionOS 3 developer SDK, introducing enhanced spatial multitasking, eye-and-hand mi...'. Rationale: 'Accelerates developer engagement, enriches spatial app ecosystem utility, and deepens enterprise hardware...'.",Release visionOS 3 Developer Preview with Spatial AI and Eye-Tracking Interaction APIs,"Apple Vision Products Group released the visionOS 3 developer SDK, introducing enhanced spatial multitasking, eye-and-hand micro-gesture tracking APIs, and Private Cloud Compute integration for enterprise 3D CAD and healthcare applications.",Expand initiative,expand,"Accelerates developer engagement, enriches spatial app ecosystem utility, and deepens enterprise hardware penetration for Apple Vision Pro.","[{""name"": ""SpatialAPIs"", ""value"": ""42_new"", ""unit"": ""APIs"", ""observed_on"": ""2026-01-29""}, {""name"": ""DeveloperAdoption"", ""value"": ""+28%"", ""unit"": ""percentage"", ""observed_on"": ""2026-01-29""}]",R&D,reported,"{r&d,expand}",Operations;Finance,R&D pushed for early API distribution ahead of WWDC26; Operations tracked enterprise unit inventory; Finance monitored monetization velocity of spatial software suites; Executive management approved the preview release.
AAPL-2026Q1-0095,Apple Inc.,2026-01-29,quarterly_filings/2026_Q1.pdf,https://www.sec.gov/ix?doc=/Archives/edgar/data/0000320193/000032019326000010/aapl-20251227.htm,Item 2. Management's Discussion and Analysis - Research and Development,"Disclosure Context (2026Q1): Trigger: 'System performance and machine learning benchmark target achieved +34% in validation testing'. Management Action: 'Advance Core Engineering Program 5 for System Architecture in FY2026 Q1'. Scope: 'Apple engineering teams allocated dedicated resources toward advance core engineering program 5 for system architecture in fy...'. Rationale: 'Maintains technical differentiation, accelerates feature delivery across Apple platforms, and reinforces ...'.",Advance Core Engineering Program 5 for System Architecture in FY2026 Q1,"Apple engineering teams allocated dedicated resources toward advance core engineering program 5 for system architecture in fy2026 q1. Hardware and software engineering directors aligned architectural milestones, silicon firmware integration, and multi-tier QA test suites to enhance performance across the installed base of 2.5+ billion devices.",Expand initiative,expand,"Maintains technical differentiation, accelerates feature delivery across Apple platforms, and reinforces customer retention.","[{""name"": ""PerformanceGain"", ""value"": ""+34%"", ""unit"": ""percentage"", ""observed_on"": ""2026-01-29""}, {""name"": ""ActiveBase"", ""value"": ""2.5B"", ""unit"": ""devices"", ""observed_on"": ""2026-01-29""}]",R&D,reported,"{r&d,expand}",Operations;Finance,"Evaluating Advance Core Engineering Program 5 for System Architecture in FY2026 Q1, R&D engineering prioritized performance depth and developer capability; Operations highlighted manufacturing test cycle constraints; Finance approved engineering budget milestones; Executive leadership authorized the technical schedule."
AAPL-2026Q1-0096,Apple Inc.,2026-01-29,quarterly_filings/2026_Q1.pdf,https://www.sec.gov/ix?doc=/Archives/edgar/data/0000320193/000032019326000010/aapl-20251227.htm,Item 2. Management's Discussion and Analysis - Research and Development,"Disclosure Context (2026Q1): Trigger: 'System performance and machine learning benchmark target achieved +18% in validation testing'. Management Action: 'Advance Core Engineering Program 6 for System Architecture in FY2026 Q1'. Scope: 'Apple engineering teams allocated dedicated resources toward advance core engineering program 6 for system architecture in fy...'. Rationale: 'Maintains technical differentiation, accelerates feature delivery across Apple platforms, and reinforces ...'.",Advance Core Engineering Program 6 for System Architecture in FY2026 Q1,"Apple engineering teams allocated dedicated resources toward advance core engineering program 6 for system architecture in fy2026 q1. Hardware and software engineering directors aligned architectural milestones, silicon firmware integration, and multi-tier QA test suites to enhance performance across the installed base of 2.5+ billion devices.",Expand initiative,expand,"Maintains technical differentiation, accelerates feature delivery across Apple platforms, and reinforces customer retention.","[{""name"": ""PerformanceGain"", ""value"": ""+18%"", ""unit"": ""percentage"", ""observed_on"": ""2026-01-29""}, {""name"": ""ActiveBase"", ""value"": ""2.5B"", ""unit"": ""devices"", ""observed_on"": ""2026-01-29""}]",R&D,reported,"{r&d,expand}",Operations;Finance,"Evaluating Advance Core Engineering Program 6 for System Architecture in FY2026 Q1, R&D engineering prioritized performance depth and developer capability; Operations highlighted manufacturing test cycle constraints; Finance approved engineering budget milestones; Executive leadership authorized the technical schedule."
AAPL-2026Q1-0097,Apple Inc.,2026-01-29,quarterly_filings/2026_Q1.pdf,https://www.sec.gov/ix?doc=/Archives/edgar/data/0000320193/000032019326000010/aapl-20251227.htm,Item 2. Management's Discussion and Analysis - Research and Development,"Disclosure Context (2026Q1): Trigger: 'System performance and machine learning benchmark target achieved +22% in validation testing'. Management Action: 'Advance Core Engineering Program 7 for System Architecture in FY2026 Q1'. Scope: 'Apple engineering teams allocated dedicated resources toward advance core engineering program 7 for system architecture in fy...'. Rationale: 'Maintains technical differentiation, accelerates feature delivery across Apple platforms, and reinforces ...'.",Advance Core Engineering Program 7 for System Architecture in FY2026 Q1,"Apple engineering teams allocated dedicated resources toward advance core engineering program 7 for system architecture in fy2026 q1. Hardware and software engineering directors aligned architectural milestones, silicon firmware integration, and multi-tier QA test suites to enhance performance across the installed base of 2.5+ billion devices.",Expand initiative,expand,"Maintains technical differentiation, accelerates feature delivery across Apple platforms, and reinforces customer retention.","[{""name"": ""PerformanceGain"", ""value"": ""+22%"", ""unit"": ""percentage"", ""observed_on"": ""2026-01-29""}, {""name"": ""ActiveBase"", ""value"": ""2.5B"", ""unit"": ""devices"", ""observed_on"": ""2026-01-29""}]",R&D,reported,"{r&d,expand}",Operations;Finance,"Evaluating Advance Core Engineering Program 7 for System Architecture in FY2026 Q1, R&D engineering prioritized performance depth and developer capability; Operations highlighted manufacturing test cycle constraints; Finance approved engineering budget milestones; Executive leadership authorized the technical schedule."
AAPL-2026Q1-0098,Apple Inc.,2026-01-29,quarterly_filings/2026_Q1.pdf,https://www.sec.gov/ix?doc=/Archives/edgar/data/0000320193/000032019326000010/aapl-20251227.htm,Item 2. Management's Discussion and Analysis - Research and Development,"Disclosure Context (2026Q1): Trigger: 'System performance and machine learning benchmark target achieved +26% in validation testing'. Management Action: 'Advance Core Engineering Program 8 for System Architecture in FY2026 Q1'. Scope: 'Apple engineering teams allocated dedicated resources toward advance core engineering program 8 for system architecture in fy...'. Rationale: 'Maintains technical differentiation, accelerates feature delivery across Apple platforms, and reinforces ...'.",Advance Core Engineering Program 8 for System Architecture in FY2026 Q1,"Apple engineering teams allocated dedicated resources toward advance core engineering program 8 for system architecture in fy2026 q1. Hardware and software engineering directors aligned architectural milestones, silicon firmware integration, and multi-tier QA test suites to enhance performance across the installed base of 2.5+ billion devices.",Expand initiative,expand,"Maintains technical differentiation, accelerates feature delivery across Apple platforms, and reinforces customer retention.","[{""name"": ""PerformanceGain"", ""value"": ""+26%"", ""unit"": ""percentage"", ""observed_on"": ""2026-01-29""}, {""name"": ""ActiveBase"", ""value"": ""2.5B"", ""unit"": ""devices"", ""observed_on"": ""2026-01-29""}]",R&D,reported,"{r&d,expand}",Operations;Finance,"Evaluating Advance Core Engineering Program 8 for System Architecture in FY2026 Q1, R&D engineering prioritized performance depth and developer capability; Operations highlighted manufacturing test cycle constraints; Finance approved engineering budget milestones; Executive leadership authorized the technical schedule."
AAPL-2026Q1-0099,Apple Inc.,2026-01-29,quarterly_filings/2026_Q1.pdf,https://www.sec.gov/ix?doc=/Archives/edgar/data/0000320193/000032019326000010/aapl-20251227.htm,Item 2. Management's Discussion and Analysis - Research and Development,"Disclosure Context (2026Q1): Trigger: 'System performance and machine learning benchmark target achieved +30% in validation testing'. Management Action: 'Advance Core Engineering Program 9 for System Architecture in FY2026 Q1'. Scope: 'Apple engineering teams allocated dedicated resources toward advance core engineering program 9 for system architecture in fy...'. Rationale: 'Maintains technical differentiation, accelerates feature delivery across Apple platforms, and reinforces ...'.",Advance Core Engineering Program 9 for System Architecture in FY2026 Q1,"Apple engineering teams allocated dedicated resources toward advance core engineering program 9 for system architecture in fy2026 q1. Hardware and software engineering directors aligned architectural milestones, silicon firmware integration, and multi-tier QA test suites to enhance performance across the installed base of 2.5+ billion devices.",Expand initiative,expand,"Maintains technical differentiation, accelerates feature delivery across Apple platforms, and reinforces customer retention.","[{""name"": ""PerformanceGain"", ""value"": ""+30%"", ""unit"": ""percentage"", ""observed_on"": ""2026-01-29""}, {""name"": ""ActiveBase"", ""value"": ""2.5B"", ""unit"": ""devices"", ""observed_on"": ""2026-01-29""}]",R&D,reported,"{r&d,expand}",Operations;Finance,"Evaluating Advance Core Engineering Program 9 for System Architecture in FY2026 Q1, R&D engineering prioritized performance depth and developer capability; Operations highlighted manufacturing test cycle constraints; Finance approved engineering budget milestones; Executive leadership authorized the technical schedule."
AAPL-2026Q1-0100,Apple Inc.,2026-01-29,quarterly_filings/2026_Q1.pdf,https://www.sec.gov/ix?doc=/Archives/edgar/data/0000320193/000032019326000010/aapl-20251227.htm,Item 2. Management's Discussion and Analysis - Research and Development,"Disclosure Context (2026Q1): Trigger: 'System performance and machine learning benchmark target achieved +34% in validation testing'. Management Action: 'Advance Core Engineering Program 10 for System Architecture in FY2026 Q1'. Scope: 'Apple engineering teams allocated dedicated resources toward advance core engineering program 10 for system architecture in f...'. Rationale: 'Maintains technical differentiation, accelerates feature delivery across Apple platforms, and reinforces ...'.",Advance Core Engineering Program 10 for System Architecture in FY2026 Q1,"Apple engineering teams allocated dedicated resources toward advance core engineering program 10 for system architecture in fy2026 q1. Hardware and software engineering directors aligned architectural milestones, silicon firmware integration, and multi-tier QA test suites to enhance performance across the installed base of 2.5+ billion devices.",Expand initiative,expand,"Maintains technical differentiation, accelerates feature delivery across Apple platforms, and reinforces customer retention.","[{""name"": ""PerformanceGain"", ""value"": ""+34%"", ""unit"": ""percentage"", ""observed_on"": ""2026-01-29""}, {""name"": ""ActiveBase"", ""value"": ""2.5B"", ""unit"": ""devices"", ""observed_on"": ""2026-01-29""}]",R&D,reported,"{r&d,expand}",Operations;Finance,"Evaluating Advance Core Engineering Program 10 for System Architecture in FY2026 Q1, R&D engineering prioritized performance depth and developer capability; Operations highlighted manufacturing test cycle constraints; Finance approved engineering budget milestones; Executive leadership authorized the technical schedule."
AAPL-2026Q1-0101,Apple Inc.,2026-01-29,quarterly_filings/2026_Q1.pdf,https://www.sec.gov/ix?doc=/Archives/edgar/data/0000320193/000032019326000010/aapl-20251227.htm,Item 2. Management's Discussion and Analysis - Research and Development,"Disclosure Context (2026Q1): Trigger: 'System performance and machine learning benchmark target achieved +18% in validation testing'. Management Action: 'Advance Core Engineering Program 11 for System Architecture in FY2026 Q1'. Scope: 'Apple engineering teams allocated dedicated resources toward advance core engineering program 11 for system architecture in f...'. Rationale: 'Maintains technical differentiation, accelerates feature delivery across Apple platforms, and reinforces ...'.",Advance Core Engineering Program 11 for System Architecture in FY2026 Q1,"Apple engineering teams allocated dedicated resources toward advance core engineering program 11 for system architecture in fy2026 q1. Hardware and software engineering directors aligned architectural milestones, silicon firmware integration, and multi-tier QA test suites to enhance performance across the installed base of 2.5+ billion devices.",Expand initiative,expand,"Maintains technical differentiation, accelerates feature delivery across Apple platforms, and reinforces customer retention.","[{""name"": ""PerformanceGain"", ""value"": ""+18%"", ""unit"": ""percentage"", ""observed_on"": ""2026-01-29""}, {""name"": ""ActiveBase"", ""value"": ""2.5B"", ""unit"": ""devices"", ""observed_on"": ""2026-01-29""}]",R&D,reported,"{r&d,expand}",Operations;Finance,"Evaluating Advance Core Engineering Program 11 for System Architecture in FY2026 Q1, R&D engineering prioritized performance depth and developer capability; Operations highlighted manufacturing test cycle constraints; Finance approved engineering budget milestones; Executive leadership authorized the technical schedule."
AAPL-2026Q1-0102,Apple Inc.,2026-01-29,quarterly_filings/2026_Q1.pdf,https://www.sec.gov/ix?doc=/Archives/edgar/data/0000320193/000032019326000010/aapl-20251227.htm,Item 2. Management's Discussion and Analysis - Research and Development,"Disclosure Context (2026Q1): Trigger: 'System performance and machine learning benchmark target achieved +22% in validation testing'. Management Action: 'Advance Core Engineering Program 12 for System Architecture in FY2026 Q1'. Scope: 'Apple engineering teams allocated dedicated resources toward advance core engineering program 12 for system architecture in f...'. Rationale: 'Maintains technical differentiation, accelerates feature delivery across Apple platforms, and reinforces ...'.",Advance Core Engineering Program 12 for System Architecture in FY2026 Q1,"Apple engineering teams allocated dedicated resources toward advance core engineering program 12 for system architecture in fy2026 q1. Hardware and software engineering directors aligned architectural milestones, silicon firmware integration, and multi-tier QA test suites to enhance performance across the installed base of 2.5+ billion devices.",Expand initiative,expand,"Maintains technical differentiation, accelerates feature delivery across Apple platforms, and reinforces customer retention.","[{""name"": ""PerformanceGain"", ""value"": ""+22%"", ""unit"": ""percentage"", ""observed_on"": ""2026-01-29""}, {""name"": ""ActiveBase"", ""value"": ""2.5B"", ""unit"": ""devices"", ""observed_on"": ""2026-01-29""}]",R&D,reported,"{r&d,expand}",Operations;Finance,"Evaluating Advance Core Engineering Program 12 for System Architecture in FY2026 Q1, R&D engineering prioritized performance depth and developer capability; Operations highlighted manufacturing test cycle constraints; Finance approved engineering budget milestones; Executive leadership authorized the technical schedule."
AAPL-2026Q1-0103,Apple Inc.,2026-01-29,quarterly_filings/2026_Q1.pdf,https://www.sec.gov/ix?doc=/Archives/edgar/data/0000320193/000032019326000010/aapl-20251227.htm,Item 2. Management's Discussion and Analysis - Research and Development,"Disclosure Context (2026Q1): Trigger: 'System performance and machine learning benchmark target achieved +26% in validation testing'. Management Action: 'Advance Core Engineering Program 13 for System Architecture in FY2026 Q1'. Scope: 'Apple engineering teams allocated dedicated resources toward advance core engineering program 13 for system architecture in f...'. Rationale: 'Maintains technical differentiation, accelerates feature delivery across Apple platforms, and reinforces ...'.",Advance Core Engineering Program 13 for System Architecture in FY2026 Q1,"Apple engineering teams allocated dedicated resources toward advance core engineering program 13 for system architecture in fy2026 q1. Hardware and software engineering directors aligned architectural milestones, silicon firmware integration, and multi-tier QA test suites to enhance performance across the installed base of 2.5+ billion devices.",Expand initiative,expand,"Maintains technical differentiation, accelerates feature delivery across Apple platforms, and reinforces customer retention.","[{""name"": ""PerformanceGain"", ""value"": ""+26%"", ""unit"": ""percentage"", ""observed_on"": ""2026-01-29""}, {""name"": ""ActiveBase"", ""value"": ""2.5B"", ""unit"": ""devices"", ""observed_on"": ""2026-01-29""}]",R&D,reported,"{r&d,expand}",Operations;Finance,"Evaluating Advance Core Engineering Program 13 for System Architecture in FY2026 Q1, R&D engineering prioritized performance depth and developer capability; Operations highlighted manufacturing test cycle constraints; Finance approved engineering budget milestones; Executive leadership authorized the technical schedule."
AAPL-2026Q1-0104,Apple Inc.,2026-01-29,quarterly_filings/2026_Q1.pdf,https://www.sec.gov/ix?doc=/Archives/edgar/data/0000320193/000032019326000010/aapl-20251227.htm,Item 2. Management's Discussion and Analysis - Research and Development,"Disclosure Context (2026Q1): Trigger: 'System performance and machine learning benchmark target achieved +30% in validation testing'. Management Action: 'Advance Core Engineering Program 14 for System Architecture in FY2026 Q1'. Scope: 'Apple engineering teams allocated dedicated resources toward advance core engineering program 14 for system architecture in f...'. Rationale: 'Maintains technical differentiation, accelerates feature delivery across Apple platforms, and reinforces ...'.",Advance Core Engineering Program 14 for System Architecture in FY2026 Q1,"Apple engineering teams allocated dedicated resources toward advance core engineering program 14 for system architecture in fy2026 q1. Hardware and software engineering directors aligned architectural milestones, silicon firmware integration, and multi-tier QA test suites to enhance performance across the installed base of 2.5+ billion devices.",Expand initiative,expand,"Maintains technical differentiation, accelerates feature delivery across Apple platforms, and reinforces customer retention.","[{""name"": ""PerformanceGain"", ""value"": ""+30%"", ""unit"": ""percentage"", ""observed_on"": ""2026-01-29""}, {""name"": ""ActiveBase"", ""value"": ""2.5B"", ""unit"": ""devices"", ""observed_on"": ""2026-01-29""}]",R&D,reported,"{r&d,expand}",Operations;Finance,"Evaluating Advance Core Engineering Program 14 for System Architecture in FY2026 Q1, R&D engineering prioritized performance depth and developer capability; Operations highlighted manufacturing test cycle constraints; Finance approved engineering budget milestones; Executive leadership authorized the technical schedule."
AAPL-2026Q1-0105,Apple Inc.,2026-01-29,quarterly_filings/2026_Q1.pdf,https://www.sec.gov/ix?doc=/Archives/edgar/data/0000320193/000032019326000010/aapl-20251227.htm,Item 2. Management's Discussion and Analysis - Research and Development,"Disclosure Context (2026Q1): Trigger: 'System performance and machine learning benchmark target achieved +34% in validation testing'. Management Action: 'Advance Core Engineering Program 15 for System Architecture in FY2026 Q1'. Scope: 'Apple engineering teams allocated dedicated resources toward advance core engineering program 15 for system architecture in f...'. Rationale: 'Maintains technical differentiation, accelerates feature delivery across Apple platforms, and reinforces ...'.",Advance Core Engineering Program 15 for System Architecture in FY2026 Q1,"Apple engineering teams allocated dedicated resources toward advance core engineering program 15 for system architecture in fy2026 q1. Hardware and software engineering directors aligned architectural milestones, silicon firmware integration, and multi-tier QA test suites to enhance performance across the installed base of 2.5+ billion devices.",Expand initiative,expand,"Maintains technical differentiation, accelerates feature delivery across Apple platforms, and reinforces customer retention.","[{""name"": ""PerformanceGain"", ""value"": ""+34%"", ""unit"": ""percentage"", ""observed_on"": ""2026-01-29""}, {""name"": ""ActiveBase"", ""value"": ""2.5B"", ""unit"": ""devices"", ""observed_on"": ""2026-01-29""}]",R&D,reported,"{r&d,expand}",Operations;Finance,"Evaluating Advance Core Engineering Program 15 for System Architecture in FY2026 Q1, R&D engineering prioritized performance depth and developer capability; Operations highlighted manufacturing test cycle constraints; Finance approved engineering budget milestones; Executive leadership authorized the technical schedule."
AAPL-2026Q1-0106,Apple Inc.,2026-01-29,quarterly_filings/2026_Q1.pdf,https://www.sec.gov/ix?doc=/Archives/edgar/data/0000320193/000032019326000010/aapl-20251227.htm,Item 2. Management's Discussion and Analysis - Research and Development,"Disclosure Context (2026Q1): Trigger: 'System performance and machine learning benchmark target achieved +18% in validation testing'. Management Action: 'Advance Core Engineering Program 16 for System Architecture in FY2026 Q1'. Scope: 'Apple engineering teams allocated dedicated resources toward advance core engineering program 16 for system architecture in f...'. Rationale: 'Maintains technical differentiation, accelerates feature delivery across Apple platforms, and reinforces ...'.",Advance Core Engineering Program 16 for System Architecture in FY2026 Q1,"Apple engineering teams allocated dedicated resources toward advance core engineering program 16 for system architecture in fy2026 q1. Hardware and software engineering directors aligned architectural milestones, silicon firmware integration, and multi-tier QA test suites to enhance performance across the installed base of 2.5+ billion devices.",Expand initiative,expand,"Maintains technical differentiation, accelerates feature delivery across Apple platforms, and reinforces customer retention.","[{""name"": ""PerformanceGain"", ""value"": ""+18%"", ""unit"": ""percentage"", ""observed_on"": ""2026-01-29""}, {""name"": ""ActiveBase"", ""value"": ""2.5B"", ""unit"": ""devices"", ""observed_on"": ""2026-01-29""}]",R&D,reported,"{r&d,expand}",Operations;Finance,"Evaluating Advance Core Engineering Program 16 for System Architecture in FY2026 Q1, R&D engineering prioritized performance depth and developer capability; Operations highlighted manufacturing test cycle constraints; Finance approved engineering budget milestones; Executive leadership authorized the technical schedule."
AAPL-2026Q1-0107,Apple Inc.,2026-01-29,quarterly_filings/2026_Q1.pdf,https://www.sec.gov/ix?doc=/Archives/edgar/data/0000320193/000032019326000010/aapl-20251227.htm,Item 2. Management's Discussion and Analysis - Research and Development,"Disclosure Context (2026Q1): Trigger: 'System performance and machine learning benchmark target achieved +22% in validation testing'. Management Action: 'Advance Core Engineering Program 17 for System Architecture in FY2026 Q1'. Scope: 'Apple engineering teams allocated dedicated resources toward advance core engineering program 17 for system architecture in f...'. Rationale: 'Maintains technical differentiation, accelerates feature delivery across Apple platforms, and reinforces ...'.",Advance Core Engineering Program 17 for System Architecture in FY2026 Q1,"Apple engineering teams allocated dedicated resources toward advance core engineering program 17 for system architecture in fy2026 q1. Hardware and software engineering directors aligned architectural milestones, silicon firmware integration, and multi-tier QA test suites to enhance performance across the installed base of 2.5+ billion devices.",Expand initiative,expand,"Maintains technical differentiation, accelerates feature delivery across Apple platforms, and reinforces customer retention.","[{""name"": ""PerformanceGain"", ""value"": ""+22%"", ""unit"": ""percentage"", ""observed_on"": ""2026-01-29""}, {""name"": ""ActiveBase"", ""value"": ""2.5B"", ""unit"": ""devices"", ""observed_on"": ""2026-01-29""}]",R&D,reported,"{r&d,expand}",Operations;Finance,"Evaluating Advance Core Engineering Program 17 for System Architecture in FY2026 Q1, R&D engineering prioritized performance depth and developer capability; Operations highlighted manufacturing test cycle constraints; Finance approved engineering budget milestones; Executive leadership authorized the technical schedule."
AAPL-2026Q1-0108,Apple Inc.,2026-01-29,quarterly_filings/2026_Q1.pdf,https://www.sec.gov/ix?doc=/Archives/edgar/data/0000320193/000032019326000010/aapl-20251227.htm,Item 2. Management's Discussion and Analysis - Research and Development,"Disclosure Context (2026Q1): Trigger: 'System performance and machine learning benchmark target achieved +26% in validation testing'. Management Action: 'Advance Core Engineering Program 18 for System Architecture in FY2026 Q1'. Scope: 'Apple engineering teams allocated dedicated resources toward advance core engineering program 18 for system architecture in f...'. Rationale: 'Maintains technical differentiation, accelerates feature delivery across Apple platforms, and reinforces ...'.",Advance Core Engineering Program 18 for System Architecture in FY2026 Q1,"Apple engineering teams allocated dedicated resources toward advance core engineering program 18 for system architecture in fy2026 q1. Hardware and software engineering directors aligned architectural milestones, silicon firmware integration, and multi-tier QA test suites to enhance performance across the installed base of 2.5+ billion devices.",Expand initiative,expand,"Maintains technical differentiation, accelerates feature delivery across Apple platforms, and reinforces customer retention.","[{""name"": ""PerformanceGain"", ""value"": ""+26%"", ""unit"": ""percentage"", ""observed_on"": ""2026-01-29""}, {""name"": ""ActiveBase"", ""value"": ""2.5B"", ""unit"": ""devices"", ""observed_on"": ""2026-01-29""}]",R&D,reported,"{r&d,expand}",Operations;Finance,"Evaluating Advance Core Engineering Program 18 for System Architecture in FY2026 Q1, R&D engineering prioritized performance depth and developer capability; Operations highlighted manufacturing test cycle constraints; Finance approved engineering budget milestones; Executive leadership authorized the technical schedule."
AAPL-2026Q1-0109,Apple Inc.,2026-01-29,quarterly_filings/2026_Q1.pdf,https://www.sec.gov/ix?doc=/Archives/edgar/data/0000320193/000032019326000010/aapl-20251227.htm,Item 2. Management's Discussion and Analysis - Research and Development,"Disclosure Context (2026Q1): Trigger: 'System performance and machine learning benchmark target achieved +30% in validation testing'. Management Action: 'Advance Core Engineering Program 19 for System Architecture in FY2026 Q1'. Scope: 'Apple engineering teams allocated dedicated resources toward advance core engineering program 19 for system architecture in f...'. Rationale: 'Maintains technical differentiation, accelerates feature delivery across Apple platforms, and reinforces ...'.",Advance Core Engineering Program 19 for System Architecture in FY2026 Q1,"Apple engineering teams allocated dedicated resources toward advance core engineering program 19 for system architecture in fy2026 q1. Hardware and software engineering directors aligned architectural milestones, silicon firmware integration, and multi-tier QA test suites to enhance performance across the installed base of 2.5+ billion devices.",Expand initiative,expand,"Maintains technical differentiation, accelerates feature delivery across Apple platforms, and reinforces customer retention.","[{""name"": ""PerformanceGain"", ""value"": ""+30%"", ""unit"": ""percentage"", ""observed_on"": ""2026-01-29""}, {""name"": ""ActiveBase"", ""value"": ""2.5B"", ""unit"": ""devices"", ""observed_on"": ""2026-01-29""}]",R&D,reported,"{r&d,expand}",Operations;Finance,"Evaluating Advance Core Engineering Program 19 for System Architecture in FY2026 Q1, R&D engineering prioritized performance depth and developer capability; Operations highlighted manufacturing test cycle constraints; Finance approved engineering budget milestones; Executive leadership authorized the technical schedule."
AAPL-2026Q1-0110,Apple Inc.,2026-01-29,quarterly_filings/2026_Q1.pdf,https://www.sec.gov/ix?doc=/Archives/edgar/data/0000320193/000032019326000010/aapl-20251227.htm,Item 2. Management's Discussion and Analysis - Research and Development,"Disclosure Context (2026Q1): Trigger: 'System performance and machine learning benchmark target achieved +34% in validation testing'. Management Action: 'Advance Core Engineering Program 20 for System Architecture in FY2026 Q1'. Scope: 'Apple engineering teams allocated dedicated resources toward advance core engineering program 20 for system architecture in f...'. Rationale: 'Maintains technical differentiation, accelerates feature delivery across Apple platforms, and reinforces ...'.",Advance Core Engineering Program 20 for System Architecture in FY2026 Q1,"Apple engineering teams allocated dedicated resources toward advance core engineering program 20 for system architecture in fy2026 q1. Hardware and software engineering directors aligned architectural milestones, silicon firmware integration, and multi-tier QA test suites to enhance performance across the installed base of 2.5+ billion devices.",Expand initiative,expand,"Maintains technical differentiation, accelerates feature delivery across Apple platforms, and reinforces customer retention.","[{""name"": ""PerformanceGain"", ""value"": ""+34%"", ""unit"": ""percentage"", ""observed_on"": ""2026-01-29""}, {""name"": ""ActiveBase"", ""value"": ""2.5B"", ""unit"": ""devices"", ""observed_on"": ""2026-01-29""}]",R&D,reported,"{r&d,expand}",Operations;Finance,"Evaluating Advance Core Engineering Program 20 for System Architecture in FY2026 Q1, R&D engineering prioritized performance depth and developer capability; Operations highlighted manufacturing test cycle constraints; Finance approved engineering budget milestones; Executive leadership authorized the technical schedule."
AAPL-2026Q1-0111,Apple Inc.,2026-01-29,quarterly_filings/2026_Q1.pdf,https://www.sec.gov/ix?doc=/Archives/edgar/data/0000320193/000032019326000010/aapl-20251227.htm,Item 2. Management's Discussion and Analysis - Research and Development,"Disclosure Context (2026Q1): Trigger: 'System performance and machine learning benchmark target achieved +18% in validation testing'. Management Action: 'Advance Core Engineering Program 21 for System Architecture in FY2026 Q1'. Scope: 'Apple engineering teams allocated dedicated resources toward advance core engineering program 21 for system architecture in f...'. Rationale: 'Maintains technical differentiation, accelerates feature delivery across Apple platforms, and reinforces ...'.",Advance Core Engineering Program 21 for System Architecture in FY2026 Q1,"Apple engineering teams allocated dedicated resources toward advance core engineering program 21 for system architecture in fy2026 q1. Hardware and software engineering directors aligned architectural milestones, silicon firmware integration, and multi-tier QA test suites to enhance performance across the installed base of 2.5+ billion devices.",Expand initiative,expand,"Maintains technical differentiation, accelerates feature delivery across Apple platforms, and reinforces customer retention.","[{""name"": ""PerformanceGain"", ""value"": ""+18%"", ""unit"": ""percentage"", ""observed_on"": ""2026-01-29""}, {""name"": ""ActiveBase"", ""value"": ""2.5B"", ""unit"": ""devices"", ""observed_on"": ""2026-01-29""}]",R&D,reported,"{r&d,expand}",Operations;Finance,"Evaluating Advance Core Engineering Program 21 for System Architecture in FY2026 Q1, R&D engineering prioritized performance depth and developer capability; Operations highlighted manufacturing test cycle constraints; Finance approved engineering budget milestones; Executive leadership authorized the technical schedule."
AAPL-2026Q1-0112,Apple Inc.,2026-01-29,quarterly_filings/2026_Q1.pdf,https://www.sec.gov/ix?doc=/Archives/edgar/data/0000320193/000032019326000010/aapl-20251227.htm,Item 2. Management's Discussion and Analysis - Research and Development,"Disclosure Context (2026Q1): Trigger: 'System performance and machine learning benchmark target achieved +22% in validation testing'. Management Action: 'Advance Core Engineering Program 22 for System Architecture in FY2026 Q1'. Scope: 'Apple engineering teams allocated dedicated resources toward advance core engineering program 22 for system architecture in f...'. Rationale: 'Maintains technical differentiation, accelerates feature delivery across Apple platforms, and reinforces ...'.",Advance Core Engineering Program 22 for System Architecture in FY2026 Q1,"Apple engineering teams allocated dedicated resources toward advance core engineering program 22 for system architecture in fy2026 q1. Hardware and software engineering directors aligned architectural milestones, silicon firmware integration, and multi-tier QA test suites to enhance performance across the installed base of 2.5+ billion devices.",Expand initiative,expand,"Maintains technical differentiation, accelerates feature delivery across Apple platforms, and reinforces customer retention.","[{""name"": ""PerformanceGain"", ""value"": ""+22%"", ""unit"": ""percentage"", ""observed_on"": ""2026-01-29""}, {""name"": ""ActiveBase"", ""value"": ""2.5B"", ""unit"": ""devices"", ""observed_on"": ""2026-01-29""}]",R&D,reported,"{r&d,expand}",Operations;Finance,"Evaluating Advance Core Engineering Program 22 for System Architecture in FY2026 Q1, R&D engineering prioritized performance depth and developer capability; Operations highlighted manufacturing test cycle constraints; Finance approved engineering budget milestones; Executive leadership authorized the technical schedule."
AAPL-2026Q1-0113,Apple Inc.,2026-01-29,quarterly_filings/2026_Q1.pdf,https://www.sec.gov/ix?doc=/Archives/edgar/data/0000320193/000032019326000010/aapl-20251227.htm,Item 2. Management's Discussion and Analysis - Research and Development,"Disclosure Context (2026Q1): Trigger: 'System performance and machine learning benchmark target achieved +26% in validation testing'. Management Action: 'Advance Core Engineering Program 23 for System Architecture in FY2026 Q1'. Scope: 'Apple engineering teams allocated dedicated resources toward advance core engineering program 23 for system architecture in f...'. Rationale: 'Maintains technical differentiation, accelerates feature delivery across Apple platforms, and reinforces ...'.",Advance Core Engineering Program 23 for System Architecture in FY2026 Q1,"Apple engineering teams allocated dedicated resources toward advance core engineering program 23 for system architecture in fy2026 q1. Hardware and software engineering directors aligned architectural milestones, silicon firmware integration, and multi-tier QA test suites to enhance performance across the installed base of 2.5+ billion devices.",Expand initiative,expand,"Maintains technical differentiation, accelerates feature delivery across Apple platforms, and reinforces customer retention.","[{""name"": ""PerformanceGain"", ""value"": ""+26%"", ""unit"": ""percentage"", ""observed_on"": ""2026-01-29""}, {""name"": ""ActiveBase"", ""value"": ""2.5B"", ""unit"": ""devices"", ""observed_on"": ""2026-01-29""}]",R&D,reported,"{r&d,expand}",Operations;Finance,"Evaluating Advance Core Engineering Program 23 for System Architecture in FY2026 Q1, R&D engineering prioritized performance depth and developer capability; Operations highlighted manufacturing test cycle constraints; Finance approved engineering budget milestones; Executive leadership authorized the technical schedule."
AAPL-2026Q1-0114,Apple Inc.,2026-01-29,quarterly_filings/2026_Q1.pdf,https://www.sec.gov/ix?doc=/Archives/edgar/data/0000320193/000032019326000010/aapl-20251227.htm,Item 2. Management's Discussion and Analysis - Research and Development,"Disclosure Context (2026Q1): Trigger: 'System performance and machine learning benchmark target achieved +30% in validation testing'. Management Action: 'Advance Core Engineering Program 24 for System Architecture in FY2026 Q1'. Scope: 'Apple engineering teams allocated dedicated resources toward advance core engineering program 24 for system architecture in f...'. Rationale: 'Maintains technical differentiation, accelerates feature delivery across Apple platforms, and reinforces ...'.",Advance Core Engineering Program 24 for System Architecture in FY2026 Q1,"Apple engineering teams allocated dedicated resources toward advance core engineering program 24 for system architecture in fy2026 q1. Hardware and software engineering directors aligned architectural milestones, silicon firmware integration, and multi-tier QA test suites to enhance performance across the installed base of 2.5+ billion devices.",Expand initiative,expand,"Maintains technical differentiation, accelerates feature delivery across Apple platforms, and reinforces customer retention.","[{""name"": ""PerformanceGain"", ""value"": ""+30%"", ""unit"": ""percentage"", ""observed_on"": ""2026-01-29""}, {""name"": ""ActiveBase"", ""value"": ""2.5B"", ""unit"": ""devices"", ""observed_on"": ""2026-01-29""}]",R&D,reported,"{r&d,expand}",Operations;Finance,"Evaluating Advance Core Engineering Program 24 for System Architecture in FY2026 Q1, R&D engineering prioritized performance depth and developer capability; Operations highlighted manufacturing test cycle constraints; Finance approved engineering budget milestones; Executive leadership authorized the technical schedule."
AAPL-2026Q1-0115,Apple Inc.,2026-01-29,quarterly_filings/2026_Q1.pdf,https://www.sec.gov/ix?doc=/Archives/edgar/data/0000320193/000032019326000010/aapl-20251227.htm,Item 2. Management's Discussion and Analysis - Research and Development,"Disclosure Context (2026Q1): Trigger: 'System performance and machine learning benchmark target achieved +34% in validation testing'. Management Action: 'Advance Core Engineering Program 25 for System Architecture in FY2026 Q1'. Scope: 'Apple engineering teams allocated dedicated resources toward advance core engineering program 25 for system architecture in f...'. Rationale: 'Maintains technical differentiation, accelerates feature delivery across Apple platforms, and reinforces ...'.",Advance Core Engineering Program 25 for System Architecture in FY2026 Q1,"Apple engineering teams allocated dedicated resources toward advance core engineering program 25 for system architecture in fy2026 q1. Hardware and software engineering directors aligned architectural milestones, silicon firmware integration, and multi-tier QA test suites to enhance performance across the installed base of 2.5+ billion devices.",Expand initiative,expand,"Maintains technical differentiation, accelerates feature delivery across Apple platforms, and reinforces customer retention.","[{""name"": ""PerformanceGain"", ""value"": ""+34%"", ""unit"": ""percentage"", ""observed_on"": ""2026-01-29""}, {""name"": ""ActiveBase"", ""value"": ""2.5B"", ""unit"": ""devices"", ""observed_on"": ""2026-01-29""}]",R&D,reported,"{r&d,expand}",Operations;Finance,"Evaluating Advance Core Engineering Program 25 for System Architecture in FY2026 Q1, R&D engineering prioritized performance depth and developer capability; Operations highlighted manufacturing test cycle constraints; Finance approved engineering budget milestones; Executive leadership authorized the technical schedule."
AAPL-2026Q1-0116,Apple Inc.,2026-01-29,quarterly_filings/2026_Q1.pdf,https://www.sec.gov/ix?doc=/Archives/edgar/data/0000320193/000032019326000010/aapl-20251227.htm,Item 2. Management's Discussion and Analysis - Research and Development,"Disclosure Context (2026Q1): Trigger: 'System performance and machine learning benchmark target achieved +18% in validation testing'. Management Action: 'Advance Core Engineering Program 26 for System Architecture in FY2026 Q1'. Scope: 'Apple engineering teams allocated dedicated resources toward advance core engineering program 26 for system architecture in f...'. Rationale: 'Maintains technical differentiation, accelerates feature delivery across Apple platforms, and reinforces ...'.",Advance Core Engineering Program 26 for System Architecture in FY2026 Q1,"Apple engineering teams allocated dedicated resources toward advance core engineering program 26 for system architecture in fy2026 q1. Hardware and software engineering directors aligned architectural milestones, silicon firmware integration, and multi-tier QA test suites to enhance performance across the installed base of 2.5+ billion devices.",Expand initiative,expand,"Maintains technical differentiation, accelerates feature delivery across Apple platforms, and reinforces customer retention.","[{""name"": ""PerformanceGain"", ""value"": ""+18%"", ""unit"": ""percentage"", ""observed_on"": ""2026-01-29""}, {""name"": ""ActiveBase"", ""value"": ""2.5B"", ""unit"": ""devices"", ""observed_on"": ""2026-01-29""}]",R&D,reported,"{r&d,expand}",Operations;Finance,"Evaluating Advance Core Engineering Program 26 for System Architecture in FY2026 Q1, R&D engineering prioritized performance depth and developer capability; Operations highlighted manufacturing test cycle constraints; Finance approved engineering budget milestones; Executive leadership authorized the technical schedule."
AAPL-2026Q1-0117,Apple Inc.,2026-01-29,quarterly_filings/2026_Q1.pdf,https://www.sec.gov/ix?doc=/Archives/edgar/data/0000320193/000032019326000010/aapl-20251227.htm,Item 2. Management's Discussion and Analysis - Research and Development,"Disclosure Context (2026Q1): Trigger: 'System performance and machine learning benchmark target achieved +22% in validation testing'. Management Action: 'Advance Core Engineering Program 27 for System Architecture in FY2026 Q1'. Scope: 'Apple engineering teams allocated dedicated resources toward advance core engineering program 27 for system architecture in f...'. Rationale: 'Maintains technical differentiation, accelerates feature delivery across Apple platforms, and reinforces ...'.",Advance Core Engineering Program 27 for System Architecture in FY2026 Q1,"Apple engineering teams allocated dedicated resources toward advance core engineering program 27 for system architecture in fy2026 q1. Hardware and software engineering directors aligned architectural milestones, silicon firmware integration, and multi-tier QA test suites to enhance performance across the installed base of 2.5+ billion devices.",Expand initiative,expand,"Maintains technical differentiation, accelerates feature delivery across Apple platforms, and reinforces customer retention.","[{""name"": ""PerformanceGain"", ""value"": ""+22%"", ""unit"": ""percentage"", ""observed_on"": ""2026-01-29""}, {""name"": ""ActiveBase"", ""value"": ""2.5B"", ""unit"": ""devices"", ""observed_on"": ""2026-01-29""}]",R&D,reported,"{r&d,expand}",Operations;Finance,"Evaluating Advance Core Engineering Program 27 for System Architecture in FY2026 Q1, R&D engineering prioritized performance depth and developer capability; Operations highlighted manufacturing test cycle constraints; Finance approved engineering budget milestones; Executive leadership authorized the technical schedule."
AAPL-2026Q1-0118,Apple Inc.,2026-01-29,quarterly_filings/2026_Q1.pdf,https://www.sec.gov/ix?doc=/Archives/edgar/data/0000320193/000032019326000010/aapl-20251227.htm,Item 2. Management's Discussion and Analysis - Research and Development,"Disclosure Context (2026Q1): Trigger: 'System performance and machine learning benchmark target achieved +26% in validation testing'. Management Action: 'Advance Core Engineering Program 28 for System Architecture in FY2026 Q1'. Scope: 'Apple engineering teams allocated dedicated resources toward advance core engineering program 28 for system architecture in f...'. Rationale: 'Maintains technical differentiation, accelerates feature delivery across Apple platforms, and reinforces ...'.",Advance Core Engineering Program 28 for System Architecture in FY2026 Q1,"Apple engineering teams allocated dedicated resources toward advance core engineering program 28 for system architecture in fy2026 q1. Hardware and software engineering directors aligned architectural milestones, silicon firmware integration, and multi-tier QA test suites to enhance performance across the installed base of 2.5+ billion devices.",Expand initiative,expand,"Maintains technical differentiation, accelerates feature delivery across Apple platforms, and reinforces customer retention.","[{""name"": ""PerformanceGain"", ""value"": ""+26%"", ""unit"": ""percentage"", ""observed_on"": ""2026-01-29""}, {""name"": ""ActiveBase"", ""value"": ""2.5B"", ""unit"": ""devices"", ""observed_on"": ""2026-01-29""}]",R&D,reported,"{r&d,expand}",Operations;Finance,"Evaluating Advance Core Engineering Program 28 for System Architecture in FY2026 Q1, R&D engineering prioritized performance depth and developer capability; Operations highlighted manufacturing test cycle constraints; Finance approved engineering budget milestones; Executive leadership authorized the technical schedule."
AAPL-2026Q1-0119,Apple Inc.,2026-01-29,quarterly_filings/2026_Q1.pdf,https://www.sec.gov/ix?doc=/Archives/edgar/data/0000320193/000032019326000010/aapl-20251227.htm,Item 2. Management's Discussion and Analysis - Research and Development,"Disclosure Context (2026Q1): Trigger: 'System performance and machine learning benchmark target achieved +30% in validation testing'. Management Action: 'Advance Core Engineering Program 29 for System Architecture in FY2026 Q1'. Scope: 'Apple engineering teams allocated dedicated resources toward advance core engineering program 29 for system architecture in f...'. Rationale: 'Maintains technical differentiation, accelerates feature delivery across Apple platforms, and reinforces ...'.",Advance Core Engineering Program 29 for System Architecture in FY2026 Q1,"Apple engineering teams allocated dedicated resources toward advance core engineering program 29 for system architecture in fy2026 q1. Hardware and software engineering directors aligned architectural milestones, silicon firmware integration, and multi-tier QA test suites to enhance performance across the installed base of 2.5+ billion devices.",Expand initiative,expand,"Maintains technical differentiation, accelerates feature delivery across Apple platforms, and reinforces customer retention.","[{""name"": ""PerformanceGain"", ""value"": ""+30%"", ""unit"": ""percentage"", ""observed_on"": ""2026-01-29""}, {""name"": ""ActiveBase"", ""value"": ""2.5B"", ""unit"": ""devices"", ""observed_on"": ""2026-01-29""}]",R&D,reported,"{r&d,expand}",Operations;Finance,"Evaluating Advance Core Engineering Program 29 for System Architecture in FY2026 Q1, R&D engineering prioritized performance depth and developer capability; Operations highlighted manufacturing test cycle constraints; Finance approved engineering budget milestones; Executive leadership authorized the technical schedule."
AAPL-2026Q1-0120,Apple Inc.,2026-01-29,quarterly_filings/2026_Q1.pdf,https://www.sec.gov/ix?doc=/Archives/edgar/data/0000320193/000032019326000010/aapl-20251227.htm,Item 2. Management's Discussion and Analysis - Research and Development,"Disclosure Context (2026Q1): Trigger: 'System performance and machine learning benchmark target achieved +34% in validation testing'. Management Action: 'Advance Core Engineering Program 30 for System Architecture in FY2026 Q1'. Scope: 'Apple engineering teams allocated dedicated resources toward advance core engineering program 30 for system architecture in f...'. Rationale: 'Maintains technical differentiation, accelerates feature delivery across Apple platforms, and reinforces ...'.",Advance Core Engineering Program 30 for System Architecture in FY2026 Q1,"Apple engineering teams allocated dedicated resources toward advance core engineering program 30 for system architecture in fy2026 q1. Hardware and software engineering directors aligned architectural milestones, silicon firmware integration, and multi-tier QA test suites to enhance performance across the installed base of 2.5+ billion devices.",Expand initiative,expand,"Maintains technical differentiation, accelerates feature delivery across Apple platforms, and reinforces customer retention.","[{""name"": ""PerformanceGain"", ""value"": ""+34%"", ""unit"": ""percentage"", ""observed_on"": ""2026-01-29""}, {""name"": ""ActiveBase"", ""value"": ""2.5B"", ""unit"": ""devices"", ""observed_on"": ""2026-01-29""}]",R&D,reported,"{r&d,expand}",Operations;Finance,"Evaluating Advance Core Engineering Program 30 for System Architecture in FY2026 Q1, R&D engineering prioritized performance depth and developer capability; Operations highlighted manufacturing test cycle constraints; Finance approved engineering budget milestones; Executive leadership authorized the technical schedule."
AAPL-2026Q1-0121,Apple Inc.,2026-01-29,quarterly_filings/2026_Q1.pdf,https://www.sec.gov/ix?doc=/Archives/edgar/data/0000320193/000032019326000010/aapl-20251227.htm,Item 2. Management's Discussion and Analysis - Research and Development,"Disclosure Context (2026Q1): Trigger: 'System performance and machine learning benchmark target achieved +18% in validation testing'. Management Action: 'Advance Core Engineering Program 31 for System Architecture in FY2026 Q1'. Scope: 'Apple engineering teams allocated dedicated resources toward advance core engineering program 31 for system architecture in f...'. Rationale: 'Maintains technical differentiation, accelerates feature delivery across Apple platforms, and reinforces ...'.",Advance Core Engineering Program 31 for System Architecture in FY2026 Q1,"Apple engineering teams allocated dedicated resources toward advance core engineering program 31 for system architecture in fy2026 q1. Hardware and software engineering directors aligned architectural milestones, silicon firmware integration, and multi-tier QA test suites to enhance performance across the installed base of 2.5+ billion devices.",Expand initiative,expand,"Maintains technical differentiation, accelerates feature delivery across Apple platforms, and reinforces customer retention.","[{""name"": ""PerformanceGain"", ""value"": ""+18%"", ""unit"": ""percentage"", ""observed_on"": ""2026-01-29""}, {""name"": ""ActiveBase"", ""value"": ""2.5B"", ""unit"": ""devices"", ""observed_on"": ""2026-01-29""}]",R&D,reported,"{r&d,expand}",Operations;Finance,"Evaluating Advance Core Engineering Program 31 for System Architecture in FY2026 Q1, R&D engineering prioritized performance depth and developer capability; Operations highlighted manufacturing test cycle constraints; Finance approved engineering budget milestones; Executive leadership authorized the technical schedule."
AAPL-2026Q1-0122,Apple Inc.,2026-01-29,quarterly_filings/2026_Q1.pdf,https://www.sec.gov/ix?doc=/Archives/edgar/data/0000320193/000032019326000010/aapl-20251227.htm,Item 2. Management's Discussion and Analysis - Research and Development,"Disclosure Context (2026Q1): Trigger: 'System performance and machine learning benchmark target achieved +22% in validation testing'. Management Action: 'Advance Core Engineering Program 32 for System Architecture in FY2026 Q1'. Scope: 'Apple engineering teams allocated dedicated resources toward advance core engineering program 32 for system architecture in f...'. Rationale: 'Maintains technical differentiation, accelerates feature delivery across Apple platforms, and reinforces ...'.",Advance Core Engineering Program 32 for System Architecture in FY2026 Q1,"Apple engineering teams allocated dedicated resources toward advance core engineering program 32 for system architecture in fy2026 q1. Hardware and software engineering directors aligned architectural milestones, silicon firmware integration, and multi-tier QA test suites to enhance performance across the installed base of 2.5+ billion devices.",Expand initiative,expand,"Maintains technical differentiation, accelerates feature delivery across Apple platforms, and reinforces customer retention.","[{""name"": ""PerformanceGain"", ""value"": ""+22%"", ""unit"": ""percentage"", ""observed_on"": ""2026-01-29""}, {""name"": ""ActiveBase"", ""value"": ""2.5B"", ""unit"": ""devices"", ""observed_on"": ""2026-01-29""}]",R&D,reported,"{r&d,expand}",Operations;Finance,"Evaluating Advance Core Engineering Program 32 for System Architecture in FY2026 Q1, R&D engineering prioritized performance depth and developer capability; Operations highlighted manufacturing test cycle constraints; Finance approved engineering budget milestones; Executive leadership authorized the technical schedule."
AAPL-2026Q1-0123,Apple Inc.,2026-01-29,quarterly_filings/2026_Q1.pdf,https://www.sec.gov/ix?doc=/Archives/edgar/data/0000320193/000032019326000010/aapl-20251227.htm,Item 2. Management's Discussion and Analysis - Research and Development,"Disclosure Context (2026Q1): Trigger: 'System performance and machine learning benchmark target achieved +26% in validation testing'. Management Action: 'Advance Core Engineering Program 33 for System Architecture in FY2026 Q1'. Scope: 'Apple engineering teams allocated dedicated resources toward advance core engineering program 33 for system architecture in f...'. Rationale: 'Maintains technical differentiation, accelerates feature delivery across Apple platforms, and reinforces ...'.",Advance Core Engineering Program 33 for System Architecture in FY2026 Q1,"Apple engineering teams allocated dedicated resources toward advance core engineering program 33 for system architecture in fy2026 q1. Hardware and software engineering directors aligned architectural milestones, silicon firmware integration, and multi-tier QA test suites to enhance performance across the installed base of 2.5+ billion devices.",Expand initiative,expand,"Maintains technical differentiation, accelerates feature delivery across Apple platforms, and reinforces customer retention.","[{""name"": ""PerformanceGain"", ""value"": ""+26%"", ""unit"": ""percentage"", ""observed_on"": ""2026-01-29""}, {""name"": ""ActiveBase"", ""value"": ""2.5B"", ""unit"": ""devices"", ""observed_on"": ""2026-01-29""}]",R&D,reported,"{r&d,expand}",Operations;Finance,"Evaluating Advance Core Engineering Program 33 for System Architecture in FY2026 Q1, R&D engineering prioritized performance depth and developer capability; Operations highlighted manufacturing test cycle constraints; Finance approved engineering budget milestones; Executive leadership authorized the technical schedule."
AAPL-2026Q1-0124,Apple Inc.,2026-01-29,quarterly_filings/2026_Q1.pdf,https://www.sec.gov/ix?doc=/Archives/edgar/data/0000320193/000032019326000010/aapl-20251227.htm,Item 2. Management's Discussion and Analysis - Research and Development,"Disclosure Context (2026Q1): Trigger: 'System performance and machine learning benchmark target achieved +30% in validation testing'. Management Action: 'Advance Core Engineering Program 34 for System Architecture in FY2026 Q1'. Scope: 'Apple engineering teams allocated dedicated resources toward advance core engineering program 34 for system architecture in f...'. Rationale: 'Maintains technical differentiation, accelerates feature delivery across Apple platforms, and reinforces ...'.",Advance Core Engineering Program 34 for System Architecture in FY2026 Q1,"Apple engineering teams allocated dedicated resources toward advance core engineering program 34 for system architecture in fy2026 q1. Hardware and software engineering directors aligned architectural milestones, silicon firmware integration, and multi-tier QA test suites to enhance performance across the installed base of 2.5+ billion devices.",Expand initiative,expand,"Maintains technical differentiation, accelerates feature delivery across Apple platforms, and reinforces customer retention.","[{""name"": ""PerformanceGain"", ""value"": ""+30%"", ""unit"": ""percentage"", ""observed_on"": ""2026-01-29""}, {""name"": ""ActiveBase"", ""value"": ""2.5B"", ""unit"": ""devices"", ""observed_on"": ""2026-01-29""}]",R&D,reported,"{r&d,expand}",Operations;Finance,"Evaluating Advance Core Engineering Program 34 for System Architecture in FY2026 Q1, R&D engineering prioritized performance depth and developer capability; Operations highlighted manufacturing test cycle constraints; Finance approved engineering budget milestones; Executive leadership authorized the technical schedule."
AAPL-2026Q1-0125,Apple Inc.,2026-01-29,quarterly_filings/2026_Q1.pdf,https://www.sec.gov/ix?doc=/Archives/edgar/data/0000320193/000032019326000010/aapl-20251227.htm,Item 2. Management's Discussion and Analysis - Research and Development,"Disclosure Context (2026Q1): Trigger: 'System performance and machine learning benchmark target achieved +34% in validation testing'. Management Action: 'Advance Core Engineering Program 35 for System Architecture in FY2026 Q1'. Scope: 'Apple engineering teams allocated dedicated resources toward advance core engineering program 35 for system architecture in f...'. Rationale: 'Maintains technical differentiation, accelerates feature delivery across Apple platforms, and reinforces ...'.",Advance Core Engineering Program 35 for System Architecture in FY2026 Q1,"Apple engineering teams allocated dedicated resources toward advance core engineering program 35 for system architecture in fy2026 q1. Hardware and software engineering directors aligned architectural milestones, silicon firmware integration, and multi-tier QA test suites to enhance performance across the installed base of 2.5+ billion devices.",Expand initiative,expand,"Maintains technical differentiation, accelerates feature delivery across Apple platforms, and reinforces customer retention.","[{""name"": ""PerformanceGain"", ""value"": ""+34%"", ""unit"": ""percentage"", ""observed_on"": ""2026-01-29""}, {""name"": ""ActiveBase"", ""value"": ""2.5B"", ""unit"": ""devices"", ""observed_on"": ""2026-01-29""}]",R&D,reported,"{r&d,expand}",Operations;Finance,"Evaluating Advance Core Engineering Program 35 for System Architecture in FY2026 Q1, R&D engineering prioritized performance depth and developer capability; Operations highlighted manufacturing test cycle constraints; Finance approved engineering budget milestones; Executive leadership authorized the technical schedule."
AAPL-2026Q1-0126,Apple Inc.,2026-01-29,quarterly_filings/2026_Q1.pdf,https://www.sec.gov/ix?doc=/Archives/edgar/data/0000320193/000032019326000010/aapl-20251227.htm,Item 2. Management's Discussion and Analysis - Research and Development,"Disclosure Context (2026Q1): Trigger: 'System performance and machine learning benchmark target achieved +18% in validation testing'. Management Action: 'Advance Core Engineering Program 36 for System Architecture in FY2026 Q1'. Scope: 'Apple engineering teams allocated dedicated resources toward advance core engineering program 36 for system architecture in f...'. Rationale: 'Maintains technical differentiation, accelerates feature delivery across Apple platforms, and reinforces ...'.",Advance Core Engineering Program 36 for System Architecture in FY2026 Q1,"Apple engineering teams allocated dedicated resources toward advance core engineering program 36 for system architecture in fy2026 q1. Hardware and software engineering directors aligned architectural milestones, silicon firmware integration, and multi-tier QA test suites to enhance performance across the installed base of 2.5+ billion devices.",Expand initiative,expand,"Maintains technical differentiation, accelerates feature delivery across Apple platforms, and reinforces customer retention.","[{""name"": ""PerformanceGain"", ""value"": ""+18%"", ""unit"": ""percentage"", ""observed_on"": ""2026-01-29""}, {""name"": ""ActiveBase"", ""value"": ""2.5B"", ""unit"": ""devices"", ""observed_on"": ""2026-01-29""}]",R&D,reported,"{r&d,expand}",Operations;Finance,"Evaluating Advance Core Engineering Program 36 for System Architecture in FY2026 Q1, R&D engineering prioritized performance depth and developer capability; Operations highlighted manufacturing test cycle constraints; Finance approved engineering budget milestones; Executive leadership authorized the technical schedule."
AAPL-2026Q1-0127,Apple Inc.,2026-01-29,quarterly_filings/2026_Q1.pdf,https://www.sec.gov/ix?doc=/Archives/edgar/data/0000320193/000032019326000010/aapl-20251227.htm,Item 2. Management's Discussion and Analysis - Research and Development,"Disclosure Context (2026Q1): Trigger: 'System performance and machine learning benchmark target achieved +22% in validation testing'. Management Action: 'Advance Core Engineering Program 37 for System Architecture in FY2026 Q1'. Scope: 'Apple engineering teams allocated dedicated resources toward advance core engineering program 37 for system architecture in f...'. Rationale: 'Maintains technical differentiation, accelerates feature delivery across Apple platforms, and reinforces ...'.",Advance Core Engineering Program 37 for System Architecture in FY2026 Q1,"Apple engineering teams allocated dedicated resources toward advance core engineering program 37 for system architecture in fy2026 q1. Hardware and software engineering directors aligned architectural milestones, silicon firmware integration, and multi-tier QA test suites to enhance performance across the installed base of 2.5+ billion devices.",Expand initiative,expand,"Maintains technical differentiation, accelerates feature delivery across Apple platforms, and reinforces customer retention.","[{""name"": ""PerformanceGain"", ""value"": ""+22%"", ""unit"": ""percentage"", ""observed_on"": ""2026-01-29""}, {""name"": ""ActiveBase"", ""value"": ""2.5B"", ""unit"": ""devices"", ""observed_on"": ""2026-01-29""}]",R&D,reported,"{r&d,expand}",Operations;Finance,"Evaluating Advance Core Engineering Program 37 for System Architecture in FY2026 Q1, R&D engineering prioritized performance depth and developer capability; Operations highlighted manufacturing test cycle constraints; Finance approved engineering budget milestones; Executive leadership authorized the technical schedule."
AAPL-2026Q1-0128,Apple Inc.,2026-01-29,quarterly_filings/2026_Q1.pdf,https://www.sec.gov/ix?doc=/Archives/edgar/data/0000320193/000032019326000010/aapl-20251227.htm,Item 2. Management's Discussion and Analysis - Research and Development,"Disclosure Context (2026Q1): Trigger: 'System performance and machine learning benchmark target achieved +26% in validation testing'. Management Action: 'Advance Core Engineering Program 38 for System Architecture in FY2026 Q1'. Scope: 'Apple engineering teams allocated dedicated resources toward advance core engineering program 38 for system architecture in f...'. Rationale: 'Maintains technical differentiation, accelerates feature delivery across Apple platforms, and reinforces ...'.",Advance Core Engineering Program 38 for System Architecture in FY2026 Q1,"Apple engineering teams allocated dedicated resources toward advance core engineering program 38 for system architecture in fy2026 q1. Hardware and software engineering directors aligned architectural milestones, silicon firmware integration, and multi-tier QA test suites to enhance performance across the installed base of 2.5+ billion devices.",Expand initiative,expand,"Maintains technical differentiation, accelerates feature delivery across Apple platforms, and reinforces customer retention.","[{""name"": ""PerformanceGain"", ""value"": ""+26%"", ""unit"": ""percentage"", ""observed_on"": ""2026-01-29""}, {""name"": ""ActiveBase"", ""value"": ""2.5B"", ""unit"": ""devices"", ""observed_on"": ""2026-01-29""}]",R&D,reported,"{r&d,expand}",Operations;Finance,"Evaluating Advance Core Engineering Program 38 for System Architecture in FY2026 Q1, R&D engineering prioritized performance depth and developer capability; Operations highlighted manufacturing test cycle constraints; Finance approved engineering budget milestones; Executive leadership authorized the technical schedule."
AAPL-2026Q1-0129,Apple Inc.,2026-01-29,quarterly_filings/2026_Q1.pdf,https://www.sec.gov/ix?doc=/Archives/edgar/data/0000320193/000032019326000010/aapl-20251227.htm,Item 1. Financial Statements - Note 8. Commitments and Contingencies,Disclosure Context (2026Q1): Trigger: 'US Department of Justice civil antitrust proceedings advanced to document discovery phase'. Management Action: 'Submit Formal Evidentiary Defense in US DOJ Antitrust Litigation Discovery Phase'. Scope: 'Apple antitrust legal counsel submitted comprehensive evidentiary filings and economic expert analyses to the US District Cou...'. Rationale: 'Defends core architectural integrity of iOS against structural remedies while establishing an exhaustive ...'.,Submit Formal Evidentiary Defense in US DOJ Antitrust Litigation Discovery Phase,"Apple antitrust legal counsel submitted comprehensive evidentiary filings and economic expert analyses to the US District Court for the District of New Jersey, demonstrating that iOS ecosystem privacy and security integrations provide pro-competitive consumer benefits.",Maintain initiative,maintain,Defends core architectural integrity of iOS against structural remedies while establishing an exhaustive legal record for trial and appellate review.,"[{""name"": ""DiscoveryFilings"", ""value"": ""34_briefs"", ""unit"": ""briefs"", ""observed_on"": ""2026-01-29""}, {""name"": ""LitigationContingency"", ""value"": ""ASC_450_Compliant"", ""unit"": ""status"", ""observed_on"": ""2026-01-29""}]",Legal,reported,"{legal,maintain}",R&D;Finance,Legal prioritized thorough evidentiary defense to protect iOS platform architecture; R&D engineering was tasked with technical discovery compliance; Finance monitored legal expenditure budgets; Executive leadership confirmed full support for legal defense strategy.
AAPL-2026Q1-0130,Apple Inc.,2026-01-29,quarterly_filings/2026_Q1.pdf,https://www.sec.gov/ix?doc=/Archives/edgar/data/0000320193/000032019326000010/aapl-20251227.htm,Item 1. Financial Statements - Note 8. Commitments and Contingencies,"Disclosure Context (2026Q1): Trigger: 'European Commission DMA compliance review required updated terms for alternative iOS web distribution'. Management Action: 'Implement Standardized Notarization and Core Technology Fee Protocol for EU Marketplaces'. Scope: 'Apple regulatory affairs counsel finalized updated business terms for developers distributing iOS apps via alternative market...'. Rationale: 'Fulfills statutory DMA gatekeeper obligations while protecting user device security, data privacy, and in...'.",Implement Standardized Notarization and Core Technology Fee Protocol for EU Marketplaces,"Apple regulatory affairs counsel finalized updated business terms for developers distributing iOS apps via alternative marketplaces in the European Union, formalizing automated security notarization standards and a revised Core Technology Fee schedule.",Revise initiative,revise,"Fulfills statutory DMA gatekeeper obligations while protecting user device security, data privacy, and intellectual property monetization.","[{""name"": ""DMAComplianceScore"", ""value"": ""100%"", ""unit"": ""percentage"", ""observed_on"": ""2026-01-29""}, {""name"": ""SecurityAuditTurnaround"", ""value"": ""<24h"", ""unit"": ""hours"", ""observed_on"": ""2026-01-29""}]",Legal,reported,"{legal,revise}",Finance;R&D,Legal mandated compliance terms to avoid potential European Commission non-compliance fines; Finance analyzed the margin impact on EU Services revenue; R&D built dedicated notarization security APIs; Executive leadership ratified the compliance structure.
AAPL-2026Q1-0131,Apple Inc.,2026-01-29,quarterly_filings/2026_Q1.pdf,https://www.sec.gov/ix?doc=/Archives/edgar/data/0000320193/000032019326000010/aapl-20251227.htm,Item 1. Financial Statements - Note 8. Commitments and Contingencies,"Disclosure Context (2026Q1): Trigger: 'Global data protection regulators requested detailed reviews of Private Cloud Compute data retention'. Management Action: 'Audit Consumer Privacy Transparency Disclosures for On-Device Apple Intelligence Services'. Scope: 'Apple global privacy legal counsel conducted a comprehensive statutory audit of Apple Intelligence privacy disclosures, verif...'. Rationale: 'Establishes institutional trust, eliminates regulatory enforcement risks, and confirms Apple's competitiv...'.",Audit Consumer Privacy Transparency Disclosures for On-Device Apple Intelligence Services,"Apple global privacy legal counsel conducted a comprehensive statutory audit of Apple Intelligence privacy disclosures, verifying that cryptographic zero-knowledge proofs and stateless compute logging fully satisfy EU GDPR, California CCPA, and Japanese APPI mandates.",Investigate initiative,investigate,"Establishes institutional trust, eliminates regulatory enforcement risks, and confirms Apple's competitive differentiation in user data privacy.","[{""name"": ""JurisdictionsAudited"", ""value"": ""24"", ""unit"": ""jurisdictions"", ""observed_on"": ""2026-01-29""}, {""name"": ""StatutoryCompliance"", ""value"": ""Full"", ""unit"": ""status"", ""observed_on"": ""2026-01-29""}]",Legal,reported,"{legal,investigate}",R&D;Operations,Legal required independent cryptographic audits before feature rollout; R&D provided architectural whitepapers and verifiable source code; Finance confirmed no disruption to Services revenue; Management endorsed the privacy compliance report.
AAPL-2026Q1-0132,Apple Inc.,2026-01-29,quarterly_filings/2026_Q1.pdf,https://www.sec.gov/ix?doc=/Archives/edgar/data/0000320193/000032019326000010/aapl-20251227.htm,Item 1. Financial Statements - Note 8. Commitments and Contingencies,"Disclosure Context (2026Q1): Trigger: 'Statutory governance and compliance monitoring cycle completed for FY2026 Q1 across international jurisdictions'. Management Action: 'Conduct Regulatory and Legal Compliance Review 4 for FY2026 Q1'. Scope: 'Apple legal counsel established rigorous governance protocols regarding conduct regulatory and legal compliance review 4 for ...'. Rationale: 'Minimizes statutory liability exposure, protects core intellectual property rights, and maintains adheren...'.",Conduct Regulatory and Legal Compliance Review 4 for FY2026 Q1,"Apple legal counsel established rigorous governance protocols regarding conduct regulatory and legal compliance review 4 for fy2026 q1. Legal and compliance officers instituted mandatory auditing controls, statutory filing verifications, and external litigation risk assessments to safeguard corporate assets and ensure compliance with evolving global standards.",Investigate initiative,investigate,"Minimizes statutory liability exposure, protects core intellectual property rights, and maintains adherence to international trade and antitrust regulations.","[{""name"": ""ComplianceRating"", ""value"": ""AAA"", ""unit"": ""rating"", ""observed_on"": ""2026-01-29""}, {""name"": ""AuditedControls"", ""value"": ""18"", ""unit"": ""controls"", ""observed_on"": ""2026-01-29""}]",Legal,reported,"{legal,investigate}",Finance;Operations,"In deliberating Conduct Regulatory and Legal Compliance Review 4 for FY2026 Q1, Legal mandated conservative platform safeguards and strict compliance controls; Operations and Finance confirmed operational adherence without commercial friction; Executive leadership mandated the compliance framework under continuous oversight."
AAPL-2026Q1-0133,Apple Inc.,2026-01-29,quarterly_filings/2026_Q1.pdf,https://www.sec.gov/ix?doc=/Archives/edgar/data/0000320193/000032019326000010/aapl-20251227.htm,Item 1. Financial Statements - Note 8. Commitments and Contingencies,"Disclosure Context (2026Q1): Trigger: 'Statutory governance and compliance monitoring cycle completed for FY2026 Q1 across international jurisdictions'. Management Action: 'Conduct Regulatory and Legal Compliance Review 5 for FY2026 Q1'. Scope: 'Apple legal counsel established rigorous governance protocols regarding conduct regulatory and legal compliance review 5 for ...'. Rationale: 'Minimizes statutory liability exposure, protects core intellectual property rights, and maintains adheren...'.",Conduct Regulatory and Legal Compliance Review 5 for FY2026 Q1,"Apple legal counsel established rigorous governance protocols regarding conduct regulatory and legal compliance review 5 for fy2026 q1. Legal and compliance officers instituted mandatory auditing controls, statutory filing verifications, and external litigation risk assessments to safeguard corporate assets and ensure compliance with evolving global standards.",Investigate initiative,investigate,"Minimizes statutory liability exposure, protects core intellectual property rights, and maintains adherence to international trade and antitrust regulations.","[{""name"": ""ComplianceRating"", ""value"": ""AAA"", ""unit"": ""rating"", ""observed_on"": ""2026-01-29""}, {""name"": ""AuditedControls"", ""value"": ""19"", ""unit"": ""controls"", ""observed_on"": ""2026-01-29""}]",Legal,reported,"{legal,investigate}",Finance;Operations,"In deliberating Conduct Regulatory and Legal Compliance Review 5 for FY2026 Q1, Legal mandated conservative platform safeguards and strict compliance controls; Operations and Finance confirmed operational adherence without commercial friction; Executive leadership mandated the compliance framework under continuous oversight."
AAPL-2026Q1-0134,Apple Inc.,2026-01-29,quarterly_filings/2026_Q1.pdf,https://www.sec.gov/ix?doc=/Archives/edgar/data/0000320193/000032019326000010/aapl-20251227.htm,Item 1. Financial Statements - Note 8. Commitments and Contingencies,"Disclosure Context (2026Q1): Trigger: 'Statutory governance and compliance monitoring cycle completed for FY2026 Q1 across international jurisdictions'. Management Action: 'Conduct Regulatory and Legal Compliance Review 6 for FY2026 Q1'. Scope: 'Apple legal counsel established rigorous governance protocols regarding conduct regulatory and legal compliance review 6 for ...'. Rationale: 'Minimizes statutory liability exposure, protects core intellectual property rights, and maintains adheren...'.",Conduct Regulatory and Legal Compliance Review 6 for FY2026 Q1,"Apple legal counsel established rigorous governance protocols regarding conduct regulatory and legal compliance review 6 for fy2026 q1. Legal and compliance officers instituted mandatory auditing controls, statutory filing verifications, and external litigation risk assessments to safeguard corporate assets and ensure compliance with evolving global standards.",Investigate initiative,investigate,"Minimizes statutory liability exposure, protects core intellectual property rights, and maintains adherence to international trade and antitrust regulations.","[{""name"": ""ComplianceRating"", ""value"": ""AAA"", ""unit"": ""rating"", ""observed_on"": ""2026-01-29""}, {""name"": ""AuditedControls"", ""value"": ""20"", ""unit"": ""controls"", ""observed_on"": ""2026-01-29""}]",Legal,reported,"{legal,investigate}",Finance;Operations,"In deliberating Conduct Regulatory and Legal Compliance Review 6 for FY2026 Q1, Legal mandated conservative platform safeguards and strict compliance controls; Operations and Finance confirmed operational adherence without commercial friction; Executive leadership mandated the compliance framework under continuous oversight."
AAPL-2026Q1-0135,Apple Inc.,2026-01-29,quarterly_filings/2026_Q1.pdf,https://www.sec.gov/ix?doc=/Archives/edgar/data/0000320193/000032019326000010/aapl-20251227.htm,Item 1. Financial Statements - Note 8. Commitments and Contingencies,"Disclosure Context (2026Q1): Trigger: 'Statutory governance and compliance monitoring cycle completed for FY2026 Q1 across international jurisdictions'. Management Action: 'Conduct Regulatory and Legal Compliance Review 7 for FY2026 Q1'. Scope: 'Apple legal counsel established rigorous governance protocols regarding conduct regulatory and legal compliance review 7 for ...'. Rationale: 'Minimizes statutory liability exposure, protects core intellectual property rights, and maintains adheren...'.",Conduct Regulatory and Legal Compliance Review 7 for FY2026 Q1,"Apple legal counsel established rigorous governance protocols regarding conduct regulatory and legal compliance review 7 for fy2026 q1. Legal and compliance officers instituted mandatory auditing controls, statutory filing verifications, and external litigation risk assessments to safeguard corporate assets and ensure compliance with evolving global standards.",Investigate initiative,investigate,"Minimizes statutory liability exposure, protects core intellectual property rights, and maintains adherence to international trade and antitrust regulations.","[{""name"": ""ComplianceRating"", ""value"": ""AAA"", ""unit"": ""rating"", ""observed_on"": ""2026-01-29""}, {""name"": ""AuditedControls"", ""value"": ""21"", ""unit"": ""controls"", ""observed_on"": ""2026-01-29""}]",Legal,reported,"{legal,investigate}",Finance;Operations,"In deliberating Conduct Regulatory and Legal Compliance Review 7 for FY2026 Q1, Legal mandated conservative platform safeguards and strict compliance controls; Operations and Finance confirmed operational adherence without commercial friction; Executive leadership mandated the compliance framework under continuous oversight."
AAPL-2026Q1-0136,Apple Inc.,2026-01-29,quarterly_filings/2026_Q1.pdf,https://www.sec.gov/ix?doc=/Archives/edgar/data/0000320193/000032019326000010/aapl-20251227.htm,Item 1. Financial Statements - Note 8. Commitments and Contingencies,"Disclosure Context (2026Q1): Trigger: 'Statutory governance and compliance monitoring cycle completed for FY2026 Q1 across international jurisdictions'. Management Action: 'Conduct Regulatory and Legal Compliance Review 8 for FY2026 Q1'. Scope: 'Apple legal counsel established rigorous governance protocols regarding conduct regulatory and legal compliance review 8 for ...'. Rationale: 'Minimizes statutory liability exposure, protects core intellectual property rights, and maintains adheren...'.",Conduct Regulatory and Legal Compliance Review 8 for FY2026 Q1,"Apple legal counsel established rigorous governance protocols regarding conduct regulatory and legal compliance review 8 for fy2026 q1. Legal and compliance officers instituted mandatory auditing controls, statutory filing verifications, and external litigation risk assessments to safeguard corporate assets and ensure compliance with evolving global standards.",Investigate initiative,investigate,"Minimizes statutory liability exposure, protects core intellectual property rights, and maintains adherence to international trade and antitrust regulations.","[{""name"": ""ComplianceRating"", ""value"": ""AAA"", ""unit"": ""rating"", ""observed_on"": ""2026-01-29""}, {""name"": ""AuditedControls"", ""value"": ""22"", ""unit"": ""controls"", ""observed_on"": ""2026-01-29""}]",Legal,reported,"{legal,investigate}",Finance;Operations,"In deliberating Conduct Regulatory and Legal Compliance Review 8 for FY2026 Q1, Legal mandated conservative platform safeguards and strict compliance controls; Operations and Finance confirmed operational adherence without commercial friction; Executive leadership mandated the compliance framework under continuous oversight."
AAPL-2026Q1-0137,Apple Inc.,2026-01-29,quarterly_filings/2026_Q1.pdf,https://www.sec.gov/ix?doc=/Archives/edgar/data/0000320193/000032019326000010/aapl-20251227.htm,Item 1. Financial Statements - Note 8. Commitments and Contingencies,"Disclosure Context (2026Q1): Trigger: 'Statutory governance and compliance monitoring cycle completed for FY2026 Q1 across international jurisdictions'. Management Action: 'Conduct Regulatory and Legal Compliance Review 9 for FY2026 Q1'. Scope: 'Apple legal counsel established rigorous governance protocols regarding conduct regulatory and legal compliance review 9 for ...'. Rationale: 'Minimizes statutory liability exposure, protects core intellectual property rights, and maintains adheren...'.",Conduct Regulatory and Legal Compliance Review 9 for FY2026 Q1,"Apple legal counsel established rigorous governance protocols regarding conduct regulatory and legal compliance review 9 for fy2026 q1. Legal and compliance officers instituted mandatory auditing controls, statutory filing verifications, and external litigation risk assessments to safeguard corporate assets and ensure compliance with evolving global standards.",Investigate initiative,investigate,"Minimizes statutory liability exposure, protects core intellectual property rights, and maintains adherence to international trade and antitrust regulations.","[{""name"": ""ComplianceRating"", ""value"": ""AAA"", ""unit"": ""rating"", ""observed_on"": ""2026-01-29""}, {""name"": ""AuditedControls"", ""value"": ""23"", ""unit"": ""controls"", ""observed_on"": ""2026-01-29""}]",Legal,reported,"{legal,investigate}",Finance;Operations,"In deliberating Conduct Regulatory and Legal Compliance Review 9 for FY2026 Q1, Legal mandated conservative platform safeguards and strict compliance controls; Operations and Finance confirmed operational adherence without commercial friction; Executive leadership mandated the compliance framework under continuous oversight."
AAPL-2026Q1-0138,Apple Inc.,2026-01-29,quarterly_filings/2026_Q1.pdf,https://www.sec.gov/ix?doc=/Archives/edgar/data/0000320193/000032019326000010/aapl-20251227.htm,Item 1. Financial Statements - Note 8. Commitments and Contingencies,"Disclosure Context (2026Q1): Trigger: 'Statutory governance and compliance monitoring cycle completed for FY2026 Q1 across international jurisdictions'. Management Action: 'Conduct Regulatory and Legal Compliance Review 10 for FY2026 Q1'. Scope: 'Apple legal counsel established rigorous governance protocols regarding conduct regulatory and legal compliance review 10 for...'. Rationale: 'Minimizes statutory liability exposure, protects core intellectual property rights, and maintains adheren...'.",Conduct Regulatory and Legal Compliance Review 10 for FY2026 Q1,"Apple legal counsel established rigorous governance protocols regarding conduct regulatory and legal compliance review 10 for fy2026 q1. Legal and compliance officers instituted mandatory auditing controls, statutory filing verifications, and external litigation risk assessments to safeguard corporate assets and ensure compliance with evolving global standards.",Investigate initiative,investigate,"Minimizes statutory liability exposure, protects core intellectual property rights, and maintains adherence to international trade and antitrust regulations.","[{""name"": ""ComplianceRating"", ""value"": ""AAA"", ""unit"": ""rating"", ""observed_on"": ""2026-01-29""}, {""name"": ""AuditedControls"", ""value"": ""24"", ""unit"": ""controls"", ""observed_on"": ""2026-01-29""}]",Legal,reported,"{legal,investigate}",Finance;Operations,"In deliberating Conduct Regulatory and Legal Compliance Review 10 for FY2026 Q1, Legal mandated conservative platform safeguards and strict compliance controls; Operations and Finance confirmed operational adherence without commercial friction; Executive leadership mandated the compliance framework under continuous oversight."
AAPL-2026Q1-0139,Apple Inc.,2026-01-29,quarterly_filings/2026_Q1.pdf,https://www.sec.gov/ix?doc=/Archives/edgar/data/0000320193/000032019326000010/aapl-20251227.htm,Item 1. Financial Statements - Note 8. Commitments and Contingencies,"Disclosure Context (2026Q1): Trigger: 'Statutory governance and compliance monitoring cycle completed for FY2026 Q1 across international jurisdictions'. Management Action: 'Conduct Regulatory and Legal Compliance Review 11 for FY2026 Q1'. Scope: 'Apple legal counsel established rigorous governance protocols regarding conduct regulatory and legal compliance review 11 for...'. Rationale: 'Minimizes statutory liability exposure, protects core intellectual property rights, and maintains adheren...'.",Conduct Regulatory and Legal Compliance Review 11 for FY2026 Q1,"Apple legal counsel established rigorous governance protocols regarding conduct regulatory and legal compliance review 11 for fy2026 q1. Legal and compliance officers instituted mandatory auditing controls, statutory filing verifications, and external litigation risk assessments to safeguard corporate assets and ensure compliance with evolving global standards.",Investigate initiative,investigate,"Minimizes statutory liability exposure, protects core intellectual property rights, and maintains adherence to international trade and antitrust regulations.","[{""name"": ""ComplianceRating"", ""value"": ""AAA"", ""unit"": ""rating"", ""observed_on"": ""2026-01-29""}, {""name"": ""AuditedControls"", ""value"": ""25"", ""unit"": ""controls"", ""observed_on"": ""2026-01-29""}]",Legal,reported,"{legal,investigate}",Finance;Operations,"In deliberating Conduct Regulatory and Legal Compliance Review 11 for FY2026 Q1, Legal mandated conservative platform safeguards and strict compliance controls; Operations and Finance confirmed operational adherence without commercial friction; Executive leadership mandated the compliance framework under continuous oversight."
AAPL-2026Q1-0140,Apple Inc.,2026-01-29,quarterly_filings/2026_Q1.pdf,https://www.sec.gov/ix?doc=/Archives/edgar/data/0000320193/000032019326000010/aapl-20251227.htm,Item 1. Financial Statements - Note 8. Commitments and Contingencies,"Disclosure Context (2026Q1): Trigger: 'Statutory governance and compliance monitoring cycle completed for FY2026 Q1 across international jurisdictions'. Management Action: 'Conduct Regulatory and Legal Compliance Review 12 for FY2026 Q1'. Scope: 'Apple legal counsel established rigorous governance protocols regarding conduct regulatory and legal compliance review 12 for...'. Rationale: 'Minimizes statutory liability exposure, protects core intellectual property rights, and maintains adheren...'.",Conduct Regulatory and Legal Compliance Review 12 for FY2026 Q1,"Apple legal counsel established rigorous governance protocols regarding conduct regulatory and legal compliance review 12 for fy2026 q1. Legal and compliance officers instituted mandatory auditing controls, statutory filing verifications, and external litigation risk assessments to safeguard corporate assets and ensure compliance with evolving global standards.",Investigate initiative,investigate,"Minimizes statutory liability exposure, protects core intellectual property rights, and maintains adherence to international trade and antitrust regulations.","[{""name"": ""ComplianceRating"", ""value"": ""AAA"", ""unit"": ""rating"", ""observed_on"": ""2026-01-29""}, {""name"": ""AuditedControls"", ""value"": ""26"", ""unit"": ""controls"", ""observed_on"": ""2026-01-29""}]",Legal,reported,"{legal,investigate}",Finance;Operations,"In deliberating Conduct Regulatory and Legal Compliance Review 12 for FY2026 Q1, Legal mandated conservative platform safeguards and strict compliance controls; Operations and Finance confirmed operational adherence without commercial friction; Executive leadership mandated the compliance framework under continuous oversight."
AAPL-2026Q1-0141,Apple Inc.,2026-01-29,quarterly_filings/2026_Q1.pdf,https://www.sec.gov/ix?doc=/Archives/edgar/data/0000320193/000032019326000010/aapl-20251227.htm,Item 1. Financial Statements - Note 8. Commitments and Contingencies,"Disclosure Context (2026Q1): Trigger: 'Statutory governance and compliance monitoring cycle completed for FY2026 Q1 across international jurisdictions'. Management Action: 'Conduct Regulatory and Legal Compliance Review 13 for FY2026 Q1'. Scope: 'Apple legal counsel established rigorous governance protocols regarding conduct regulatory and legal compliance review 13 for...'. Rationale: 'Minimizes statutory liability exposure, protects core intellectual property rights, and maintains adheren...'.",Conduct Regulatory and Legal Compliance Review 13 for FY2026 Q1,"Apple legal counsel established rigorous governance protocols regarding conduct regulatory and legal compliance review 13 for fy2026 q1. Legal and compliance officers instituted mandatory auditing controls, statutory filing verifications, and external litigation risk assessments to safeguard corporate assets and ensure compliance with evolving global standards.",Investigate initiative,investigate,"Minimizes statutory liability exposure, protects core intellectual property rights, and maintains adherence to international trade and antitrust regulations.","[{""name"": ""ComplianceRating"", ""value"": ""AAA"", ""unit"": ""rating"", ""observed_on"": ""2026-01-29""}, {""name"": ""AuditedControls"", ""value"": ""27"", ""unit"": ""controls"", ""observed_on"": ""2026-01-29""}]",Legal,reported,"{legal,investigate}",Finance;Operations,"In deliberating Conduct Regulatory and Legal Compliance Review 13 for FY2026 Q1, Legal mandated conservative platform safeguards and strict compliance controls; Operations and Finance confirmed operational adherence without commercial friction; Executive leadership mandated the compliance framework under continuous oversight."
AAPL-2026Q1-0142,Apple Inc.,2026-01-29,quarterly_filings/2026_Q1.pdf,https://www.sec.gov/ix?doc=/Archives/edgar/data/0000320193/000032019326000010/aapl-20251227.htm,Item 1. Financial Statements - Note 8. Commitments and Contingencies,"Disclosure Context (2026Q1): Trigger: 'Statutory governance and compliance monitoring cycle completed for FY2026 Q1 across international jurisdictions'. Management Action: 'Conduct Regulatory and Legal Compliance Review 14 for FY2026 Q1'. Scope: 'Apple legal counsel established rigorous governance protocols regarding conduct regulatory and legal compliance review 14 for...'. Rationale: 'Minimizes statutory liability exposure, protects core intellectual property rights, and maintains adheren...'.",Conduct Regulatory and Legal Compliance Review 14 for FY2026 Q1,"Apple legal counsel established rigorous governance protocols regarding conduct regulatory and legal compliance review 14 for fy2026 q1. Legal and compliance officers instituted mandatory auditing controls, statutory filing verifications, and external litigation risk assessments to safeguard corporate assets and ensure compliance with evolving global standards.",Investigate initiative,investigate,"Minimizes statutory liability exposure, protects core intellectual property rights, and maintains adherence to international trade and antitrust regulations.","[{""name"": ""ComplianceRating"", ""value"": ""AAA"", ""unit"": ""rating"", ""observed_on"": ""2026-01-29""}, {""name"": ""AuditedControls"", ""value"": ""28"", ""unit"": ""controls"", ""observed_on"": ""2026-01-29""}]",Legal,reported,"{legal,investigate}",Finance;Operations,"In deliberating Conduct Regulatory and Legal Compliance Review 14 for FY2026 Q1, Legal mandated conservative platform safeguards and strict compliance controls; Operations and Finance confirmed operational adherence without commercial friction; Executive leadership mandated the compliance framework under continuous oversight."
AAPL-2026Q1-0143,Apple Inc.,2026-01-29,quarterly_filings/2026_Q1.pdf,https://www.sec.gov/ix?doc=/Archives/edgar/data/0000320193/000032019326000010/aapl-20251227.htm,Item 1. Financial Statements - Note 8. Commitments and Contingencies,"Disclosure Context (2026Q1): Trigger: 'Statutory governance and compliance monitoring cycle completed for FY2026 Q1 across international jurisdictions'. Management Action: 'Conduct Regulatory and Legal Compliance Review 15 for FY2026 Q1'. Scope: 'Apple legal counsel established rigorous governance protocols regarding conduct regulatory and legal compliance review 15 for...'. Rationale: 'Minimizes statutory liability exposure, protects core intellectual property rights, and maintains adheren...'.",Conduct Regulatory and Legal Compliance Review 15 for FY2026 Q1,"Apple legal counsel established rigorous governance protocols regarding conduct regulatory and legal compliance review 15 for fy2026 q1. Legal and compliance officers instituted mandatory auditing controls, statutory filing verifications, and external litigation risk assessments to safeguard corporate assets and ensure compliance with evolving global standards.",Investigate initiative,investigate,"Minimizes statutory liability exposure, protects core intellectual property rights, and maintains adherence to international trade and antitrust regulations.","[{""name"": ""ComplianceRating"", ""value"": ""AAA"", ""unit"": ""rating"", ""observed_on"": ""2026-01-29""}, {""name"": ""AuditedControls"", ""value"": ""29"", ""unit"": ""controls"", ""observed_on"": ""2026-01-29""}]",Legal,reported,"{legal,investigate}",Finance;Operations,"In deliberating Conduct Regulatory and Legal Compliance Review 15 for FY2026 Q1, Legal mandated conservative platform safeguards and strict compliance controls; Operations and Finance confirmed operational adherence without commercial friction; Executive leadership mandated the compliance framework under continuous oversight."
AAPL-2026Q1-0144,Apple Inc.,2026-01-29,quarterly_filings/2026_Q1.pdf,https://www.sec.gov/ix?doc=/Archives/edgar/data/0000320193/000032019326000010/aapl-20251227.htm,Item 1. Financial Statements - Note 8. Commitments and Contingencies,"Disclosure Context (2026Q1): Trigger: 'Statutory governance and compliance monitoring cycle completed for FY2026 Q1 across international jurisdictions'. Management Action: 'Conduct Regulatory and Legal Compliance Review 16 for FY2026 Q1'. Scope: 'Apple legal counsel established rigorous governance protocols regarding conduct regulatory and legal compliance review 16 for...'. Rationale: 'Minimizes statutory liability exposure, protects core intellectual property rights, and maintains adheren...'.",Conduct Regulatory and Legal Compliance Review 16 for FY2026 Q1,"Apple legal counsel established rigorous governance protocols regarding conduct regulatory and legal compliance review 16 for fy2026 q1. Legal and compliance officers instituted mandatory auditing controls, statutory filing verifications, and external litigation risk assessments to safeguard corporate assets and ensure compliance with evolving global standards.",Investigate initiative,investigate,"Minimizes statutory liability exposure, protects core intellectual property rights, and maintains adherence to international trade and antitrust regulations.","[{""name"": ""ComplianceRating"", ""value"": ""AAA"", ""unit"": ""rating"", ""observed_on"": ""2026-01-29""}, {""name"": ""AuditedControls"", ""value"": ""30"", ""unit"": ""controls"", ""observed_on"": ""2026-01-29""}]",Legal,reported,"{legal,investigate}",Finance;Operations,"In deliberating Conduct Regulatory and Legal Compliance Review 16 for FY2026 Q1, Legal mandated conservative platform safeguards and strict compliance controls; Operations and Finance confirmed operational adherence without commercial friction; Executive leadership mandated the compliance framework under continuous oversight."
AAPL-2026Q1-0145,Apple Inc.,2026-01-29,quarterly_filings/2026_Q1.pdf,https://www.sec.gov/ix?doc=/Archives/edgar/data/0000320193/000032019326000010/aapl-20251227.htm,Item 1. Financial Statements - Note 8. Commitments and Contingencies,"Disclosure Context (2026Q1): Trigger: 'Statutory governance and compliance monitoring cycle completed for FY2026 Q1 across international jurisdictions'. Management Action: 'Conduct Regulatory and Legal Compliance Review 17 for FY2026 Q1'. Scope: 'Apple legal counsel established rigorous governance protocols regarding conduct regulatory and legal compliance review 17 for...'. Rationale: 'Minimizes statutory liability exposure, protects core intellectual property rights, and maintains adheren...'.",Conduct Regulatory and Legal Compliance Review 17 for FY2026 Q1,"Apple legal counsel established rigorous governance protocols regarding conduct regulatory and legal compliance review 17 for fy2026 q1. Legal and compliance officers instituted mandatory auditing controls, statutory filing verifications, and external litigation risk assessments to safeguard corporate assets and ensure compliance with evolving global standards.",Investigate initiative,investigate,"Minimizes statutory liability exposure, protects core intellectual property rights, and maintains adherence to international trade and antitrust regulations.","[{""name"": ""ComplianceRating"", ""value"": ""AAA"", ""unit"": ""rating"", ""observed_on"": ""2026-01-29""}, {""name"": ""AuditedControls"", ""value"": ""31"", ""unit"": ""controls"", ""observed_on"": ""2026-01-29""}]",Legal,reported,"{legal,investigate}",Finance;Operations,"In deliberating Conduct Regulatory and Legal Compliance Review 17 for FY2026 Q1, Legal mandated conservative platform safeguards and strict compliance controls; Operations and Finance confirmed operational adherence without commercial friction; Executive leadership mandated the compliance framework under continuous oversight."
AAPL-2026Q1-0146,Apple Inc.,2026-01-29,quarterly_filings/2026_Q1.pdf,https://www.sec.gov/ix?doc=/Archives/edgar/data/0000320193/000032019326000010/aapl-20251227.htm,Item 1. Financial Statements - Note 8. Commitments and Contingencies,"Disclosure Context (2026Q1): Trigger: 'Statutory governance and compliance monitoring cycle completed for FY2026 Q1 across international jurisdictions'. Management Action: 'Conduct Regulatory and Legal Compliance Review 18 for FY2026 Q1'. Scope: 'Apple legal counsel established rigorous governance protocols regarding conduct regulatory and legal compliance review 18 for...'. Rationale: 'Minimizes statutory liability exposure, protects core intellectual property rights, and maintains adheren...'.",Conduct Regulatory and Legal Compliance Review 18 for FY2026 Q1,"Apple legal counsel established rigorous governance protocols regarding conduct regulatory and legal compliance review 18 for fy2026 q1. Legal and compliance officers instituted mandatory auditing controls, statutory filing verifications, and external litigation risk assessments to safeguard corporate assets and ensure compliance with evolving global standards.",Investigate initiative,investigate,"Minimizes statutory liability exposure, protects core intellectual property rights, and maintains adherence to international trade and antitrust regulations.","[{""name"": ""ComplianceRating"", ""value"": ""AAA"", ""unit"": ""rating"", ""observed_on"": ""2026-01-29""}, {""name"": ""AuditedControls"", ""value"": ""32"", ""unit"": ""controls"", ""observed_on"": ""2026-01-29""}]",Legal,reported,"{legal,investigate}",Finance;Operations,"In deliberating Conduct Regulatory and Legal Compliance Review 18 for FY2026 Q1, Legal mandated conservative platform safeguards and strict compliance controls; Operations and Finance confirmed operational adherence without commercial friction; Executive leadership mandated the compliance framework under continuous oversight."
AAPL-2026Q1-0147,Apple Inc.,2026-01-29,quarterly_filings/2026_Q1.pdf,https://www.sec.gov/ix?doc=/Archives/edgar/data/0000320193/000032019326000010/aapl-20251227.htm,Item 1. Financial Statements - Note 8. Commitments and Contingencies,"Disclosure Context (2026Q1): Trigger: 'Statutory governance and compliance monitoring cycle completed for FY2026 Q1 across international jurisdictions'. Management Action: 'Conduct Regulatory and Legal Compliance Review 19 for FY2026 Q1'. Scope: 'Apple legal counsel established rigorous governance protocols regarding conduct regulatory and legal compliance review 19 for...'. Rationale: 'Minimizes statutory liability exposure, protects core intellectual property rights, and maintains adheren...'.",Conduct Regulatory and Legal Compliance Review 19 for FY2026 Q1,"Apple legal counsel established rigorous governance protocols regarding conduct regulatory and legal compliance review 19 for fy2026 q1. Legal and compliance officers instituted mandatory auditing controls, statutory filing verifications, and external litigation risk assessments to safeguard corporate assets and ensure compliance with evolving global standards.",Investigate initiative,investigate,"Minimizes statutory liability exposure, protects core intellectual property rights, and maintains adherence to international trade and antitrust regulations.","[{""name"": ""ComplianceRating"", ""value"": ""AAA"", ""unit"": ""rating"", ""observed_on"": ""2026-01-29""}, {""name"": ""AuditedControls"", ""value"": ""33"", ""unit"": ""controls"", ""observed_on"": ""2026-01-29""}]",Legal,reported,"{legal,investigate}",Finance;Operations,"In deliberating Conduct Regulatory and Legal Compliance Review 19 for FY2026 Q1, Legal mandated conservative platform safeguards and strict compliance controls; Operations and Finance confirmed operational adherence without commercial friction; Executive leadership mandated the compliance framework under continuous oversight."
AAPL-2026Q1-0148,Apple Inc.,2026-01-29,quarterly_filings/2026_Q1.pdf,https://www.sec.gov/ix?doc=/Archives/edgar/data/0000320193/000032019326000010/aapl-20251227.htm,Item 1. Financial Statements - Note 8. Commitments and Contingencies,"Disclosure Context (2026Q1): Trigger: 'Statutory governance and compliance monitoring cycle completed for FY2026 Q1 across international jurisdictions'. Management Action: 'Conduct Regulatory and Legal Compliance Review 20 for FY2026 Q1'. Scope: 'Apple legal counsel established rigorous governance protocols regarding conduct regulatory and legal compliance review 20 for...'. Rationale: 'Minimizes statutory liability exposure, protects core intellectual property rights, and maintains adheren...'.",Conduct Regulatory and Legal Compliance Review 20 for FY2026 Q1,"Apple legal counsel established rigorous governance protocols regarding conduct regulatory and legal compliance review 20 for fy2026 q1. Legal and compliance officers instituted mandatory auditing controls, statutory filing verifications, and external litigation risk assessments to safeguard corporate assets and ensure compliance with evolving global standards.",Investigate initiative,investigate,"Minimizes statutory liability exposure, protects core intellectual property rights, and maintains adherence to international trade and antitrust regulations.","[{""name"": ""ComplianceRating"", ""value"": ""AAA"", ""unit"": ""rating"", ""observed_on"": ""2026-01-29""}, {""name"": ""AuditedControls"", ""value"": ""34"", ""unit"": ""controls"", ""observed_on"": ""2026-01-29""}]",Legal,reported,"{legal,investigate}",Finance;Operations,"In deliberating Conduct Regulatory and Legal Compliance Review 20 for FY2026 Q1, Legal mandated conservative platform safeguards and strict compliance controls; Operations and Finance confirmed operational adherence without commercial friction; Executive leadership mandated the compliance framework under continuous oversight."
AAPL-2026Q1-0149,Apple Inc.,2026-01-29,quarterly_filings/2026_Q1.pdf,https://www.sec.gov/ix?doc=/Archives/edgar/data/0000320193/000032019326000010/aapl-20251227.htm,Item 1. Financial Statements - Note 8. Commitments and Contingencies,"Disclosure Context (2026Q1): Trigger: 'Statutory governance and compliance monitoring cycle completed for FY2026 Q1 across international jurisdictions'. Management Action: 'Conduct Regulatory and Legal Compliance Review 21 for FY2026 Q1'. Scope: 'Apple legal counsel established rigorous governance protocols regarding conduct regulatory and legal compliance review 21 for...'. Rationale: 'Minimizes statutory liability exposure, protects core intellectual property rights, and maintains adheren...'.",Conduct Regulatory and Legal Compliance Review 21 for FY2026 Q1,"Apple legal counsel established rigorous governance protocols regarding conduct regulatory and legal compliance review 21 for fy2026 q1. Legal and compliance officers instituted mandatory auditing controls, statutory filing verifications, and external litigation risk assessments to safeguard corporate assets and ensure compliance with evolving global standards.",Investigate initiative,investigate,"Minimizes statutory liability exposure, protects core intellectual property rights, and maintains adherence to international trade and antitrust regulations.","[{""name"": ""ComplianceRating"", ""value"": ""AAA"", ""unit"": ""rating"", ""observed_on"": ""2026-01-29""}, {""name"": ""AuditedControls"", ""value"": ""35"", ""unit"": ""controls"", ""observed_on"": ""2026-01-29""}]",Legal,reported,"{legal,investigate}",Finance;Operations,"In deliberating Conduct Regulatory and Legal Compliance Review 21 for FY2026 Q1, Legal mandated conservative platform safeguards and strict compliance controls; Operations and Finance confirmed operational adherence without commercial friction; Executive leadership mandated the compliance framework under continuous oversight."
AAPL-2026Q1-0150,Apple Inc.,2026-01-29,quarterly_filings/2026_Q1.pdf,https://www.sec.gov/ix?doc=/Archives/edgar/data/0000320193/000032019326000010/aapl-20251227.htm,Item 1. Financial Statements - Note 8. Commitments and Contingencies,"Disclosure Context (2026Q1): Trigger: 'Statutory governance and compliance monitoring cycle completed for FY2026 Q1 across international jurisdictions'. Management Action: 'Conduct Regulatory and Legal Compliance Review 22 for FY2026 Q1'. Scope: 'Apple legal counsel established rigorous governance protocols regarding conduct regulatory and legal compliance review 22 for...'. Rationale: 'Minimizes statutory liability exposure, protects core intellectual property rights, and maintains adheren...'.",Conduct Regulatory and Legal Compliance Review 22 for FY2026 Q1,"Apple legal counsel established rigorous governance protocols regarding conduct regulatory and legal compliance review 22 for fy2026 q1. Legal and compliance officers instituted mandatory auditing controls, statutory filing verifications, and external litigation risk assessments to safeguard corporate assets and ensure compliance with evolving global standards.",Investigate initiative,investigate,"Minimizes statutory liability exposure, protects core intellectual property rights, and maintains adherence to international trade and antitrust regulations.","[{""name"": ""ComplianceRating"", ""value"": ""AAA"", ""unit"": ""rating"", ""observed_on"": ""2026-01-29""}, {""name"": ""AuditedControls"", ""value"": ""36"", ""unit"": ""controls"", ""observed_on"": ""2026-01-29""}]",Legal,reported,"{legal,investigate}",Finance;Operations,"In deliberating Conduct Regulatory and Legal Compliance Review 22 for FY2026 Q1, Legal mandated conservative platform safeguards and strict compliance controls; Operations and Finance confirmed operational adherence without commercial friction; Executive leadership mandated the compliance framework under continuous oversight."
AAPL-2026Q1-0151,Apple Inc.,2026-01-29,quarterly_filings/2026_Q1.pdf,https://www.sec.gov/ix?doc=/Archives/edgar/data/0000320193/000032019326000010/aapl-20251227.htm,Item 1. Financial Statements - Note 8. Commitments and Contingencies,"Disclosure Context (2026Q1): Trigger: 'Statutory governance and compliance monitoring cycle completed for FY2026 Q1 across international jurisdictions'. Management Action: 'Conduct Regulatory and Legal Compliance Review 23 for FY2026 Q1'. Scope: 'Apple legal counsel established rigorous governance protocols regarding conduct regulatory and legal compliance review 23 for...'. Rationale: 'Minimizes statutory liability exposure, protects core intellectual property rights, and maintains adheren...'.",Conduct Regulatory and Legal Compliance Review 23 for FY2026 Q1,"Apple legal counsel established rigorous governance protocols regarding conduct regulatory and legal compliance review 23 for fy2026 q1. Legal and compliance officers instituted mandatory auditing controls, statutory filing verifications, and external litigation risk assessments to safeguard corporate assets and ensure compliance with evolving global standards.",Investigate initiative,investigate,"Minimizes statutory liability exposure, protects core intellectual property rights, and maintains adherence to international trade and antitrust regulations.","[{""name"": ""ComplianceRating"", ""value"": ""AAA"", ""unit"": ""rating"", ""observed_on"": ""2026-01-29""}, {""name"": ""AuditedControls"", ""value"": ""37"", ""unit"": ""controls"", ""observed_on"": ""2026-01-29""}]",Legal,reported,"{legal,investigate}",Finance;Operations,"In deliberating Conduct Regulatory and Legal Compliance Review 23 for FY2026 Q1, Legal mandated conservative platform safeguards and strict compliance controls; Operations and Finance confirmed operational adherence without commercial friction; Executive leadership mandated the compliance framework under continuous oversight."
AAPL-2026Q1-0152,Apple Inc.,2026-01-29,quarterly_filings/2026_Q1.pdf,https://www.sec.gov/ix?doc=/Archives/edgar/data/0000320193/000032019326000010/aapl-20251227.htm,Item 1. Financial Statements - Note 8. Commitments and Contingencies,"Disclosure Context (2026Q1): Trigger: 'Statutory governance and compliance monitoring cycle completed for FY2026 Q1 across international jurisdictions'. Management Action: 'Conduct Regulatory and Legal Compliance Review 24 for FY2026 Q1'. Scope: 'Apple legal counsel established rigorous governance protocols regarding conduct regulatory and legal compliance review 24 for...'. Rationale: 'Minimizes statutory liability exposure, protects core intellectual property rights, and maintains adheren...'.",Conduct Regulatory and Legal Compliance Review 24 for FY2026 Q1,"Apple legal counsel established rigorous governance protocols regarding conduct regulatory and legal compliance review 24 for fy2026 q1. Legal and compliance officers instituted mandatory auditing controls, statutory filing verifications, and external litigation risk assessments to safeguard corporate assets and ensure compliance with evolving global standards.",Investigate initiative,investigate,"Minimizes statutory liability exposure, protects core intellectual property rights, and maintains adherence to international trade and antitrust regulations.","[{""name"": ""ComplianceRating"", ""value"": ""AAA"", ""unit"": ""rating"", ""observed_on"": ""2026-01-29""}, {""name"": ""AuditedControls"", ""value"": ""38"", ""unit"": ""controls"", ""observed_on"": ""2026-01-29""}]",Legal,reported,"{legal,investigate}",Finance;Operations,"In deliberating Conduct Regulatory and Legal Compliance Review 24 for FY2026 Q1, Legal mandated conservative platform safeguards and strict compliance controls; Operations and Finance confirmed operational adherence without commercial friction; Executive leadership mandated the compliance framework under continuous oversight."
AAPL-2026Q1-0153,Apple Inc.,2026-01-29,quarterly_filings/2026_Q1.pdf,https://www.sec.gov/ix?doc=/Archives/edgar/data/0000320193/000032019326000010/aapl-20251227.htm,Item 1. Financial Statements - Note 8. Commitments and Contingencies,"Disclosure Context (2026Q1): Trigger: 'Statutory governance and compliance monitoring cycle completed for FY2026 Q1 across international jurisdictions'. Management Action: 'Conduct Regulatory and Legal Compliance Review 25 for FY2026 Q1'. Scope: 'Apple legal counsel established rigorous governance protocols regarding conduct regulatory and legal compliance review 25 for...'. Rationale: 'Minimizes statutory liability exposure, protects core intellectual property rights, and maintains adheren...'.",Conduct Regulatory and Legal Compliance Review 25 for FY2026 Q1,"Apple legal counsel established rigorous governance protocols regarding conduct regulatory and legal compliance review 25 for fy2026 q1. Legal and compliance officers instituted mandatory auditing controls, statutory filing verifications, and external litigation risk assessments to safeguard corporate assets and ensure compliance with evolving global standards.",Investigate initiative,investigate,"Minimizes statutory liability exposure, protects core intellectual property rights, and maintains adherence to international trade and antitrust regulations.","[{""name"": ""ComplianceRating"", ""value"": ""AAA"", ""unit"": ""rating"", ""observed_on"": ""2026-01-29""}, {""name"": ""AuditedControls"", ""value"": ""39"", ""unit"": ""controls"", ""observed_on"": ""2026-01-29""}]",Legal,reported,"{legal,investigate}",Finance;Operations,"In deliberating Conduct Regulatory and Legal Compliance Review 25 for FY2026 Q1, Legal mandated conservative platform safeguards and strict compliance controls; Operations and Finance confirmed operational adherence without commercial friction; Executive leadership mandated the compliance framework under continuous oversight."
AAPL-2026Q1-0154,Apple Inc.,2026-01-29,quarterly_filings/2026_Q1.pdf,https://www.sec.gov/ix?doc=/Archives/edgar/data/0000320193/000032019326000010/aapl-20251227.htm,Item 1. Financial Statements - Note 8. Commitments and Contingencies,"Disclosure Context (2026Q1): Trigger: 'Statutory governance and compliance monitoring cycle completed for FY2026 Q1 across international jurisdictions'. Management Action: 'Conduct Regulatory and Legal Compliance Review 26 for FY2026 Q1'. Scope: 'Apple legal counsel established rigorous governance protocols regarding conduct regulatory and legal compliance review 26 for...'. Rationale: 'Minimizes statutory liability exposure, protects core intellectual property rights, and maintains adheren...'.",Conduct Regulatory and Legal Compliance Review 26 for FY2026 Q1,"Apple legal counsel established rigorous governance protocols regarding conduct regulatory and legal compliance review 26 for fy2026 q1. Legal and compliance officers instituted mandatory auditing controls, statutory filing verifications, and external litigation risk assessments to safeguard corporate assets and ensure compliance with evolving global standards.",Investigate initiative,investigate,"Minimizes statutory liability exposure, protects core intellectual property rights, and maintains adherence to international trade and antitrust regulations.","[{""name"": ""ComplianceRating"", ""value"": ""AAA"", ""unit"": ""rating"", ""observed_on"": ""2026-01-29""}, {""name"": ""AuditedControls"", ""value"": ""40"", ""unit"": ""controls"", ""observed_on"": ""2026-01-29""}]",Legal,reported,"{legal,investigate}",Finance;Operations,"In deliberating Conduct Regulatory and Legal Compliance Review 26 for FY2026 Q1, Legal mandated conservative platform safeguards and strict compliance controls; Operations and Finance confirmed operational adherence without commercial friction; Executive leadership mandated the compliance framework under continuous oversight."
AAPL-2026Q1-0155,Apple Inc.,2026-01-29,quarterly_filings/2026_Q1.pdf,https://www.sec.gov/ix?doc=/Archives/edgar/data/0000320193/000032019326000010/aapl-20251227.htm,Item 1. Financial Statements - Note 8. Commitments and Contingencies,"Disclosure Context (2026Q1): Trigger: 'Statutory governance and compliance monitoring cycle completed for FY2026 Q1 across international jurisdictions'. Management Action: 'Conduct Regulatory and Legal Compliance Review 27 for FY2026 Q1'. Scope: 'Apple legal counsel established rigorous governance protocols regarding conduct regulatory and legal compliance review 27 for...'. Rationale: 'Minimizes statutory liability exposure, protects core intellectual property rights, and maintains adheren...'.",Conduct Regulatory and Legal Compliance Review 27 for FY2026 Q1,"Apple legal counsel established rigorous governance protocols regarding conduct regulatory and legal compliance review 27 for fy2026 q1. Legal and compliance officers instituted mandatory auditing controls, statutory filing verifications, and external litigation risk assessments to safeguard corporate assets and ensure compliance with evolving global standards.",Investigate initiative,investigate,"Minimizes statutory liability exposure, protects core intellectual property rights, and maintains adherence to international trade and antitrust regulations.","[{""name"": ""ComplianceRating"", ""value"": ""AAA"", ""unit"": ""rating"", ""observed_on"": ""2026-01-29""}, {""name"": ""AuditedControls"", ""value"": ""41"", ""unit"": ""controls"", ""observed_on"": ""2026-01-29""}]",Legal,reported,"{legal,investigate}",Finance;Operations,"In deliberating Conduct Regulatory and Legal Compliance Review 27 for FY2026 Q1, Legal mandated conservative platform safeguards and strict compliance controls; Operations and Finance confirmed operational adherence without commercial friction; Executive leadership mandated the compliance framework under continuous oversight."
AAPL-2026Q1-0156,Apple Inc.,2026-01-29,quarterly_filings/2026_Q1.pdf,https://www.sec.gov/ix?doc=/Archives/edgar/data/0000320193/000032019326000010/aapl-20251227.htm,Item 1. Financial Statements - Note 8. Commitments and Contingencies,"Disclosure Context (2026Q1): Trigger: 'Statutory governance and compliance monitoring cycle completed for FY2026 Q1 across international jurisdictions'. Management Action: 'Conduct Regulatory and Legal Compliance Review 28 for FY2026 Q1'. Scope: 'Apple legal counsel established rigorous governance protocols regarding conduct regulatory and legal compliance review 28 for...'. Rationale: 'Minimizes statutory liability exposure, protects core intellectual property rights, and maintains adheren...'.",Conduct Regulatory and Legal Compliance Review 28 for FY2026 Q1,"Apple legal counsel established rigorous governance protocols regarding conduct regulatory and legal compliance review 28 for fy2026 q1. Legal and compliance officers instituted mandatory auditing controls, statutory filing verifications, and external litigation risk assessments to safeguard corporate assets and ensure compliance with evolving global standards.",Investigate initiative,investigate,"Minimizes statutory liability exposure, protects core intellectual property rights, and maintains adherence to international trade and antitrust regulations.","[{""name"": ""ComplianceRating"", ""value"": ""AAA"", ""unit"": ""rating"", ""observed_on"": ""2026-01-29""}, {""name"": ""AuditedControls"", ""value"": ""42"", ""unit"": ""controls"", ""observed_on"": ""2026-01-29""}]",Legal,reported,"{legal,investigate}",Finance;Operations,"In deliberating Conduct Regulatory and Legal Compliance Review 28 for FY2026 Q1, Legal mandated conservative platform safeguards and strict compliance controls; Operations and Finance confirmed operational adherence without commercial friction; Executive leadership mandated the compliance framework under continuous oversight."
AAPL-2026Q1-0157,Apple Inc.,2026-01-29,quarterly_filings/2026_Q1.pdf,https://www.sec.gov/ix?doc=/Archives/edgar/data/0000320193/000032019326000010/aapl-20251227.htm,Item 1. Financial Statements - Note 8. Commitments and Contingencies,"Disclosure Context (2026Q1): Trigger: 'Statutory governance and compliance monitoring cycle completed for FY2026 Q1 across international jurisdictions'. Management Action: 'Conduct Regulatory and Legal Compliance Review 29 for FY2026 Q1'. Scope: 'Apple legal counsel established rigorous governance protocols regarding conduct regulatory and legal compliance review 29 for...'. Rationale: 'Minimizes statutory liability exposure, protects core intellectual property rights, and maintains adheren...'.",Conduct Regulatory and Legal Compliance Review 29 for FY2026 Q1,"Apple legal counsel established rigorous governance protocols regarding conduct regulatory and legal compliance review 29 for fy2026 q1. Legal and compliance officers instituted mandatory auditing controls, statutory filing verifications, and external litigation risk assessments to safeguard corporate assets and ensure compliance with evolving global standards.",Investigate initiative,investigate,"Minimizes statutory liability exposure, protects core intellectual property rights, and maintains adherence to international trade and antitrust regulations.","[{""name"": ""ComplianceRating"", ""value"": ""AAA"", ""unit"": ""rating"", ""observed_on"": ""2026-01-29""}, {""name"": ""AuditedControls"", ""value"": ""43"", ""unit"": ""controls"", ""observed_on"": ""2026-01-29""}]",Legal,reported,"{legal,investigate}",Finance;Operations,"In deliberating Conduct Regulatory and Legal Compliance Review 29 for FY2026 Q1, Legal mandated conservative platform safeguards and strict compliance controls; Operations and Finance confirmed operational adherence without commercial friction; Executive leadership mandated the compliance framework under continuous oversight."
AAPL-2026Q1-0158,Apple Inc.,2026-01-29,quarterly_filings/2026_Q1.pdf,https://www.sec.gov/ix?doc=/Archives/edgar/data/0000320193/000032019326000010/aapl-20251227.htm,Item 1. Financial Statements - Note 8. Commitments and Contingencies,"Disclosure Context (2026Q1): Trigger: 'Statutory governance and compliance monitoring cycle completed for FY2026 Q1 across international jurisdictions'. Management Action: 'Conduct Regulatory and Legal Compliance Review 30 for FY2026 Q1'. Scope: 'Apple legal counsel established rigorous governance protocols regarding conduct regulatory and legal compliance review 30 for...'. Rationale: 'Minimizes statutory liability exposure, protects core intellectual property rights, and maintains adheren...'.",Conduct Regulatory and Legal Compliance Review 30 for FY2026 Q1,"Apple legal counsel established rigorous governance protocols regarding conduct regulatory and legal compliance review 30 for fy2026 q1. Legal and compliance officers instituted mandatory auditing controls, statutory filing verifications, and external litigation risk assessments to safeguard corporate assets and ensure compliance with evolving global standards.",Investigate initiative,investigate,"Minimizes statutory liability exposure, protects core intellectual property rights, and maintains adherence to international trade and antitrust regulations.","[{""name"": ""ComplianceRating"", ""value"": ""AAA"", ""unit"": ""rating"", ""observed_on"": ""2026-01-29""}, {""name"": ""AuditedControls"", ""value"": ""44"", ""unit"": ""controls"", ""observed_on"": ""2026-01-29""}]",Legal,reported,"{legal,investigate}",Finance;Operations,"In deliberating Conduct Regulatory and Legal Compliance Review 30 for FY2026 Q1, Legal mandated conservative platform safeguards and strict compliance controls; Operations and Finance confirmed operational adherence without commercial friction; Executive leadership mandated the compliance framework under continuous oversight."
AAPL-2026Q1-0159,Apple Inc.,2026-01-29,quarterly_filings/2026_Q1.pdf,https://www.sec.gov/ix?doc=/Archives/edgar/data/0000320193/000032019326000010/aapl-20251227.htm,Item 1. Financial Statements - Note 8. Commitments and Contingencies,"Disclosure Context (2026Q1): Trigger: 'Statutory governance and compliance monitoring cycle completed for FY2026 Q1 across international jurisdictions'. Management Action: 'Conduct Regulatory and Legal Compliance Review 31 for FY2026 Q1'. Scope: 'Apple legal counsel established rigorous governance protocols regarding conduct regulatory and legal compliance review 31 for...'. Rationale: 'Minimizes statutory liability exposure, protects core intellectual property rights, and maintains adheren...'.",Conduct Regulatory and Legal Compliance Review 31 for FY2026 Q1,"Apple legal counsel established rigorous governance protocols regarding conduct regulatory and legal compliance review 31 for fy2026 q1. Legal and compliance officers instituted mandatory auditing controls, statutory filing verifications, and external litigation risk assessments to safeguard corporate assets and ensure compliance with evolving global standards.",Investigate initiative,investigate,"Minimizes statutory liability exposure, protects core intellectual property rights, and maintains adherence to international trade and antitrust regulations.","[{""name"": ""ComplianceRating"", ""value"": ""AAA"", ""unit"": ""rating"", ""observed_on"": ""2026-01-29""}, {""name"": ""AuditedControls"", ""value"": ""45"", ""unit"": ""controls"", ""observed_on"": ""2026-01-29""}]",Legal,reported,"{legal,investigate}",Finance;Operations,"In deliberating Conduct Regulatory and Legal Compliance Review 31 for FY2026 Q1, Legal mandated conservative platform safeguards and strict compliance controls; Operations and Finance confirmed operational adherence without commercial friction; Executive leadership mandated the compliance framework under continuous oversight."
AAPL-2026Q1-0160,Apple Inc.,2026-01-29,quarterly_filings/2026_Q1.pdf,https://www.sec.gov/ix?doc=/Archives/edgar/data/0000320193/000032019326000010/aapl-20251227.htm,Item 1. Financial Statements - Note 8. Commitments and Contingencies,"Disclosure Context (2026Q1): Trigger: 'Statutory governance and compliance monitoring cycle completed for FY2026 Q1 across international jurisdictions'. Management Action: 'Conduct Regulatory and Legal Compliance Review 32 for FY2026 Q1'. Scope: 'Apple legal counsel established rigorous governance protocols regarding conduct regulatory and legal compliance review 32 for...'. Rationale: 'Minimizes statutory liability exposure, protects core intellectual property rights, and maintains adheren...'.",Conduct Regulatory and Legal Compliance Review 32 for FY2026 Q1,"Apple legal counsel established rigorous governance protocols regarding conduct regulatory and legal compliance review 32 for fy2026 q1. Legal and compliance officers instituted mandatory auditing controls, statutory filing verifications, and external litigation risk assessments to safeguard corporate assets and ensure compliance with evolving global standards.",Investigate initiative,investigate,"Minimizes statutory liability exposure, protects core intellectual property rights, and maintains adherence to international trade and antitrust regulations.","[{""name"": ""ComplianceRating"", ""value"": ""AAA"", ""unit"": ""rating"", ""observed_on"": ""2026-01-29""}, {""name"": ""AuditedControls"", ""value"": ""46"", ""unit"": ""controls"", ""observed_on"": ""2026-01-29""}]",Legal,reported,"{legal,investigate}",Finance;Operations,"In deliberating Conduct Regulatory and Legal Compliance Review 32 for FY2026 Q1, Legal mandated conservative platform safeguards and strict compliance controls; Operations and Finance confirmed operational adherence without commercial friction; Executive leadership mandated the compliance framework under continuous oversight."
