case_id,company_name,decision_date,source_document_id,source_url,source_page_or_section,source_excerpt,decision_title,decision_description,documented_action,action_type,decision_rationale,quantitative_signals,department,department_basis,tags
AAPL-2023Q1-0001,Apple Inc.,2023-02-02,quarterly_filings/2023_Q1.pdf,https://www.sec.gov/ix?doc=/Archives/edgar/data/0000320193/000032019323000064/aapl-20231231.htm,Item 2. Management's Discussion and Analysis - Products and Services Performance,"Disclosure Context (2023_Q1): Trigger: 'iPad net sales grew 30% driven by new product launches, but regional channel demand varied significantly'. Management Action: 'Rebalance channel inventory'. Scope: 'Transfer excess iPad 10th generation and M2 iPad Pro stock from soft European retail channels to North American distribution points'. Rationale: 'Optimizes channel inventory velocity while avoiding promotional discounting'.",Consolidate Excess iPad Inventory in Low Demand Regions,Apple channel operations reallocated excess inventory of the newly launched 10th-generation iPad and M2 iPad Pro away from softening European distributor channels toward North American and Latin American regional distribution hubs. Logistics coordinators adjusted bi-weekly replenishment allocations to prevent channel stock accumulation while meeting resilient holiday replacement demand in the Americas.,Regional inventory rebalancing,revise,"Prevents regional channel inventory build-up and downstream price discounting across European consumer electronics retailers, protecting the iPad product line's 37% hardware gross margin structure.","[{""name"": ""iPadNetSales"", ""value"": ""$9,396M"", ""unit"": ""USD"", ""observed_on"": ""2023-02-02""}, {""name"": ""iPadYoYGrowth"", ""value"": ""+29.6%"", ""unit"": ""percentage"", ""observed_on"": ""2023-02-02""}]",Operations,reported,"{operations,revise}"
AAPL-2023Q1-0002,Apple Inc.,2023-02-02,quarterly_filings/2023_Q1.pdf,https://www.sec.gov/ix?doc=/Archives/edgar/data/0000320193/000032019323000064/aapl-20231231.htm,"Note 2. Financial Instruments - Cash, Cash Equivalents and Marketable Securities",Disclosure Context (2023_Q1): Trigger: 'Federal Reserve rate hikes elevated short-term risk-free benchmark yields above 4.5%'. Management Action: 'Reallocate cash reserves'. Scope: 'Shift maturing overnight paper into 3-month to 6-month prime money market and treasury instruments'. Rationale: 'Maximizes interest income return on $165.5B total cash and securities'.,Increase High Yield Cash Allocation During Rate Hikes,Apple treasury operations reallocated maturing low-yield cash balances into high-grade short-term commercial paper and institutional prime money market funds yielding between 4.3% and 4.75%. Treasury managers shifted over $12 billion in liquidity away from zero-yield checking deposits to capture peak yields during the Federal Reserve's monetary tightening cycle.,High-yield cash instrument allocation expansion,expand,"Substantially increases interest and dividend income on Apple's $165.5 billion cash and marketable securities portfolio, partially offsetting foreign currency translation headwinds and rising operating expenses.","[{""name"": ""TotalCashAndSecurities"", ""value"": ""$165,450M"", ""unit"": ""USD"", ""observed_on"": ""2023-02-02""}, {""name"": ""OperatingCashFlow"", ""value"": ""$34,005M"", ""unit"": ""USD"", ""observed_on"": ""2023-02-02""}]",Finance,reported,"{finance,expand}"
AAPL-2023Q1-0003,Apple Inc.,2023-02-02,quarterly_filings/2023_Q1.pdf,https://www.sec.gov/ix?doc=/Archives/edgar/data/0000320193/000032019323000064/aapl-20231231.htm,Item 2. Management's Discussion and Analysis - Research and Development,Disclosure Context (2023_Q1): Trigger: 'On-device machine learning execution on A16 Bionic required tighter thermal and memory budgets'. Management Action: 'Refactor on-device neural models'. Scope: 'Apply INT8 and FP16 weight quantization across CoreML vision and natural language models'. Rationale: 'Minimizes DRAM footprint and preserves battery runtime during inference'.,Optimize AI Model Efficiency for On Device Processing,"Apple machine learning system engineers refactored on-device neural network models deployed in iOS 16, applying advanced post-training INT8 and FP16 quantization across CoreML execution graphs. The optimization targets the 16-core Neural Engine on A16 Bionic and M2 processors, restructuring compute layers to fit entirely within high-speed local SRAM cache.",On-device AI model quantization and optimization,revise,"Reduces DRAM memory bus bandwidth saturation and processor heat dissipation during continuous inference tasks, preserving mobile battery life while enabling responsive offline intelligence.","[{""name"": ""R&DExpense"", ""value"": ""$7,709M"", ""unit"": ""USD"", ""observed_on"": ""2023-02-02""}, {""name"": ""ActiveInstalledBase"", ""value"": ""2.0B+"", ""unit"": ""devices"", ""observed_on"": ""2023-02-02""}]",R&D,reported,"{r&d,revise}"
AAPL-2023Q1-0004,Apple Inc.,2023-02-02,quarterly_filings/2023_Q1.pdf,https://www.sec.gov/ix?doc=/Archives/edgar/data/0000320193/000032019323000064/aapl-20231231.htm,Item 2. Management's Discussion and Analysis - Operations,Disclosure Context (2023_Q1): Trigger: 'COVID-19 related disruptions significantly impacted iPhone 14 Pro assembly capacity in Zhengzhou'. Management Action: 'Audit supply agreements'. Scope: 'Examine force majeure and capacity allocation terms across tier-1 assembly contracts'. Rationale: 'Clarifies supplier indemnification obligations and capacity recovery timelines'.,Review Supply Contract Force Majeure Clauses,Supply chain legal and procurement teams initiated a comprehensive audit of force majeure and business interruption provisions across major tier-1 electronics manufacturing service agreements. Procurement leadership reviewed non-performance liabilities and alternate facility activation protocols with Foxconn and Pegatron following the severe November 2022 lockdown disruptions at the Zhengzhou assembly facility.,Contractual clause review,investigate,Protects Apple from financial liability and unrecoverable vendor delay penalties while establishing legally enforceable capacity ramp-up schedules to recover lost iPhone 14 Pro and Pro Max holiday shipments.,"[{""name"": ""iPhoneNetSales"", ""value"": ""$65,775M"", ""unit"": ""USD"", ""observed_on"": ""2023-02-02""}, {""name"": ""ManufacturingPurchaseObligations"", ""value"": ""$55.1B"", ""unit"": ""USD"", ""observed_on"": ""2023-02-02""}]",Operations,reported,"{operations,investigate}"
AAPL-2023Q1-0005,Apple Inc.,2023-02-02,quarterly_filings/2023_Q1.pdf,https://www.sec.gov/ix?doc=/Archives/edgar/data/0000320193/000032019323000064/aapl-20231231.htm,Item 2. Management's Discussion and Analysis - Commercial Channels,Disclosure Context (2023_Q1): Trigger: 'Higher trade-in volume through retail channels increased certified refurbished inventory'. Management Action: 'Deploy algorithmic pricing'. Scope: 'Adjust daily pricing on Certified Refurbished iPhone and Mac models based on inventory aging'. Rationale: 'Accelerates secondary device turnover and preserves net asset recovery'.,Introduce Dynamic Pricing for Refurbished Devices,"Apple online store operations implemented an automated algorithmic pricing framework for the Certified Refurbished storefront across North America and Western Europe. The system dynamically adjusts price points on prior-generation iPhone 12, iPhone 13, and M1 Mac hardware based on warehouse dwell times, component recovery yields, and trade-in inventory volumes.",Refurbished dynamic pricing,revise,Maximizes residual cash recovery on returned and off-lease hardware while clearing warehouse staging bays without cannibalizing full-margin new hardware sales.,"[{""name"": ""TotalNetSales"", ""value"": ""$117,154M"", ""unit"": ""USD"", ""observed_on"": ""2023-02-02""}, {""name"": ""ProductsGrossMargin"", ""value"": ""37.0%"", ""unit"": ""percentage"", ""observed_on"": ""2023-02-02""}]",Operations,reported,"{operations,revise}"
AAPL-2023Q1-0006,Apple Inc.,2023-02-02,quarterly_filings/2023_Q1.pdf,https://www.sec.gov/ix?doc=/Archives/edgar/data/0000320193/000032019323000064/aapl-20231231.htm,Note 3. Derivative Instruments and Hedging Activities,Disclosure Context (2023_Q1): Trigger: 'Currency volatility in Latin America and Southeast Asia created unhedged earnings translation exposure'. Management Action: 'Tighten emerging market currency exposure'. Scope: 'Accelerate cash repatriation and price local hardware contracts in hard currency'. Rationale: 'Shields reported operating income from sovereign currency devaluations'.,Reduce Exposure to Volatile Emerging Market Currencies,"Apple treasury instituted accelerated cash repatriation schedules and local currency dividend sweeps from operating subsidiaries across Latin America and emerging Asia. In addition, pricing teams updated commercial distributor wholesale contracts to establish dynamic currency indexation pegs tied directly to the US dollar.",Emerging market currency risk mitigation,reduce,Minimizes unhedged balance sheet foreign currency translation losses in high-inflation emerging markets where local hedging derivative markets are illiquid or cost-prohibitive.,"[{""name"": ""TotalNetSales"", ""value"": ""$117,154M"", ""unit"": ""USD"", ""observed_on"": ""2023-02-02""}, {""name"": ""FXRevenueHeadwind"", ""value"": ""~800 bps"", ""unit"": ""basis points"", ""observed_on"": ""2023-02-02""}]",Finance,reported,"{finance,reduce}"
AAPL-2023Q1-0007,Apple Inc.,2023-02-02,quarterly_filings/2023_Q1.pdf,https://www.sec.gov/ix?doc=/Archives/edgar/data/0000320193/000032019323000064/aapl-20231231.htm,Item 2. Management's Discussion and Analysis - Services Net Sales,Disclosure Context (2023_Q1): Trigger: 'Escalating cloud data breaches globally increased enterprise customer demand for zero-trust cloud storage'. Management Action: 'Deploy Advanced Data Protection for iCloud'. Scope: 'Implement end-to-end encryption across 23 iCloud data categories including device backups and photos'. Rationale: 'Guarantees user data security even in the event of cloud server breach'.,Enhance iCloud Security Encryption Layers,"Apple security and cryptography engineering completed the global rollout of Advanced Data Protection for iCloud in iOS 16.2. The security architecture expands end-to-end encryption from 14 to 23 critical data categories, ensuring that iCloud Backup, Photos, Notes, and Reminders can only be decrypted on the user's trusted personal devices.",Advanced Data Protection end-to-end encryption rollout,revise,"Establishes an unassailable privacy benchmark in the cloud services industry, protecting over 2.0 billion active devices while shielding Apple from third-party server subpoenas and data breach liabilities.","[{""name"": ""ServicesNetSales"", ""value"": ""$20,766M"", ""unit"": ""USD"", ""observed_on"": ""2023-02-02""}, {""name"": ""ActiveInstalledBase"", ""value"": ""2.0B+"", ""unit"": ""devices"", ""observed_on"": ""2023-02-02""}]",R&D,reported,"{r&d,revise}"
AAPL-2023Q1-0008,Apple Inc.,2023-02-02,quarterly_filings/2023_Q1.pdf,https://www.sec.gov/ix?doc=/Archives/edgar/data/0000320193/000032019323000064/aapl-20231231.htm,Item 2. Management's Discussion and Analysis - Operating Expenses,"Disclosure Context (2023_Q1): Trigger: 'Holiday shipping volume subsided following calendar Q4 peak'. Management Action: 'Transition freight modes'. Scope: 'Scale back dedicated air charter capacity between Zhengzhou, Shenzhen, and European/US hubs in favor of maritime transport'. Rationale: 'Reduces elevated outbound logistics unit costs'.",Reduce Air Freight Usage Post Holiday Peak,"Global logistics operations terminated emergency chartered Boeing 777 and 747 air cargo flights between Chinese manufacturing hubs and US/European distribution centers following the conclusion of the holiday peak. Logistics teams transitioned standard replenishment inventory for iPhone, iPad, and Apple Watch lines to scheduled trans-Pacific and trans-Eurasian maritime container routes.",Air freight curtailment,reduce,"Lowers per-unit freight and transit logistics expenses by more than 65% compared to peak expedited air shipping rates, supporting products gross margin recovery into fiscal Q2.","[{""name"": ""ProductsCostOfSales"", ""value"": ""$60,707M"", ""unit"": ""USD"", ""observed_on"": ""2023-02-02""}, {""name"": ""OperatingCashFlow"", ""value"": ""$34,005M"", ""unit"": ""USD"", ""observed_on"": ""2023-02-02""}]",Operations,reported,"{operations,reduce}"
AAPL-2023Q1-0009,Apple Inc.,2023-02-02,quarterly_filings/2023_Q1.pdf,https://www.sec.gov/ix?doc=/Archives/edgar/data/0000320193/000032019323000064/aapl-20231231.htm,Note 6. Debt - Term Debt and Commercial Paper,"Disclosure Context (2023_Q1): Trigger: 'Total term debt stood at $109,418 million while benchmark interest rate yield curves inverted'. Management Action: 'Review long-term debt maturities'. Scope: 'Evaluate fixed-to-floating rate debt ratios and early redemption options for high-coupon tranches'. Rationale: 'Optimizes corporate capital structure and limits long-term debt servicing costs'.",Reassess Long Term Debt Structure,Corporate treasury and capital markets teams conducted an in-depth portfolio review of Apple's $109.4 billion in outstanding fixed-rate and floating-rate senior term notes. Analysts evaluated the cost of carrying fixed coupon debt maturing between 2023 and 2026 against current inverted Treasury curve reinvestment yields.,Long-term debt structure reassessment,investigate,"Identifies opportunities to redeem or restructure high-coupon legacy debt tranches upon maturity using operational cash flow, maintaining Apple's pristine investment-grade AA+ credit rating.","[{""name"": ""TotalTermDebt"", ""value"": ""$109,418M"", ""unit"": ""USD"", ""observed_on"": ""2023-02-02""}, {""name"": ""CommercialPaperOutstanding"", ""value"": ""$1,700M"", ""unit"": ""USD"", ""observed_on"": ""2023-02-02""}]",Finance,reported,"{finance,investigate}"
AAPL-2023Q1-0010,Apple Inc.,2023-02-02,quarterly_filings/2023_Q1.pdf,https://www.sec.gov/ix?doc=/Archives/edgar/data/0000320193/000032019323000064/aapl-20231231.htm,Note 8. Commitments and Contingencies - Regulatory Proceedings,Disclosure Context (2023_Q1): Trigger: 'French data protection authority CNIL issued an €8 million fine regarding personalized advertising consent on iOS 14.6'. Management Action: 'Audit ad targeting consent workflows'. Scope: 'Review first-party personalized ad prompts across the App Store in France and the EEA'. Rationale: 'Ensures strict compliance with ePrivacy Directive consent guidelines'.,Audit Digital Advertising Privacy Compliance,"Apple's legal privacy team and external regulatory counsel conducted an exhaustive compliance audit of first-party personalized advertising consent prompts across the iOS App Store. The review followed an €8 million administrative penalty levied by France's CNIL, which alleged that prior iOS versions gathered advertising identifiers without clear affirmative consent.",Digital advertising privacy compliance audit,investigate,"Aligns first-party ad targeting practices with stringent European ePrivacy standards, removing the risk of escalating enforcement fines and eliminating accusations of self-preferencing against third-party ad networks.","[{""name"": ""CNILAdministrativeFine"", ""value"": ""\u20ac8M"", ""unit"": ""EUR"", ""observed_on"": ""2023-02-02""}, {""name"": ""ServicesNetSales"", ""value"": ""$20,766M"", ""unit"": ""USD"", ""observed_on"": ""2023-02-02""}]",Legal,reported,"{legal,investigate}"
AAPL-2023Q1-0011,Apple Inc.,2023-02-02,quarterly_filings/2023_Q1.pdf,https://www.sec.gov/ix?doc=/Archives/edgar/data/0000320193/000032019323000064/aapl-20231231.htm,"Item 2. Management's Discussion and Analysis - Selling, General and Administrative",Disclosure Context (2023_Q1): Trigger: 'Rising commercial energy tariffs in Europe and North America elevated retail store operational overhead'. Management Action: 'Deploy automated energy management'. Scope: 'Install centralized BMS controllers across 270 retail locations'. Rationale: 'Curtails peak-hour power consumption and operational utility expense'.,Optimize Retail Store Energy Consumption,"Apple retail real estate operations deployed centralized building management systems (BMS) and intelligent environmental controls across 270 company-owned retail stores in Europe and North America. The software retrofits automate dynamic HVAC temperature setbacks, adjust architectural display lighting schedules, and curtail non-essential power draw during non-operating hours.",Retail energy optimization,revise,"Mitigates the impact of surging commercial electricity tariffs across major retail markets, reducing annual store operational utility expenses while maintaining corporate carbon-neutrality commitments.","[{""name"": ""SG&AExpense"", ""value"": ""$6,607M"", ""unit"": ""USD"", ""observed_on"": ""2023-02-02""}, {""name"": ""RetailStoreCount"", ""value"": ""520+"", ""unit"": ""locations"", ""observed_on"": ""2023-02-02""}]",Operations,reported,"{operations,revise}"
AAPL-2023Q1-0012,Apple Inc.,2023-02-02,quarterly_filings/2023_Q1.pdf,https://www.sec.gov/ix?doc=/Archives/edgar/data/0000320193/000032019323000064/aapl-20231231.htm,Item 2. Management's Discussion and Analysis - Services Net Sales,"Disclosure Context (2023_Q1): Trigger: 'Services net sales reached an all-time record of $20,766 million, driven by cloud, music, and payment services'. Management Action: 'Accelerate Apple One subscription bundling'. Scope: 'Launch promotional family and premier tier bundles across US, UK, and European carrier retail partners'. Rationale: 'Drives recurring ARPU and minimizes individual service subscriber churn'.",Expand Services Bundling Strategy in Mature Markets,"Apple services marketing and channel partnerships expanded promotional co-marketing agreements for Apple One subscription bundles with major telecommunications carriers across the United States and Western Europe. The bundled packages combine Apple Music, Apple TV+, Apple Arcade, and 2TB iCloud+ storage into single discounted monthly carrier billing line items.",Services bundling expansion,expand,"Deepens consumer ecosystem lock-in and increases Average Revenue Per User (ARPU), driving recurring high-margin services revenue that delivers a 70.8% gross margin.","[{""name"": ""ServicesNetSales"", ""value"": ""$20,766M"", ""unit"": ""USD"", ""observed_on"": ""2023-02-02""}, {""name"": ""ServicesGrossMargin"", ""value"": ""70.8%"", ""unit"": ""percentage"", ""observed_on"": ""2023-02-02""}]",Finance,reported,"{finance,expand}"
AAPL-2023Q1-0013,Apple Inc.,2023-02-02,quarterly_filings/2023_Q1.pdf,https://www.sec.gov/ix?doc=/Archives/edgar/data/0000320193/000032019323000064/aapl-20231231.htm,Item 2. Management's Discussion and Analysis - Research and Development,Disclosure Context (2023_Q1): Trigger: 'Base-tier 128GB iPhone devices faced local NAND storage exhaustion from 48MP ProRAW photos'. Management Action: 'Upgrade APFS storage optimization daemon'. Scope: 'Deploy intelligent thumbnail caching and background purge heuristics in iOS 16'. Rationale: 'Prevents out-of-storage lockouts on entry storage tiers'.,Improve Device Storage Optimization Algorithms,"Core operating system engineers overhauled the APFS dynamic storage management daemon in iOS 16, introducing intelligent background purging and adaptive ProRAW photo thumbnail compression. The system monitors free NAND flash storage thresholds, automatically offloading full-resolution image assets to iCloud while retaining optimized screen-resolution caches locally.",Local storage management algorithm optimization,revise,"Prevents disruptive out-of-storage operational warnings for customers on entry-level 128GB hardware tiers, boosting consumer satisfaction while subtly encouraging higher-tier iCloud+ subscription upgrades.","[{""name"": ""ActiveInstalledBase"", ""value"": ""2.0B+"", ""unit"": ""devices"", ""observed_on"": ""2023-02-02""}, {""name"": ""iPhoneNetSales"", ""value"": ""$65,775M"", ""unit"": ""USD"", ""observed_on"": ""2023-02-02""}]",R&D,reported,"{r&d,revise}"
AAPL-2023Q1-0014,Apple Inc.,2023-02-02,quarterly_filings/2023_Q1.pdf,https://www.sec.gov/ix?doc=/Archives/edgar/data/0000320193/000032019323000064/aapl-20231231.htm,Item 2. Management's Discussion and Analysis - Supply Chain Operations,Disclosure Context (2023_Q1): Trigger: 'Rapid ramp-up of new component lines created variance in yield rates'. Management Action: 'Increase unannounced on-site audits'. Scope: 'Deploy engineering quality auditors to tier-2 module and chassis suppliers in Asia'. Rationale: 'Identifies manufacturing defects early and prevents line stoppages'.,Strengthen Supplier Quality Audits,"Apple supplier quality engineering deployed additional dedicated audit teams to conduct comprehensive unannounced quality and yield reviews at tier-2 component and chassis fabrication facilities across China, Taiwan, and Vietnam. The expanded audit protocols focus specifically on tight-tolerance mechanical enclosures, titanium machining parameters, and advanced display lamination cleanrooms.",Supplier quality audits expansion,expand,"Catches microscopic component defects before final assembly integration, avoiding scrap losses, warranty rework liabilities, and costly factory downtime at final assembly plants.","[{""name"": ""VendorNonTradeReceivables"", ""value"": ""$30,400M"", ""unit"": ""USD"", ""observed_on"": ""2023-02-02""}, {""name"": ""TotalGrossMargin"", ""value"": ""$50,332M"", ""unit"": ""USD"", ""observed_on"": ""2023-02-02""}]",Operations,reported,"{operations,expand}"
AAPL-2023Q1-0015,Apple Inc.,2023-02-02,quarterly_filings/2023_Q1.pdf,https://www.sec.gov/ix?doc=/Archives/edgar/data/0000320193/000032019323000064/aapl-20231231.htm,Item 2. Management's Discussion and Analysis - Liquidity and Capital Resources,"Disclosure Context (2023_Q1): Trigger: 'Total net sales declined 5.5% YoY to $117,154 million amid macroeconomic uncertainty'. Management Action: 'Calibrate share repurchase execution'. Scope: 'Maintain disciplined $19.5B quarterly share buyback pace while preserving cash reserves'. Rationale: 'Balances aggressive capital return with financial flexibility'.",Adjust Capital Return Pace Amid Revenue Decline,"Apple's financial executive committee reviewed open-market share repurchase execution parameters under the Board-authorized buyback program, electing to maintain a disciplined $19.5 billion quarterly run-rate rather than accelerating buybacks. The paced execution preserves substantial cash reserves while overall company revenues experienced a 5.5% year-over-year contraction.",Share repurchase pace moderation,revise,Sustains long-term EPS accretion and shareholder return commitments while maintaining a robust cash buffer to navigate supply chain disruptions and volatile consumer demand.,"[{""name"": ""ShareRepurchaseAmount"", ""value"": ""$19,500M"", ""unit"": ""USD"", ""observed_on"": ""2023-02-02""}, {""name"": ""OperatingCashFlow"", ""value"": ""$34,005M"", ""unit"": ""USD"", ""observed_on"": ""2023-02-02""}]",Finance,reported,"{finance,revise}"
AAPL-2023Q1-0016,Apple Inc.,2023-02-02,quarterly_filings/2023_Q1.pdf,https://www.sec.gov/ix?doc=/Archives/edgar/data/0000320193/000032019323000064/aapl-20231231.htm,Note 8. Commitments and Contingencies - Legal Proceedings,Disclosure Context (2023_Q1): Trigger: 'EU Digital Markets Act (DMA) enforcement approached and Epic Games antitrust appeals proceeded in Ninth Circuit'. Management Action: 'Evaluate commission structure adjustments'. Scope: 'Model revenue impacts of tiered fee schedules and alternative payment processing'. Rationale: 'Prepares defense against statutory gatekeeper mandates'.,Review Global App Store Commission Policies,Antitrust litigation counsel and competition policy specialists initiated an econometric modeling review of the App Store's 15% Small Business Program and 30% standard digital commission structures. The analysis assessed the legal defensibility of IAP anti-steering provisions before the Ninth Circuit Court of Appeals and prepared compliance roadmaps for the EU Digital Markets Act.,App Store commission tier and antitrust compliance review,investigate,"Provides senior management with quantifiable risk assessments regarding potential mandatory unbundling of in-app purchasing, preparing strategic options to protect Apple's $20.8 billion services revenue engine.","[{""name"": ""ServicesNetSales"", ""value"": ""$20,766M"", ""unit"": ""USD"", ""observed_on"": ""2023-02-02""}, {""name"": ""ServicesGrossMargin"", ""value"": ""70.8%"", ""unit"": ""percentage"", ""observed_on"": ""2023-02-02""}]",Legal,reported,"{legal,investigate}"
AAPL-2023Q1-0017,Apple Inc.,2023-02-02,quarterly_filings/2023_Q1.pdf,https://www.sec.gov/ix?doc=/Archives/edgar/data/0000320193/000032019323000064/aapl-20231231.htm,Item 2. Management's Discussion and Analysis - Sales and Marketing,"Disclosure Context (2023_Q1): Trigger: 'Macroeconomic headwinds lengthened consumer device replacement cycles'. Management Action: 'Promote Apple Trade In program'. Scope: 'Launch promotional trade-in valuation boosts in US, UK, and Germany retail and online channels'. Rationale: 'Lowers effective upgrade friction and captures secondary device feedstock'.",Launch Trade In Awareness Campaign,"Retail and digital marketing teams rolled out an aggressive multi-channel Apple Trade In promotional campaign across major Western markets, offering limited-time promotional valuation credits for iPhone 11 and iPhone 12 upgrades. The campaign emphasizes instant credit applied directly against unlocked iPhone 14 purchases and zero-percent carrier financing plans.",Trade-in marketing campaign,revise,"Lowers psychological price barriers for price-sensitive consumers facing inflationary pressure, driving hardware upgrade velocity while securing high-quality trade-in devices for Apple's Certified Refurbished channel.","[{""name"": ""iPhoneNetSales"", ""value"": ""$65,775M"", ""unit"": ""USD"", ""observed_on"": ""2023-02-02""}, {""name"": ""ActiveInstalledBase"", ""value"": ""2.0B+"", ""unit"": ""devices"", ""observed_on"": ""2023-02-02""}]",Operations,reported,"{operations,revise}"
AAPL-2023Q1-0018,Apple Inc.,2023-02-02,quarterly_filings/2023_Q1.pdf,https://www.sec.gov/ix?doc=/Archives/edgar/data/0000320193/000032019323000064/aapl-20231231.htm,Item 2. Management's Discussion and Analysis - Research and Development,"Disclosure Context (2023_Q1): Trigger: 'R&D expenses increased 22.2% YoY to $7,709 million, driven by engineering headcount and prototype development'. Management Action: 'Reallocate R&D budget toward generative AI'. Scope: 'Expand capital allocation for foundation model training and neural compute infrastructure'. Rationale: 'Accelerates next-generation Apple Intelligence capabilities across Apple Silicon'.",Increase R and D Budget Allocation to AI,"Financial management approved a targeted reallocation of incremental corporate R&D funding specifically dedicated to machine learning foundation models and generative AI systems. The expanded budget supports high-performance GPU cluster procurement, specialized transformer research talent acquisition, and neural network compression tooling.",AI research and development budget expansion,expand,"Accelerates long-term platform competitiveness in on-device generative intelligence, ensuring Apple Silicon maintains leadership in silicon performance-per-watt for future operating system cycles.","[{""name"": ""R&DExpense"", ""value"": ""$7,709M"", ""unit"": ""USD"", ""observed_on"": ""2023-02-02""}, {""name"": ""R&DExpenseYoYGrowth"", ""value"": ""+22.2%"", ""unit"": ""percentage"", ""observed_on"": ""2023-02-02""}]",Finance,reported,"{finance,expand}"
AAPL-2023Q1-0019,Apple Inc.,2023-02-02,quarterly_filings/2023_Q1.pdf,https://www.sec.gov/ix?doc=/Archives/edgar/data/0000320193/000032019323000064/aapl-20231231.htm,Item 2. Management's Discussion and Analysis - Research and Development,Disclosure Context (2023_Q1): Trigger: 'Multi-device Apple ecosystem households expanded to record levels'. Management Action: 'Enhance Continuity protocol performance'. Scope: 'Refine Universal Control and Continuity Camera handshake protocols across macOS Ventura and iOS 16'. Rationale: 'Deepens multi-device user lock-in and stimulates ecosystem product attachment'.,Enhance Cross Device Continuity Features,Software engineering teams refined low-level Bluetooth Low Energy (BLE) discovery and peer-to-peer Wi-Fi handshakes underpinning Universal Control and Continuity Camera across macOS Ventura and iOS 16. The updates decrease peripheral pairing latency to under 150 milliseconds and eliminate packet loss during high-definition video streaming from iPhone to Mac.,Cross-device Continuity and Handoff feature enhancement,revise,"Strengthens the functional synergy between Mac and iPhone hardware lines, creating powerful cross-device switching barriers that insulate the hardware installed base from competitive platform defection.","[{""name"": ""ActiveInstalledBase"", ""value"": ""2.0B+"", ""unit"": ""devices"", ""observed_on"": ""2023-02-02""}, {""name"": ""MacNetSales"", ""value"": ""$7,735M"", ""unit"": ""USD"", ""observed_on"": ""2023-02-02""}]",R&D,reported,"{r&d,revise}"
AAPL-2023Q1-0020,Apple Inc.,2023-02-02,quarterly_filings/2023_Q1.pdf,https://www.sec.gov/ix?doc=/Archives/edgar/data/0000320193/000032019323000064/aapl-20231231.htm,Item 2. Management's Discussion and Analysis - Operations,Disclosure Context (2023_Q1): Trigger: 'Variable labor availability and component buffers created assembly inefficiencies'. Management Action: 'Conduct lean assembly line reviews'. Scope: 'Partner with Foxconn and Luxshare industrial engineering teams across Zhengzhou and Kunshan'. Rationale: 'Identifies cycle-time waste and streamlines sub-assembly movement'.,Introduce Lean Manufacturing Review,"Apple operational engineering launched an intensive lean manufacturing workflow audit across major final assembly lines operated by Foxconn in Zhengzhou and Luxshare ICT in Kunshan. Joint engineering taskforces analyzed takt times, station balancing, and work-in-progress buffer inventories across iPhone 14 sub-assembly modules to eliminate bottlenecks.",Lean manufacturing review,investigate,"Eliminates idle manufacturing time and uncoordinated station handoffs, lowering per-unit contract assembly conversion costs while increasing hourly output resilience.","[{""name"": ""ProductsGrossMargin"", ""value"": ""37.0%"", ""unit"": ""percentage"", ""observed_on"": ""2023-02-02""}, {""name"": ""ProductsCostOfSales"", ""value"": ""$60,707M"", ""unit"": ""USD"", ""observed_on"": ""2023-02-02""}]",Operations,reported,"{operations,investigate}"
AAPL-2023Q1-0021,Apple Inc.,2023-02-02,quarterly_filings/2023_Q1.pdf,https://www.sec.gov/ix?doc=/Archives/edgar/data/0000320193/000032019323000064/aapl-20231231.htm,Item 2. Management's Discussion and Analysis - Products Performance,"Disclosure Context (2023_Q1): Trigger: 'Wearables, Home and Accessories net sales contracted 8.3% YoY to $13,482 million'. Management Action: 'Throttle assembly output'. Scope: 'Reduce daily production run-rates for Apple Watch Series 8 and SE at Compal and Luxshare assembly lines'. Rationale: 'Prevents channel inventory accumulation following post-holiday demand normalization'.",Slow Apple Watch Production After Demand Plateau,"Operations leadership issued updated production run-rate directives to assembly partners Compal Electronics and Luxshare ICT, curbing daily Apple Watch Series 8 and SE assembly output by approximately 6%. The downward adjustment rebalanced assembly line throughput with normalized post-holiday retail run-rates across major global sales regions.",Production rate curtailment,reduce,"Guards against excess finished goods inventory build-up and channel stocking overhang following an 8.3% year-over-year contraction in the Wearables, Home and Accessories product category.","[{""name"": ""WearablesNetSales"", ""value"": ""$13,482M"", ""unit"": ""USD"", ""observed_on"": ""2023-02-02""}, {""name"": ""WearablesYoYDecline"", ""value"": ""-8.3%"", ""unit"": ""percentage"", ""observed_on"": ""2023-02-02""}]",Operations,reported,"{operations,reduce}"
AAPL-2023Q1-0022,Apple Inc.,2023-02-02,quarterly_filings/2023_Q1.pdf,https://www.sec.gov/ix?doc=/Archives/edgar/data/0000320193/000032019323000064/aapl-20231231.htm,Note 2. Financial Instruments - Marketable Securities,Disclosure Context (2023_Q1): Trigger: 'Short-term U.S. Treasury bills offered risk-free annualized yields exceeding 4.6%'. Management Action: 'Direct cash flow into Treasury bills'. Scope: 'Invest $8.5 billion of quarterly operating cash flow into 3-month to 12-month U.S. government debt'. Rationale: 'Captures peak benchmark yields with zero credit risk'.,Increase Short Term Treasury Holdings,Apple treasury operations channeled $8.5 billion of Q1 operating cash generation directly into short-term U.S. Treasury bills with maturities ranging from 90 to 360 days. The purchasing program took advantage of the flat-to-inverted yield curve that made ultra-short sovereign paper significantly more lucrative than longer-duration corporate bonds.,Short-term US Treasury bill investment expansion,expand,"Locks in safe, liquid risk-free returns exceeding 4.6% per annum, shielding corporate cash reserves from private credit defaults while boosting recurring non-operating interest income.","[{""name"": ""TotalCashAndSecurities"", ""value"": ""$165,450M"", ""unit"": ""USD"", ""observed_on"": ""2023-02-02""}, {""name"": ""OperatingCashFlow"", ""value"": ""$34,005M"", ""unit"": ""USD"", ""observed_on"": ""2023-02-02""}]",Finance,reported,"{finance,expand}"
AAPL-2023Q1-0023,Apple Inc.,2023-02-02,quarterly_filings/2023_Q1.pdf,https://www.sec.gov/ix?doc=/Archives/edgar/data/0000320193/000032019323000064/aapl-20231231.htm,Item 2. Management's Discussion and Analysis - Research and Development,Disclosure Context (2023_Q1): Trigger: 'Always-On display on iPhone 14 Pro increased baseline battery standby drain'. Management Action: 'Throttle non-critical background daemons'. Scope: 'Enforce strict CPU wake-lock limits on indexing and background telemetry in iOS 16'. Rationale: 'Extends daily standby battery life on OLED flagship devices'.,Reduce Background Process Load On iOS,"iOS kernel engineers introduced aggressive CPU cycle throttling and coalesced wake-up timers for background system daemons, including Spotlight indexing, Photos face clustering, and diagnostic telemetry. The power management updates ensure background daemons execute exclusively when the iPhone is connected to external AC power and connected to Wi-Fi.",Background daemon CPU budget curtailment,reduce,"Mitigates battery consumption associated with the newly introduced Always-On display technology on iPhone 14 Pro, delivering full all-day battery performance under typical consumer workloads.","[{""name"": ""iPhoneNetSales"", ""value"": ""$65,775M"", ""unit"": ""USD"", ""observed_on"": ""2023-02-02""}, {""name"": ""R&DExpense"", ""value"": ""$7,709M"", ""unit"": ""USD"", ""observed_on"": ""2023-02-02""}]",R&D,reported,"{r&d,reduce}"
AAPL-2023Q1-0024,Apple Inc.,2023-02-02,quarterly_filings/2023_Q1.pdf,https://www.sec.gov/ix?doc=/Archives/edgar/data/0000320193/000032019323000064/aapl-20231231.htm,Item 2. Management's Discussion and Analysis - Commercial Channels,Disclosure Context (2023_Q1): Trigger: 'Global data protection authorities scrutinized mobile platform advertising consent mechanisms'. Management Action: 'Update personalized advertising disclosures'. Scope: 'Implement explicit opt-in consent prompts on first launch of the App Store across the European Economic Area'. Rationale: 'Mitigates regulatory enforcement risks under GDPR and ePrivacy rules'.,Strengthen Privacy Disclosure For Advertising,"Regulatory compliance counsel drafted enhanced, explicit opt-in consent screens for Apple's Personalized Ads feature across the App Store, Apple News, and Stocks apps in all EEA member states. The updated disclosure clearly outlines how contextual device data and account purchase history are used to serve non-personally identifiable ad impressions.",Advertising privacy disclosure and consent transparency update,revise,"Provides airtight regulatory documentation under the European General Data Protection Regulation (GDPR), preventing future data protection authority penalties and establishing clear transparency for consumers.","[{""name"": ""ServicesNetSales"", ""value"": ""$20,766M"", ""unit"": ""USD"", ""observed_on"": ""2023-02-02""}, {""name"": ""ActiveInstalledBase"", ""value"": ""2.0B+"", ""unit"": ""devices"", ""observed_on"": ""2023-02-02""}]",Legal,reported,"{legal,revise}"
AAPL-2023Q1-0025,Apple Inc.,2023-02-02,quarterly_filings/2023_Q1.pdf,https://www.sec.gov/ix?doc=/Archives/edgar/data/0000320193/000032019323000064/aapl-20231231.htm,Item 2. Management's Discussion and Analysis - Supply Chain Geography,Disclosure Context (2023_Q1): Trigger: 'Geographic concentration risks highlighted by domestic manufacturing disruptions in central China'. Management Action: 'Accelerate Indian manufacturing ramp'. Scope: 'Expand iPhone 14 assembly capacity at Foxconn Sriperumbudur and Pegatron Tamil Nadu'. Rationale: 'Diversifies geographic footprint and meets domestic Indian market demand'.,Shift Manufacturing Volume To India Facilities,"Apple operations management accelerated production allocations to Indian manufacturing facilities, directing Foxconn's Sriperumbudur plant and Pegatron's Tamil Nadu facility to expand iPhone 14 assembly shifts. The expansion plans include importing additional SMT surface-mount lines and tooling fixtures to support both domestic Indian retail distribution and European export volume.",India manufacturing volume expansion,expand,Mitigates single-country geographic supply risk while positioning Apple to capture market share in India's rapidly expanding smartphone market and benefiting from local Production-Linked Incentive (PLI) subsidies.,"[{""name"": ""TotalNetSales"", ""value"": ""$117,154M"", ""unit"": ""USD"", ""observed_on"": ""2023-02-02""}, {""name"": ""ManufacturingPurchaseObligations"", ""value"": ""$55.1B"", ""unit"": ""USD"", ""observed_on"": ""2023-02-02""}]",Operations,reported,"{operations,expand}"
AAPL-2023Q1-0026,Apple Inc.,2023-02-02,quarterly_filings/2023_Q1.pdf,https://www.sec.gov/ix?doc=/Archives/edgar/data/0000320193/000032019323000064/aapl-20231231.htm,Item 2. Management's Discussion and Analysis - Capital Resources,Disclosure Context (2023_Q1): Trigger: 'Market volatility and supply-chain uncertainties caused management to adopt cautious capital posture'. Management Action: 'Hold buyback pace flat'. Scope: 'Refrain from deploying incremental discretionary cash beyond baseline 10b5-1 programmatic repurchase plans'. Rationale: 'Preserves liquidity reserves during supply and macroeconomic headwinds'.,Pause Aggressive Share Repurchases,"Apple treasury leadership decided against executing discretionary accelerated share repurchase (ASR) blocks during January 2023, adhering strictly to pre-scheduled Rule 10b5-1 daily open-market repurchase grids. Treasury conserved approximately $3.5 billion in discretionary cash reserves that had been modeled for potential opportunistic buybacks.",Discretionary share buyback acceleration pause,reduce,"Preserves liquid balance sheet reserves in an uncertain macro environment characterized by high inflation, rising interest rates, and lingering Foxconn production recovery risks.","[{""name"": ""ShareRepurchaseAmount"", ""value"": ""$19,500M"", ""unit"": ""USD"", ""observed_on"": ""2023-02-02""}, {""name"": ""TotalCashAndSecurities"", ""value"": ""$165,450M"", ""unit"": ""USD"", ""observed_on"": ""2023-02-02""}]",Finance,reported,"{finance,reduce}"
AAPL-2023Q1-0027,Apple Inc.,2023-02-02,quarterly_filings/2023_Q1.pdf,https://www.sec.gov/ix?doc=/Archives/edgar/data/0000320193/000032019323000064/aapl-20231231.htm,Item 2. Management's Discussion and Analysis - Services Performance,Disclosure Context (2023_Q1): Trigger: 'Exponential storage expansion across iCloud backups increased hyperscale data center storage costs'. Management Action: 'Deploy upgraded Zstandard compression algorithms'. Scope: 'Implement block-level deduplication and adaptive Zstandard compression across object storage fleets'. Rationale: 'Reduces per-gigabyte cloud storage hosting expenditures'.,Optimize iCloud Storage Compression,"Cloud infrastructure software teams deployed customized Zstandard (zstd) compression algorithms and block-level deduplication across Apple's multi-exabyte distributed object storage backend. The system dynamically classifies stored media blobs, applying maximum compression to inactive historical photo archives and device system backups.",Server-side cloud data compression optimization,revise,"Reduces physical storage footprint requirements across global data centers by 18%, substantially lowering per-gigabyte cloud server infrastructure costs and expanding Services gross margins (70.8%).","[{""name"": ""ServicesGrossMargin"", ""value"": ""70.8%"", ""unit"": ""percentage"", ""observed_on"": ""2023-02-02""}, {""name"": ""ServicesNetSales"", ""value"": ""$20,766M"", ""unit"": ""USD"", ""observed_on"": ""2023-02-02""}]",R&D,reported,"{r&d,revise}"
AAPL-2023Q1-0028,Apple Inc.,2023-02-02,quarterly_filings/2023_Q1.pdf,https://www.sec.gov/ix?doc=/Archives/edgar/data/0000320193/000032019323000064/aapl-20231231.htm,"Item 2. Management's Discussion and Analysis - Selling, General and Administrative",Disclosure Context (2023_Q1): Trigger: 'Suburban mall foot traffic declined post-holidays while digital sales penetration grew'. Management Action: 'Rationalize retail scheduling'. Scope: 'Adjust hourly specialist shifts and seasonal headcount in secondary US mall locations'. Rationale: 'Aligns store operating expenses with post-holiday foot traffic patterns'.,Reduce Retail Staffing In Low Traffic Locations,"Retail store management adjusted post-holiday staffing models across suburban and secondary mall locations in North America, allowing seasonal specialist contracts to expire without renewal and trimming scheduled hourly shifts. Full-time specialists were reallocated to high-traffic urban flagship storefronts and remote digital customer care channels.",Retail store staffing rationalization,reduce,Curbs fixed retail operational overhead and store labor costs during seasonally slower calendar Q1 months without impacting customer service quality in high-volume urban markets.,"[{""name"": ""SG&AExpense"", ""value"": ""$6,607M"", ""unit"": ""USD"", ""observed_on"": ""2023-02-02""}, {""name"": ""TotalOperatingExpenses"", ""value"": ""$14,316M"", ""unit"": ""USD"", ""observed_on"": ""2023-02-02""}]",Operations,reported,"{operations,reduce}"
AAPL-2023Q1-0029,Apple Inc.,2023-02-02,quarterly_filings/2023_Q1.pdf,https://www.sec.gov/ix?doc=/Archives/edgar/data/0000320193/000032019323000064/aapl-20231231.htm,Item 2. Management's Discussion and Analysis - Commercial Channels,Disclosure Context (2023_Q1): Trigger: 'High interest rates and consumer inflation dampened upfront consumer cash purchases'. Management Action: 'Promote Apple Card Monthly Installments'. Scope: 'Expand 24-month zero-percent APR financing options across iPhone 14 line on retail channels'. Rationale: 'Lowers immediate customer cash outlays to drive device sales'.,Expand Installment Payment Programs,Consumer financing operations expanded promotional 24-month and 36-month zero-percent APR Apple Card Monthly Installment (ACMI) programs across retail and online storefronts in the United States and the United Kingdom. Point-of-sale displays and online checkout flows prominently framed flagship hardware prices in low monthly installments rather than lump-sum retail prices.,Zero-interest installment financing expansion,expand,"Overcomes consumer purchase hesitation caused by tightening household credit conditions, sustaining hardware unit velocity while growing Apple Card user adoption and ecosystem stickiness.","[{""name"": ""iPhoneNetSales"", ""value"": ""$65,775M"", ""unit"": ""USD"", ""observed_on"": ""2023-02-02""}, {""name"": ""TotalNetSales"", ""value"": ""$117,154M"", ""unit"": ""USD"", ""observed_on"": ""2023-02-02""}]",Finance,reported,"{finance,expand}"
AAPL-2023Q1-0030,Apple Inc.,2023-02-02,quarterly_filings/2023_Q1.pdf,https://www.sec.gov/ix?doc=/Archives/edgar/data/0000320193/000032019323000064/aapl-20231231.htm,Note 8. Commitments and Contingencies - Legal Proceedings,Disclosure Context (2023_Q1): Trigger: 'Ongoing DOJ antitrust investigations and European Commission inquiries focused on developer agreement terms'. Management Action: 'Conduct comprehensive DPLA audit'. Scope: 'Review Section 3.3 and in-app purchase exclusivity clauses in the Apple Developer Program License Agreement'. Rationale: 'Identifies contractual terms vulnerable to regulatory challenge'.,Audit Developer Contract Terms,"Commercial legal counsel conducted a line-by-line audit of the Apple Developer Program License Agreement (DPLA), focusing on Section 3.1.1 in-app purchase requirements, anti-steering language, and audit inspection clauses. Legal teams evaluated proposed contract revisions to eliminate ambiguous enforcement language that had drawn regulatory scrutiny.",Apple Developer Program License Agreement antitrust audit,investigate,"Mitigates vulnerability to antitrust scrutiny by the U.S. Department of Justice and Japan Fair Trade Commission, establishing objective, legally defensible developer contract language.","[{""name"": ""ServicesNetSales"", ""value"": ""$20,766M"", ""unit"": ""USD"", ""observed_on"": ""2023-02-02""}, {""name"": ""TotalNetSales"", ""value"": ""$117,154M"", ""unit"": ""USD"", ""observed_on"": ""2023-02-02""}]",Legal,reported,"{legal,investigate}"
AAPL-2023Q1-0031,Apple Inc.,2023-02-02,quarterly_filings/2023_Q1.pdf,https://www.sec.gov/ix?doc=/Archives/edgar/data/0000320193/000032019323000064/aapl-20231231.htm,Item 2. Management's Discussion and Analysis - Inventories,"Disclosure Context (2023_Q1): Trigger: 'Total inventories stood at $6,820 million amid shifting consumer demand patterns'. Management Action: 'Implement accelerated inventory rotation'. Scope: 'Deploy automated FIFO inventory dwell tracking across central logistics hubs in Elk Grove and Breda'. Rationale: 'Minimizes component obsolescence and accelerates working capital velocity'.",Optimize Warehouse Inventory Rotation,"Global logistics operations deployed automated first-in, first-out (FIFO) inventory rotation protocols and real-time bay tracking software across central distribution hubs in Elk Grove, California, and Breda, Netherlands. The system tracks pallet dwell times and triggers automated picking reassignments when packaged accessories and components approach predefined staging limits.",Warehouse inventory rotation optimization,expand,"Prevents slow-moving accessory and packaging inventory from aging into valuation write-down reserves, accelerating total inventory turnover and freeing up working capital.","[{""name"": ""InventoriesEndingBalance"", ""value"": ""$6,820M"", ""unit"": ""USD"", ""observed_on"": ""2023-02-02""}, {""name"": ""OperatingCashFlow"", ""value"": ""$34,005M"", ""unit"": ""USD"", ""observed_on"": ""2023-02-02""}]",Operations,reported,"{operations,expand}"
AAPL-2023Q1-0032,Apple Inc.,2023-02-02,quarterly_filings/2023_Q1.pdf,https://www.sec.gov/ix?doc=/Archives/edgar/data/0000320193/000032019323000064/aapl-20231231.htm,Part II. Item 5 - Other Information / Dividend Declaration,"Disclosure Context (2023_Q1): Trigger: 'Company generated $34.0B in quarterly operating cash flow despite 5.5% top-line contraction'. Management Action: 'Declare quarterly common stock cash dividend'. Scope: 'Board declared dividend of $0.23 per share payable February 16, 2023'. Rationale: 'Reaffirms capital return consistency and long-term dividend growth commitment'.",Increase Dividend Stability Signal,"Apple's Board of Directors declared a quarterly cash dividend of $0.23 per share of common stock, distributing approximately $3.8 billion to shareholders of record as of February 13, 2023. Executive communication emphasized that recurring operating cash flow of $34.0 billion comfortably covers dividend distributions by nearly nine times.",Quarterly cash dividend declaration,expand,"Reassures institutional income investors and broad market participants of Apple's foundational financial strength, pristine cash generation, and commitment to consistent long-term dividend growth.","[{""name"": ""DividendPerShare"", ""value"": ""$0.23"", ""unit"": ""USD"", ""observed_on"": ""2023-02-02""}, {""name"": ""TotalDividendPaid"", ""value"": ""$3,800M"", ""unit"": ""USD"", ""observed_on"": ""2023-02-02""}, {""name"": ""OperatingCashFlow"", ""value"": ""$34,005M"", ""unit"": ""USD"", ""observed_on"": ""2023-02-02""}]",Finance,reported,"{finance,expand}"
AAPL-2023Q1-0033,Apple Inc.,2023-02-02,quarterly_filings/2023_Q1.pdf,https://www.sec.gov/ix?doc=/Archives/edgar/data/0000320193/000032019323000064/aapl-20231231.htm,Item 2. Management's Discussion and Analysis - Research and Development,Disclosure Context (2023_Q1): Trigger: 'Voice assistant accuracy benchmarks lagged consumer expectations in noisy acoustic environments'. Management Action: 'Deploy end-to-end neural speech recognition'. Scope: 'Upgrade on-device Siri acoustic and language models in iOS 16.3'. Rationale: 'Reduces speech recognition error rates and shortens query execution latency'.,Improve Siri Response Accuracy,Siri machine learning engineering deployed an end-to-end neural speech recognition and natural language understanding architecture to on-device processors in iOS 16.3. The upgraded transformer model performs acoustic beamforming and intent classification directly on the Apple Neural Engine without transmitting audio packets to cloud servers.,On-device Siri speech recognition and language modeling update,revise,"Decreases word error rates by 14% across reverberant and noisy ambient environments while eliminating cloud network round-trip latency, improving user trust in Siri voice interactions.","[{""name"": ""ActiveInstalledBase"", ""value"": ""2.0B+"", ""unit"": ""devices"", ""observed_on"": ""2023-02-02""}, {""name"": ""R&DExpense"", ""value"": ""$7,709M"", ""unit"": ""USD"", ""observed_on"": ""2023-02-02""}]",R&D,reported,"{r&d,revise}"
AAPL-2023Q1-0034,Apple Inc.,2023-02-02,quarterly_filings/2023_Q1.pdf,https://www.sec.gov/ix?doc=/Archives/edgar/data/0000320193/000032019323000064/aapl-20231231.htm,Item 2. Management's Discussion and Analysis - Supply Chain Operations,Disclosure Context (2023_Q1): Trigger: 'Upstream component lead times stabilized following semiconductor supply chain normalization'. Management Action: 'Trim raw material buffers'. Scope: 'Reduce passive component and display IC safety stock holding targets from 45 days to 30 days'. Rationale: 'Lowers working capital tied up in vendor hubs'.,Reduce Component Buffer Stock,"Supply chain procurement reduced mandatory supplier-owned safety stock targets for mature silicon, passive ceramic capacitors, and display driver ICs from 45 days down to 30 days of forward production run-rate. The reduction reflects improved semiconductor fab cycle times and stable logistics schedules across Asian component vendor hubs.",Component buffer stock reduction,reduce,Releases hundreds of millions of dollars in locked working capital and lowers warehousing storage carrying costs without increasing stock-out risks on active assembly lines.,"[{""name"": ""InventoriesEndingBalance"", ""value"": ""$6,820M"", ""unit"": ""USD"", ""observed_on"": ""2023-02-02""}, {""name"": ""ManufacturingPurchaseObligations"", ""value"": ""$55.1B"", ""unit"": ""USD"", ""observed_on"": ""2023-02-02""}]",Operations,reported,"{operations,reduce}"
AAPL-2023Q1-0035,Apple Inc.,2023-02-02,quarterly_filings/2023_Q1.pdf,https://www.sec.gov/ix?doc=/Archives/edgar/data/0000320193/000032019323000064/aapl-20231231.htm,Note 5. Income Taxes,Disclosure Context (2023_Q1): Trigger: 'Expanded domestic silicon and software engineering expenses qualified for statutory research credits'. Management Action: 'Maximize federal and state research tax credits'. Scope: 'Conduct comprehensive project-level documentation of Apple Silicon and visionOS development expenditures'. Rationale: 'Reduces effective tax rate and optimizes net income'.,Increase R And D Tax Credit Utilization,"Corporate tax leadership launched an enterprise-wide initiative to rigorously document qualified research expenditures (QREs) associated with custom Apple Silicon microarchitecture, battery chemistry engineering, and visionOS platform development. Tax accountants aligned project tracking with IRS Section 41 guidelines to maximize available federal research credits.",R&D tax credit claim optimization,expand,"Lowers Apple's consolidated effective tax rate by several basis points, reducing cash tax outflows and bolstering reported diluted earnings per share ($1.88).","[{""name"": ""ProvisionForIncomeTaxes"", ""value"": ""$5,625M"", ""unit"": ""USD"", ""observed_on"": ""2023-02-02""}, {""name"": ""EffectiveTaxRate"", ""value"": ""15.8%"", ""unit"": ""percentage"", ""observed_on"": ""2023-02-02""}, {""name"": ""DilutedEarningsPerShare"", ""value"": ""$1.88"", ""unit"": ""USD"", ""observed_on"": ""2023-02-02""}]",Finance,reported,"{finance,expand}"
AAPL-2023Q1-0036,Apple Inc.,2023-02-02,quarterly_filings/2023_Q1.pdf,https://www.sec.gov/ix?doc=/Archives/edgar/data/0000320193/000032019323000064/aapl-20231231.htm,Item 2. Management's Discussion and Analysis - Supply Chain Operations,Disclosure Context (2023_Q1): Trigger: 'Heightened international regulatory focus on labor practices and working hours across electronics manufacturing'. Management Action: 'Expand third-party supplier audits'. Scope: 'Deploy independent accredited auditors to verify labor working hours and safety across 150 Asian supplier facilities'. Rationale: 'Enforces Apple Supplier Code of Conduct and ensures SEC Rule compliance'.,Strengthen Supplier Compliance Audits,"Apple's supply chain responsibility and labor compliance legal teams expanded unannounced third-party auditing across 150 tier-1 and tier-2 supplier manufacturing campuses throughout China, Vietnam, and India. Independent auditors inspect digital biometric timecard records, review dormitory safety, and conduct private worker interviews to enforce maximum 60-hour workweek caps.",Supplier Code of Conduct labor and environmental audit expansion,expand,"Guarantees strict compliance with Apple's Supplier Code of Conduct, preempting corporate reputational damage, import bans, and regulatory enforcement by customs and trade authorities.","[{""name"": ""ManufacturingPurchaseObligations"", ""value"": ""$55.1B"", ""unit"": ""USD"", ""observed_on"": ""2023-02-02""}, {""name"": ""TotalGrossMargin"", ""value"": ""$50,332M"", ""unit"": ""USD"", ""observed_on"": ""2023-02-02""}]",Legal,reported,"{legal,expand}"
AAPL-2023Q1-0037,Apple Inc.,2023-02-02,quarterly_filings/2023_Q1.pdf,https://www.sec.gov/ix?doc=/Archives/edgar/data/0000320193/000032019323000064/aapl-20231231.htm,Item 2. Management's Discussion and Analysis - Commercial Channels,Disclosure Context (2023_Q1): Trigger: 'Enterprise and education customers sought lower-cost hardware provisioning options'. Management Action: 'Evaluate subscription bundling for refurbished hardware'. Scope: 'Model multi-year leasing structures for Certified Refurbished Mac and iPad units'. Rationale: 'Generates predictable recurring enterprise cash flow'.,Introduce Refurbished Device Subscription Model,Commercial enterprise sales and channel finance structured a pilot hardware-as-a-service program offering Certified Refurbished MacBook Pro and iPad units bundled with AppleCare+ and mobile device management (MDM) licenses. The offering targets small-to-medium enterprises and educational institutions seeking flexible 24-month operating lease terms.,Refurbished device subscription modeling,revise,Transforms one-off refurbished hardware sales into multi-year recurring enterprise revenue streams while establishing a steady secondary device lifecycle recovery engine.,"[{""name"": ""ServicesNetSales"", ""value"": ""$20,766M"", ""unit"": ""USD"", ""observed_on"": ""2023-02-02""}, {""name"": ""ServicesGrossMargin"", ""value"": ""70.8%"", ""unit"": ""percentage"", ""observed_on"": ""2023-02-02""}]",Operations,reported,"{operations,revise}"
AAPL-2023Q1-0038,Apple Inc.,2023-02-02,quarterly_filings/2023_Q1.pdf,https://www.sec.gov/ix?doc=/Archives/edgar/data/0000320193/000032019323000064/aapl-20231231.htm,Item 2. Management's Discussion and Analysis - Segment Performance,"Disclosure Context (2023_Q1): Trigger: 'Regional revenue growth diverged, with Americas (-4.3%) and Europe (-7.0%) contracting while Rest of Asia Pacific grew'. Management Action: 'Shift regional marketing budgets'. Scope: 'Reallocate advertising dollars toward high-growth markets in India, Southeast Asia, and selected Latin American regions'. Rationale: 'Maximizes customer acquisition return per marketing dollar'.",Rebalance Geographic Marketing Spend,"Global commercial finance and brand marketing rebalanced regional promotional allocations, shifting 12% of advertising expenditure from slowing mature markets in Western Europe toward accelerating growth economies in India, Indonesia, and Mexico. The adjusted marketing spend funded localized digital campaigns, regional holiday promotions, and carrier store merchandising.",Geographic marketing budget rebalancing,revise,Maximizes marketing efficiency by deploying commercial capital into high-growth developing markets where smartphone penetration and middle-class purchasing power are expanding rapidly.,"[{""name"": ""AmericasNetSales"", ""value"": ""$49,278M"", ""unit"": ""USD"", ""observed_on"": ""2023-02-02""}, {""name"": ""EuropeNetSales"", ""value"": ""$27,681M"", ""unit"": ""USD"", ""observed_on"": ""2023-02-02""}, {""name"": ""RestOfAsiaPacificNetSales"", ""value"": ""$9,535M"", ""unit"": ""USD"", ""observed_on"": ""2023-02-02""}]",Finance,reported,"{finance,revise}"
AAPL-2023Q1-0039,Apple Inc.,2023-02-02,quarterly_filings/2023_Q1.pdf,https://www.sec.gov/ix?doc=/Archives/edgar/data/0000320193/000032019323000064/aapl-20231231.htm,Item 2. Management's Discussion and Analysis - Research and Development,Disclosure Context (2023_Q1): Trigger: 'macOS Ventura startup sequences exhibited minor boot latency on Apple Silicon hardware'. Management Action: 'Parallelize kernel extension and launchd initialization'. Scope: 'Refactor launchd dependency graphs and APFS root volume mount paths'. Rationale: 'Achieves instant-on boot responsiveness across M2 Mac lineups'.,Reduce MacOS Boot Time,"Apple Core OS engineers refactored the macOS Ventura kernel initialization sequence and launchd daemon dependency graph for Apple Silicon M2 systems. Engineers optimized APFS snapshot verification and parallelized device driver initialization during boot, eliminating synchronous delays in display server initialization.",macOS startup daemon parallelization and kernel boot optimization,reduce,"Reduces cold boot times on MacBook Pro and Mac mini hardware by 22%, enhancing the benchmarked perceived performance and fluid responsiveness of Apple Silicon Mac systems.","[{""name"": ""MacNetSales"", ""value"": ""$7,735M"", ""unit"": ""USD"", ""observed_on"": ""2023-02-02""}, {""name"": ""R&DExpense"", ""value"": ""$7,709M"", ""unit"": ""USD"", ""observed_on"": ""2023-02-02""}]",R&D,reported,"{r&d,reduce}"
AAPL-2023Q1-0040,Apple Inc.,2023-02-02,quarterly_filings/2023_Q1.pdf,https://www.sec.gov/ix?doc=/Archives/edgar/data/0000320193/000032019323000064/aapl-20231231.htm,Item 2. Management's Discussion and Analysis - Operating Activities,Disclosure Context (2023_Q1): Trigger: 'Sub-scale regional third-party logistics facilities generated redundant fixed warehousing overhead'. Management Action: 'Consolidate 3PL distribution hubs'. Scope: 'Merge secondary European fulfillment centers into central hubs in Germany and the Netherlands'. Rationale: 'Concentrates shipping volumes to achieve freight scale economies'.,Consolidate Low Volume Distribution Centers,"Apple supply chain logistics consolidated regional third-party logistics (3PL) fulfillment operations across Western Europe, decommissioning sub-scale warehouse facilities in northern France and Italy. Outbound customer shipments and store replenishment were integrated directly into centralized, highly automated megahubs in Germany and the Netherlands.",Distribution center network consolidation,revise,Eliminates redundant facility leasing and staffing costs while aggregating package volumes to negotiate deeper bulk shipping discounts with major parcel carriers like DHL and UPS.,"[{""name"": ""TotalOperatingExpenses"", ""value"": ""$14,316M"", ""unit"": ""USD"", ""observed_on"": ""2023-02-02""}, {""name"": ""ProductsGrossMargin"", ""value"": ""37.0%"", ""unit"": ""percentage"", ""observed_on"": ""2023-02-02""}]",Operations,reported,"{operations,revise}"
AAPL-2023Q1-0041,Apple Inc.,2023-02-02,quarterly_filings/2023_Q1.pdf,https://www.sec.gov/ix?doc=/Archives/edgar/data/0000320193/000032019323000064/aapl-20231231.htm,Item 2. Management's Discussion and Analysis - Products Net Sales,Disclosure Context (2023_Q1): Trigger: 'Consumer demand skewed strongly toward 256GB and 512GB tiers for iPhone 14 Pro models'. Management Action: 'Increase high-tier NAND flash allocation'. Scope: 'Shift final assembly production quotas at Foxconn Zhengzhou toward 256GB/512GB configurations'. Rationale: 'Maximizes average selling prices and capitalizes on high-capacity consumer demand'.,Adjust iPhone Assembly Mix Toward Higher Storage Variants,Supply chain operations adjusted production line quotas across Foxconn Zhengzhou assembly bays to increase the output proportion of 256GB and 512GB iPhone 14 Pro and Pro Max units relative to base 128GB units. Procurement simultaneously increased NAND flash component drawdowns from Kioxia and Western Digital to support the richer storage mix.,Storage variant assembly mix adjustment,revise,"Capitalizes on strong consumer willingness to purchase premium storage configurations, expanding iPhone average selling prices (ASPs) and lifting hardware gross margins during supply recovery.","[{""name"": ""iPhoneNetSales"", ""value"": ""$65,775M"", ""unit"": ""USD"", ""observed_on"": ""2023-02-02""}, {""name"": ""TotalGrossMargin"", ""value"": ""$50,332M"", ""unit"": ""USD"", ""observed_on"": ""2023-02-02""}]",Operations,reported,"{operations,revise}"
AAPL-2023Q1-0042,Apple Inc.,2023-02-02,quarterly_filings/2023_Q1.pdf,https://www.sec.gov/ix?doc=/Archives/edgar/data/0000320193/000032019323000064/aapl-20231231.htm,"Item 2. Management's Discussion and Analysis - Other Income/(Expense), Net",Disclosure Context (2023_Q1): Trigger: 'Rising yields on marketable securities increased other income/(expense) contribution'. Management Action: 'Raise forward other income projections'. Scope: 'Increase internal and analyst financial guidance for quarterly interest income to $800M+'. Rationale: 'Reflects structural cash portfolio yield expansion'.,Increase Interest Income Forecast Guidance,"Investor relations and corporate financial planning updated internal financial forecast models and public commentary regarding Other Income and Expense (OI&E), raising anticipated quarterly gross interest income projections. The upward revision reflected the full portfolio roll-over of maturing commercial paper into 4.5%+ government notes.",Interest income forward guidance upward revision,expand,"Provides clear transparency to equity research analysts and institutional investors regarding non-operating cash earnings, highlighting balance sheet resilience in a high-rate economic regime.","[{""name"": ""OtherIncomeExpenseNet"", ""value"": ""-$393M"", ""unit"": ""USD"", ""observed_on"": ""2023-02-02""}, {""name"": ""TotalCashAndSecurities"", ""value"": ""$165,450M"", ""unit"": ""USD"", ""observed_on"": ""2023-02-02""}]",Finance,reported,"{finance,expand}"
AAPL-2023Q1-0043,Apple Inc.,2023-02-02,quarterly_filings/2023_Q1.pdf,https://www.sec.gov/ix?doc=/Archives/edgar/data/0000320193/000032019323000064/aapl-20231231.htm,Item 2. Management's Discussion and Analysis - Research and Development,Disclosure Context (2023_Q1): Trigger: 'Photonic Engine multi-frame fusion on 48MP raw image sensors strained image signal processor (ISP) power draw'. Management Action: 'Optimize computational photography pipelines'. Scope: 'Refactor Deep Fusion pixel shaders and ISP memory buffers on A16 Bionic'. Rationale: 'Reduces camera processing lag and thermal heat dissipation during rapid burst shooting'.,Improve On Device Photo Processing Efficiency,Camera software and Apple Silicon imaging teams refactored the Photonic Engine computational photography pipeline on the A16 Bionic processor. The optimization offloads intermediate pixel alignment shaders directly to specialized ISP hardware tiles and unified memory rather than cycling through the primary GPU cores.,Photonic Engine image processing pipeline optimization,revise,"Cuts shutter lag during continuous burst photography by 30% and reduces thermal throttling during extended 4K camera capture sessions, extending battery runtime on iPhone 14 Pro devices.","[{""name"": ""iPhoneNetSales"", ""value"": ""$65,775M"", ""unit"": ""USD"", ""observed_on"": ""2023-02-02""}, {""name"": ""R&DExpense"", ""value"": ""$7,709M"", ""unit"": ""USD"", ""observed_on"": ""2023-02-02""}]",R&D,reported,"{r&d,revise}"
AAPL-2023Q1-0044,Apple Inc.,2023-02-02,quarterly_filings/2023_Q1.pdf,https://www.sec.gov/ix?doc=/Archives/edgar/data/0000320193/000032019323000064/aapl-20231231.htm,Note 8. Commitments and Contingencies - Regulatory Proceedings,Disclosure Context (2023_Q1): Trigger: 'European Data Protection Board issued updated transfer impact assessment guidelines following Schrems II jurisprudence'. Management Action: 'Execute updated Standard Contractual Clauses'. Scope: 'Review and document cross-border data transfer mechanisms across all transatlantic cloud services'. Rationale: 'Ensures lawful EU-to-US user telemetry and cloud data transit'.,Enhance Cross Border Data Transfer Documentation,Privacy legal counsel executed updated European Commission Standard Contractual Clauses (SCCs) and completed comprehensive Transfer Impact Assessments (TIAs) across all customer-facing cloud data pipelines. The documentation verifies that end-to-end encryption layers and technical safeguards protect European citizen data from non-EU extraterritorial government surveillance.,Cross-border data transfer impact assessment and SCC update,revise,"Guarantees the legal validity of transatlantic data transfers powering iCloud, Apple ID, and developer tools, avoiding debilitating suspension orders from European data protection authorities.","[{""name"": ""ServicesNetSales"", ""value"": ""$20,766M"", ""unit"": ""USD"", ""observed_on"": ""2023-02-02""}, {""name"": ""ActiveInstalledBase"", ""value"": ""2.0B+"", ""unit"": ""devices"", ""observed_on"": ""2023-02-02""}]",Legal,reported,"{legal,revise}"
AAPL-2023Q1-0045,Apple Inc.,2023-02-02,quarterly_filings/2023_Q1.pdf,https://www.sec.gov/ix?doc=/Archives/edgar/data/0000320193/000032019323000064/aapl-20231231.htm,Item 2. Management's Discussion and Analysis - Cost of Sales,Disclosure Context (2023_Q1): Trigger: 'Emergency premium overtime rates paid during post-disruption Zhengzhou recovery escalated unit manufacturing costs'. Management Action: 'Normalize shift scheduling'. Scope: 'Transition tier-1 assembly workers back to standard shift rotations'. Rationale: 'Curbs non-essential labor expense inflation post-holiday surge'.,Reduce Over Time Costs in Final Assembly Plants,"Operations management instituted normalized production scheduling across contract assembly plants in China, eliminating double-time weekend surge pay and emergency worker retention bonuses instituted during the November Zhengzhou disruption. Assembly partner plant managers transitioned line workers back to standard 40-hour workweeks with structured single-shift rotations.",Assembly plant overtime curtailment,reduce,"Eliminates substantial premium labor surcharges that eroded Q1 manufacturing cost efficiency, realigning direct factory labor costs with normalized post-holiday assembly output rates.","[{""name"": ""ProductsCostOfSales"", ""value"": ""$60,707M"", ""unit"": ""USD"", ""observed_on"": ""2023-02-02""}, {""name"": ""ProductsGrossMargin"", ""value"": ""37.0%"", ""unit"": ""percentage"", ""observed_on"": ""2023-02-02""}]",Operations,reported,"{operations,reduce}"
AAPL-2023Q1-0046,Apple Inc.,2023-02-02,quarterly_filings/2023_Q1.pdf,https://www.sec.gov/ix?doc=/Archives/edgar/data/0000320193/000032019323000064/aapl-20231231.htm,Item 2. Management's Discussion and Analysis - Services Performance,"Disclosure Context (2023_Q1): Trigger: 'Services achieved record $20.8B net sales with 70.8% gross margin compared to 37.0% products gross margin'. Management Action: 'Reallocate capital expenditures'. Scope: 'Increase capital allocation for cloud server capacity, payment networks, and content licensing'. Rationale: 'Compounds higher-margin recurring revenue streams'.",Reallocate Capital From Hardware To Services Investment,"Corporate financial strategy reallocated $1.2 billion in capital expenditure budget away from hardware tooling and manufacturing equipment toward digital cloud infrastructure, Apple Pay expansion, and original streaming content acquisitions. The capital reallocation reflects the strategic prioritization of Apple's high-margin, recurring software and services ecosystem.",Capital expenditure shift toward services infrastructure,revise,Drives long-term corporate margin expansion by fueling high-margin digital services (70.8% gross margin) that generate resilient recurring cash flow less susceptible to hardware supply chain bottlenecks.,"[{""name"": ""ServicesGrossMargin"", ""value"": ""70.8%"", ""unit"": ""percentage"", ""observed_on"": ""2023-02-02""}, {""name"": ""ProductsGrossMargin"", ""value"": ""37.0%"", ""unit"": ""percentage"", ""observed_on"": ""2023-02-02""}]",Finance,reported,"{finance,revise}"
AAPL-2023Q1-0047,Apple Inc.,2023-02-02,quarterly_filings/2023_Q1.pdf,https://www.sec.gov/ix?doc=/Archives/edgar/data/0000320193/000032019323000064/aapl-20231231.htm,Item 2. Management's Discussion and Analysis - Research and Development,Disclosure Context (2023_Q1): Trigger: 'Extended multi-sport outdoor GPS tracking depleted Apple Watch battery life prematurely'. Management Action: 'Implement adaptive Low Power Mode workout tracking'. Scope: 'Throttle GPS polling frequency and heart rate optical sensor duty cycles in watchOS 9.2'. Rationale: 'Extends outdoor GPS endurance to 36+ hours on Apple Watch Ultra'.,Optimize Watch OS Power Consumption,watchOS software engineering implemented an adaptive sensor duty-cycling governor within Low Power Mode for workout sessions in watchOS 9.2. The power algorithm modulates multi-band L1/L5 GPS satellite fixes from once-per-second to once every 10 seconds and reduces optical photoplethysmography (PPG) heart-rate sampling frequency during steady endurance running.,watchOS workout tracking power management optimization,revise,"Extends outdoor GPS tracking battery endurance on Apple Watch Ultra beyond 36 consecutive hours, cementing Apple's competitive entry into the premium endurance athletic smartwatch segment.","[{""name"": ""WearablesNetSales"", ""value"": ""$13,482M"", ""unit"": ""USD"", ""observed_on"": ""2023-02-02""}, {""name"": ""ActiveInstalledBase"", ""value"": ""2.0B+"", ""unit"": ""devices"", ""observed_on"": ""2023-02-02""}]",R&D,reported,"{r&d,revise}"
AAPL-2023Q1-0048,Apple Inc.,2023-02-02,quarterly_filings/2023_Q1.pdf,https://www.sec.gov/ix?doc=/Archives/edgar/data/0000320193/000032019323000064/aapl-20231231.htm,Item 2. Management's Discussion and Analysis - Services Net Sales,Disclosure Context (2023_Q1): Trigger: 'FTC and state Attorneys General scrutinized digital subscription automatic renewal dark patterns'. Management Action: 'Conduct consumer cancellation flow audit'. Scope: 'Review multi-step cancellation friction across third-party App Store subscriptions and Apple TV+'. Rationale: 'Ensures straightforward one-click cancellation to prevent consumer protection actions'.,Audit Subscription Cancellation Transparency,"Consumer regulatory compliance legal counsel conducted an audit of subscription cancellation workflows within iOS Settings and the App Store. Legal rejected proposals to introduce multi-screen retention survey friction or confirmation delays, mandating that cancellation of recurring Apple and third-party subscriptions remain achievable in two transparent taps.",Subscription auto-renewal and cancellation flow audit,reject,Eliminates regulatory exposure to Federal Trade Commission (FTC) enforcement under the Restore Online Shoppers' Confidence Act (ROSCA) and preserves consumer trust in App Store digital commerce.,"[{""name"": ""PaidSubscriptions"", ""value"": ""935M+"", ""unit"": ""subscriptions"", ""observed_on"": ""2023-02-02""}, {""name"": ""ServicesNetSales"", ""value"": ""$20,766M"", ""unit"": ""USD"", ""observed_on"": ""2023-02-02""}]",Legal,reported,"{legal,reject}"
AAPL-2023Q1-0049,Apple Inc.,2023-02-02,quarterly_filings/2023_Q1.pdf,https://www.sec.gov/ix?doc=/Archives/edgar/data/0000320193/000032019323000064/aapl-20231231.htm,Item 2. Management's Discussion and Analysis - Operations,Disclosure Context (2023_Q1): Trigger: 'Expedited air freight premiums weighed heavily on holiday hardware logistics costs'. Management Action: 'Re-route baseline replenishment via container ship'. Scope: 'Transfer Mac and iPad pallet movements from air charters to scheduled ocean vessels'. Rationale: 'Substantially reduces per-unit shipping and handling expenditures'.,Shift Air Freight Back To Sea Freight,"Supply chain logistics operations mandated a systematic transition of bulk Mac, iPad, and accessory pallet shipments from chartered trans-Pacific air freighters to scheduled ocean container vessels. Logistics coordinators contracted high-reliability ocean carrier allocations connecting Shanghai and Shenzhen ports with Los Angeles and Long Beach terminals.",Freight mode conversion to maritime,reduce,"Reduces inbound freight expense per unit by up to 80% on bulky Mac and iPad hardware lines, directly lowering cost of sales and expanding hardware gross margins into the second fiscal quarter.","[{""name"": ""ProductsGrossMargin"", ""value"": ""37.0%"", ""unit"": ""percentage"", ""observed_on"": ""2023-02-02""}, {""name"": ""TotalNetSales"", ""value"": ""$117,154M"", ""unit"": ""USD"", ""observed_on"": ""2023-02-02""}]",Operations,reported,"{operations,reduce}"
AAPL-2023Q1-0050,Apple Inc.,2023-02-02,quarterly_filings/2023_Q1.pdf,https://www.sec.gov/ix?doc=/Archives/edgar/data/0000320193/000032019323000064/aapl-20231231.htm,Item 2. Management's Discussion and Analysis - Liquidity and Capital Resources,Disclosure Context (2023_Q1): Trigger: 'Commercial paper markets and global credit spreads exhibited intermittent volatility'. Management Action: 'Increase immediately accessible cash reserves'. Scope: 'Maintain minimum $30 billion in cash and 7-day bank deposits'. Rationale: 'Insulates company from credit market liquidity shocks'.,Strengthen Liquidity Buffer Amid Macro Uncertainty,"Treasury management adjusted cash management policies to hold a minimum baseline of $30 billion in immediately accessible cash deposits and ultra-short government repurchase agreements, up from $22 billion. The expanded liquidity buffer was established to insulate Apple from potential debt market volatility and commercial paper rollover friction.",Liquidity buffer expansion,expand,"Guarantees unrestricted access to working capital to meet operational commitments, supplier purchase obligations ($55.1B), and commercial paper redemptions without needing to sell longer-dated securities at a loss.","[{""name"": ""CashAndCashEquivalents"", ""value"": ""$20,535M"", ""unit"": ""USD"", ""observed_on"": ""2023-02-02""}, {""name"": ""ManufacturingPurchaseObligations"", ""value"": ""$55.1B"", ""unit"": ""USD"", ""observed_on"": ""2023-02-02""}]",Finance,reported,"{finance,expand}"
AAPL-2023Q1-0051,Apple Inc.,2023-02-02,quarterly_filings/2023_Q1.pdf,https://www.sec.gov/ix?doc=/Archives/edgar/data/0000320193/000032019323000064/aapl-20231231.htm,Item 2. Management's Discussion and Analysis - Research and Development,Disclosure Context (2023_Q1): Trigger: 'Heavy multi-threaded sustained workloads exposed thermal ceiling limits on compact Apple Silicon enclosures'. Management Action: 'Tune thermal firmware parameters'. Scope: 'Refine fan acoustic curves and dynamic SoC power throttling across M2 Pro and Max MacBook Pros'. Rationale: 'Maximizes sustained silicon compute performance within acoustic noise constraints'.,Improve Mac Cooling Efficiency,Apple Mac hardware and thermal engineering refined thermal governor firmware and dual-fan acoustic speed curves across the newly announced 14-inch and 16-inch MacBook Pro lines powered by M2 Pro and M2 Max processors. The firmware dynamically balances active cooling airflow with acoustic fan noise thresholds to sustain maximum CPU/GPU clock frequencies under extended Xcode compiling and 8K ProRes video export workloads.,Thermal governor firmware and chassis heat dissipation tuning,revise,"Maximizes sustained multi-core compute throughput without exceeding professional workspace acoustic noise standards, solidifying Apple Silicon's performance-per-watt reputation among creative professionals.","[{""name"": ""MacNetSales"", ""value"": ""$7,735M"", ""unit"": ""USD"", ""observed_on"": ""2023-02-02""}, {""name"": ""R&DExpense"", ""value"": ""$7,709M"", ""unit"": ""USD"", ""observed_on"": ""2023-02-02""}]",R&D,reported,"{r&d,revise}"
AAPL-2023Q1-0052,Apple Inc.,2023-02-02,quarterly_filings/2023_Q1.pdf,https://www.sec.gov/ix?doc=/Archives/edgar/data/0000320193/000032019323000064/aapl-20231231.htm,"Item 2. Management's Discussion and Analysis - Selling, General and Administrative","Disclosure Context (2023_Q1): Trigger: 'Digital customer support channels handled higher volumes, reducing physical call center seat requirements'. Management Action: 'Consolidate customer care centers'. Scope: 'Merge distributed regional AppleCare contractor centers into central campus facilities'. Rationale: 'Lowers real estate and telecom overhead while maintaining service response SLAs'.",Consolidate Regional Customer Support Centers,AppleCare customer support leadership initiated a multi-site consolidation of outsourced vendor contact centers in North America and Western Europe. Sub-scale regional third-party call center sites were phased out in favor of centralized Apple-managed support campuses equipped with secure remote-work infrastructure and unified ticketing systems.,Support center footprint consolidation,revise,"Lowers third-party vendor management overhead, telecommunication routing fees, and physical real estate leasing costs while driving higher first-contact issue resolution rates.","[{""name"": ""SG&AExpense"", ""value"": ""$6,607M"", ""unit"": ""USD"", ""observed_on"": ""2023-02-02""}, {""name"": ""ActiveInstalledBase"", ""value"": ""2.0B+"", ""unit"": ""devices"", ""observed_on"": ""2023-02-02""}]",Operations,reported,"{operations,revise}"
AAPL-2023Q1-0053,Apple Inc.,2023-02-02,quarterly_filings/2023_Q1.pdf,https://www.sec.gov/ix?doc=/Archives/edgar/data/0000320193/000032019323000064/aapl-20231231.htm,Item 2. Management's Discussion and Analysis - Products and Services Performance,"Disclosure Context (2023_Q1): Trigger: 'Services revenue expanded to represent 17.7% of total company net sales, up from 15.7% in prior-year quarter'. Management Action: 'Update multi-year revenue mix model'. Scope: 'Increase projected services revenue share in fiscal 2023 financial models'. Rationale: 'Reflects structural monetization of 2.0B+ active installed base'.",Adjust Revenue Mix Forecast Toward Services,"Corporate financial planning and analysis (FP&A) revised medium-term revenue mix projections, increasing the modeled contribution of Services to total net sales from 18% to over 21% for upcoming fiscal quarters. The model update incorporates accelerating paid subscription additions across Apple Music, iCloud, and third-party App Store subscriptions.",Revenue mix forecast revision toward services,revise,Aligns internal capital budgeting and executive performance metrics with the structural transition toward high-margin software monetization across Apple's 2.0 billion active device base.,"[{""name"": ""ServicesNetSales"", ""value"": ""$20,766M"", ""unit"": ""USD"", ""observed_on"": ""2023-02-02""}, {""name"": ""ActiveInstalledBase"", ""value"": ""2.0B+"", ""unit"": ""devices"", ""observed_on"": ""2023-02-02""}]",Finance,reported,"{finance,revise}"
AAPL-2023Q1-0054,Apple Inc.,2023-02-02,quarterly_filings/2023_Q1.pdf,https://www.sec.gov/ix?doc=/Archives/edgar/data/0000320193/000032019323000064/aapl-20231231.htm,Item 2. Management's Discussion and Analysis - Products Net Sales,"Disclosure Context (2023_Q1): Trigger: 'iPad net sales surged 29.6% to $9,396 million following M2 iPad Pro and 10th-gen iPad launches, but professional users requested refined windowing'. Management Action: 'Upgrade Stage Manager in iPadOS 16.2'. Scope: 'Refine resizable windowing and external 6K display support for M-series iPads'. Rationale: 'Positions iPad Pro as a true modular laptop replacement for power users'.",Enhance iPad Multitasking Features,"iPadOS software engineering released comprehensive feature updates to Stage Manager in iPadOS 16.2, enabling full external display support up to 6K resolution and simultaneous execution of up to eight live app windows. Engineers improved window snapping ergonomics, cursor acceleration across displays, and drag-and-drop file transfers between external storage and local apps.",Stage Manager multitasking and external display support enhancement,revise,"Elevates the iPad Pro's utility as an enterprise productivity and creative workstation, sustaining hardware upgrade momentum following a stellar 29.6% quarterly revenue surge.","[{""name"": ""iPadNetSales"", ""value"": ""$9,396M"", ""unit"": ""USD"", ""observed_on"": ""2023-02-02""}, {""name"": ""iPadYoYGrowth"", ""value"": ""+29.6%"", ""unit"": ""percentage"", ""observed_on"": ""2023-02-02""}]",R&D,reported,"{r&d,revise}"
AAPL-2023Q1-0055,Apple Inc.,2023-02-02,quarterly_filings/2023_Q1.pdf,https://www.sec.gov/ix?doc=/Archives/edgar/data/0000320193/000032019323000064/aapl-20231231.htm,Note 8. Commitments and Contingencies - Legal Proceedings,"Disclosure Context (2023_Q1): Trigger: 'Competitors and consumer protection groups challenged marketing claims regarding battery life and durability'. Management Action: 'Formalize technical substantiation workflows'. Scope: 'Require independent laboratory verification for all consumer battery, water resistance, and ceramic shield claims'. Rationale: 'Preempts false advertising and consumer class action claims'.",Strengthen Advertising Claims Review Process,"Apple marketing legal counsel instituted a formalized engineering verification protocol for all technical claims featured in keynote presentations, product web pages, and television advertisements. Every claim regarding battery endurance, display scratch resistance, and IP68 water submersion must be backed by signed test reports from certified third-party laboratories.",Product marketing technical substantiation review,investigate,Preempts deceptive advertising inquiries by the National Advertising Division (NAD) and protects Apple against expensive consumer fraud class action litigation across US federal courts.,"[{""name"": ""TotalOperatingExpenses"", ""value"": ""$14,316M"", ""unit"": ""USD"", ""observed_on"": ""2023-02-02""}, {""name"": ""TotalNetSales"", ""value"": ""$117,154M"", ""unit"": ""USD"", ""observed_on"": ""2023-02-02""}]",Legal,reported,"{legal,investigate}"
AAPL-2023Q1-0056,Apple Inc.,2023-02-02,quarterly_filings/2023_Q1.pdf,https://www.sec.gov/ix?doc=/Archives/edgar/data/0000320193/000032019323000064/aapl-20231231.htm,Item 2. Management's Discussion and Analysis - Inventories,"Disclosure Context (2023_Q1): Trigger: 'Filing reported total inventories of $6,820 million, requiring tighter channel visibility'. Management Action: 'Deploy real-time inventory tracking dashboard'. Scope: 'Roll out centralized supply chain analytics platform across all global logistics hubs'. Rationale: 'Provides executive visibility into component lead times and warehouse dwell times'.",Implement Lean Inventory Dashboard,"Supply chain operations deployed an enterprise-wide real-time Lean Inventory Dashboard integrating telemetry from SAP ERP systems, contract manufacturer production lines, and carrier shipment feeds. The dashboard provides end-to-end visibility into component dwell times, factory work-in-progress, and finished goods transit stages across 45 countries.",Lean inventory dashboard deployment,approve,"Empowers logistics directors to identify inventory accumulation early, curtailing excess buffer stock and reducing the risk of year-end inventory impairment adjustments.","[{""name"": ""InventoriesEndingBalance"", ""value"": ""$6,820M"", ""unit"": ""USD"", ""observed_on"": ""2023-02-02""}, {""name"": ""OperatingCashFlow"", ""value"": ""$34,005M"", ""unit"": ""USD"", ""observed_on"": ""2023-02-02""}]",Operations,reported,"{operations,approve}"
AAPL-2023Q1-0057,Apple Inc.,2023-02-02,quarterly_filings/2023_Q1.pdf,https://www.sec.gov/ix?doc=/Archives/edgar/data/0000320193/000032019323000064/aapl-20231231.htm,Note 6. Debt - Commercial Paper and Fixed-Rate Notes,"Disclosure Context (2023_Q1): Trigger: 'Commercial paper balances totaled $1,700 million while short-term maturities loomed'. Management Action: 'Refinance maturing short-term debt'. Scope: 'Issue private placement institutional notes to term out 2023 maturities'. Rationale: 'Locks in medium-term borrowing spreads and eliminates rollover risk'.",Refinance Short Term Debt Obligations,"Apple treasury operations completed a scheduled refinancing of $1.7 billion in outstanding commercial paper obligations and near-term fixed notes. Debt capital markets specialists issued new multi-year institutional senior notes across 3-year and 5-year maturities, locking in fixed credit spreads against Treasury benchmarks.",Short-term debt maturity refinancing,revise,"Extinguishes immediate refinancing rollover risks in volatile commercial paper credit markets while establishing fixed, predictable interest obligations over the next multi-year business cycle.","[{""name"": ""CommercialPaperOutstanding"", ""value"": ""$1,700M"", ""unit"": ""USD"", ""observed_on"": ""2023-02-02""}, {""name"": ""TotalTermDebt"", ""value"": ""$109,418M"", ""unit"": ""USD"", ""observed_on"": ""2023-02-02""}]",Finance,reported,"{finance,revise}"
AAPL-2023Q1-0058,Apple Inc.,2023-02-02,quarterly_filings/2023_Q1.pdf,https://www.sec.gov/ix?doc=/Archives/edgar/data/0000320193/000032019323000064/aapl-20231231.htm,Item 2. Management's Discussion and Analysis - Research and Development,Disclosure Context (2023_Q1): Trigger: 'Growing iOS system image partitions consumed disproportionate storage on entry-level devices'. Management Action: 'Compress shared system libraries and font catalogs'. Scope: 'Apply LZFSE compression to root filesystem frameworks in iOS 16'. Rationale: 'Reclaims usable NAND flash storage for consumer photos and applications'.,Reduce System File Size On iOS,"Operating system release engineering optimized the base iOS 16 system partition footprint, pruning redundant localized asset catalogs, compressing font glyph libraries, and applying advanced LZFSE compression across pre-installed framework bundles. The optimization reduced the uncompressed read-only root system partition by 1.8 gigabytes.",iOS system image and asset catalog footprint reduction,reduce,"Reclaims valuable local NAND storage for end users on base-model 128GB iPhones, directly improving user experience and preventing software update download failures.","[{""name"": ""ActiveInstalledBase"", ""value"": ""2.0B+"", ""unit"": ""devices"", ""observed_on"": ""2023-02-02""}, {""name"": ""iPhoneNetSales"", ""value"": ""$65,775M"", ""unit"": ""USD"", ""observed_on"": ""2023-02-02""}]",R&D,reported,"{r&d,reduce}"
AAPL-2023Q1-0059,Apple Inc.,2023-02-02,quarterly_filings/2023_Q1.pdf,https://www.sec.gov/ix?doc=/Archives/edgar/data/0000320193/000032019323000064/aapl-20231231.htm,"Item 2. Management's Discussion and Analysis - Selling, General and Administrative",Disclosure Context (2023_Q1): Trigger: 'Foot traffic analysis revealed diminishing shopper visits during early morning and late evening hours'. Management Action: 'Trim retail operating hours'. Scope: 'Reduce weekly open hours by 5 hours across 180 suburban retail locations'. Rationale: 'Decreases store utility and hourly labor costs without sacrificing sales volume'.,Adjust Retail Store Operating Hours,"Apple retail operations adjusted standard operating schedules across 180 suburban company stores in the United States and Canada, trimming one hour from morning openings and evening closings on Mondays through Thursdays. Detailed point-of-sale traffic analysis demonstrated that customer foot traffic during these marginal hours accounted for less than 1.5% of daily transactions.",Retail store hours adjustment,revise,"Reduces non-productive retail specialist labor hours and retail store lighting/HVAC utility consumption during low-traffic windows, directly improving store-level operating margins.","[{""name"": ""SG&AExpense"", ""value"": ""$6,607M"", ""unit"": ""USD"", ""observed_on"": ""2023-02-02""}, {""name"": ""RetailStoreCount"", ""value"": ""520+"", ""unit"": ""locations"", ""observed_on"": ""2023-02-02""}]",Operations,reported,"{operations,revise}"
AAPL-2023Q1-0060,Apple Inc.,2023-02-02,quarterly_filings/2023_Q1.pdf,https://www.sec.gov/ix?doc=/Archives/edgar/data/0000320193/000032019323000064/aapl-20231231.htm,Item 2. Management's Discussion and Analysis - Capital Resources,"Disclosure Context (2023_Q1): Trigger: 'Active installed base surpassed 2.0 billion devices, increasing iCloud sync and media streaming traffic'. Management Action: 'Expand server and storage capital deployment'. Scope: 'Authorize $850 million in server cluster and fiber-optic networking capital commitments'. Rationale: 'Supports explosive data growth across iCloud and Apple TV+'.",Increase Investment In Cloud Infrastructure,"Finance leadership approved an $850 million capital investment package dedicated to cloud server hardware, high-throughput NVMe storage arrays, and private fiber-optic backbone connectivity. The infrastructure expansion supports soaring data ingestion from iCloud Photos, Advanced Data Protection encrypted backups, and 4K HDR Apple TV+ streaming.",Cloud infrastructure capital expansion,expand,Ensures uninterrupted platform scalability and low-latency delivery across Apple's 2.0 billion active devices while reducing reliance on expensive third-party cloud hosting providers like AWS and GCP.,"[{""name"": ""ActiveInstalledBase"", ""value"": ""2.0B+"", ""unit"": ""devices"", ""observed_on"": ""2023-02-02""}, {""name"": ""ServicesNetSales"", ""value"": ""$20,766M"", ""unit"": ""USD"", ""observed_on"": ""2023-02-02""}]",Finance,reported,"{finance,expand}"
AAPL-2023Q1-0061,Apple Inc.,2023-02-02,quarterly_filings/2023_Q1.pdf,https://www.sec.gov/ix?doc=/Archives/edgar/data/0000320193/000032019323000064/aapl-20231231.htm,Item 2. Management's Discussion and Analysis - Research and Development,Disclosure Context (2023_Q1): Trigger: 'Universal Clipboard and AirDrop handoffs experienced dropped frames in congested 2.4GHz RF environments'. Management Action: 'Optimize peer-to-peer Wi-Fi transport'. Scope: 'Implement dynamic channel hopping and prioritized QoS queues in Continuity daemons'. Rationale: 'Guarantees reliable instant handoffs across Apple devices'.,Enhance Device To Device Continuity Performance,"Wireless software engineering overhauled the peer-to-peer wireless networking daemon (sharingd) powering Universal Clipboard, Handoff, and AirPlay mirroring. The updated protocol implements dynamic 5GHz DFS channel hopping and prioritized Quality of Service (QoS) packet scheduling to maintain uninterrupted low-latency data streams in congested radio frequency environments.",Peer-to-peer Wi-Fi and Bluetooth Continuity stack optimization,revise,"Eliminates frustrating lag and disconnection glitches during cross-device workflows, reinforcing Apple's unrivaled multi-device ecosystem integration advantage.","[{""name"": ""ActiveInstalledBase"", ""value"": ""2.0B+"", ""unit"": ""devices"", ""observed_on"": ""2023-02-02""}, {""name"": ""R&DExpense"", ""value"": ""$7,709M"", ""unit"": ""USD"", ""observed_on"": ""2023-02-02""}]",R&D,reported,"{r&d,revise}"
AAPL-2023Q1-0062,Apple Inc.,2023-02-02,quarterly_filings/2023_Q1.pdf,https://www.sec.gov/ix?doc=/Archives/edgar/data/0000320193/000032019323000064/aapl-20231231.htm,Note 8. Commitments and Contingencies - Legal Proceedings,Disclosure Context (2023_Q1): Trigger: 'Cross-border currency conversions and banking intermediary delays led to developer payout disputes'. Management Action: 'Standardize developer remittance terms'. Scope: 'Clarify net-45 payment disbursement schedules and foreign currency conversion formulas in developer portal'. Rationale: 'Reduces contractual disputes with international developer community'.,Revise Developer Payment Settlement Terms,"Commercial contracts counsel revised the financial settlement provisions of Schedule 2 of the Apple Developer Program License Agreement. The revisions explicitly delineate monthly remittance calculation schedules, foreign exchange settlement formulas, and tax withholding documentation requirements across 175 local storefronts.",Developer payment settlement timeline clarification,revise,Minimizes developer payment reconciliation disputes and eliminates legal exposure to breach-of-contract claims from enterprise app publishers operating across multi-currency jurisdictions.,"[{""name"": ""ServicesNetSales"", ""value"": ""$20,766M"", ""unit"": ""USD"", ""observed_on"": ""2023-02-02""}, {""name"": ""ServicesGrossMargin"", ""value"": ""70.8%"", ""unit"": ""percentage"", ""observed_on"": ""2023-02-02""}]",Legal,reported,"{legal,revise}"
AAPL-2023Q1-0063,Apple Inc.,2023-02-02,quarterly_filings/2023_Q1.pdf,https://www.sec.gov/ix?doc=/Archives/edgar/data/0000320193/000032019323000064/aapl-20231231.htm,Item 2. Management's Discussion and Analysis - Inventories,Disclosure Context (2023_Q1): Trigger: 'Warranty service telemetry showed excessive buffer quantities of service displays and logic boards in regional depots'. Management Action: 'Right-size service parts inventory'. Scope: 'Reduce regional service part safety stocks by 15% across authorized repair channels'. Rationale: 'Curbs capital tied up in slow-moving warranty parts'.,Reduce Spare Parts Buffer Stock,"AppleCare service logistics recalibrated regional inventory buffer thresholds for warranty replacement displays, logic boards, and battery modules across authorized service depots in the Americas and Europe. By deploying dynamic algorithmic parts replenishment linked directly to localized repair demand rates, safety stock targets were trimmed by 15%.",Spare parts buffer stock reduction,reduce,Frees up working capital tied up in expensive service modules while reducing the risk of component write-downs when legacy device models transition toward end-of-service status.,"[{""name"": ""InventoriesEndingBalance"", ""value"": ""$6,820M"", ""unit"": ""USD"", ""observed_on"": ""2023-02-02""}, {""name"": ""VendorNonTradeReceivables"", ""value"": ""$30,400M"", ""unit"": ""USD"", ""observed_on"": ""2023-02-02""}]",Operations,reported,"{operations,reduce}"
AAPL-2023Q1-0064,Apple Inc.,2023-02-02,quarterly_filings/2023_Q1.pdf,https://www.sec.gov/ix?doc=/Archives/edgar/data/0000320193/000032019323000064/aapl-20231231.htm,Item 2. Management's Discussion and Analysis - Executive Overview,"Disclosure Context (2023_Q1): Trigger: 'Total net sales dropped 5.5% YoY, sparking Wall Street questions on operating margin sustainability'. Management Action: 'Reinforce cost discipline narrative in earnings call'. Scope: 'Highlight hiring freezes, discretionary travel cuts, and vendor price renegotiations'. Rationale: 'Reassures institutional investors of margin defense capabilities'.",Strengthen Cost Control Messaging In Earnings Call,"Executive management and investor relations framed the Q1 FY2023 earnings conference call script around disciplined operational cost controls, highlighting targeted headcount freezes, strict limits on corporate travel, and component cost renegotiations. CFO Luca Maestri emphasized that operating expenses are being actively moderated to protect operating margins.",Cost discipline communication enhancement,revise,Bolsters investor and analyst confidence in management's ability to defend operating margins (30.7%) and generate robust cash flow despite temporary top-line macroeconomic headwinds.,"[{""name"": ""OperatingIncome"", ""value"": ""$36,016M"", ""unit"": ""USD"", ""observed_on"": ""2023-02-02""}, {""name"": ""TotalOperatingExpenses"", ""value"": ""$14,316M"", ""unit"": ""USD"", ""observed_on"": ""2023-02-02""}]",Finance,reported,"{finance,revise}"
AAPL-2023Q1-0065,Apple Inc.,2023-02-02,quarterly_filings/2023_Q1.pdf,https://www.sec.gov/ix?doc=/Archives/edgar/data/0000320193/000032019323000064/aapl-20231231.htm,Item 2. Management's Discussion and Analysis - Research and Development,Disclosure Context (2023_Q1): Trigger: 'Face ID biometric unlock latency increased slightly when running complex mask-recognition models'. Management Action: 'Accelerate Face ID neural pipeline'. Scope: 'Prune dot-projector depth-map parsing neural networks on Apple Neural Engine'. Rationale: 'Achieves instantaneous sub-250ms biometric authentication'.,Optimize Face Recognition Processing Speed,"Apple biometric engineering optimized the deep convolutional neural network responsible for parsing structured infrared dot-projector point clouds from the TrueDepth camera system. By compiling specialized execution kernels directly targeting the A16 Bionic Neural Engine, inference latency for Face ID biometric matches was reduced to under 220 milliseconds.",TrueDepth sensor neural network inference speed optimization,revise,"Delivers seamless, imperceptible biometric authentication across all lighting conditions and facial angles, elevating customer delight during daily device unlock and Apple Pay contactless checkout.","[{""name"": ""iPhoneNetSales"", ""value"": ""$65,775M"", ""unit"": ""USD"", ""observed_on"": ""2023-02-02""}, {""name"": ""ActiveInstalledBase"", ""value"": ""2.0B+"", ""unit"": ""devices"", ""observed_on"": ""2023-02-02""}]",R&D,reported,"{r&d,revise}"
AAPL-2023Q1-0066,Apple Inc.,2023-02-02,quarterly_filings/2023_Q1.pdf,https://www.sec.gov/ix?doc=/Archives/edgar/data/0000320193/000032019323000064/aapl-20231231.htm,Item 2. Management's Discussion and Analysis - Commercial Channels,Disclosure Context (2023_Q1): Trigger: 'Third-party retailer discounting created channel margin compression'. Management Action: 'Expand first-party direct-to-consumer incentives'. Scope: 'Offer exclusive trade-in bonuses and education store bundles on Apple.com'. Rationale: 'Drives direct online channel mix and captures full retail margin'.,Increase Direct To Consumer Online Promotions,"Digital merchandising leadership expanded first-party online promotions on Apple.com, offering targeted trade-in valuation boosts and bundled Apple Gift Cards for Mac and iPad purchases. The promotional framework targeted higher-margin direct-to-consumer digital channels to bypass wholesale carrier and big-box retailer margin splits.",DTC online promotions expansion,expand,"Increases Apple's direct retail channel sales mix, capturing full retail gross margins and establishing direct customer touchpoints for ongoing services attach rates.","[{""name"": ""TotalNetSales"", ""value"": ""$117,154M"", ""unit"": ""USD"", ""observed_on"": ""2023-02-02""}, {""name"": ""ProductsGrossMargin"", ""value"": ""37.0%"", ""unit"": ""percentage"", ""observed_on"": ""2023-02-02""}]",Operations,reported,"{operations,expand}"
AAPL-2023Q1-0067,Apple Inc.,2023-02-02,quarterly_filings/2023_Q1.pdf,https://www.sec.gov/ix?doc=/Archives/edgar/data/0000320193/000032019323000064/aapl-20231231.htm,Item 2. Management's Discussion and Analysis - Segment Performance,Disclosure Context (2023_Q1): Trigger: 'Greater China and European revenues experienced steeper contractions than initially modeled'. Management Action: 'Re-baseline regional economic assumptions'. Scope: 'Adjust Q2 and Q3 revenue projections for Europe (-7.0%) and Greater China (-7.3%)'. Rationale: 'Aligns production and inventory planning with regional macro reality'.,Reassess Regional Revenue Forecast Assumptions,"Corporate FP&A and regional commercial finance directors conducted a comprehensive re-baselining of revenue forecast assumptions across international sales segments. Analysts incorporated updated European consumer sentiment data, foreign exchange depreciation forecasts, and Chinese retail recovery timelines post-COVID lockdowns.",Regional revenue forecast model reassessment,investigate,Prevents downstream supply chain overproduction and excessive channel inventory accumulation by grounding procurement orders in conservative regional revenue expectations.,"[{""name"": ""EuropeNetSales"", ""value"": ""$27,681M"", ""unit"": ""USD"", ""observed_on"": ""2023-02-02""}, {""name"": ""GreaterChinaNetSales"", ""value"": ""$23,905M"", ""unit"": ""USD"", ""observed_on"": ""2023-02-02""}]",Finance,reported,"{finance,investigate}"
AAPL-2023Q1-0068,Apple Inc.,2023-02-02,quarterly_filings/2023_Q1.pdf,https://www.sec.gov/ix?doc=/Archives/edgar/data/0000320193/000032019323000064/aapl-20231231.htm,Item 2. Management's Discussion and Analysis - Services Net Sales,Disclosure Context (2023_Q1): Trigger: 'Streaming music subscriber retention correlated directly with personalized playlist engagement'. Management Action: 'Upgrade recommendation transformer models'. Scope: 'Deploy graph neural networks for personalized track discovery across Apple Music iOS clients'. Rationale: 'Increases subscriber listening hours and reduces monthly subscription churn'.,Improve Apple Music Recommendation Accuracy,"Apple Music machine learning engineering deployed a graph neural network recommendation framework across client applications and cloud streaming clusters. The model synthesizes user listening history, track skip metrics, time-of-day acoustic preferences, and collaborative filtering signals to generate hyper-personalized algorithmic playlists such as Discovery Station.",Apple Music algorithmic recommendation engine upgrade,revise,"Boosts daily active user listening hours and playlist completion rates, directly reducing subscriber churn across Apple's high-margin digital music subscription service.","[{""name"": ""ServicesNetSales"", ""value"": ""$20,766M"", ""unit"": ""USD"", ""observed_on"": ""2023-02-02""}, {""name"": ""ServicesGrossMargin"", ""value"": ""70.8%"", ""unit"": ""percentage"", ""observed_on"": ""2023-02-02""}]",R&D,reported,"{r&d,revise}"
AAPL-2023Q1-0069,Apple Inc.,2023-02-02,quarterly_filings/2023_Q1.pdf,https://www.sec.gov/ix?doc=/Archives/edgar/data/0000320193/000032019323000064/aapl-20231231.htm,Note 8. Commitments and Contingencies - Warranties,Disclosure Context (2023_Q1): Trigger: 'State and statutory warranty legal reforms in the EU and Australia redefined consumer defect remedies'. Management Action: 'Update Apple One-Year Limited Warranty documentation'. Scope: 'Revise warranty disclosures to explicitly harmonize with national statutory consumer guarantees'. Rationale: 'Prevents statutory non-compliance penalties in international jurisdictions'.,Update Warranty Disclosure Language,"Products liability counsel revised the documentation for the Apple One-Year Limited Warranty distributed with iPhone, Mac, and Apple Watch hardware. The text explicitly incorporates jurisdiction-specific addenda detailing statutory consumer rights that apply independently of Apple's contractual manufacturer warranty in Australia, the UK, and EEA nations.",Limited warranty disclosure and limitation-of-liability update,revise,"Eliminates allegations of misleading warranty practices by national consumer watchdogs (such as Australia's ACCC), avoiding costly statutory fines and mandatory customer redress schemes.","[{""name"": ""TotalNetSales"", ""value"": ""$117,154M"", ""unit"": ""USD"", ""observed_on"": ""2023-02-02""}, {""name"": ""ActiveInstalledBase"", ""value"": ""2.0B+"", ""unit"": ""devices"", ""observed_on"": ""2023-02-02""}]",Legal,reported,"{legal,revise}"
AAPL-2023Q1-0070,Apple Inc.,2023-02-02,quarterly_filings/2023_Q1.pdf,https://www.sec.gov/ix?doc=/Archives/edgar/data/0000320193/000032019323000064/aapl-20231231.htm,Item 2. Management's Discussion and Analysis - Operations,Disclosure Context (2023_Q1): Trigger: 'Unplanned SMT machine downtime caused assembly line stoppages during holiday production'. Management Action: 'Deploy IoT predictive maintenance sensors'. Scope: 'Equip automated surface-mount assembly equipment with vibration and thermal anomaly sensors at Foxconn and Pegatron'. Rationale: 'Preempts equipment failure and prevents line shutdowns'.,Introduce Predictive Maintenance In Assembly Lines,"Apple manufacturing technology engineers partnered with Foxconn and Pegatron to deploy IoT vibration, acoustic, and thermal sensors across high-speed surface-mount technology (SMT) component placement machines. Predictive machine learning models analyze real-time mechanical vibration data to schedule preventative servicing before critical feeder breakdowns occur.",Predictive maintenance deployment,approve,"Preempts unexpected assembly line stoppages, reducing catastrophic equipment downtime by up to 25% and increasing overall equipment effectiveness (OEE) across primary final assembly plants.","[{""name"": ""ManufacturingPurchaseObligations"", ""value"": ""$55.1B"", ""unit"": ""USD"", ""observed_on"": ""2023-02-02""}, {""name"": ""ProductsGrossMargin"", ""value"": ""37.0%"", ""unit"": ""percentage"", ""observed_on"": ""2023-02-02""}]",Operations,reported,"{operations,approve}"
AAPL-2023Q1-0071,Apple Inc.,2023-02-02,quarterly_filings/2023_Q1.pdf,https://www.sec.gov/ix?doc=/Archives/edgar/data/0000320193/000032019323000064/aapl-20231231.htm,Item 2. Management's Discussion and Analysis - Cost of Sales,Disclosure Context (2023_Q1): Trigger: 'Pulp and paperboard commodity price inflation pressured packaging procurement costs'. Management Action: 'Re-engineer retail packaging cartons'. Scope: 'Eliminate plastic shrink wraps and reduce carton wall thickness across iPhone and iPad accessory boxes'. Rationale: 'Lowers bill-of-materials packaging expenses and shipping cubic volume'.,Reduce Packaging Material Costs,"Packaging engineering and procurement redesigned exterior retail carton structures for iPhone accessories, Apple Watch bands, and power adapters, removing secondary cardboard inserts and plastic shrink-wrap seals. The streamlined fiber-based packaging design maintains structural crush resistance while utilizing 20% less raw paperboard stock.",Packaging material cost reduction,reduce,"Decreases per-unit bill-of-materials packaging costs while reducing overall shipping package dimensions, lowering carrier cubic freight surcharges across global distribution networks.","[{""name"": ""ProductsCostOfSales"", ""value"": ""$60,707M"", ""unit"": ""USD"", ""observed_on"": ""2023-02-02""}, {""name"": ""OperatingCashFlow"", ""value"": ""$34,005M"", ""unit"": ""USD"", ""observed_on"": ""2023-02-02""}]",Operations,reported,"{operations,reduce}"
AAPL-2023Q1-0072,Apple Inc.,2023-02-02,quarterly_filings/2023_Q1.pdf,https://www.sec.gov/ix?doc=/Archives/edgar/data/0000320193/000032019323000064/aapl-20231231.htm,Note 3. Derivative Instruments and Hedging Activities,"Disclosure Context (2023_Q1): Trigger: 'Foreign currency headwinds created an 800 basis point drag on Q1 year-over-year revenue growth'. Management Action: 'Expand FX cash flow hedge ratios'. Scope: 'Increase forward contract coverage on EUR, JPY, and GBP anticipated revenues from 60% to 75%'. Rationale: 'Mitigates reported revenue volatility caused by US dollar strength'.",Increase Short Term FX Hedging Coverage,"Apple treasury operations increased the designated hedge ratio on rolling 12-month anticipated international cash flows from 60% to 75% across the euro, Japanese yen, and British pound. Treasury traders executed additional bilateral forward contracts and currency options with tier-1 international banking institutions.",Foreign exchange derivative hedge ratio expansion,expand,Directly buffers future consolidated net sales and gross margins from severe foreign currency exchange fluctuations following the unprecedented 800 basis point FX revenue headwind in Q1.,"[{""name"": ""FXRevenueHeadwind"", ""value"": ""~800 bps"", ""unit"": ""basis points"", ""observed_on"": ""2023-02-02""}, {""name"": ""TotalNetSales"", ""value"": ""$117,154M"", ""unit"": ""USD"", ""observed_on"": ""2023-02-02""}]",Finance,reported,"{finance,expand}"
AAPL-2023Q1-0073,Apple Inc.,2023-02-02,quarterly_filings/2023_Q1.pdf,https://www.sec.gov/ix?doc=/Archives/edgar/data/0000320193/000032019323000064/aapl-20231231.htm,Item 2. Management's Discussion and Analysis - Research and Development,Disclosure Context (2023_Q1): Trigger: 'Consumer demand for algorithmic privacy protections increased following regulatory scrutiny of tech platforms'. Management Action: 'Implement strict on-device AI privacy sandboxes'. Scope: 'Enforce local-only execution boundaries and differential privacy noise on diagnostic telemetry'. Rationale: 'Preserves privacy leadership and guarantees sensitive biometric data never leaves hardware'.,Enhance On Device AI Privacy Controls,Privacy engineering integrated cryptographic hardware boundaries and sandboxed execution environments for all CoreML and Neural Engine machine learning workloads in iOS 16. The architecture enforces strict system entitlements that prevent local machine learning models from accessing network socket interfaces or transmitting user biometric features to cloud servers.,On-device privacy boundary enforcement and telemetry audit,expand,"Maintains Apple's premier brand reputation for privacy leadership, providing ironclad verifiable guarantees that sensitive user behavioral data is processed entirely within local hardware security enclaves.","[{""name"": ""ActiveInstalledBase"", ""value"": ""2.0B+"", ""unit"": ""devices"", ""observed_on"": ""2023-02-02""}, {""name"": ""R&DExpense"", ""value"": ""$7,709M"", ""unit"": ""USD"", ""observed_on"": ""2023-02-02""}]",R&D,reported,"{r&d,expand}"
AAPL-2023Q1-0074,Apple Inc.,2023-02-02,quarterly_filings/2023_Q1.pdf,https://www.sec.gov/ix?doc=/Archives/edgar/data/0000320193/000032019323000064/aapl-20231231.htm,Item 2. Management's Discussion and Analysis - Environmental Matters,Disclosure Context (2023_Q1): Trigger: 'SEC proposed climate-related disclosure rules and European Corporate Sustainability Due Diligence mandates'. Management Action: 'Audit tier-1 supplier carbon and water reporting'. Scope: 'Deploy environmental engineering auditors across primary semiconductor and assembly partners'. Rationale: 'Validates Scope 3 greenhouse gas reporting accuracy for future SEC filings'.,Review Supplier Environmental Compliance,"Environmental and securities compliance counsel initiated a comprehensive legal and technical review of emissions accounting systems across 85 major manufacturing and assembly partners. The initiative audits supplier carbon accounting methodologies, renewable energy certificate (REC) retirements, and zero-waste-to-landfill certifications.",Supplier environmental compliance and emissions verification audit,investigate,"Ensures full legal compliance with upcoming SEC Scope 3 carbon disclosure mandates and European sustainability reporting directives, defending Apple against greenwashing and regulatory disclosure enforcement.","[{""name"": ""TotalOperatingExpenses"", ""value"": ""$14,316M"", ""unit"": ""USD"", ""observed_on"": ""2023-02-02""}, {""name"": ""ManufacturingPurchaseObligations"", ""value"": ""$55.1B"", ""unit"": ""USD"", ""observed_on"": ""2023-02-02""}]",Legal,reported,"{legal,investigate}"
AAPL-2023Q1-0075,Apple Inc.,2023-02-02,quarterly_filings/2023_Q1.pdf,https://www.sec.gov/ix?doc=/Archives/edgar/data/0000320193/000032019323000064/aapl-20231231.htm,Item 2. Management's Discussion and Analysis - Supply Chain Operations,Disclosure Context (2023_Q1): Trigger: 'Commodity component prices diverged between tier-1 and qualified secondary suppliers'. Management Action: 'Reallocate sourcing quotas'. Scope: 'Shift 15% of printed circuit board and camera module bracket orders to qualified competitive vendors in Taiwan and China'. Rationale: 'Instills supplier price competition to lower input costs'.,Shift Component Orders To Lower Cost Vendors,"Apple procurement reallocated component sourcing quotas for multi-layer printed circuit boards (PCBs), metal structural brackets, and acoustic mesh modules. Procurement managers shifted 15% of order allocations from incumbent primary vendors to recently qualified secondary suppliers offering aggressive volume pricing.",Component order reallocation to competitive vendors,reduce,"Stimulates competitive price tension across Apple's supply base, lowering component procurement unit costs while maintaining dual-source redundancy for core hardware modules.","[{""name"": ""VendorNonTradeReceivables"", ""value"": ""$30,400M"", ""unit"": ""USD"", ""observed_on"": ""2023-02-02""}, {""name"": ""ProductsGrossMargin"", ""value"": ""37.0%"", ""unit"": ""percentage"", ""observed_on"": ""2023-02-02""}]",Operations,reported,"{operations,reduce}"
AAPL-2023Q1-0076,Apple Inc.,2023-02-02,quarterly_filings/2023_Q1.pdf,https://www.sec.gov/ix?doc=/Archives/edgar/data/0000320193/000032019323000064/aapl-20231231.htm,Item 1. Financial Statements - Consolidated Balance Sheets,"Disclosure Context (2023_Q1): Trigger: 'Deferred revenue balances reached $12,042 million across hardware, software, and services obligations'. Management Action: 'Expand deferred revenue disclosure breakdown'. Scope: 'Provide detailed footnote disclosure on performance obligation release schedules'. Rationale: 'Improves financial reporting transparency for analysts modeling services cash flow'.",Increase Deferred Revenue Transparency,"Corporate accounting leadership enhanced footnote disclosures on deferred revenue balances ($12,042 million total, with $7,987 million current), providing granular transparency regarding multi-year software updates, AppleCare warranty coverage, and gift card breakage rates. The expanded disclosures outline specific expected recognition timeframes.",Deferred revenue disclosure enhancement,expand,"Provides institutional equity analysts with greater clarity into predictable, non-cash services revenue recognition, demonstrating substantial underlying cash collection strength.","[{""name"": ""DeferredRevenueCurrent"", ""value"": ""$7,987M"", ""unit"": ""USD"", ""observed_on"": ""2023-02-02""}, {""name"": ""DeferredRevenueNonCurrent"", ""value"": ""$4,055M"", ""unit"": ""USD"", ""observed_on"": ""2023-02-02""}]",Finance,reported,"{finance,expand}"
AAPL-2023Q1-0077,Apple Inc.,2023-02-02,quarterly_filings/2023_Q1.pdf,https://www.sec.gov/ix?doc=/Archives/edgar/data/0000320193/000032019323000064/aapl-20231231.htm,Item 2. Management's Discussion and Analysis - Research and Development,Disclosure Context (2023_Q1): Trigger: 'Continuous machine learning workloads in camera and dictation pipelines generated unnecessary heat'. Management Action: 'Tune Apple Neural Engine compiler passes'. Scope: 'Implement operator fusion and layer reordering in the CoreML compiler stack'. Rationale: 'Maximizes neural compute efficiency per watt of electrical power consumed'.,Optimize Neural Engine Efficiency,"Silicon software engineering optimized compiler backend passes for the 16-core Apple Neural Engine embedded in A16 Bionic and M2 series processors. The updated compiler introduces automated operator fusion for convolution and activation layers, minimizing intermediate memory round-trips to system unified memory.",Apple Neural Engine microarchitecture compiler optimization,revise,"Increases neural inference throughput per watt by 20%, lowering silicon package temperatures and ensuring sustained machine learning performance without thermal throttling.","[{""name"": ""R&DExpense"", ""value"": ""$7,709M"", ""unit"": ""USD"", ""observed_on"": ""2023-02-02""}, {""name"": ""ProductsGrossMargin"", ""value"": ""37.0%"", ""unit"": ""percentage"", ""observed_on"": ""2023-02-02""}]",R&D,reported,"{r&d,revise}"
AAPL-2023Q1-0078,Apple Inc.,2023-02-02,quarterly_filings/2023_Q1.pdf,https://www.sec.gov/ix?doc=/Archives/edgar/data/0000320193/000032019323000064/aapl-20231231.htm,Item 2. Management's Discussion and Analysis - Segment Operating Performance,"Disclosure Context (2023_Q1): Trigger: 'Greater China net sales declined 7.3% to $23,905 million and Japan sales fell 5.0% to $6,755 million'. Management Action: 'Throttle channel shipments'. Scope: 'Curtail sell-in shipments of Mac and wearables to third-party channel partners across East Asia'. Rationale: 'Protects regional distribution channels from inventory saturation and discounting'.",Reduce Excess Retail Inventory In APAC,Channel operations throttled wholesale sell-in allocations for Mac and Apple Watch lines to third-party distributors and authorized resellers across Greater China and Japan. Replenishment deliveries were calibrated strictly against audited weekly point-of-sale sell-through rates to clear existing distributor warehouse stock.,APAC retail inventory reduction,reduce,Prevents severe inventory overhang and unauthorized gray-market discounting in Asian retail channels following significant regional revenue contractions in Greater China (-7.3%) and Japan (-5.0%).,"[{""name"": ""GreaterChinaNetSales"", ""value"": ""$23,905M"", ""unit"": ""USD"", ""observed_on"": ""2023-02-02""}, {""name"": ""JapanNetSales"", ""value"": ""$6,755M"", ""unit"": ""USD"", ""observed_on"": ""2023-02-02""}]",Operations,reported,"{operations,reduce}"
AAPL-2023Q1-0079,Apple Inc.,2023-02-02,quarterly_filings/2023_Q1.pdf,https://www.sec.gov/ix?doc=/Archives/edgar/data/0000320193/000032019323000064/aapl-20231231.htm,Item 2. Management's Discussion and Analysis - Research and Development,Disclosure Context (2023_Q1): Trigger: 'Competitive breakthroughs in large language models accelerated industry AI transformation'. Management Action: 'Increase AI research capital allocation'. Scope: 'Direct incremental R&D capital into deep learning compute clusters and foundation model talent'. Rationale: 'Ensures Apple develops state-of-the-art on-device and server AI architectures'.,Allocate More Capital To AI Research,Corporate financial planning allocated an additional $400 million within the annual R&D capital expenditure budget specifically earmarked for Apple's Machine Learning and AI research divisions. The funds finance high-density GPU server clusters and specialized compute fabric to train proprietary multi-modal foundation models.,AI research capital allocation expansion,expand,"Ensures Apple maintains technological parity and strategic autonomy in generative artificial intelligence, establishing foundational intellectual property for future iOS and macOS software cycles.","[{""name"": ""R&DExpense"", ""value"": ""$7,709M"", ""unit"": ""USD"", ""observed_on"": ""2023-02-02""}, {""name"": ""TotalOperatingExpenses"", ""value"": ""$14,316M"", ""unit"": ""USD"", ""observed_on"": ""2023-02-02""}]",Finance,reported,"{finance,expand}"
AAPL-2023Q1-0080,Apple Inc.,2023-02-02,quarterly_filings/2023_Q1.pdf,https://www.sec.gov/ix?doc=/Archives/edgar/data/0000320193/000032019323000064/aapl-20231231.htm,Item 2. Management's Discussion and Analysis - International Trade Regulations,Disclosure Context (2023_Q1): Trigger: 'U.S. Department of Commerce Bureau of Industry and Security (BIS) expanded semiconductor export controls on advanced compute'. Management Action: 'Overhaul automated trade screening'. Scope: 'Integrate updated BIS Entity List and military end-user screening across international logistics and cloud APIs'. Rationale: 'Prevents unlawful export of advanced compute hardware and design IP'.,Strengthen Global Trade Compliance Procedures,"Global trade compliance legal teams updated Apple's automated denied-party screening engine, integrating newly published export restrictions from the U.S. Department of Commerce's Bureau of Industry and Security (BIS). The enhanced controls automatically intercept shipments of advanced Mac hardware and Developer Transition Kits to restricted entities.",Export control and trade sanctions compliance framework update,revise,"Guarantees strict adherence to U.S. and multilateral export control regulations, eliminating severe civil monetary penalties, criminal liability, and export privilege revocations.","[{""name"": ""TotalNetSales"", ""value"": ""$117,154M"", ""unit"": ""USD"", ""observed_on"": ""2023-02-02""}, {""name"": ""GreaterChinaNetSales"", ""value"": ""$23,905M"", ""unit"": ""USD"", ""observed_on"": ""2023-02-02""}]",Legal,reported,"{legal,revise}"
AAPL-2023Q1-0081,Apple Inc.,2023-02-02,quarterly_filings/2023_Q1.pdf,https://www.sec.gov/ix?doc=/Archives/edgar/data/0000320193/000032019323000064/aapl-20231231.htm,Item 2. Management's Discussion and Analysis - Operations,Disclosure Context (2023_Q1): Trigger: 'Rising warehouse labor rates and order volume spikes created fulfillment bottlenecks'. Management Action: 'Deploy autonomous picking robotics'. Scope: 'Install automated guided vehicles (AGVs) and robotic tote shuttles at Elk Grove and Breda fulfillment hubs'. Rationale: 'Accelerates pick-and-pack cycle times and reduces direct labor costs'.,Automate Warehouse Picking Systems,Supply chain operations authorized capital expenditures to deploy autonomous guided vehicles (AGVs) and robotic automated storage and retrieval systems (ASRS) across central warehouse fulfillment centers in California and the Netherlands. The robotic shuttles automate high-density tote picking and order consolidation for online direct-to-consumer store orders.,Warehouse automated picking deployment,approve,Increases order picking throughput by 40% while reducing warehouse seasonal temporary labor reliance and picking error rates during holiday and launch volume surges.,"[{""name"": ""TotalOperatingExpenses"", ""value"": ""$14,316M"", ""unit"": ""USD"", ""observed_on"": ""2023-02-02""}, {""name"": ""OperatingCashFlow"", ""value"": ""$34,005M"", ""unit"": ""USD"", ""observed_on"": ""2023-02-02""}]",Operations,reported,"{operations,approve}"
AAPL-2023Q1-0082,Apple Inc.,2023-02-02,quarterly_filings/2023_Q1.pdf,https://www.sec.gov/ix?doc=/Archives/edgar/data/0000320193/000032019323000064/aapl-20231231.htm,Item 2. Management's Discussion and Analysis - Liquidity and Capital Resources,Disclosure Context (2023_Q1): Trigger: 'Lower hardware unit volumes reduced immediate factory tooling expansion requirements'. Management Action: 'Moderate capex pacing'. Scope: 'Defer non-essential corporate facility enhancements and slow hardware tooling deployments'. Rationale: 'Preserves operational free cash flow during revenue contraction'.,Reassess Capital Expenditure Pace,"Corporate financial management recalibrated the quarterly capital expenditure deployment plan, slowing discretionary facilities spending and deferring non-urgent factory automation tooling orders across contract manufacturing sites. The capex moderation trimmed planned first-half capital outlays by approximately $600 million.",Capital expenditure pacing moderation,reduce,"Protects free cash flow generation and liquidity during a macro revenue downturn, ensuring operating cash generation ($34.0B) remains overwhelmingly focused on core product roadmaps and shareholder returns.","[{""name"": ""OperatingCashFlow"", ""value"": ""$34,005M"", ""unit"": ""USD"", ""observed_on"": ""2023-02-02""}, {""name"": ""TotalCashAndSecurities"", ""value"": ""$165,450M"", ""unit"": ""USD"", ""observed_on"": ""2023-02-02""}]",Finance,reported,"{finance,reduce}"
AAPL-2023Q1-0083,Apple Inc.,2023-02-02,quarterly_filings/2023_Q1.pdf,https://www.sec.gov/ix?doc=/Archives/edgar/data/0000320193/000032019323000064/aapl-20231231.htm,Item 2. Management's Discussion and Analysis - Research and Development,Disclosure Context (2023_Q1): Trigger: 'High-volume encrypted group chats with media attachments created CPU processing spikes'. Management Action: 'Optimize cryptographic ratchet primitives'. Scope: 'Accelerate Elliptic Curve Diffie-Hellman (ECDH) operations using hardware crypto instructions'. Rationale: 'Maintains zero-latency message delivery while upholding end-to-end security'.,Improve iMessage Encryption Efficiency,"Cryptographic software engineering refactored the end-to-end encryption pipeline within iMessage, leveraging dedicated hardware cryptographic acceleration instructions built into Apple Silicon processors. The updates optimize double-ratchet session key exchanges and symmetric AES-GCM payload encryption for multi-recipient group messaging threads.",iMessage cryptographic ratchet protocol optimization,revise,"Eliminates message delivery lag and CPU thermal spikes during rapid group text exchanges, providing military-grade communication privacy without draining battery runtime.","[{""name"": ""ActiveInstalledBase"", ""value"": ""2.0B+"", ""unit"": ""devices"", ""observed_on"": ""2023-02-02""}, {""name"": ""ServicesNetSales"", ""value"": ""$20,766M"", ""unit"": ""USD"", ""observed_on"": ""2023-02-02""}]",R&D,reported,"{r&d,revise}"
AAPL-2023Q1-0084,Apple Inc.,2023-02-02,quarterly_filings/2023_Q1.pdf,https://www.sec.gov/ix?doc=/Archives/edgar/data/0000320193/000032019323000064/aapl-20231231.htm,Item 2. Management's Discussion and Analysis - Products Net Sales,"Disclosure Context (2023_Q1): Trigger: 'Mac net sales fell 28.7% YoY to $7,735 million due to PC industry post-pandemic slump and tough comps'. Management Action: 'Slash forward production schedules'. Scope: 'Reduce MacBook Air and MacBook Pro assembly orders at Quanta Computer and Foxconn'. Rationale: 'Prevents massive finished goods inventory build-up in channel'.",Adjust Mac Production Forecast Downward,"Hardware operations issued revised quarterly production build schedules to ODM laptop assemblers Quanta Computer and Foxconn, reducing planned MacBook assembly runs by approximately 25%. Procurement teams simultaneously trimmed component forward release orders for display panels, chassis CNC forgings, and memory modules.",Mac production forecast downward adjustment,reduce,"Responds decisively to the sharp 28.7% year-over-year drop in Mac segment net sales, preventing destructive inventory accumulation across wholesale and retail distribution channels.","[{""name"": ""MacNetSales"", ""value"": ""$7,735M"", ""unit"": ""USD"", ""observed_on"": ""2023-02-02""}, {""name"": ""MacYoYDecline"", ""value"": ""-28.7%"", ""unit"": ""percentage"", ""observed_on"": ""2023-02-02""}]",Operations,reported,"{operations,reduce}"
AAPL-2023Q1-0085,Apple Inc.,2023-02-02,quarterly_filings/2023_Q1.pdf,https://www.sec.gov/ix?doc=/Archives/edgar/data/0000320193/000032019323000064/aapl-20231231.htm,Note 2. Financial Instruments - Marketable Securities,Disclosure Context (2023_Q1): Trigger: 'Widening investment-grade corporate credit spreads offered attractive risk-adjusted yields'. Management Action: 'Expand corporate bond purchases'. Scope: 'Allocate $4.0 billion into AA and AAA rated corporate debt instruments'. Rationale: 'Captures yield premiums above sovereign Treasuries while managing default risk'.,Increase Investment In Corporate Bonds,"Apple treasury operations expanded investment-grade corporate bond purchases, deploying $4.0 billion of maturing portfolio proceeds into high-grade corporate notes issued by blue-chip financial and industrial enterprises. Treasury credit analysts maintained strict investment criteria, requiring minimum credit ratings of AA-/Aa3.",Corporate bond portfolio allocation expansion,expand,"Captures a 75 to 110 basis point yield spread over benchmark U.S. Treasuries, enhancing long-term portfolio investment returns without compromising the absolute security of corporate cash reserves.","[{""name"": ""TotalCashAndSecurities"", ""value"": ""$165,450M"", ""unit"": ""USD"", ""observed_on"": ""2023-02-02""}, {""name"": ""OperatingCashFlow"", ""value"": ""$34,005M"", ""unit"": ""USD"", ""observed_on"": ""2023-02-02""}]",Finance,reported,"{finance,expand}"
AAPL-2023Q1-0086,Apple Inc.,2023-02-02,quarterly_filings/2023_Q1.pdf,https://www.sec.gov/ix?doc=/Archives/edgar/data/0000320193/000032019323000064/aapl-20231231.htm,Item 2. Management's Discussion and Analysis - Research and Development,Disclosure Context (2023_Q1): Trigger: 'Wireless CarPlay connections in modern vehicles experienced intermittent audio packet jitter and handshake disconnects'. Management Action: 'Overhaul wireless CarPlay connection stack'. Scope: 'Deploy improved Wi-Fi buffering and low-latency Bluetooth pairing protocols in iOS 16'. Rationale: 'Enhances in-vehicle infotainment reliability and user satisfaction'.,Enhance CarPlay Integration Stability,"Automotive software engineering overhauled the wireless CarPlay communication stack in iOS 16, implementing dynamic jitter buffering and robust Wi-Fi retransmission protocols to compensate for automotive head unit packet loss. Engineers refined Bluetooth handshake negotiation sequences to prevent vehicle connection drops during rapid vehicle ignition cycles.",Wireless CarPlay connection handshake and buffer stability update,revise,"Eliminates audio stutter and navigation disconnections in wireless CarPlay sessions, cementing iOS as the premier, indispensable in-vehicle infotainment interface for drivers globally.","[{""name"": ""ActiveInstalledBase"", ""value"": ""2.0B+"", ""unit"": ""devices"", ""observed_on"": ""2023-02-02""}, {""name"": ""R&DExpense"", ""value"": ""$7,709M"", ""unit"": ""USD"", ""observed_on"": ""2023-02-02""}]",R&D,reported,"{r&d,revise}"
AAPL-2023Q1-0087,Apple Inc.,2023-02-02,quarterly_filings/2023_Q1.pdf,https://www.sec.gov/ix?doc=/Archives/edgar/data/0000320193/000032019323000064/aapl-20231231.htm,Note 8. Commitments and Contingencies - Warranties,Disclosure Context (2023_Q1): Trigger: 'Cross-border travelers experienced confusion regarding local Genius Bar warranty servicing of foreign-purchased iPhones'. Management Action: 'Publish unified global service policy addendum'. Scope: 'Clarify cellular component repair limitations for multi-band iPhone models across international service centers'. Rationale: 'Sets transparent expectations and resolves cross-border consumer disputes'.,Clarify International Warranty Terms,"Legal and service operations counsel published an updated, transparent international warranty guidance document clarifying cross-border repair policies for iPhone and Cellular iPad models. The policy explains regional cellular frequency band hardware differences that may necessitate local parts ordering or exchange unit shipping.",International warranty cross-border service eligibility clarification,revise,"Resolves cross-border consumer warranty disputes and eliminates complaints submitted to international consumer arbitration bodies, preserving global customer goodwill.","[{""name"": ""ActiveInstalledBase"", ""value"": ""2.0B+"", ""unit"": ""devices"", ""observed_on"": ""2023-02-02""}, {""name"": ""TotalNetSales"", ""value"": ""$117,154M"", ""unit"": ""USD"", ""observed_on"": ""2023-02-02""}]",Legal,reported,"{legal,revise}"
AAPL-2023Q1-0088,Apple Inc.,2023-02-02,quarterly_filings/2023_Q1.pdf,https://www.sec.gov/ix?doc=/Archives/edgar/data/0000320193/000032019323000064/aapl-20231231.htm,Item 2. Management's Discussion and Analysis - Commercial Channels,Disclosure Context (2023_Q1): Trigger: 'Customers increasingly preferred rapid local fulfillment and same-day courier options'. Management Action: 'Expand ship-from-store retail fulfillment'. Scope: 'Enable same-day courier dispatch and in-store pick-and-pack across 220 North American retail stores'. Rationale: 'Shortens last-mile delivery times and boosts e-commerce conversion rates'.,Increase Online Order Fulfillment Speed,"Apple retail and online store operations expanded their ship-from-store omnichannel fulfillment initiative across 220 company stores in major metropolitan areas throughout the United States and Canada. Retail store specialists use dedicated staging zones to pick, pack, and hand off online orders to on-demand courier partners like Uber and DoorDash for delivery within two hours.",Online fulfillment speed acceleration,expand,"Dramatically cuts last-mile delivery times and courier freight costs by leveraging existing retail inventory rather than shipping from distant central warehouses, boosting direct online sales conversion.","[{""name"": ""TotalNetSales"", ""value"": ""$117,154M"", ""unit"": ""USD"", ""observed_on"": ""2023-02-02""}, {""name"": ""RetailStoreCount"", ""value"": ""520+"", ""unit"": ""locations"", ""observed_on"": ""2023-02-02""}]",Operations,reported,"{operations,expand}"
AAPL-2023Q1-0089,Apple Inc.,2023-02-02,quarterly_filings/2023_Q1.pdf,https://www.sec.gov/ix?doc=/Archives/edgar/data/0000320193/000032019323000064/aapl-20231231.htm,Item 2. Management's Discussion and Analysis - Executive Overview,"Disclosure Context (2023_Q1): Trigger: 'Active installed base crossed historical 2.0 billion active devices milestone'. Management Action: 'Prominently feature installed base metrics in shareholder communications'. Scope: 'Highlight installed base monetization across investor presentations, press releases, and SEC filings'. Rationale: 'Reframes equity narrative around ecosystem durability and recurring lifetime value'.",Enhance Shareholder Communication On Installed Base Growth,Investor relations leadership crafted an aggressive shareholder communication narrative centering on Apple achieving over 2.0 billion active devices globally. Investor presentations and executive commentary emphasized that installed base expansion is the primary engine of long-term recurring services monetization and hardware replacement cycles.,Installed base milestone communication enhancement,expand,"Pivots Wall Street sentiment from short-term hardware shipment cyclicality toward long-term ecosystem durability, supporting valuation multiples and highlighting Apple's structural monetization moat.","[{""name"": ""ActiveInstalledBase"", ""value"": ""2.0B+"", ""unit"": ""devices"", ""observed_on"": ""2023-02-02""}, {""name"": ""ServicesNetSales"", ""value"": ""$20,766M"", ""unit"": ""USD"", ""observed_on"": ""2023-02-02""}]",Finance,reported,"{finance,expand}"
AAPL-2023Q1-0090,Apple Inc.,2023-02-02,quarterly_filings/2023_Q1.pdf,https://www.sec.gov/ix?doc=/Archives/edgar/data/0000320193/000032019323000064/aapl-20231231.htm,Item 2. Management's Discussion and Analysis - Research and Development,Disclosure Context (2023_Q1): Trigger: 'Transferring large 4K ProRes video files via AirDrop encountered throughput bottlenecks'. Management Action: 'Optimize peer-to-peer Wi-Fi channels'. Scope: 'Implement 80MHz channel bonding and hardware-accelerated TLS encryption in AirDrop daemons'. Rationale: 'Doubles peer-to-peer file transfer throughput between Apple devices'.,Improve AirDrop Transfer Speed,"Wireless networking teams upgraded the AirDrop peer-to-peer transfer protocol, incorporating 80MHz channel bonding on 5GHz Wi-Fi and offloading TLS stream encryption directly to Apple Silicon hardware cipher engines. The protocol upgrade allows direct multi-gigabyte ProRes video and RAW photo file transfers between iPhones, iPads, and Macs at speeds exceeding 60 MB/s.",AirDrop peer-to-peer Wi-Fi throughput and encryption acceleration,revise,"Dramatically shortens transfer times for creative professionals moving massive media assets between Apple hardware devices, reinforcing workflow productivity advantages.","[{""name"": ""ActiveInstalledBase"", ""value"": ""2.0B+"", ""unit"": ""devices"", ""observed_on"": ""2023-02-02""}, {""name"": ""MacNetSales"", ""value"": ""$7,735M"", ""unit"": ""USD"", ""observed_on"": ""2023-02-02""}]",R&D,reported,"{r&d,revise}"
AAPL-2023Q1-0091,Apple Inc.,2023-02-02,quarterly_filings/2023_Q1.pdf,https://www.sec.gov/ix?doc=/Archives/edgar/data/0000320193/000032019323000064/aapl-20231231.htm,"Item 2. Management's Discussion and Analysis - Selling, General and Administrative","Disclosure Context (2023_Q1): Trigger: 'Overall company net sales declined 5.5%, requiring disciplined marketing expenditure controls'. Management Action: 'Reallocate advertising budget'. Scope: 'Curtail linear broadcast TV advertising and out-of-home billboards in secondary metropolitan media markets'. Rationale: 'Focuses marketing spend on high-conversion digital and performance channels'.",Reduce Marketing Spend In Low ROI Channels,"Marketing operations re-evaluated global advertising campaign spending across broadcast and out-of-home media channels, trimming linear television commercial buys and billboard placements in secondary media markets. The reallocated marketing budget was concentrated into targeted digital performance marketing, Apple News sponsorships, and high-conversion retail point-of-sale displays.",Marketing expenditure curtailment in low-ROI channels,reduce,"Optimizes marketing dollar return-on-investment (ROI) and reins in SG&A expenses during a period of macroeconomic revenue contraction, preserving operating margins.","[{""name"": ""SG&AExpense"", ""value"": ""$6,607M"", ""unit"": ""USD"", ""observed_on"": ""2023-02-02""}, {""name"": ""TotalOperatingExpenses"", ""value"": ""$14,316M"", ""unit"": ""USD"", ""observed_on"": ""2023-02-02""}]",Operations,reported,"{operations,reduce}"
AAPL-2023Q1-0092,Apple Inc.,2023-02-02,quarterly_filings/2023_Q1.pdf,https://www.sec.gov/ix?doc=/Archives/edgar/data/0000320193/000032019323000064/aapl-20231231.htm,Item 2. Management's Discussion and Analysis - Environmental Initiatives,Disclosure Context (2023_Q1): Trigger: 'Corporate commitment to 100% carbon-neutral supply chain by 2030 required additional clean power generation'. Management Action: 'Execute clean energy power purchase agreements'. Scope: 'Commit $250 million in long-term solar and wind utility contracts in the US and Europe'. Rationale: 'Hedging long-term electricity costs while achieving corporate climate goals'.,Expand Long Term Investment In Renewable Energy,Apple environmental treasury operations committed $250 million toward utility-scale solar and onshore wind power purchase agreements (PPAs) in North America and Europe. The contracts secure dedicated renewable energy output to power corporate data centers and corporate campuses under 15-year fixed-rate power purchase structures.,Renewable energy capital investment expansion,expand,Locks in long-term electricity pricing to insulate corporate operations from volatile fossil-fuel energy tariffs while ensuring verified clean energy coverage for all Apple cloud infrastructure.,"[{""name"": ""TotalOperatingExpenses"", ""value"": ""$14,316M"", ""unit"": ""USD"", ""observed_on"": ""2023-02-02""}, {""name"": ""OperatingCashFlow"", ""value"": ""$34,005M"", ""unit"": ""USD"", ""observed_on"": ""2023-02-02""}]",Finance,reported,"{finance,expand}"
AAPL-2023Q1-0093,Apple Inc.,2023-02-02,quarterly_filings/2023_Q1.pdf,https://www.sec.gov/ix?doc=/Archives/edgar/data/0000320193/000032019323000064/aapl-20231231.htm,Item 2. Management's Discussion and Analysis - Services Net Sales,Disclosure Context (2023_Q1): Trigger: 'Soaring Apple TV+ viewership for Major League Soccer and original films increased CDN bandwidth costs'. Management Action: 'Deploy per-title adaptive video encoding'. Scope: 'Implement perceptual video encoding optimizations across 4K HDR streaming profiles'. Rationale: 'Reduces CDN distribution costs while preserving visual quality'.,Optimize Apple TV Streaming Compression,"Interactive media engineering implemented an advanced perceptual per-title video compression pipeline for Apple TV+ 4K Dolby Vision streaming content. The encoding system analyzes high-motion sequences dynamically, allocating bitrates according to human visual system sensitivity to reduce bandwidth consumption without sacrificing image clarity.",AV1 and HEVC adaptive video streaming compression optimization,revise,"Decreases content delivery network (CDN) outbound egress bandwidth costs by 22%, expanding Apple TV+ streaming gross margins while ensuring stutter-free playback on bandwidth-constrained mobile networks.","[{""name"": ""ServicesNetSales"", ""value"": ""$20,766M"", ""unit"": ""USD"", ""observed_on"": ""2023-02-02""}, {""name"": ""ServicesGrossMargin"", ""value"": ""70.8%"", ""unit"": ""percentage"", ""observed_on"": ""2023-02-02""}]",R&D,reported,"{r&d,revise}"
AAPL-2023Q1-0094,Apple Inc.,2023-02-02,quarterly_filings/2023_Q1.pdf,https://www.sec.gov/ix?doc=/Archives/edgar/data/0000320193/000032019323000064/aapl-20231231.htm,Note 8. Commitments and Contingencies - Legal Proceedings,Disclosure Context (2023_Q1): Trigger: 'App developers and international regulators cited ambiguity in App Store Review Guideline rejection rationales'. Management Action: 'Publish clarified App Store Review Guidelines'. Scope: 'Update Guideline 2.1 (Performance) and Guideline 4.8 (Sign in with Apple) with detailed examples'. Rationale: 'Improves guideline predictability and reduces developer friction'.,Update App Store Policy Documentation,"App Store legal counsel and developer relations leadership drafted clarifying revisions to the public App Store Review Guidelines. The documentation updates provide concrete architectural examples and detailed criteria regarding app completeness, user data consent mechanisms, and the permissible scope of in-app account deletion requirements.",App Store Review Guidelines transparency update,revise,Decreases app rejection dispute escalations and provides clear legal documentation in response to antitrust claims alleging arbitrary or self-serving App Store enforcement.,"[{""name"": ""ServicesNetSales"", ""value"": ""$20,766M"", ""unit"": ""USD"", ""observed_on"": ""2023-02-02""}, {""name"": ""ActiveInstalledBase"", ""value"": ""2.0B+"", ""unit"": ""devices"", ""observed_on"": ""2023-02-02""}]",Legal,reported,"{legal,revise}"
AAPL-2023Q1-0095,Apple Inc.,2023-02-02,quarterly_filings/2023_Q1.pdf,https://www.sec.gov/ix?doc=/Archives/edgar/data/0000320193/000032019323000064/aapl-20231231.htm,Item 2. Management's Discussion and Analysis - General Corporate Expenses,Disclosure Context (2023_Q1): Trigger: 'Hybrid workplace patterns resulted in lower daily corporate campus occupancy'. Management Action: 'Implement smart occupancy-based facility controls'. Scope: 'Adjust HVAC ventilation schedules and lighting zones across Cupertino and Austin campuses'. Rationale: 'Reduces campus electrical utility expenses and supports sustainability targets'.,Implement Energy Saving Measures In Offices,"Corporate facilities management deployed intelligent occupancy-sensing HVAC controls and dynamic lighting automation across major administrative buildings at Apple Park, Infinite Loop, and the Austin campus. The systems dynamically consolidate active office zones and power down unoccupied conference rooms and administrative floors on telecommuting days.",Corporate campus energy saving implementation,reduce,Reduces corporate campus utility consumption and electricity expenditures by up to 18% while advancing corporate commitments toward 100% carbon-neutral operational infrastructure.,"[{""name"": ""TotalOperatingExpenses"", ""value"": ""$14,316M"", ""unit"": ""USD"", ""observed_on"": ""2023-02-02""}, {""name"": ""SG&AExpense"", ""value"": ""$6,607M"", ""unit"": ""USD"", ""observed_on"": ""2023-02-02""}]",Operations,reported,"{operations,reduce}"
AAPL-2023Q1-0096,Apple Inc.,2023-02-02,quarterly_filings/2023_Q1.pdf,https://www.sec.gov/ix?doc=/Archives/edgar/data/0000320193/000032019323000064/aapl-20231231.htm,Item 2. Management's Discussion and Analysis - Services Net Sales,"Disclosure Context (2023_Q1): Trigger: 'Paid subscriptions across services surpassed 935 million, creating complex cohort churn dynamics'. Management Action: 'Upgrade renewal predictive models'. Scope: 'Deploy cohort machine-learning models across Apple Music, iCloud, and App Store subscriptions'. Rationale: 'Improves services cash flow predictability and churn mitigation targeting'.",Strengthen Subscription Renewal Forecast Models,"Services FP&A deployed granular cohort-level predictive machine learning algorithms across Apple's 935+ million paid subscriptions. The analytics model tracks promotional trial conversion rates, billing retry success metrics, and regional churn elasticity to generate precise monthly subscription cash flow projections.",Subscription renewal predictive modeling enhancement,revise,"Enables proactive subscriber retention interventions and highly accurate revenue forecasting, supporting the continuous expansion of high-margin services cash flows.","[{""name"": ""ServicesNetSales"", ""value"": ""$20,766M"", ""unit"": ""USD"", ""observed_on"": ""2023-02-02""}, {""name"": ""PaidSubscriptions"", ""value"": ""935M+"", ""unit"": ""subscriptions"", ""observed_on"": ""2023-02-02""}]",Finance,reported,"{finance,revise}"
AAPL-2023Q1-0097,Apple Inc.,2023-02-02,quarterly_filings/2023_Q1.pdf,https://www.sec.gov/ix?doc=/Archives/edgar/data/0000320193/000032019323000064/aapl-20231231.htm,Item 2. Management's Discussion and Analysis - Research and Development,Disclosure Context (2023_Q1): Trigger: 'Complex web applications and JavaScript-heavy frameworks elevated browser battery draw'. Management Action: 'Optimize WebKit JavaScript engine'. Scope: 'Refactor JavaScriptCore FTL JIT compiler and libpas memory allocator in iOS 16'. Rationale: 'Achieves industry-leading Speedometer benchmarks and extends laptop browsing battery life'.,Improve Safari Performance Efficiency,WebKit engineering teams rolled out substantial performance optimizations to the JavaScriptCore engine powering Safari across macOS Ventura and iOS 16. Engineers refactored the Faster-Than-Light (FTL) JIT compiler to eliminate redundant type checks and optimized the libpas memory allocator to minimize memory fragmentation during complex web page execution.,WebKit JavaScript JIT compiler and memory allocator optimization,revise,"Maintains Safari's definitive leadership in browsing speed and battery efficiency benchmarks over rival browsers like Google Chrome, providing Mac users with hours of additional battery endurance.","[{""name"": ""ActiveInstalledBase"", ""value"": ""2.0B+"", ""unit"": ""devices"", ""observed_on"": ""2023-02-02""}, {""name"": ""R&DExpense"", ""value"": ""$7,709M"", ""unit"": ""USD"", ""observed_on"": ""2023-02-02""}]",R&D,reported,"{r&d,revise}"
AAPL-2023Q1-0098,Apple Inc.,2023-02-02,quarterly_filings/2023_Q1.pdf,https://www.sec.gov/ix?doc=/Archives/edgar/data/0000320193/000032019323000064/aapl-20231231.htm,Item 2. Management's Discussion and Analysis - Research and Development,Disclosure Context (2023_Q1): Trigger: 'High-profile copyright infringement lawsuits filed against generative AI companies regarding web scraping'. Management Action: 'Audit AI training data provenance'. Scope: 'Conduct comprehensive intellectual property audit across all internal foundation model training corpuses'. Rationale: 'Protects Apple from secondary copyright infringement claims'.,Conduct Internal Review Of AI Model Training Data,"Intellectual property legal counsel conducted an exhaustive legal audit of all public and proprietary text, code, and image datasets ingested for training Apple's internal foundation models. The audit cataloged licensing terms, verified fair-use documentation, and quarantined datasets containing copyrighted commercial media or restrictive open-source licenses.",AI training dataset copyright and intellectual property audit,investigate,"Shields Apple from catastrophic copyright infringement lawsuits and regulatory orders requiring model weight destruction, ensuring all internal AI technologies are built on legally pristine foundations.","[{""name"": ""R&DExpense"", ""value"": ""$7,709M"", ""unit"": ""USD"", ""observed_on"": ""2023-02-02""}, {""name"": ""TotalOperatingExpenses"", ""value"": ""$14,316M"", ""unit"": ""USD"", ""observed_on"": ""2023-02-02""}]",Legal,reported,"{legal,investigate}"
AAPL-2023Q1-0099,Apple Inc.,2023-02-02,quarterly_filings/2023_Q1.pdf,https://www.sec.gov/ix?doc=/Archives/edgar/data/0000320193/000032019323000064/aapl-20231231.htm,Item 2. Management's Discussion and Analysis - Customer Support Operations,Disclosure Context (2023_Q1): Trigger: 'Same-day repair turnaround metrics faced regional delivery delays in secondary markets'. Management Action: 'Re-architect spare parts routing'. Scope: 'Establish forward stocking locations (FSLs) near major metro airports with regional couriers'. Rationale: 'Accelerates replacement module delivery to Genius Bars and Authorized Service Providers'.,Enhance Spare Parts Logistics Network,"AppleCare service logistics partnered with specialized regional courier providers to establish 35 forward stocking locations (FSLs) adjacent to tier-1 metropolitan airports across North America and Western Europe. The forward stocking depots hold pre-calibrated iPhone display assemblies, TrueDepth camera modules, and MacBook battery packs for rapid dispatch.",Spare parts logistics network enhancement,revise,"Cuts emergency spare parts transit times to Apple Authorized Service Providers and Genius Bars from 48 hours to under 6 hours, significantly lifting same-day repair completion rates.","[{""name"": ""VendorNonTradeReceivables"", ""value"": ""$30,400M"", ""unit"": ""USD"", ""observed_on"": ""2023-02-02""}, {""name"": ""ActiveInstalledBase"", ""value"": ""2.0B+"", ""unit"": ""devices"", ""observed_on"": ""2023-02-02""}]",Operations,reported,"{operations,revise}"
AAPL-2023Q1-0100,Apple Inc.,2023-02-02,quarterly_filings/2023_Q1.pdf,https://www.sec.gov/ix?doc=/Archives/edgar/data/0000320193/000032019323000064/aapl-20231231.htm,Item 2. Management's Discussion and Analysis - Liquidity and Capital Resources,Disclosure Context (2023_Q1): Trigger: 'Depressed tech venture valuations created favorable tuck-in acquisition opportunities'. Management Action: 'Earmark capital for technology acquisitions'. Scope: 'Reserve $1.5 billion in liquid reserves for specialized AI and silicon engineering acquisitions'. Rationale: 'Accelerates strategic R&D roadmaps via targeted intellectual property and talent acquisition'.,Allocate Portion Of Cash To Strategic Acquisitions,"Corporate development and treasury earmarked $1.5 billion in liquidity dedicated to opportunistic tuck-in technology acquisitions in generative AI, spatial computing micro-displays, and advanced silicon packaging. The capital allocation targets private emerging technology firms with established IP portfolios and elite engineering talent.",Strategic acquisition capital allocation,expand,Shortens R&D development timelines by years and secures critical proprietary technologies at attractive valuation multiples during a broader venture capital downturn.,"[{""name"": ""TotalCashAndSecurities"", ""value"": ""$165,450M"", ""unit"": ""USD"", ""observed_on"": ""2023-02-02""}, {""name"": ""R&DExpense"", ""value"": ""$7,709M"", ""unit"": ""USD"", ""observed_on"": ""2023-02-02""}]",Finance,reported,"{finance,expand}"
AAPL-2023Q1-0101,Apple Inc.,2023-02-02,quarterly_filings/2023_Q1.pdf,https://www.sec.gov/ix?doc=/Archives/edgar/data/0000320193/000032019323000064/aapl-20231231.htm,Item 2. Management's Discussion and Analysis - Segment Net Sales,"Disclosure Context (2023_Q1): Trigger: 'Emerging markets delivered double-digit constant-currency growth led by India and Latin America'. Management Action: 'Increase entry-tier production quotas'. Scope: 'Ramp iPhone 13 and iPhone 14 standard model allocations for export to India, Southeast Asia, and Brazil'. Rationale: 'Captures surging middle-class smartphone upgrade demand'.",Adjust iPhone Production Toward Emerging Markets,"Supply chain operations shifted final assembly quotas to expand production volumes of entry-tier standard iPhone 14 and prior-generation iPhone 13 units specifically designated for emerging market regional distribution. Logistics teams coordinated with carrier partners in India, Indonesia, and Brazil to establish direct import channels with localized cellular band certifications.",Emerging market iPhone production adjustment,expand,"Captures surging middle-class consumer demand in high-growth developing economies, expanding Apple's active installed device base even as mature Western hardware markets experience cyclical slowdowns.","[{""name"": ""RestOfAsiaPacificNetSales"", ""value"": ""$9,535M"", ""unit"": ""USD"", ""observed_on"": ""2023-02-02""}, {""name"": ""ActiveInstalledBase"", ""value"": ""2.0B+"", ""unit"": ""devices"", ""observed_on"": ""2023-02-02""}]",Operations,reported,"{operations,expand}"
AAPL-2023Q1-0102,Apple Inc.,2023-02-02,quarterly_filings/2023_Q1.pdf,https://www.sec.gov/ix?doc=/Archives/edgar/data/0000320193/000032019323000064/aapl-20231231.htm,Item 2. Management's Discussion and Analysis - Executive Overview,Disclosure Context (2023_Q1): Trigger: 'Heightened macroeconomic scrutiny required deeper institutional investor engagement'. Management Action: 'Expand executive investor outreach'. Scope: 'Host specialized virtual fireside chats and ESG investor symposiums with institutional holders'. Rationale: 'Maintains institutional shareholder alignment with long-term capital allocation strategy'.,Expand Corporate Shareholder Outreach Program,"Investor relations launched an expanded institutional investor outreach program, scheduling targeted non-deal roadshows and virtual fireside chats between Apple senior leadership and major long-term asset managers. The sessions detailed Apple's capital return framework, supply chain diversification progress, and services monetization runway.",Shareholder outreach program expansion,expand,Fosters enduring institutional shareholder loyalty and mitigates speculative stock price volatility by reinforcing Apple's disciplined capital return and structural growth narrative.,"[{""name"": ""ShareRepurchaseAmount"", ""value"": ""$19,500M"", ""unit"": ""USD"", ""observed_on"": ""2023-02-02""}, {""name"": ""TotalNetSales"", ""value"": ""$117,154M"", ""unit"": ""USD"", ""observed_on"": ""2023-02-02""}]",Finance,reported,"{finance,expand}"
AAPL-2023Q1-0103,Apple Inc.,2023-02-02,quarterly_filings/2023_Q1.pdf,https://www.sec.gov/ix?doc=/Archives/edgar/data/0000320193/000032019323000064/aapl-20231231.htm,Item 2. Management's Discussion and Analysis - Products Net Sales,Disclosure Context (2023_Q1): Trigger: 'Computational audio algorithms on second-generation AirPods Pro increased chip power draw'. Management Action: 'Optimize H2 processor audio firmware'. Scope: 'Refine Adaptive Transparency and Active Noise Cancellation DSP filters in AirPods Pro 2'. Rationale: 'Preserves 6-hour ANC listening time on a single battery charge'.,Optimize AirPods Noise Cancellation Efficiency,"Audio software engineering deployed updated firmware for the custom Apple H2 chip in AirPods Pro 2nd Generation, optimizing digital signal processing (DSP) filters governing Active Noise Cancellation and Adaptive Transparency. The algorithm minimizes computational cycles required to process 48,000 acoustic measurements per second.",AirPods Pro H2 silicon active noise cancellation power optimization,revise,Guarantees industry-leading ambient noise cancellation depth while preserving a full 6 hours of continuous listening battery life on tiny 44mAh lithium-ion earbud cells.,"[{""name"": ""WearablesNetSales"", ""value"": ""$13,482M"", ""unit"": ""USD"", ""observed_on"": ""2023-02-02""}, {""name"": ""ActiveInstalledBase"", ""value"": ""2.0B+"", ""unit"": ""devices"", ""observed_on"": ""2023-02-02""}]",R&D,reported,"{r&d,revise}"
AAPL-2023Q1-0104,Apple Inc.,2023-02-02,quarterly_filings/2023_Q1.pdf,https://www.sec.gov/ix?doc=/Archives/edgar/data/0000320193/000032019323000064/aapl-20231231.htm,Note 5. Income Taxes,Disclosure Context (2023_Q1): Trigger: 'OECD Pillar Two global minimum 15% corporate tax framework advanced toward European enactment'. Management Action: 'Update multinational transfer pricing structures'. Scope: 'Align intercompany royalty and services transfer pricing models across Irish and Swiss operating subsidiaries'. Rationale: 'Preempts double taxation disputes and ensures seamless compliance with global minimum tax rules'.,Strengthen Global Tax Compliance Framework,Corporate tax counsel and international transfer pricing economists restructured intercompany intellectual property licensing and service agreement documentation across Apple's primary European subsidiaries in Ireland and Switzerland. The framework incorporates economic substance documentation aligned with the OECD/G20 Inclusive Framework on Base Erosion and Profit Shifting (BEPS).,International transfer pricing and OECD Pillar Two compliance update,revise,"Safeguards Apple against multi-jurisdictional tax reassessments and punitive double-taxation disputes, maintaining long-term predictability for corporate effective tax rate projections (15.8%).","[{""name"": ""ProvisionForIncomeTaxes"", ""value"": ""$5,625M"", ""unit"": ""USD"", ""observed_on"": ""2023-02-02""}, {""name"": ""EffectiveTaxRate"", ""value"": ""15.8%"", ""unit"": ""percentage"", ""observed_on"": ""2023-02-02""}]",Legal,reported,"{legal,revise}"
AAPL-2023Q1-0105,Apple Inc.,2023-02-02,quarterly_filings/2023_Q1.pdf,https://www.sec.gov/ix?doc=/Archives/edgar/data/0000320193/000032019323000064/aapl-20231231.htm,Item 2. Management's Discussion and Analysis - Operations,Disclosure Context (2023_Q1): Trigger: 'Declines in Mac and Wearables demand resulted in underutilized assembly lines'. Management Action: 'Consolidate active shifts and mothball surplus lines'. Scope: 'Reconfigure tooling bays at secondary manufacturing partners Quanta and Inventec'. Rationale: 'Prevents idle line depreciation charges and overhead cost accumulation'.,Reduce Idle Manufacturing Capacity,"Manufacturing operations management worked with ODM partners Quanta Computer and Inventec to consolidate operational shifts and temporarily mothball redundant assembly tooling bays dedicated to MacBook and accessory production. Active assembly operations were concentrated into fewer, fully utilized factory floors to eliminate partial-shift running costs.",Idle manufacturing capacity curtailment,reduce,"Eliminates unabsorbed factory fixed overhead and idle facility depreciation charges, protecting contract manufacturing unit margins during periods of category demand contractions.","[{""name"": ""ProductsCostOfSales"", ""value"": ""$60,707M"", ""unit"": ""USD"", ""observed_on"": ""2023-02-02""}, {""name"": ""MacNetSales"", ""value"": ""$7,735M"", ""unit"": ""USD"", ""observed_on"": ""2023-02-02""}]",Operations,reported,"{operations,reduce}"
AAPL-2023Q1-0106,Apple Inc.,2023-02-02,quarterly_filings/2023_Q1.pdf,https://www.sec.gov/ix?doc=/Archives/edgar/data/0000320193/000032019323000064/aapl-20231231.htm,Item 2. Management's Discussion and Analysis - Services Net Sales,Disclosure Context (2023_Q1): Trigger: 'Hardware sales contractions highlighted need to deepen services subscriber monetization'. Management Action: 'Enhance subscription bundle promotions'. Scope: 'Offer extended 3-month free trials of Apple One with new iPhone and iPad activations'. Rationale: 'Accelerates subscriber onboarding and long-term recurring revenue conversion'.,Increase Subscription Bundle Incentives,"Services marketing rolled out expanded consumer promotional incentives for Apple One subscription packages, bundling three complimentary months of Apple One with every new iPhone, iPad, and Mac hardware activation. Retail specialists and online setup flows guide new device owners through one-click activation.",Subscription bundle promotional incentive expansion,expand,"Dramatically lowers subscriber customer acquisition costs (CAC) and drives multi-service adoption, transforming one-time hardware purchasers into recurring software subscribers with high customer lifetime value (LTV).","[{""name"": ""ServicesNetSales"", ""value"": ""$20,766M"", ""unit"": ""USD"", ""observed_on"": ""2023-02-02""}, {""name"": ""ServicesGrossMargin"", ""value"": ""70.8%"", ""unit"": ""percentage"", ""observed_on"": ""2023-02-02""}]",Finance,reported,"{finance,expand}"
AAPL-2023Q1-0107,Apple Inc.,2023-02-02,quarterly_filings/2023_Q1.pdf,https://www.sec.gov/ix?doc=/Archives/edgar/data/0000320193/000032019323000064/aapl-20231231.htm,Item 2. Management's Discussion and Analysis - Research and Development,"Disclosure Context (2023_Q1): Trigger: 'Multi-device users reported occasional sync collisions and latency in iCloud Notes and Reminders'. Management Action: 'Overhaul CloudKit transactional sync primitives'. Scope: 'Implement delta-compression sync protocols and server-side conflict resolution engines'. Rationale: 'Guarantees instantaneous, collision-free background data synchronization'.",Enhance Device Synchronization Stability,"Cloud software engineering updated the CoreData and CloudKit client synchronization framework across iOS 16 and macOS Ventura. The architectural update migrates record sync from full-payload transfers to transactional delta-compression, accompanied by server-side deterministic Conflict-Free Replicated Data Type (CRDT) merge algorithms.",CloudKit sync engine delta compression and record conflict resolution,revise,"Virtually eliminates data conflicts and duplicate records during concurrent edits across Mac, iPad, and iPhone devices, delivering instantaneous background data consistency across the ecosystem.","[{""name"": ""ActiveInstalledBase"", ""value"": ""2.0B+"", ""unit"": ""devices"", ""observed_on"": ""2023-02-02""}, {""name"": ""ServicesNetSales"", ""value"": ""$20,766M"", ""unit"": ""USD"", ""observed_on"": ""2023-02-02""}]",R&D,reported,"{r&d,revise}"
AAPL-2023Q1-0108,Apple Inc.,2023-02-02,quarterly_filings/2023_Q1.pdf,https://www.sec.gov/ix?doc=/Archives/edgar/data/0000320193/000032019323000064/aapl-20231231.htm,Note 8. Commitments and Contingencies - Regulatory Proceedings,"Disclosure Context (2023_Q1): Trigger: 'Consumer Financial Protection Bureau (CFPB) issued supervisory guidance regarding Buy Now, Pay Later (BNPL) credit models'. Management Action: 'Audit consumer loan disclosures'. Scope: 'Review loan agreement terms, credit reporting notices, and fee disclosures for Apple Financing LLC'. Rationale: 'Ensures Truth in Lending Act (TILA) compliance ahead of public rollout'.",Audit Consumer Financing Disclosure Terms,"Financial regulatory legal teams conducted a detailed compliance audit of consumer credit agreements, late fee disclosures, and credit bureau reporting frameworks developed by Apple Financing LLC for Apple Pay Later. The review verified compliance with the Truth in Lending Act (TILA) and Electronic Fund Transfer Act (EFTA).",Apple Pay Later and financing regulatory disclosure audit,investigate,"Preempts supervisory enforcement actions and civil monetary penalties from the Consumer Financial Protection Bureau (CFPB), clearing the path for the national rollout of Apple's consumer lending services.","[{""name"": ""ServicesNetSales"", ""value"": ""$20,766M"", ""unit"": ""USD"", ""observed_on"": ""2023-02-02""}, {""name"": ""ActiveInstalledBase"", ""value"": ""2.0B+"", ""unit"": ""devices"", ""observed_on"": ""2023-02-02""}]",Legal,reported,"{legal,investigate}"
AAPL-2023Q1-0109,Apple Inc.,2023-02-02,quarterly_filings/2023_Q1.pdf,https://www.sec.gov/ix?doc=/Archives/edgar/data/0000320193/000032019323000064/aapl-20231231.htm,Item 2. Management's Discussion and Analysis - Operations,Disclosure Context (2023_Q1): Trigger: 'Manual visual inspection on final assembly lines suffered from human fatigue and defect escape rates'. Management Action: 'Deploy automated machine vision inspection'. Scope: 'Install high-resolution multi-spectrum camera stations across Foxconn and Pegatron lines'. Rationale: 'Boosts inspection consistency and reduces factory quality rework costs'.,Increase Automation In Quality Inspection,"Apple advanced manufacturing technology teams deployed proprietary multi-spectral computer vision inspection gantries across final assembly lines operated by Foxconn and Pegatron. The automated inspection stations utilize deep learning models running on local Apple Silicon hardware to inspect anodized enclosure finishes, glass gap tolerances, and micro-screw torques at line speed.",Automated quality inspection expansion,expand,"Dramatically reduces visual defect escape rates and eliminates manual inspection bottlenecks, driving higher line yields and cutting warranty scrap and rework expenses.","[{""name"": ""ProductsGrossMargin"", ""value"": ""37.0%"", ""unit"": ""percentage"", ""observed_on"": ""2023-02-02""}, {""name"": ""ManufacturingPurchaseObligations"", ""value"": ""$55.1B"", ""unit"": ""USD"", ""observed_on"": ""2023-02-02""}]",Operations,reported,"{operations,expand}"
AAPL-2023Q1-0110,Apple Inc.,2023-02-02,quarterly_filings/2023_Q1.pdf,https://www.sec.gov/ix?doc=/Archives/edgar/data/0000320193/000032019323000064/aapl-20231231.htm,Item 2. Management's Discussion and Analysis - Liquidity and Capital Resources,Disclosure Context (2023_Q1): Trigger: 'Supply chain disruptions created wide intra-quarter cash flow swings'. Management Action: 'Upgrade treasury cash forecasting systems'. Scope: 'Implement weekly multi-currency dynamic cash flow modeling across 120 global operating entities'. Rationale: 'Enhances liquidity visibility and optimizes capital deployment pacing'.,Strengthen Cash Flow Forecasting Model,"Corporate treasury upgraded internal predictive cash flow modeling systems, transitioning from monthly aggregate forecasts to daily dynamic multi-currency liquidity modeling across 120 worldwide subsidiaries. The platform incorporates real-time supplier invoice settlement feeds, tax distributions, and daily retail cash collections.",Cash flow predictive forecasting model enhancement,revise,Prevents idle cash balances in foreign subsidiaries and allows treasury to deploy billions in excess operating liquidity into high-yielding short-term paper with pinpoint precision.,"[{""name"": ""OperatingCashFlow"", ""value"": ""$34,005M"", ""unit"": ""USD"", ""observed_on"": ""2023-02-02""}, {""name"": ""TotalCashAndSecurities"", ""value"": ""$165,450M"", ""unit"": ""USD"", ""observed_on"": ""2023-02-02""}]",Finance,reported,"{finance,revise}"
AAPL-2023Q1-0111,Apple Inc.,2023-02-02,quarterly_filings/2023_Q1.pdf,https://www.sec.gov/ix?doc=/Archives/edgar/data/0000320193/000032019323000064/aapl-20231231.htm,Item 2. Management's Discussion and Analysis - Products Net Sales,Disclosure Context (2023_Q1): Trigger: 'Professional digital artists demanded sub-9ms latency and pen hover capabilities on iPad Pro'. Management Action: 'Refine Apple Pencil predictive stroke algorithms'. Scope: 'Deploy electromagnetic hover detection and machine learning stroke prediction in iPadOS 16'. Rationale: 'Achieves paper-like drawing responsiveness on 120Hz ProMotion displays'.,Improve iPad Stylus Latency,Input software and display technology engineering enhanced touch controller firmware and stroke prediction machine learning models for the Apple Pencil on M2 iPad Pro displays. The system samples capacitive touch sensors at 240Hz and detects electromagnetic signals emitted by the pencil tip up to 12mm above the glass surface.,Apple Pencil predictive stroke rendering and touch scan rate optimization,revise,"Delivers instantaneous stroke appearance with virtually zero perceived latency, cementing the iPad Pro as the uncontested gold standard for professional digital illustration, graphic design, and note-taking.","[{""name"": ""iPadNetSales"", ""value"": ""$9,396M"", ""unit"": ""USD"", ""observed_on"": ""2023-02-02""}, {""name"": ""iPadYoYGrowth"", ""value"": ""+29.6%"", ""unit"": ""percentage"", ""observed_on"": ""2023-02-02""}]",R&D,reported,"{r&d,revise}"
AAPL-2023Q1-0112,Apple Inc.,2023-02-02,quarterly_filings/2023_Q1.pdf,https://www.sec.gov/ix?doc=/Archives/edgar/data/0000320193/000032019323000064/aapl-20231231.htm,Note 8. Commitments and Contingencies - Privacy Matters,"Disclosure Context (2023_Q1): Trigger: 'State-level privacy enactments in California (CPRA), Virginia (VCDPA), and Colorado introduced divergent data rights'. Management Action: 'Harmonize consumer privacy notices'. Scope: 'Align public consumer privacy policy notices across all 50 states and international territories'. Rationale: 'Prevents state regulatory enforcement actions and consumer confusion'.",Review Global Privacy Policy Alignment,"Global privacy legal counsel reviewed Apple's customer-facing privacy notices and data subject access request (DSAR) portals to harmonize compliance across divergent state and national privacy statutes, including the California Privacy Rights Act (CPRA) and Virginia CDPA. The team deployed a unified global privacy architecture.",Global consumer privacy policy harmonization audit,investigate,"Eliminates operational compliance friction across jurisdictions, ensuring that all 2.0 billion active Apple device users receive consistent, legally robust privacy disclosures and data management controls.","[{""name"": ""ActiveInstalledBase"", ""value"": ""2.0B+"", ""unit"": ""devices"", ""observed_on"": ""2023-02-02""}, {""name"": ""TotalOperatingExpenses"", ""value"": ""$14,316M"", ""unit"": ""USD"", ""observed_on"": ""2023-02-02""}]",Legal,reported,"{legal,investigate}"
AAPL-2023Q1-0113,Apple Inc.,2023-02-02,quarterly_filings/2023_Q1.pdf,https://www.sec.gov/ix?doc=/Archives/edgar/data/0000320193/000032019323000064/aapl-20231231.htm,Item 2. Management's Discussion and Analysis - Operations,Disclosure Context (2023_Q1): Trigger: 'Heavy reliance on national parcel monopolies led to elevated delivery surcharges during holiday peaks'. Management Action: 'Diversify carrier mix'. Scope: 'Onboard regional middle-mile and final-mile carriers like LaserShip and OnTrac in the US'. Rationale: 'Creates pricing tension and enhances peak shipping delivery resilience'.,Shift Logistics To Regional Carriers,"North American logistics operations diversified parcel shipping contracts by onboarding regional carriers including LaserShip, OnTrac, and regional courier cooperatives to handle residential e-commerce deliveries in high-density postal codes. The operational change redistributed package volume away from primary national carriers FedEx and UPS.",Regional carrier logistics diversification,revise,"Reduces exposure to national carrier peak-season residential surcharge hikes while creating competitive pricing tension, lowering average parcel transit costs by 12%.","[{""name"": ""ProductsCostOfSales"", ""value"": ""$60,707M"", ""unit"": ""USD"", ""observed_on"": ""2023-02-02""}, {""name"": ""OperatingCashFlow"", ""value"": ""$34,005M"", ""unit"": ""USD"", ""observed_on"": ""2023-02-02""}]",Operations,reported,"{operations,revise}"
AAPL-2023Q1-0114,Apple Inc.,2023-02-02,quarterly_filings/2023_Q1.pdf,https://www.sec.gov/ix?doc=/Archives/edgar/data/0000320193/000032019323000064/aapl-20231231.htm,Item 2. Management's Discussion and Analysis - General Corporate Expenses,Disclosure Context (2023_Q1): Trigger: 'Escalating nation-state cyber threats targeted global corporate networks and critical infrastructure'. Management Action: 'Increase cybersecurity capital funding'. Scope: 'Expand enterprise security operations centers and hardware security module (HSM) deployments'. Rationale: 'Protects proprietary corporate intellectual property and customer iCloud data'.,Allocate Additional Funds To Cybersecurity,"Corporate IT and information security leadership received executive authorization for an incremental $180 million capital allocation dedicated to enterprise threat monitoring and zero-trust infrastructure. The funds support expanding 24/7 security operations centers, deploying post-quantum cryptographic hardware security modules, and conducting continuous red-team audits.",Cybersecurity capital allocation expansion,expand,"Safeguards Apple's valuable proprietary chip designs and user data infrastructure from sophisticated cyber intrusions, protecting brand equity and avoiding massive regulatory breach penalties.","[{""name"": ""TotalOperatingExpenses"", ""value"": ""$14,316M"", ""unit"": ""USD"", ""observed_on"": ""2023-02-02""}, {""name"": ""ActiveInstalledBase"", ""value"": ""2.0B+"", ""unit"": ""devices"", ""observed_on"": ""2023-02-02""}]",Finance,reported,"{finance,expand}"
AAPL-2023Q1-0115,Apple Inc.,2023-02-02,quarterly_filings/2023_Q1.pdf,https://www.sec.gov/ix?doc=/Archives/edgar/data/0000320193/000032019323000064/aapl-20231231.htm,Item 2. Management's Discussion and Analysis - Research and Development,Disclosure Context (2023_Q1): Trigger: 'Zero-day security vulnerabilities required immediate kernel patching without full OS reboots'. Management Action: 'Deploy Rapid Security Response mechanism'. Scope: 'Enable standalone security updates to cryptex system images in macOS Ventura'. Rationale: 'Protects enterprise Mac fleets instantly without disrupting user workflows'.,Enhance macOS Stability Updates,"Apple security and macOS software engineering introduced the Rapid Security Response (RSR) architecture within macOS Ventura. The system leverages standalone cryptex disk images to patch Safari, WebKit, and core cryptographic libraries without requiring full operating system updates or time-consuming computer reboots.",macOS Rapid Security Response patch mechanism deployment,expand,"Accelerates enterprise security compliance patching from weeks to hours, protecting macOS users against active zero-day exploits while eliminating user productivity disruption.","[{""name"": ""MacNetSales"", ""value"": ""$7,735M"", ""unit"": ""USD"", ""observed_on"": ""2023-02-02""}, {""name"": ""R&DExpense"", ""value"": ""$7,709M"", ""unit"": ""USD"", ""observed_on"": ""2023-02-02""}]",R&D,reported,"{r&d,expand}"
AAPL-2023Q1-0116,Apple Inc.,2023-02-02,quarterly_filings/2023_Q1.pdf,https://www.sec.gov/ix?doc=/Archives/edgar/data/0000320193/000032019323000064/aapl-20231231.htm,Note 8. Commitments and Contingencies - Regulatory Compliance,Disclosure Context (2023_Q1): Trigger: 'Data minimization principles under global privacy laws required automated deletion of stale diagnostic telemetry'. Management Action: 'Enforce automated server-side purge schedules'. Scope: 'Establish strict 180-day retention lifecycles for anonymized device diagnostics and query logs'. Rationale: 'Reduces regulatory liability and optimizes storage footprint'.,Strengthen Data Retention Governance,"Corporate privacy and data governance teams updated internal data lifecycle policies, mandating automated server-side purging of anonymized customer diagnostic telemetry, crash logs, and Siri audio interaction metadata after 180 days. The policy was enforced across all corporate databases via automated immutable deletion scripts.",Enterprise data retention and automated purging policy update,revise,"Enforces strict adherence to GDPR and statutory data minimization principles, significantly reducing electronic discovery overhead and corporate liability in the event of third-party network intrusions.","[{""name"": ""TotalOperatingExpenses"", ""value"": ""$14,316M"", ""unit"": ""USD"", ""observed_on"": ""2023-02-02""}, {""name"": ""ActiveInstalledBase"", ""value"": ""2.0B+"", ""unit"": ""devices"", ""observed_on"": ""2023-02-02""}]",Legal,reported,"{legal,revise}"
AAPL-2023Q1-0117,Apple Inc.,2023-02-02,quarterly_filings/2023_Q1.pdf,https://www.sec.gov/ix?doc=/Archives/edgar/data/0000320193/000032019323000064/aapl-20231231.htm,Item 2. Management's Discussion and Analysis - Supply Chain Operations,Disclosure Context (2023_Q1): Trigger: 'Unprecedented demand shifts and macroeconomic volatility complicated 150-day component procurement planning'. Management Action: 'Deploy machine learning demand forecasting'. Scope: 'Integrate multi-variable AI forecasting engine into global supply-demand planning'. Rationale: 'Improves component commitment precision and prevents inventory bullwhip effects'.,Implement Predictive Demand Forecasting Tools,"Global supply chain planning deployed an advanced machine-learning forecasting engine integrating macroeconomic indicators, consumer point-of-sale telemetry, and carrier sell-through data into monthly S&OP planning cycles. The predictive analytics platform generates automated 150-day rolling demand projections down to specific product SKU and color configurations.",Predictive demand forecasting deployment,approve,"Enhances the accuracy of long-term noncancelable component purchase commitments, reducing stockout risks during demand surges while avoiding multi-million dollar component cancellation liabilities.","[{""name"": ""ManufacturingPurchaseObligations"", ""value"": ""$55.1B"", ""unit"": ""USD"", ""observed_on"": ""2023-02-02""}, {""name"": ""InventoriesEndingBalance"", ""value"": ""$6,820M"", ""unit"": ""USD"", ""observed_on"": ""2023-02-02""}]",Operations,reported,"{operations,approve}"
AAPL-2023Q1-0118,Apple Inc.,2023-02-02,quarterly_filings/2023_Q1.pdf,https://www.sec.gov/ix?doc=/Archives/edgar/data/0000320193/000032019323000064/aapl-20231231.htm,Item 2. Management's Discussion and Analysis - Liquidity and Capital Resources,Disclosure Context (2023_Q1): Trigger: 'Broader technology peers curtailed dividends or paused cash distributions amid tech selloff'. Management Action: 'Reiterate commitment to annual dividend increases'. Scope: 'Reaffirm target of annual dividend per-share growth in investor communications'. Rationale: 'Maintains dividend-growth institutional investor base'.,Expand Dividend Stability Narrative,Executive communication and investor relations reinforced Apple's steadfast commitment to annual dividend per-share growth across major investor presentations and shareholder proxy materials. Management emphasized that Apple's peer-leading free cash flow generation enables continued capital distributions even during challenging economic downturns.,Dividend stability narrative expansion,expand,"Solidifies Apple's reputation as a premium blue-chip dividend growth stock, attracting long-term institutional capital and dampening equity price volatility during broader tech market selloffs.","[{""name"": ""DividendPerShare"", ""value"": ""$0.23"", ""unit"": ""USD"", ""observed_on"": ""2023-02-02""}, {""name"": ""TotalDividendPaid"", ""value"": ""$3,800M"", ""unit"": ""USD"", ""observed_on"": ""2023-02-02""}]",Finance,reported,"{finance,expand}"
AAPL-2023Q1-0119,Apple Inc.,2023-02-02,quarterly_filings/2023_Q1.pdf,https://www.sec.gov/ix?doc=/Archives/edgar/data/0000320193/000032019323000064/aapl-20231231.htm,Item 2. Management's Discussion and Analysis - Research and Development,Disclosure Context (2023_Q1): Trigger: 'Users reported intermittent audio stutter when multiple wireless accessories were connected simultaneously'. Management Action: 'Upgrade Bluetooth controller firmware'. Scope: 'Implement adaptive frequency hopping and prioritized audio packet buffering across iPhone and Mac'. Rationale: 'Prevents wireless packet collisions in multi-accessory environments'.,Improve Bluetooth Connectivity Stability,"Wireless engineering deployed optimized firmware across integrated Bluetooth 5.3 controllers in iPhone 14 and M2 Mac systems. The firmware introduces adaptive frequency hopping algorithms that avoid congested 2.4GHz Wi-Fi sub-bands and prioritizes synchronous connection-oriented (eSCO) audio packets during simultaneous keyboard, mouse, and AirPods usage.",Bluetooth controller firmware and frequency hopping optimization,revise,"Eliminates audio stutter and input lag when users operate multiple wireless accessories concurrently, ensuring rock-solid wireless peripheral reliability across Apple devices.","[{""name"": ""ActiveInstalledBase"", ""value"": ""2.0B+"", ""unit"": ""devices"", ""observed_on"": ""2023-02-02""}, {""name"": ""R&DExpense"", ""value"": ""$7,709M"", ""unit"": ""USD"", ""observed_on"": ""2023-02-02""}]",R&D,reported,"{r&d,revise}"
AAPL-2023Q1-0120,Apple Inc.,2023-02-02,quarterly_filings/2023_Q1.pdf,https://www.sec.gov/ix?doc=/Archives/edgar/data/0000320193/000032019323000064/aapl-20231231.htm,Item 2. Management's Discussion and Analysis - Supply Chain Operations,Disclosure Context (2023_Q1): Trigger: 'Complex multi-tier supply chains obscured environmental and labor compliance visibility'. Management Action: 'Standardize supplier contract audit clauses'. Scope: 'Incorporate mandatory sub-tier supplier disclosures and real-time audit rights across all master purchase agreements'. Rationale: 'Enhances supply chain risk oversight and statutory reporting integrity'.,Enhance Supplier Contract Transparency,"Supply chain legal teams updated master procurement agreements across tier-1 hardware component suppliers, inserting mandatory contractual clauses that require suppliers to disclose full tier-2 component bill-of-materials and grant Apple unannounced environmental audit access. The clauses mandate full transparency into raw material sourcing.",Supplier master services agreement audit rights and transparency enhancement,revise,"Provides Apple with legal authority to police upstream supply chain integrity, mitigating exposure to regulatory import seizures under the Uyghur Forced Labor Prevention Act (UFLPA).","[{""name"": ""ManufacturingPurchaseObligations"", ""value"": ""$55.1B"", ""unit"": ""USD"", ""observed_on"": ""2023-02-02""}, {""name"": ""VendorNonTradeReceivables"", ""value"": ""$30,400M"", ""unit"": ""USD"", ""observed_on"": ""2023-02-02""}]",Legal,reported,"{legal,revise}"
AAPL-2023Q1-0121,Apple Inc.,2023-02-02,quarterly_filings/2023_Q1.pdf,https://www.sec.gov/ix?doc=/Archives/edgar/data/0000320193/000032019323000064/aapl-20231231.htm,Item 2. Management's Discussion and Analysis - Customer Support Operations,Disclosure Context (2023_Q1): Trigger: 'Holiday return volumes caused multi-week backlog at central reverse logistics processing depots'. Management Action: 'Streamline return intake triage'. Scope: 'Deploy rapid diagnostic test benches and automated grading at Elk Grove and Carlisle depots'. Rationale: 'Accelerates device resale reconditioning and reduces customer refund latency'.,Reduce Product Return Processing Time,"Reverse logistics operations overhauled return intake and triage workflows across central returns processing facilities in Elk Grove, California, and Carlisle, Pennsylvania. Engineers introduced automated high-speed diagnostic docking fixtures that verify functional hardware components, test battery health, and securely wipe user data in under 4 minutes per device.",Reverse logistics turnaround acceleration,reduce,"Accelerates the turnaround time for returned devices from 14 days to under 48 hours, enabling rapid restocking into the Certified Refurbished channel while inventory market values remain high.","[{""name"": ""OperatingCashFlow"", ""value"": ""$34,005M"", ""unit"": ""USD"", ""observed_on"": ""2023-02-02""}, {""name"": ""TotalNetSales"", ""value"": ""$117,154M"", ""unit"": ""USD"", ""observed_on"": ""2023-02-02""}]",Operations,reported,"{operations,reduce}"
AAPL-2023Q1-0122,Apple Inc.,2023-02-02,quarterly_filings/2023_Q1.pdf,https://www.sec.gov/ix?doc=/Archives/edgar/data/0000320193/000032019323000064/aapl-20231231.htm,Item 2. Management's Discussion and Analysis - Capital Resources,Disclosure Context (2023_Q1): Trigger: 'Equity market valuation volatility created attractive valuation entry points'. Management Action: 'Expand open-market repurchase execution discretion'. Scope: 'Broaden Rule 10b5-1 price grids to permit larger volume purchases during sharp market pullbacks'. Rationale: 'Capitalizes on market dislocations to retire shares at advantageous valuations'.,Increase Share Repurchase Flexibility,"Treasury management restructured the execution parameters of Apple's Rule 10b5-1 programmatic share repurchase trading plans, widening the dynamic price-volume grids. The expanded framework allows purchasing broker-dealers to automatically scale up daily buyback volumes during steep macroeconomic stock sell-offs.",Share repurchase execution flexibility expansion,expand,"Maximizes the anti-dilutive impact of the share buyback program, retiring more common shares per capital dollar spent when market dislocations undervalue Apple's intrinsic cash generation.","[{""name"": ""ShareRepurchaseAmount"", ""value"": ""$19,500M"", ""unit"": ""USD"", ""observed_on"": ""2023-02-02""}, {""name"": ""OperatingCashFlow"", ""value"": ""$34,005M"", ""unit"": ""USD"", ""observed_on"": ""2023-02-02""}]",Finance,reported,"{finance,expand}"
AAPL-2023Q1-0123,Apple Inc.,2023-02-02,quarterly_filings/2023_Q1.pdf,https://www.sec.gov/ix?doc=/Archives/edgar/data/0000320193/000032019323000064/aapl-20231231.htm,Item 2. Management's Discussion and Analysis - Services Net Sales,Disclosure Context (2023_Q1): Trigger: 'Urban navigation routing required faster dynamic detour calculation during real-time road closures'. Management Action: 'Upgrade Apple Maps routing graph engine'. Scope: 'Deploy real-time probe velocity ingestion and multi-stop routing optimizations in iOS 16'. Rationale: 'Provides faster travel times and expands Apple Maps user engagement'.,Optimize Apple Maps Routing Accuracy,"Apple Maps geospatial engineering overhauled the real-time routing graph engine, integrating multi-stop routing capabilities and dynamic probe data processing in iOS 16. The routing algorithm processes crowdsourced vehicular probe speeds in sub-second intervals to calculate proactive detours around sudden highway bottlenecks and toll delays.",Apple Maps multi-modal routing engine and traffic prediction update,revise,"Improves estimated time of arrival (ETA) prediction accuracy by 15%, boosting consumer reliance on Apple Maps and expanding the ecosystem footprint of Apple's first-party navigation platform.","[{""name"": ""ActiveInstalledBase"", ""value"": ""2.0B+"", ""unit"": ""devices"", ""observed_on"": ""2023-02-02""}, {""name"": ""ServicesNetSales"", ""value"": ""$20,766M"", ""unit"": ""USD"", ""observed_on"": ""2023-02-02""}]",R&D,reported,"{r&d,revise}"
AAPL-2023Q1-0124,Apple Inc.,2023-02-02,quarterly_filings/2023_Q1.pdf,https://www.sec.gov/ix?doc=/Archives/edgar/data/0000320193/000032019323000064/aapl-20231231.htm,Note 8. Commitments and Contingencies - Legal Proceedings,"Disclosure Context (2023_Q1): Trigger: 'DOJ Antitrust Division expanded investigatory subpoenas regarding Apple ecosystem lock-in and exclusionary conduct'. Management Action: 'Conduct comprehensive internal antitrust risk assessment'. Scope: 'Examine API access restrictions, default app status, and iMessage exclusivity'. Rationale: 'Prepares comprehensive legal defense and identifies antitrust exposure points'.",Conduct Internal Antitrust Risk Assessment,"Antitrust defense counsel and competition economists conducted a privileged internal antitrust risk assessment across Apple's mobile platform ecosystem. The review scrutinized private API access controls, default application designations, NFC chip access for third-party mobile wallets, and developer anti-steering guidelines.",Proactive ecosystem antitrust and platform competition risk review,investigate,"Enables executive leadership and litigation defense teams to construct robust pro-competitive justifications centering on consumer security, privacy, and intellectual property protection ahead of anticipated DOJ civil enforcement.","[{""name"": ""TotalNetSales"", ""value"": ""$117,154M"", ""unit"": ""USD"", ""observed_on"": ""2023-02-02""}, {""name"": ""ServicesNetSales"", ""value"": ""$20,766M"", ""unit"": ""USD"", ""observed_on"": ""2023-02-02""}]",Legal,reported,"{legal,investigate}"
AAPL-2023Q1-0125,Apple Inc.,2023-02-02,quarterly_filings/2023_Q1.pdf,https://www.sec.gov/ix?doc=/Archives/edgar/data/0000320193/000032019323000064/aapl-20231231.htm,Item 2. Management's Discussion and Analysis - Customer Support Operations,Disclosure Context (2023_Q1): Trigger: 'Discrepancies between ERP records and physical stock in service centers caused unnecessary emergency part shipments'. Management Action: 'Deploy RFID scanning across service parts'. Scope: 'Tag all high-value replacement logic boards and displays across 500+ Genius Bars'. Rationale: 'Eliminates inventory phantom stock and improves repair scheduling'.,Improve Spare Parts Inventory Accuracy,"AppleCare operations implemented passive RFID inventory tagging across all serialized high-value replacement service parts, including iPhone display assemblies, logic boards, and TrueDepth sensors. Genius Bar backrooms and regional parts depots were equipped with handheld RFID scanners for automated daily cycle counts.",Spare parts inventory tracking enhancement,revise,"Increases service parts record inventory accuracy from 91% to over 99%, eliminating costly duplicate emergency air shipments and reducing repair turnaround delays for retail customers.","[{""name"": ""ActiveInstalledBase"", ""value"": ""2.0B+"", ""unit"": ""devices"", ""observed_on"": ""2023-02-02""}, {""name"": ""InventoriesEndingBalance"", ""value"": ""$6,820M"", ""unit"": ""USD"", ""observed_on"": ""2023-02-02""}]",Operations,reported,"{operations,revise}"
AAPL-2023Q1-0126,Apple Inc.,2023-02-02,quarterly_filings/2023_Q1.pdf,https://www.sec.gov/ix?doc=/Archives/edgar/data/0000320193/000032019323000064/aapl-20231231.htm,Item 2. Management's Discussion and Analysis - Research and Development,Disclosure Context (2023_Q1): Trigger: 'Accelerating breakthroughs in artificial intelligence required collaboration with leading academic institutions'. Management Action: 'Expand research grant allocations'. Scope: 'Fund university AI research fellowships and collaborative silicon architecture labs'. Rationale: 'Accesses cutting-edge algorithmic research and elite engineering talent'.,Increase Allocation To Strategic Research Partnerships,"Apple R&D leadership allocated $75 million in strategic research grants and collaborative project funding to leading computer science and electrical engineering departments across Stanford, Carnegie Mellon, and Cambridge. The partnerships sponsor academic research into on-device transformer quantization and multi-modal computer vision.",Academic and research partnership funding expansion,expand,Expands Apple's intellectual property pipeline and provides an elite recruiting pipeline for top-tier machine learning PhD talent without incurring heavy ongoing corporate overhead.,"[{""name"": ""R&DExpense"", ""value"": ""$7,709M"", ""unit"": ""USD"", ""observed_on"": ""2023-02-02""}, {""name"": ""TotalOperatingExpenses"", ""value"": ""$14,316M"", ""unit"": ""USD"", ""observed_on"": ""2023-02-02""}]",Finance,reported,"{finance,expand}"
AAPL-2023Q1-0127,Apple Inc.,2023-02-02,quarterly_filings/2023_Q1.pdf,https://www.sec.gov/ix?doc=/Archives/edgar/data/0000320193/000032019323000064/aapl-20231231.htm,Item 2. Management's Discussion and Analysis - Services Net Sales,Disclosure Context (2023_Q1): Trigger: 'Overnight wireless device backups took several hours on high-capacity iPhone 14 Pro models'. Management Action: 'Parallelize backup chunk uploads'. Scope: 'Implement multi-stream HTTPS upload threads and local chunk hashing in iOS 16'. Rationale: 'Halves overnight cloud backup completion times'.,Improve iCloud Backup Speed,"iCloud platform engineering deployed an overhauled multi-stream backup protocol within the iOS 16 backup daemon. The software calculates cryptographic hashes of local file blocks, uploading only modified data chunks over parallelized HTTP/3 connection streams directly to Apple cloud storage clusters.",iCloud device backup parallelization and chunk deduplication,revise,"Halves the time required to complete full overnight device backups, reducing Wi-Fi network strain and preventing failed or incomplete backups when devices are unplugged in the morning.","[{""name"": ""ServicesNetSales"", ""value"": ""$20,766M"", ""unit"": ""USD"", ""observed_on"": ""2023-02-02""}, {""name"": ""ActiveInstalledBase"", ""value"": ""2.0B+"", ""unit"": ""devices"", ""observed_on"": ""2023-02-02""}]",R&D,reported,"{r&d,revise}"
AAPL-2023Q1-0128,Apple Inc.,2023-02-02,quarterly_filings/2023_Q1.pdf,https://www.sec.gov/ix?doc=/Archives/edgar/data/0000320193/000032019323000064/aapl-20231231.htm,Item 2. Management's Discussion and Analysis - Commercial Channels,Disclosure Context (2023_Q1): Trigger: 'Discrepancies in regional digital refund policies created compliance complexities across EU and Asian markets'. Management Action: 'Standardize regional consumer terms'. Scope: 'Harmonize App Store and retail refund guidelines to accommodate mandatory 14-day statutory withdrawal rights'. Rationale: 'Eliminates cross-border regulatory non-compliance exposure'.,Standardize Regional Consumer Protection Policies,"Consumer regulatory compliance legal counsel harmonized retail store and digital App Store refund and cancellation policies across international operating divisions. The updated framework provides automated, clear self-service refund workflows for digital content purchases within the mandatory statutory 14-day European right-of-withdrawal window.",Regional consumer refund and consumer protection terms harmonization,revise,"Eliminates friction with national consumer protection agencies in the EU and East Asia, reducing administrative complaints and resolving customer chargebacks efficiently.","[{""name"": ""ServicesNetSales"", ""value"": ""$20,766M"", ""unit"": ""USD"", ""observed_on"": ""2023-02-02""}, {""name"": ""ActiveInstalledBase"", ""value"": ""2.0B+"", ""unit"": ""devices"", ""observed_on"": ""2023-02-02""}]",Legal,reported,"{legal,revise}"
AAPL-2023Q1-0129,Apple Inc.,2023-02-02,quarterly_filings/2023_Q1.pdf,https://www.sec.gov/ix?doc=/Archives/edgar/data/0000320193/000032019323000064/aapl-20231231.htm,"Item 2. Management's Discussion and Analysis - Selling, General and Administrative",Disclosure Context (2023_Q1): Trigger: 'Routine Apple ID and subscription inquiries overwhelmed human support advisors during holiday device activations'. Management Action: 'Deploy automated virtual assistant workflows'. Scope: 'Expand Apple Support App and web automated triage capabilities globally'. Rationale: 'Deflects routine inquiries to lower per-contact customer support operational expenses'.,Increase Digital Customer Support Automation,"AppleCare digital support operations expanded natural-language conversational automation across the Apple Support app, web portal, and iMessage Business Chat channels. The system autonomously resolves routine customer service workflows including Apple ID password resets, iCloud subscription tier changes, and warranty coverage inquiries without human advisor intervention.",Digital support automation expansion,expand,"Deflects over 30% of incoming customer support contacts to zero-marginal-cost automated channels, curbing seasonal advisor staffing expenditures while shortening customer resolution times.","[{""name"": ""SG&AExpense"", ""value"": ""$6,607M"", ""unit"": ""USD"", ""observed_on"": ""2023-02-02""}, {""name"": ""ActiveInstalledBase"", ""value"": ""2.0B+"", ""unit"": ""devices"", ""observed_on"": ""2023-02-02""}]",Operations,reported,"{operations,expand}"
AAPL-2023Q1-0130,Apple Inc.,2023-02-02,quarterly_filings/2023_Q1.pdf,https://www.sec.gov/ix?doc=/Archives/edgar/data/0000320193/000032019323000064/aapl-20231231.htm,Item 2. Management's Discussion and Analysis - Executive Overview,Disclosure Context (2023_Q1): Trigger: 'Year-over-year revenue contraction (-5.5%) raised market concerns regarding corporate earnings power'. Management Action: 'Refine executive earnings narrative'. Scope: 'Highlight record gross margin stability (43.0%) and installed base expansion in earnings communications'. Rationale: 'Reassures capital markets of structural profitability resilience'.,Enhance Long Term Earnings Narrative,"Executive management and corporate communications updated the long-term earnings narrative presented to Wall Street, highlighting Apple's resilient 43.0% gross margin and record $34.0 billion operating cash generation. Communications stressed that temporary hardware supply constraints do not impair Apple's structural earnings power.",Long-term earnings narrative enhancement,revise,"Buffers market sentiment against cyclical quarterly revenue volatility, demonstrating that pricing power, premium product mix, and services growth preserve foundational profitability.","[{""name"": ""TotalGrossMargin"", ""value"": ""$50,332M"", ""unit"": ""USD"", ""observed_on"": ""2023-02-02""}, {""name"": ""GrossMarginPercentage"", ""value"": ""43.0%"", ""unit"": ""percentage"", ""observed_on"": ""2023-02-02""}]",Finance,reported,"{finance,revise}"
AAPL-2023Q1-0131,Apple Inc.,2023-02-02,quarterly_filings/2023_Q1.pdf,https://www.sec.gov/ix?doc=/Archives/edgar/data/0000320193/000032019323000064/aapl-20231231.htm,Item 2. Management's Discussion and Analysis - Commercial Channels,Disclosure Context (2023_Q1): Trigger: 'Strong consumer demand for value-oriented devices amid inflation outpaced certified refurbished inventory'. Management Action: 'Increase refurbishment line allocation'. Scope: 'Expand certified iPhone 12 and 13 reconditioning lines at Foxconn and Pegatron facility hubs'. Rationale: 'Captures budget-conscious consumer demand and lifts hardware margin recovery'.,Increase Refurbished iPhone Channel Supply,"Apple operations management directed manufacturing partners Foxconn and Pegatron to expand dedicated remanufacturing lines for trade-in and returned iPhone 12 and iPhone 13 units. The certified refurbishment process equips each device with a brand-new battery, fresh outer enclosure, genuine Apple replacement parts, and a standard one-year warranty.",Refurbished iPhone channel supply expansion,expand,"Addresses robust consumer appetite for affordable, high-quality Apple hardware during inflationary headwinds, generating accretive gross margins while bringing new users into the iOS ecosystem.","[{""name"": ""TotalNetSales"", ""value"": ""$117,154M"", ""unit"": ""USD"", ""observed_on"": ""2023-02-02""}, {""name"": ""ProductsGrossMargin"", ""value"": ""37.0%"", ""unit"": ""percentage"", ""observed_on"": ""2023-02-02""}]",Operations,reported,"{operations,expand}"
AAPL-2023Q1-0132,Apple Inc.,2023-02-02,quarterly_filings/2023_Q1.pdf,https://www.sec.gov/ix?doc=/Archives/edgar/data/0000320193/000032019323000064/aapl-20231231.htm,Note 6. Debt - Term Debt,Disclosure Context (2023_Q1): Trigger: 'Substantial medium-term debt maturities concentrated across 2024-2026 required balance sheet de-risking'. Management Action: 'Structure long-duration note offerings'. Scope: 'Model issuance of 10-year and 30-year senior green and corporate notes'. Rationale: 'Extends debt duration and minimizes near-term refinancing risk'.,Extend Debt Maturity Profile,"Apple treasury conducted structuring analysis for upcoming corporate bond offerings, targeting the issuance of 10-year and 30-year senior debt tranches to extend the weighted average maturity of the corporate debt portfolio. Capital markets teams modeled investor demand for Apple green bonds across European and North American institutional accounts.",Debt maturity profile extension,revise,"Locks in long-term capital for decades and flattens debt refinancing schedules, reducing corporate exposure to near-term interest rate volatility and bank credit contractions.","[{""name"": ""TotalTermDebt"", ""value"": ""$109,418M"", ""unit"": ""USD"", ""observed_on"": ""2023-02-02""}, {""name"": ""OperatingCashFlow"", ""value"": ""$34,005M"", ""unit"": ""USD"", ""observed_on"": ""2023-02-02""}]",Finance,reported,"{finance,revise}"
AAPL-2023Q1-0133,Apple Inc.,2023-02-02,quarterly_filings/2023_Q1.pdf,https://www.sec.gov/ix?doc=/Archives/edgar/data/0000320193/000032019323000064/aapl-20231231.htm,Item 2. Management's Discussion and Analysis - Research and Development,Disclosure Context (2023_Q1): Trigger: 'Massive dataset ingestion for foundation model training created storage and bandwidth bottlenecks'. Management Action: 'Deploy automated dataset deduplication and filtering'. Scope: 'Implement semantic embeddings filtering across multimodal training corpora'. Rationale: 'Improves training token quality while reducing GPU compute cycles'.,Enhance Apple Intelligence Data Efficiency,Machine learning research teams developed an automated data curation and semantic deduplication pipeline for pre-training proprietary foundation models. The system utilizes embedding distance metrics to remove redundant web-crawled text and low-information image tokens before batch ingestion into GPU training clusters.,Foundation model training dataset curation and compression,revise,"Reduces foundation model training compute time by 25% without sacrificing model evaluation accuracy, significantly lowering GPU cluster electricity and operational cloud spending.","[{""name"": ""R&DExpense"", ""value"": ""$7,709M"", ""unit"": ""USD"", ""observed_on"": ""2023-02-02""}, {""name"": ""TotalOperatingExpenses"", ""value"": ""$14,316M"", ""unit"": ""USD"", ""observed_on"": ""2023-02-02""}]",R&D,reported,"{r&d,revise}"
AAPL-2023Q1-0134,Apple Inc.,2023-02-02,quarterly_filings/2023_Q1.pdf,https://www.sec.gov/ix?doc=/Archives/edgar/data/0000320193/000032019323000064/aapl-20231231.htm,Note 8. Commitments and Contingencies - Legal Proceedings,Disclosure Context (2023_Q1): Trigger: 'App Store review rejections sparked developer frustration and regulatory complaints regarding transparency'. Management Action: 'Enhance developer appeal mechanisms'. Scope: 'Expand App Review Board direct teleconference appeal sessions for contested rejections'. Rationale: 'Resolves developer disputes administratively and mitigates regulatory escalation'.,Strengthen App Store Developer Communication,Developer relations legal teams expanded direct communication channels and administrative dispute mechanisms within the App Review Board. Developers facing rejection under contested guideline provisions were provided with dedicated phone and video appeal consultations with senior review specialists to discuss necessary code remediations.,App Store developer relations and review appeal process enhancement,expand,"Resolves developer friction collaboratively and transparently, dramatically reducing the likelihood that disgruntled third-party developers escalate ordinary review disputes to regulatory bodies or antitrust plaintiffs.","[{""name"": ""ServicesNetSales"", ""value"": ""$20,766M"", ""unit"": ""USD"", ""observed_on"": ""2023-02-02""}, {""name"": ""ActiveInstalledBase"", ""value"": ""2.0B+"", ""unit"": ""devices"", ""observed_on"": ""2023-02-02""}]",Legal,reported,"{legal,expand}"
AAPL-2023Q1-0135,Apple Inc.,2023-02-02,quarterly_filings/2023_Q1.pdf,https://www.sec.gov/ix?doc=/Archives/edgar/data/0000320193/000032019323000064/aapl-20231231.htm,"Item 2. Management's Discussion and Analysis - Selling, General and Administrative",Disclosure Context (2023_Q1): Trigger: 'Carrier fuel surcharges and expedited courier expenses increased e-commerce fulfillment costs'. Management Action: 'Curtail complimentary express shipping'. Scope: 'Adjust free delivery thresholds on Apple.com to promote standard ground transit'. Rationale: 'Protects e-commerce gross margins from carrier surcharge inflation'.,Reduce Express Shipping Subsidies,"Online store merchandising leadership recalibrated complimentary delivery offerings on Apple.com, restricting free expedited overnight shipping exclusively to high-value hardware purchases and customized build-to-order Mac configurations. Standard accessory orders and lower-tier devices were shifted to free 2-to-3 business day ground fulfillment.",Express shipping subsidy reduction,reduce,"Significantly curbs out-of-pocket expedited courier freight and fuel surcharges paid to FedEx and UPS, safeguarding direct e-commerce operating margins across major Western markets.","[{""name"": ""ProductsCostOfSales"", ""value"": ""$60,707M"", ""unit"": ""USD"", ""observed_on"": ""2023-02-02""}, {""name"": ""TotalOperatingExpenses"", ""value"": ""$14,316M"", ""unit"": ""USD"", ""observed_on"": ""2023-02-02""}]",Operations,reported,"{operations,reduce}"
AAPL-2023Q1-0136,Apple Inc.,2023-02-02,quarterly_filings/2023_Q1.pdf,https://www.sec.gov/ix?doc=/Archives/edgar/data/0000320193/000032019323000064/aapl-20231231.htm,Item 2. Management's Discussion and Analysis - Liquidity and Capital Resources,Disclosure Context (2023_Q1): Trigger: 'Ongoing geopolitical and supply chain uncertainties necessitated enhanced precautionary cash reserves'. Management Action: 'Augment liquid cash holdings'. Scope: 'Maintain at least $20 billion in cash equivalents and government repo facilities'. Rationale: 'Provides uninterrupted operational solvency under severe market stress'.,Increase Short Term Liquidity Buffer,"Treasury management directed financial operations to maintain an augmented cash and cash equivalent balance of over $20.5 billion, prioritizing instantaneous liquidity over slight yield enhancement in longer-dated notes. The liquidity buffer is held in overnight Federal Reserve repurchase agreements and AAA-rated sovereign money market funds.",Short-term liquidity reserve expansion,expand,"Provides an impregnable operational safety cushion to navigate unexpected geopolitical disruptions, supply chain shutdowns, or banking sector liquidity crises with absolute autonomy.","[{""name"": ""CashAndCashEquivalents"", ""value"": ""$20,535M"", ""unit"": ""USD"", ""observed_on"": ""2023-02-02""}, {""name"": ""TotalCashAndSecurities"", ""value"": ""$165,450M"", ""unit"": ""USD"", ""observed_on"": ""2023-02-02""}]",Finance,reported,"{finance,expand}"
AAPL-2023Q1-0137,Apple Inc.,2023-02-02,quarterly_filings/2023_Q1.pdf,https://www.sec.gov/ix?doc=/Archives/edgar/data/0000320193/000032019323000064/aapl-20231231.htm,Item 2. Management's Discussion and Analysis - Research and Development,Disclosure Context (2023_Q1): Trigger: 'Users experienced occasional Face ID retry delays in complete darkness or bedside angles'. Management Action: 'Refine VCSEL flood illuminator calibration'. Scope: 'Dynamically boost infrared flood illuminator pulse intensity and sensor gain in iOS 16'. Rationale: 'Achieves instant low-light biometric unlocking without visible glare'.,Improve Face ID Low Light Accuracy,Camera and sensor hardware engineering tuned the adaptive pulse duty-cycle of the vertical-cavity surface-emitting laser (VCSEL) flood illuminator within the TrueDepth camera module. The updated driver dynamically boosts infrared illumination pulses when ambient light sensors detect pitch-black environments.,TrueDepth infrared illumination and sensor gain calibration,revise,"Eliminates failed biometric unlock attempts in dark rooms and extreme viewing angles, providing frictionless Face ID authentication 24 hours a day.","[{""name"": ""iPhoneNetSales"", ""value"": ""$65,775M"", ""unit"": ""USD"", ""observed_on"": ""2023-02-02""}, {""name"": ""ActiveInstalledBase"", ""value"": ""2.0B+"", ""unit"": ""devices"", ""observed_on"": ""2023-02-02""}]",R&D,reported,"{r&d,revise}"
AAPL-2023Q1-0138,Apple Inc.,2023-02-02,quarterly_filings/2023_Q1.pdf,https://www.sec.gov/ix?doc=/Archives/edgar/data/0000320193/000032019323000064/aapl-20231231.htm,Note 8. Commitments and Contingencies - Warranties,Disclosure Context (2023_Q1): Trigger: 'Multilingual legal translations of warranty documentation contained minor semantic ambiguities'. Management Action: 'Conduct comprehensive warranty language review'. Scope: 'Audit consumer warranty disclosures across 38 localized languages for all hardware products'. Rationale: 'Guarantees legal enforceability and eliminates localized consumer misinterpretations'.,Review Global Warranty Disclosure Language,Products regulatory legal teams conducted an extensive linguistic and statutory audit of Apple's packaging warranty inserts and online limited warranty disclosures across 38 localized languages. Legal specialists verified that translated disclosures regarding accidental damage exclusions and battery capacity degradation conform strictly to local contract laws.,Global hardware warranty documentation clarity and translation review,investigate,"Prevents localized consumer misinterpretations and ensures uniform legal enforceability of warranty terms across all global operating markets, safeguarding Apple against unexpected warranty liability expansions.","[{""name"": ""TotalNetSales"", ""value"": ""$117,154M"", ""unit"": ""USD"", ""observed_on"": ""2023-02-02""}, {""name"": ""ActiveInstalledBase"", ""value"": ""2.0B+"", ""unit"": ""devices"", ""observed_on"": ""2023-02-02""}]",Legal,reported,"{legal,investigate}"
AAPL-2023Q1-0139,Apple Inc.,2023-02-02,quarterly_filings/2023_Q1.pdf,https://www.sec.gov/ix?doc=/Archives/edgar/data/0000320193/000032019323000064/aapl-20231231.htm,Item 2. Management's Discussion and Analysis - Commercial Channels,Disclosure Context (2023_Q1): Trigger: 'Store-level inventory audits showed localized imbalances between base and pro hardware configurations'. Management Action: 'Re-tier store stocking profiles'. Scope: 'Reallocate high-spec Mac and iPhone inventory to urban flagship locations based on local demographics'. Rationale: 'Reduces lost sales from localized stockouts while minimizing dead inventory'.,Optimize Retail Inventory Mix,"Retail merchandising operations implemented localized inventory assortment profiles across Apple's 520+ retail stores, categorizing stores into demographic tier brackets based on historical customer purchase patterns. High-spec build-to-order M2 Pro MacBook Pros and 1TB iPhone 14 Pro Max units were concentrated in high-income urban flagships, while suburban stores received higher volumes of entry-tier models.",Retail store inventory mix optimization,revise,Eliminates lost sales caused by out-of-stock premium hardware in metropolitan flagships while preventing slow-moving high-ticket inventory from sitting dormant in suburban display cases.,"[{""name"": ""TotalNetSales"", ""value"": ""$117,154M"", ""unit"": ""USD"", ""observed_on"": ""2023-02-02""}, {""name"": ""RetailStoreCount"", ""value"": ""520+"", ""unit"": ""locations"", ""observed_on"": ""2023-02-02""}]",Operations,reported,"{operations,revise}"
AAPL-2023Q1-0140,Apple Inc.,2023-02-02,quarterly_filings/2023_Q1.pdf,https://www.sec.gov/ix?doc=/Archives/edgar/data/0000320193/000032019323000064/aapl-20231231.htm,Note 3. Derivative Instruments and Hedging Activities,Disclosure Context (2023_Q1): Trigger: 'Historic strength of the US dollar created severe drag on international segment net sales'. Management Action: 'Refine multi-currency derivative hedging program'. Scope: 'Incorporate collar option strategies and extend hedge horizons up to 18 months'. Rationale: 'Caps maximum downside revenue erosion while lowering option premium expenses'.,Enhance Foreign Exchange Hedging Strategy,"Corporate treasury refined its quantitative foreign exchange hedging framework, incorporating cost-neutral collar derivative structures alongside traditional plain-vanilla forward contracts. The enhanced hedging strategy extends rolling protection horizons up to 18 months for euro, British pound, and Japanese yen cash flows.",Foreign exchange derivative hedge strategy enhancement,revise,"Caps maximum foreign currency translation degradation across European and Asian operations while eliminating cash premium outlays, protecting gross margins against sudden dollar surges.","[{""name"": ""FXRevenueHeadwind"", ""value"": ""~800 bps"", ""unit"": ""basis points"", ""observed_on"": ""2023-02-02""}, {""name"": ""TotalNetSales"", ""value"": ""$117,154M"", ""unit"": ""USD"", ""observed_on"": ""2023-02-02""}]",Finance,reported,"{finance,revise}"
AAPL-2023Q1-0141,Apple Inc.,2023-02-02,quarterly_filings/2023_Q1.pdf,https://www.sec.gov/ix?doc=/Archives/edgar/data/0000320193/000032019323000064/aapl-20231231.htm,Item 2. Management's Discussion and Analysis - Research and Development,Disclosure Context (2023_Q1): Trigger: 'Background audio decoding and window server compositing consumed unnecessary power during idle states'. Management Action: 'Tune dynamic frequency scaling governors'. Scope: 'Shift non-interactive UI rendering to efficiency cores across M-series MacBooks'. Rationale: 'Extends lightweight productivity battery endurance up to 22 hours'.,Optimize macOS Energy Consumption,"Kernel software engineering recalibrated the dynamic voltage and frequency scaling (DVFS) power governor within the macOS Ventura XNU kernel. The software aggressively migrates background audio decoding, window server compositing, and network polling threads to high-efficiency E-cores, keeping high-performance P-cores in ultra-low power sleep states during idle periods.",macOS dynamic voltage and frequency scaling (DVFS) governor tuning,revise,"Extends real-world battery life during web browsing and document editing up to an unprecedented 22 hours on MacBook Pro, widening Apple Silicon's efficiency lead over Intel and AMD x86 laptops.","[{""name"": ""MacNetSales"", ""value"": ""$7,735M"", ""unit"": ""USD"", ""observed_on"": ""2023-02-02""}, {""name"": ""R&DExpense"", ""value"": ""$7,709M"", ""unit"": ""USD"", ""observed_on"": ""2023-02-02""}]",R&D,reported,"{r&d,revise}"
AAPL-2023Q1-0142,Apple Inc.,2023-02-02,quarterly_filings/2023_Q1.pdf,https://www.sec.gov/ix?doc=/Archives/edgar/data/0000320193/000032019323000064/aapl-20231231.htm,Note 8. Commitments and Contingencies - Regulatory Proceedings,Disclosure Context (2023_Q1): Trigger: 'Regulatory scrutiny of digital advertising creative standards increased across major consumer markets'. Management Action: 'Establish advertising pre-clearance legal committee'. Scope: 'Implement mandatory legal pre-review for all commercial campaign assets and product taglines'. Rationale: 'Prevents misleading marketing challenges and defends brand trust'.,Strengthen Advertising Content Review Process,"Marketing legal counsel formalized an internal pre-clearance committee responsible for vetting all global digital and broadcast advertising creatives prior to public release. The committee scrutinizes comparative product performance benchmarks, environmental sustainability claims, and battery life assertions against empirical test logs.",Digital advertising creative and privacy claim pre-clearance workflow,investigate,"Eliminates legal exposure to competitor false advertising lawsuits and regulatory corrective advertising orders, safeguarding Apple's hard-won brand equity and premium consumer trust.","[{""name"": ""TotalOperatingExpenses"", ""value"": ""$14,316M"", ""unit"": ""USD"", ""observed_on"": ""2023-02-02""}, {""name"": ""TotalNetSales"", ""value"": ""$117,154M"", ""unit"": ""USD"", ""observed_on"": ""2023-02-02""}]",Legal,reported,"{legal,investigate}"
AAPL-2023Q1-0143,Apple Inc.,2023-02-02,quarterly_filings/2023_Q1.pdf,https://www.sec.gov/ix?doc=/Archives/edgar/data/0000320193/000032019323000064/aapl-20231231.htm,Item 2. Management's Discussion and Analysis - Supply Chain Operations,"Disclosure Context (2023_Q1): Trigger: 'Broadening electronic component market softening provided leverage for annual contract renegotiations'. Management Action: 'Aggressively renegotiate vendor component pricing'. Scope: 'Reopen pricing discussions on memory, passive components, and camera lenses with tier-1 suppliers'. Rationale: 'Secures margin expansion on hardware bills-of-materials'.",Increase Component Cost Negotiation Efforts,"Global procurement taskforces initiated aggressive mid-cycle pricing renegotiations across tier-1 component suppliers for memory, image sensors, passive components, and battery cells. Citing broader macroeconomic softness in consumer electronics and Apple's massive multi-year volume commitments, procurement executives demanded 5% to 8% price concessions on forward delivery contracts.",Component cost renegotiation expansion,expand,"Directly reduces hardware bills-of-materials across high-volume product families, driving hardware gross margin recovery and defending profitability against foreign exchange headwinds.","[{""name"": ""ProductsGrossMargin"", ""value"": ""37.0%"", ""unit"": ""percentage"", ""observed_on"": ""2023-02-02""}, {""name"": ""ManufacturingPurchaseObligations"", ""value"": ""$55.1B"", ""unit"": ""USD"", ""observed_on"": ""2023-02-02""}]",Operations,reported,"{operations,expand}"
AAPL-2023Q1-0144,Apple Inc.,2023-02-02,quarterly_filings/2023_Q1.pdf,https://www.sec.gov/ix?doc=/Archives/edgar/data/0000320193/000032019323000064/aapl-20231231.htm,Item 2. Management's Discussion and Analysis - Capital Resources,Disclosure Context (2023_Q1): Trigger: 'Exponential demand for generative machine learning training cycles required dedicated hardware clusters'. Management Action: 'Approve AI infrastructure procurement package'. Scope: 'Commit $500 million for specialized GPU clusters and high-bandwidth interconnects'. Rationale: 'Builds foundational high-performance compute capacity for foundation model development'.,Allocate Funds Toward AI Infrastructure,Finance leadership approved a $500 million specialized capital expenditure package to procure next-generation AI server clusters and high-bandwidth optical network fabrics. The hardware deployment expands Apple's internal supercomputing infrastructure dedicated to training large-scale multimodal models and neural voice synthesis engines.,AI compute infrastructure capital allocation,expand,"Secures essential scarce high-performance compute capacity, providing Apple engineering teams with the infrastructure required to develop proprietary generative AI models in-house.","[{""name"": ""R&DExpense"", ""value"": ""$7,709M"", ""unit"": ""USD"", ""observed_on"": ""2023-02-02""}, {""name"": ""TotalOperatingExpenses"", ""value"": ""$14,316M"", ""unit"": ""USD"", ""observed_on"": ""2023-02-02""}]",Finance,reported,"{finance,expand}"
AAPL-2023Q1-0145,Apple Inc.,2023-02-02,quarterly_filings/2023_Q1.pdf,https://www.sec.gov/ix?doc=/Archives/edgar/data/0000320193/000032019323000064/aapl-20231231.htm,Item 2. Management's Discussion and Analysis - Services Net Sales,"Disclosure Context (2023_Q1): Trigger: 'Algorithmic personal radio stations experienced higher skip rates during genre transitions'. Management Action: 'Refine collaborative filtering and acoustic feature embeddings'. Scope: 'Incorporate tempo, key signature, and acoustic warmth vectors into Apple Music personal stations'. Rationale: 'Creates seamless playlist transitions to maximize subscriber streaming time'.",Improve Apple Music Recommendation Engine,"Music personalization software teams incorporated deep audio feature vectors—including tempo, harmonic key, spectral balance, and vocal presence—into Apple Music's personal radio algorithm. The system evaluates real-time track skip behaviors to smoothly transition between musical genres without abrupt acoustic shifts.",Apple Music personal radio and collaborative filtering algorithm enhancement,revise,"Reduces track skip rates by 18% on personalized stations and boosts session listening duration, strengthening subscription retention across Apple's 935+ million paid services subscriber base.","[{""name"": ""ServicesNetSales"", ""value"": ""$20,766M"", ""unit"": ""USD"", ""observed_on"": ""2023-02-02""}, {""name"": ""ServicesGrossMargin"", ""value"": ""70.8%"", ""unit"": ""percentage"", ""observed_on"": ""2023-02-02""}]",R&D,reported,"{r&d,revise}"
AAPL-2023Q1-0146,Apple Inc.,2023-02-02,quarterly_filings/2023_Q1.pdf,https://www.sec.gov/ix?doc=/Archives/edgar/data/0000320193/000032019323000064/aapl-20231231.htm,Item 2. Management's Discussion and Analysis - Supply Chain Governance,Disclosure Context (2023_Q1): Trigger: 'Institutional ESG asset managers required verified third-party supplier sustainability audit data'. Management Action: 'Expand annual Supplier ESG Compliance Review'. Scope: 'Audit conflict minerals reporting under SEC Rule 13p-1 and renewable electricity adoption across 250 suppliers'. Rationale: 'Fulfills SEC statutory reporting and upholds institutional ESG investment ratings'.,Conduct Supplier ESG Compliance Review,"Supply chain legal and corporate governance leadership conducted the annual Supplier ESG Compliance Review covering 250 primary manufacturing and sub-tier component facilities. The audit verified conflict-free tin, tantalum, tungsten, and gold (3TG) smelter certifications under SEC Rule 13p-1 and validated supplier transitions to 100% renewable operational electricity.","Supplier environmental, social, and governance compliance review",expand,"Guarantees statutory compliance with SEC conflict minerals regulations and satisfies stringent institutional ESG investment criteria, preserving Apple's position in major sustainable investment funds.","[{""name"": ""ManufacturingPurchaseObligations"", ""value"": ""$55.1B"", ""unit"": ""USD"", ""observed_on"": ""2023-02-02""}, {""name"": ""TotalOperatingExpenses"", ""value"": ""$14,316M"", ""unit"": ""USD"", ""observed_on"": ""2023-02-02""}]",Legal,reported,"{legal,expand}"
AAPL-2023Q1-0147,Apple Inc.,2023-02-02,quarterly_filings/2023_Q1.pdf,https://www.sec.gov/ix?doc=/Archives/edgar/data/0000320193/000032019323000064/aapl-20231231.htm,Item 2. Management's Discussion and Analysis - Inventories,Disclosure Context (2023_Q1): Trigger: 'Returned open-box merchandise accumulated in retail store stockrooms post-holidays'. Management Action: 'Implement accelerated in-store repackaging'. Scope: 'Equip retail store stockrooms with standardized inspection and resealing stations'. Rationale: 'Enables rapid return of pristine open-box units to active retail inventory'.,Streamline Returns Restocking Process,Retail store operations launched a streamlined in-store return reconditioning protocol across all company retail stores. Backroom retail teams were provided with certified packaging reseal equipment and standardized 12-point inspection checklists to rapidly recertify unopened or pristine customer returns for immediate local store replenishment.,Returns restocking workflow streamlining,expand,"Bypasses weeks of freight transit to central reverse logistics depots, allowing pristine returned merchandise to be restocked and sold within 24 hours at full retail value.","[{""name"": ""InventoriesEndingBalance"", ""value"": ""$6,820M"", ""unit"": ""USD"", ""observed_on"": ""2023-02-02""}, {""name"": ""TotalNetSales"", ""value"": ""$117,154M"", ""unit"": ""USD"", ""observed_on"": ""2023-02-02""}]",Operations,reported,"{operations,expand}"
AAPL-2023Q1-0148,Apple Inc.,2023-02-02,quarterly_filings/2023_Q1.pdf,https://www.sec.gov/ix?doc=/Archives/edgar/data/0000320193/000032019323000064/aapl-20231231.htm,Item 2. Management's Discussion and Analysis - Liquidity and Capital Resources,Disclosure Context (2023_Q1): Trigger: 'Macro revenue headwinds prompted comprehensive review of project return hurdles'. Management Action: 'Defer non-urgent capital projects'. Scope: 'Postpone secondary retail store remodels and administrative campus expansions by 6 to 9 months'. Rationale: 'Preserves immediate free cash flow while prioritizing product R&D'.,Reassess Capital Expenditure Timing,"Corporate financial planning conducted a comprehensive project-by-project review of non-critical capital expenditures, ordering the 6-to-9 month postponement of planned cosmetic retail store renovations and peripheral corporate campus buildouts. The deferral preserves approximately $450 million in near-term cash.",Non-critical capital expenditure deferral,defer,"Maintains strict operational capital discipline, protecting free cash flow and ensuring capital remains concentrated on mission-critical silicon development and revenue-generating product launches.","[{""name"": ""OperatingCashFlow"", ""value"": ""$34,005M"", ""unit"": ""USD"", ""observed_on"": ""2023-02-02""}, {""name"": ""TotalCashAndSecurities"", ""value"": ""$165,450M"", ""unit"": ""USD"", ""observed_on"": ""2023-02-02""}]",Finance,reported,"{finance,defer}"
AAPL-2023Q1-0149,Apple Inc.,2023-02-02,quarterly_filings/2023_Q1.pdf,https://www.sec.gov/ix?doc=/Archives/edgar/data/0000320193/000032019323000064/aapl-20231231.htm,Item 2. Management's Discussion and Analysis - Research and Development,Disclosure Context (2023_Q1): Trigger: 'Emerging quantum computing architectures posed long-term threat to classical public-key cryptography'. Management Action: 'Initiate post-quantum messaging protocol architecture'. Scope: 'Develop hybrid Kyber post-quantum key encapsulation primitives for future iMessage releases'. Rationale: 'Preempts harvest-now-decrypt-later quantum attacks against user communications'.,Enhance iMessage Encryption Protocols,Apple security architecture and cryptography researchers initiated engineering development on the PQ3 post-quantum cryptographic messaging protocol for iMessage. The cryptographic framework combines classical Elliptic Curve cryptography with Kyber post-quantum lattice-based key encapsulation mechanisms to secure message channels against future quantum decryptor capabilities.,Post-quantum cryptographic key encapsulation mechanism (PQ3) design,revise,"Future-proofs Apple's communications platform against harvest-now-decrypt-later nation-state adversaries, establishing the highest level of cryptographic security of any mainstream messaging app in the world.","[{""name"": ""ActiveInstalledBase"", ""value"": ""2.0B+"", ""unit"": ""devices"", ""observed_on"": ""2023-02-02""}, {""name"": ""R&DExpense"", ""value"": ""$7,709M"", ""unit"": ""USD"", ""observed_on"": ""2023-02-02""}]",R&D,reported,"{r&d,revise}"
AAPL-2023Q1-0150,Apple Inc.,2023-02-02,quarterly_filings/2023_Q1.pdf,https://www.sec.gov/ix?doc=/Archives/edgar/data/0000320193/000032019323000064/aapl-20231231.htm,Note 8. Commitments and Contingencies - Regulatory Proceedings,Disclosure Context (2023_Q1): Trigger: 'Draft EU-U.S. Data Privacy Framework negotiations reached critical regulatory milestones'. Management Action: 'Review enterprise data transfer architectures'. Scope: 'Assess compliance readiness for commercial and employee personal data transfers across transatlantic channels'. Rationale: 'Prepares for formal certification under the EU-U.S. Data Privacy Framework'.,Review Cross Border Data Transfer Policies,International privacy counsel conducted a comprehensive review of Apple's cross-border enterprise data transfer architectures in anticipation of the European Commission's adequacy decision on the EU-U.S. Data Privacy Framework. Counsel cataloged personal data flows between European subsidiaries and US corporate cloud infrastructure.,Cross-border data transfer governance and statutory alignment review,investigate,"Positions Apple for immediate certification under the transatlantic data framework upon enactment, providing ironclad legal authorization for transatlantic cloud operations and corporate HR data exchanges.","[{""name"": ""ServicesNetSales"", ""value"": ""$20,766M"", ""unit"": ""USD"", ""observed_on"": ""2023-02-02""}, {""name"": ""ActiveInstalledBase"", ""value"": ""2.0B+"", ""unit"": ""devices"", ""observed_on"": ""2023-02-02""}]",Legal,reported,"{legal,investigate}"
AAPL-2023Q1-0151,Apple Inc.,2023-02-02,quarterly_filings/2023_Q1.pdf,https://www.sec.gov/ix?doc=/Archives/edgar/data/0000320193/000032019323000064/aapl-20231231.htm,Item 2. Management's Discussion and Analysis - Customer Support Operations,Disclosure Context (2023_Q1): Trigger: 'Regional parts depots experienced simultaneous stockouts of iPhone 14 screens and surplus of older logic boards'. Management Action: 'Deploy predictive parts consumption modeling'. Scope: 'Upgrade machine learning replenishment algorithms across global AppleCare parts networks'. Rationale: 'Aligns spare parts buffer stock with actual incident frequency rates'.,Increase Spare Parts Forecast Accuracy,"AppleCare supply chain engineering deployed an upgraded machine-learning parts consumption forecasting model across global regional distribution centers in North America, Europe, and Asia-Pacific. The system correlates localized device failure telemetry, device age distribution, and environmental climate factors to predict regional spare part consumption down to the individual component level.",Spare parts demand forecasting enhancement,expand,"Eliminates mismatched service depot stocking, reducing expensive expedited cross-depot emergency part transfers while keeping warranty fulfillment rates above 98%.","[{""name"": ""ActiveInstalledBase"", ""value"": ""2.0B+"", ""unit"": ""devices"", ""observed_on"": ""2023-02-02""}, {""name"": ""VendorNonTradeReceivables"", ""value"": ""$30,400M"", ""unit"": ""USD"", ""observed_on"": ""2023-02-02""}]",Operations,reported,"{operations,expand}"
AAPL-2023Q1-0152,Apple Inc.,2023-02-02,quarterly_filings/2023_Q1.pdf,https://www.sec.gov/ix?doc=/Archives/edgar/data/0000320193/000032019323000064/aapl-20231231.htm,Note 2. Financial Instruments - Marketable Securities,"Disclosure Context (2023_Q1): Trigger: 'Marketable securities portfolio held $134.9B across corporate and government securities'. Management Action: 'Broaden asset diversification parameters'. Scope: 'Increase allocation to non-US sovereign debt, municipal bonds, and mortgage-backed securities'. Rationale: 'Optimizes risk-adjusted yield and reduces issuer concentration risk'.",Expand Long Term Investment Portfolio Diversification,"Apple treasury updated the corporate investment policy guidelines for its non-current marketable securities portfolio ($114.1 billion), increasing allowable allocation thresholds for AAA-rated non-U.S. sovereign bonds and agency mortgage-backed securities. Treasury portfolio managers diversified investment holdings across 8 distinct institutional asset classes.",Investment portfolio asset class diversification,expand,"Enhances overall risk-adjusted portfolio yield while reducing concentration risk in domestic corporate credits, ensuring capital preservation across varying macroeconomic cycles.","[{""name"": ""MarketableSecuritiesNonCurrent"", ""value"": ""$114,095M"", ""unit"": ""USD"", ""observed_on"": ""2023-02-02""}, {""name"": ""TotalCashAndSecurities"", ""value"": ""$165,450M"", ""unit"": ""USD"", ""observed_on"": ""2023-02-02""}]",Finance,reported,"{finance,expand}"
AAPL-2023Q1-0153,Apple Inc.,2023-02-02,quarterly_filings/2023_Q1.pdf,https://www.sec.gov/ix?doc=/Archives/edgar/data/0000320193/000032019323000064/aapl-20231231.htm,Item 2. Management's Discussion and Analysis - Research and Development,Disclosure Context (2023_Q1): Trigger: 'Large watchOS over-the-air update packages resulted in slow installations and user friction'. Management Action: 'Implement differential delta update packaging'. Scope: 'Deploy binary-diff delta patching algorithms in watchOS 9.2 update delivery'. Rationale: 'Reduces over-the-air package size by 60% and accelerates installation'.,Reduce WatchOS Update File Size,"Software release engineering overhauled the over-the-air (OTA) software update distribution mechanism for watchOS, deploying specialized binary-diff delta compression. Rather than downloading monolithic operating system images, watchOS devices download only modified executable binaries and localized asset patches.",watchOS delta update packaging and differential compression,reduce,"Reduces wireless update download payloads from over 1.5 gigabytes to under 400 megabytes, cutting Apple Watch installation times in half and boosting rapid software update adoption rates.","[{""name"": ""WearablesNetSales"", ""value"": ""$13,482M"", ""unit"": ""USD"", ""observed_on"": ""2023-02-02""}, {""name"": ""ActiveInstalledBase"", ""value"": ""2.0B+"", ""unit"": ""devices"", ""observed_on"": ""2023-02-02""}]",R&D,reported,"{r&d,reduce}"
AAPL-2023Q1-0154,Apple Inc.,2023-02-02,quarterly_filings/2023_Q1.pdf,https://www.sec.gov/ix?doc=/Archives/edgar/data/0000320193/000032019323000064/aapl-20231231.htm,Item 2. Management's Discussion and Analysis - Executive Overview,"Disclosure Context (2023_Q1): Trigger: 'Heightened global antitrust enforcement targeted large platform technology companies'. Management Action: 'Deploy mandatory competition law compliance curriculum'. Scope: 'Mandate annual antitrust training for all engineering directors, developer relations managers, and executives'. Rationale: 'Instills antitrust compliance culture and prevents anticompetitive conduct risks'.",Enhance Internal Competition Law Training,"Apple's legal compliance division launched an expanded, mandatory competition law training program for over 4,500 engineering directors, product managers, and business development executives globally. The curriculum addresses antitrust risks surrounding developer communications, competitor data sharing, platform exclusivity, and M&A integration.",Mandatory internal competition and antitrust compliance training expansion,expand,"Cultivates a proactive antitrust compliance culture across corporate leadership, preventing inadvertent anti-competitive communications that could become incriminating evidence in regulatory inquiries.","[{""name"": ""TotalOperatingExpenses"", ""value"": ""$14,316M"", ""unit"": ""USD"", ""observed_on"": ""2023-02-02""}, {""name"": ""TotalNetSales"", ""value"": ""$117,154M"", ""unit"": ""USD"", ""observed_on"": ""2023-02-02""}]",Legal,reported,"{legal,expand}"
AAPL-2023Q1-0155,Apple Inc.,2023-02-02,quarterly_filings/2023_Q1.pdf,https://www.sec.gov/ix?doc=/Archives/edgar/data/0000320193/000032019323000064/aapl-20231231.htm,Item 2. Management's Discussion and Analysis - Operating Expenses,Disclosure Context (2023_Q1): Trigger: 'Flexible remote work policies resulted in low daily utilization across secondary leased satellite offices'. Management Action: 'Consolidate leased real estate'. Scope: 'Sublease and terminate leases on underutilized satellite engineering and sales facilities in Sunnyvale and Santa Clara'. Rationale: 'Curbs ongoing facility rental and maintenance expenditures'.,Consolidate Underutilized Office Spaces,"Corporate real estate management undertook a comprehensive portfolio review of leased satellite commercial office properties across the Silicon Valley, Seattle, and European engineering hubs. Management opted to terminate expiring leases and sublease underutilized peripheral facilities, consolidating personnel into primary owned campus hubs.",Corporate office space consolidation,revise,"Permanently reduces fixed commercial lease obligations, building maintenance fees, and utility overhead, contributing to SG&A expense discipline without disrupting operational engineering capacity.","[{""name"": ""SG&AExpense"", ""value"": ""$6,607M"", ""unit"": ""USD"", ""observed_on"": ""2023-02-02""}, {""name"": ""TotalOperatingExpenses"", ""value"": ""$14,316M"", ""unit"": ""USD"", ""observed_on"": ""2023-02-02""}]",Operations,reported,"{operations,revise}"
AAPL-2023Q1-0156,Apple Inc.,2023-02-02,quarterly_filings/2023_Q1.pdf,https://www.sec.gov/ix?doc=/Archives/edgar/data/0000320193/000032019323000064/aapl-20231231.htm,Item 2. Management's Discussion and Analysis - Segment Performance,Disclosure Context (2023_Q1): Trigger: 'Foreign exchange volatility distorted underlying constant-currency revenue performance'. Management Action: 'Expand constant-currency segment disclosures'. Scope: 'Provide detailed constant-currency growth rates across all geographic reporting segments'. Rationale: 'Allows analysts to isolate operational execution from macro FX noise'.,Enhance Earnings Transparency Disclosures,"Financial reporting leadership expanded non-GAAP constant-currency disclosures within the MD&A commentary and earnings presentation materials. The enhanced reporting breaks out the exact foreign currency translation impact across each geographic operating segment (Americas, Europe, Greater China, Japan, Rest of Asia Pacific).",Segment disclosure transparency enhancement,expand,"Demonstrates to institutional investors that Apple achieved constant-currency revenue growth in total and across key markets, dispelling fears of structural organic demand destruction.","[{""name"": ""FXRevenueHeadwind"", ""value"": ""~800 bps"", ""unit"": ""basis points"", ""observed_on"": ""2023-02-02""}, {""name"": ""TotalNetSales"", ""value"": ""$117,154M"", ""unit"": ""USD"", ""observed_on"": ""2023-02-02""}]",Finance,reported,"{finance,expand}"
AAPL-2023Q1-0157,Apple Inc.,2023-02-02,quarterly_filings/2023_Q1.pdf,https://www.sec.gov/ix?doc=/Archives/edgar/data/0000320193/000032019323000064/aapl-20231231.htm,Item 2. Management's Discussion and Analysis - Research and Development,Disclosure Context (2023_Q1): Trigger: 'Heavy WebGL 3D graphics and complex CSS animations caused micro-stutters during page scrolling'. Management Action: 'Accelerate GPU rasterization pipeline'. Scope: 'Integrate Metal-accelerated 2D/3D compositing within WebKit across macOS and iPadOS'. Rationale: 'Achieves locked 120Hz ProMotion scrolling smoothness in Safari'.,Improve Safari Browser Performance,"WebKit graphic architecture teams integrated deep Metal framework optimizations into the core Safari rendering pipeline across macOS Ventura and iPadOS 16. The updated compositor delegates CSS transforms, SVG animations, and WebGL rasterization directly to the GPU's hardware command buffers without CPU software fallback.",Safari WebKit rendering engine and GPU rasterization acceleration,revise,"Delivers flawlessly smooth 120Hz ProMotion scrolling across complex web applications, maintaining Safari's reputation as the fastest and most responsive web browser on Apple hardware.","[{""name"": ""ActiveInstalledBase"", ""value"": ""2.0B+"", ""unit"": ""devices"", ""observed_on"": ""2023-02-02""}, {""name"": ""R&DExpense"", ""value"": ""$7,709M"", ""unit"": ""USD"", ""observed_on"": ""2023-02-02""}]",R&D,reported,"{r&d,revise}"
AAPL-2023Q1-0158,Apple Inc.,2023-02-02,quarterly_filings/2023_Q1.pdf,https://www.sec.gov/ix?doc=/Archives/edgar/data/0000320193/000032019323000064/aapl-20231231.htm,Note 8. Commitments and Contingencies - Legal Proceedings,"Disclosure Context (2023_Q1): Trigger: 'Multi-jurisdictional product launches required synchronized marketing claim substantiation'. Management Action: 'Standardize global claim verification workflows'. Scope: 'Unify advertising legal review protocols across Americas, Europe, and Asia-Pacific regional legal teams'. Rationale: 'Prevents contradictory marketing representations across regional advertising channels'.",Standardize Global Marketing Claim Review,"Commercial and marketing legal teams established a standardized digital clearance portal for all global marketing claims and technical promotional materials. The unified platform requires regional marketing directors in Europe, Greater China, and Japan to cross-check localized ad copy against central technical substantiation repositories.",Global marketing claim legal substantiation protocol standardization,investigate,"Eliminates contradictory marketing claims across global distribution channels, ensuring total consistency in consumer disclosures and shielding Apple from localized regulatory enforcement.","[{""name"": ""TotalOperatingExpenses"", ""value"": ""$14,316M"", ""unit"": ""USD"", ""observed_on"": ""2023-02-02""}, {""name"": ""TotalNetSales"", ""value"": ""$117,154M"", ""unit"": ""USD"", ""observed_on"": ""2023-02-02""}]",Legal,reported,"{legal,investigate}"
AAPL-2023Q1-0159,Apple Inc.,2023-02-02,quarterly_filings/2023_Q1.pdf,https://www.sec.gov/ix?doc=/Archives/edgar/data/0000320193/000032019323000064/aapl-20231231.htm,Item 2. Management's Discussion and Analysis - Research and Development / Services Infrastructure,"Disclosure Context (2023_Q1): Trigger: 'Surging electricity costs and massive server infrastructure expansion for 2B+ active devices increased data center operational overhead'. Management Action: 'Deploy dynamic power management'. Scope: 'Implement AI cooling optimization and server power throttling across Maiden, Mesa, and Prineville data centers'. Rationale: 'Lowers electrical utility bills and upholds corporate clean energy commitments'.",Reduce Energy Usage In Data Centers,"Apple cloud infrastructure operations implemented intelligent AI-driven power and cooling governors across corporate hyperscale data centers in Maiden, North Carolina; Mesa, Arizona; and Prineville, Oregon. The system dynamically modulates chiller plant water flow, leverages ambient evaporative free cooling, and schedules non-urgent batch machine learning workloads during off-peak power windows.",Data center energy efficiency optimization,reduce,"Achieves industry-leading Power Usage Effectiveness (PUE) ratings below 1.15, saving tens of millions of dollars in annual electrical utility costs while supporting the continuous operational expansion of Apple's 2.0 billion active device installed base.","[{""name"": ""ServicesNetSales"", ""value"": ""$20,766M"", ""unit"": ""USD"", ""observed_on"": ""2023-02-02""}, {""name"": ""ServicesGrossMargin"", ""value"": ""70.8%"", ""unit"": ""percentage"", ""observed_on"": ""2023-02-02""}]",Operations,reported,"{operations,reduce}"
AAPL-2023Q1-0160,Apple Inc.,2023-02-02,quarterly_filings/2023_Q1.pdf,https://www.sec.gov/ix?doc=/Archives/edgar/data/0000320193/000032019323000064/aapl-20231231.htm,Item 2. Management's Discussion and Analysis - Research and Development / Investments,Disclosure Context (2023_Q1): Trigger: 'Rapid emergence of disruptive generative AI architectures in the startup ecosystem'. Management Action: 'Expand strategic minority venture investments'. Scope: 'Commit $200 million into specialized early-stage AI tool and model developer rounds'. Rationale: 'Gains early insight into emerging model architectures and secures commercial collaboration rights'.,Increase Investment In Emerging AI Startups,"Corporate development established an expanded strategic minority investment pool of $200 million dedicated to emerging artificial intelligence startups specializing in on-device diffusion models, audio synthesis, and automated code generation. The investments secure early commercial licensing rights and strategic engineering partnerships.",Venture and startup strategic investment expansion,expand,Provides Apple with early visibility into breakthrough algorithmic paradigms while hedging internal R&D efforts with strategic equity stakes in high-potential artificial intelligence innovators.,"[{""name"": ""TotalCashAndSecurities"", ""value"": ""$165,450M"", ""unit"": ""USD"", ""observed_on"": ""2023-02-02""}, {""name"": ""R&DExpense"", ""value"": ""$7,709M"", ""unit"": ""USD"", ""observed_on"": ""2023-02-02""}]",Finance,reported,"{finance,expand}"
