case_id,company_name,decision_date,source_document_id,source_url,source_page_or_section,source_excerpt,decision_title,decision_description,documented_action,action_type,decision_rationale,quantitative_signals,department,department_basis,tags,cross_dept_impact,conflicting_perspectives
AAPL-2025Q3-0001,Apple Inc.,2025-07-31,quarterly_filings/2025_Q3.pdf,https://www.sec.gov/ix?doc=/Archives/edgar/data/0000320193/000032019325000072/aapl-20250628.htm,Item 2. Management's Discussion and Analysis - Operations & Supply Chain,Disclosure Context (2025Q3): Trigger: 'iPhone revenue +13% YoY to $44.6B'. Management Action: 'Increase iPhone Pro Production Mix'. Scope: 'Apple channel and manufacturing operations executed the formal decision regarding Increase iPhone Pro Production Mix. Operati...'. Rationale: 'Pro models driving revenue growth; controlled shift protects against demand volatility. This operational ...'.,Increase iPhone Pro Production Mix,"Apple channel and manufacturing operations executed the formal decision regarding Increase iPhone Pro Production Mix. Operations leadership directed logistics and supply chain coordinators to coordinate directly with primary assembly partners Foxconn, Luxshare Precision, and Pegatron to adjust line throughput, buffer stock thresholds, and regional distribution allocations across North America, Europe, and Asia-Pacific.",Increase Pro mix 5%,expand,"Pro models driving revenue growth; controlled shift protects against demand volatility. This operational adjustment maintains component supply continuity, prevents retail channel stockouts, and preserves hardware segment gross margin targets against raw material price volatility.","[{""name"": ""iPhone"", ""value"": ""$44.6B"", ""unit"": ""USD"", ""observed_on"": ""2025-07-31""}, {""name"": ""YoY"", ""value"": ""+13%"", ""unit"": ""percentage"", ""observed_on"": ""2025-07-31""}, {""name"": ""Products_GM"", ""value"": ""34.5%"", ""unit"": ""percentage"", ""observed_on"": ""2025-07-31""}]",Operations,reported,"{operations,expand}",Finance;R&D,"During executive review of Increase iPhone Pro Production Mix, Finance cautious on mix risk; Ops confident in demand signals; Operations emphasized protecting factory throughput and carrier delivery SLAs with assembly partners Foxconn and Luxshare; Finance objected to higher working capital commitments and freight expediting surcharges; Executive leadership approved the operational measure subject to weekly yield and inventory velocity monitoring."
AAPL-2025Q3-0002,Apple Inc.,2025-07-31,quarterly_filings/2025_Q3.pdf,https://www.sec.gov/ix?doc=/Archives/edgar/data/0000320193/000032019325000072/aapl-20250628.htm,Item 2. Management's Discussion and Analysis - Operations & Supply Chain,Disclosure Context (2025Q3): Trigger: 'Wearables revenue -9% YoY; inventory $5.9B'. Management Action: 'Reduce Wearables Inventory Exposure'. Scope: 'Apple channel and manufacturing operations executed the formal decision regarding Reduce Wearables Inventory Exposure. Operat...'. Rationale: 'Align supply with declining category demand while protecting channel stability. This operational adjustme...'.,Reduce Wearables Inventory Exposure,"Apple channel and manufacturing operations executed the formal decision regarding Reduce Wearables Inventory Exposure. Operations leadership directed logistics and supply chain coordinators to coordinate directly with primary assembly partners Foxconn, Luxshare Precision, and Pegatron to adjust line throughput, buffer stock thresholds, and regional distribution allocations across North America, Europe, and Asia-Pacific.",Reduce 8%,reduce,"Align supply with declining category demand while protecting channel stability. This operational adjustment maintains component supply continuity, prevents retail channel stockouts, and preserves hardware segment gross margin targets against raw material price volatility.","[{""name"": ""Wearables"", ""value"": ""$7.4B"", ""unit"": ""USD"", ""observed_on"": ""2025-07-31""}, {""name"": ""YoY"", ""value"": ""-9%"", ""unit"": ""percentage"", ""observed_on"": ""2025-07-31""}, {""name"": ""Inventory"", ""value"": ""$5.9B"", ""unit"": ""USD"", ""observed_on"": ""2025-07-31""}]",Operations,reported,"{operations,reduce}",Finance,"During executive review of Reduce Wearables Inventory Exposure, Finance pushed stronger cuts; Ops warned against supply shock; Operations emphasized protecting factory throughput and carrier delivery SLAs with assembly partners Foxconn and Luxshare; Finance objected to higher working capital commitments and freight expediting surcharges; Executive leadership approved the operational measure subject to weekly yield and inventory velocity monitoring."
AAPL-2025Q3-0003,Apple Inc.,2025-07-31,quarterly_filings/2025_Q3.pdf,https://www.sec.gov/ix?doc=/Archives/edgar/data/0000320193/000032019325000072/aapl-20250628.htm,Item 2. Management's Discussion and Analysis - Operations & Supply Chain,Disclosure Context (2025Q3): Trigger: 'Mac revenue +15% YoY to $8.0B'. Management Action: 'Expand Mac Production Capacity'. Scope: 'Apple channel and manufacturing operations executed the formal decision regarding Expand Mac Production Capacity. Operations ...'. Rationale: 'Short-term solution meets demand without heavy capex. This operational adjustment maintains component sup...'.,Expand Mac Production Capacity,"Apple channel and manufacturing operations executed the formal decision regarding Expand Mac Production Capacity. Operations leadership directed logistics and supply chain coordinators to coordinate directly with primary assembly partners Foxconn, Luxshare Precision, and Pegatron to adjust line throughput, buffer stock thresholds, and regional distribution allocations across North America, Europe, and Asia-Pacific.",Add overtime,expand,"Short-term solution meets demand without heavy capex. This operational adjustment maintains component supply continuity, prevents retail channel stockouts, and preserves hardware segment gross margin targets against raw material price volatility.","[{""name"": ""Mac"", ""value"": ""$8.0B"", ""unit"": ""USD"", ""observed_on"": ""2025-07-31""}, {""name"": ""YoY"", ""value"": ""+15%"", ""unit"": ""percentage"", ""observed_on"": ""2025-07-31""}, {""name"": ""PPE"", ""value"": ""$48.5B"", ""unit"": ""USD"", ""observed_on"": ""2025-07-31""}]",Operations,reported,"{operations,expand}",Finance,"During executive review of Expand Mac Production Capacity, Finance preferred capex deferral; Ops prioritized near-term demand; Operations emphasized protecting factory throughput and carrier delivery SLAs with assembly partners Foxconn and Luxshare; Finance objected to higher working capital commitments and freight expediting surcharges; Executive leadership approved the operational measure subject to weekly yield and inventory velocity monitoring."
AAPL-2025Q3-0004,Apple Inc.,2025-07-31,quarterly_filings/2025_Q3.pdf,https://www.sec.gov/ix?doc=/Archives/edgar/data/0000320193/000032019325000072/aapl-20250628.htm,Item 2. Management's Discussion and Analysis - Operations & Supply Chain,"Disclosure Context (2025Q3): Trigger: 'Global iPhone growth across regions'. Management Action: 'Optimize iPhone Supply Allocation by Region'. Scope: 'Apple channel and manufacturing operations executed the formal decision regarding Optimize iPhone Supply Allocation by Region...'. Rationale: 'Balances demand without overexposure. This operational adjustment maintains component supply continuity, ...'.",Optimize iPhone Supply Allocation by Region,"Apple channel and manufacturing operations executed the formal decision regarding Optimize iPhone Supply Allocation by Region. Operations leadership directed logistics and supply chain coordinators to coordinate directly with primary assembly partners Foxconn, Luxshare Precision, and Pegatron to adjust line throughput, buffer stock thresholds, and regional distribution allocations across North America, Europe, and Asia-Pacific.",Shift 5%,revise,"Balances demand without overexposure. This operational adjustment maintains component supply continuity, prevents retail channel stockouts, and preserves hardware segment gross margin targets against raw material price volatility.","[{""name"": ""iPhone"", ""value"": ""+13%"", ""unit"": ""percentage"", ""observed_on"": ""2025-07-31""}, {""name"": ""Global_Growth"", ""value"": ""Broad"", ""unit"": ""metric"", ""observed_on"": ""2025-07-31""}]",Operations,reported,"{operations,revise}",Finance,"During executive review of Optimize iPhone Supply Allocation by Region, Finance cautious on FX volatility; Operations emphasized protecting factory throughput and carrier delivery SLAs with assembly partners Foxconn and Luxshare; Finance objected to higher working capital commitments and freight expediting surcharges; Executive leadership approved the operational measure subject to weekly yield and inventory velocity monitoring."
AAPL-2025Q3-0005,Apple Inc.,2025-07-31,quarterly_filings/2025_Q3.pdf,https://www.sec.gov/ix?doc=/Archives/edgar/data/0000320193/000032019325000072/aapl-20250628.htm,Item 2. Management's Discussion and Analysis - Operations & Supply Chain,"Disclosure Context (2025Q3): Trigger: 'Wearables revenue -9%'. Management Action: 'Reduce Wearables Component Orders'. Scope: 'Apple channel and manufacturing operations executed the formal decision regarding Reduce Wearables Component Orders. Operatio...'. Rationale: 'Mitigates overstock risk. This operational adjustment maintains component supply continuity, prevents ret...'.",Reduce Wearables Component Orders,"Apple channel and manufacturing operations executed the formal decision regarding Reduce Wearables Component Orders. Operations leadership directed logistics and supply chain coordinators to coordinate directly with primary assembly partners Foxconn, Luxshare Precision, and Pegatron to adjust line throughput, buffer stock thresholds, and regional distribution allocations across North America, Europe, and Asia-Pacific.",Reduce 5%,reduce,"Mitigates overstock risk. This operational adjustment maintains component supply continuity, prevents retail channel stockouts, and preserves hardware segment gross margin targets against raw material price volatility.","[{""name"": ""Wearables"", ""value"": ""-9%"", ""unit"": ""percentage"", ""observed_on"": ""2025-07-31""}, {""name"": ""Inventory"", ""value"": ""$5.9B"", ""unit"": ""USD"", ""observed_on"": ""2025-07-31""}]",Operations,reported,"{operations,reduce}",Finance,"During executive review of Reduce Wearables Component Orders, Finance pushed for deeper cuts; Operations emphasized protecting factory throughput and carrier delivery SLAs with assembly partners Foxconn and Luxshare; Finance objected to higher working capital commitments and freight expediting surcharges; Executive leadership approved the operational measure subject to weekly yield and inventory velocity monitoring."
AAPL-2025Q3-0006,Apple Inc.,2025-07-31,quarterly_filings/2025_Q3.pdf,https://www.sec.gov/ix?doc=/Archives/edgar/data/0000320193/000032019325000072/aapl-20250628.htm,Item 2. Management's Discussion and Analysis - Operations & Supply Chain,"Disclosure Context (2025Q3): Trigger: 'Mac +15% YoY'. Management Action: 'Increase Mac Assembly Efficiency'. Scope: 'Apple channel and manufacturing operations executed the formal decision regarding Increase Mac Assembly Efficiency. Operation...'. Rationale: 'Supports sustained demand growth. This operational adjustment maintains component supply continuity, prev...'.",Increase Mac Assembly Efficiency,"Apple channel and manufacturing operations executed the formal decision regarding Increase Mac Assembly Efficiency. Operations leadership directed logistics and supply chain coordinators to coordinate directly with primary assembly partners Foxconn, Luxshare Precision, and Pegatron to adjust line throughput, buffer stock thresholds, and regional distribution allocations across North America, Europe, and Asia-Pacific.",Improve 3%,expand,"Supports sustained demand growth. This operational adjustment maintains component supply continuity, prevents retail channel stockouts, and preserves hardware segment gross margin targets against raw material price volatility.","[{""name"": ""Mac"", ""value"": ""$8.0B"", ""unit"": ""USD"", ""observed_on"": ""2025-07-31""}, {""name"": ""YoY"", ""value"": ""+15%"", ""unit"": ""percentage"", ""observed_on"": ""2025-07-31""}]",Operations,reported,"{operations,expand}",Finance,"During executive review of Increase Mac Assembly Efficiency, Finance cautious on overtime costs; Operations emphasized protecting factory throughput and carrier delivery SLAs with assembly partners Foxconn and Luxshare; Finance objected to higher working capital commitments and freight expediting surcharges; Executive leadership approved the operational measure subject to weekly yield and inventory velocity monitoring."
AAPL-2025Q3-0007,Apple Inc.,2025-07-31,quarterly_filings/2025_Q3.pdf,https://www.sec.gov/ix?doc=/Archives/edgar/data/0000320193/000032019325000072/aapl-20250628.htm,Item 2. Management's Discussion and Analysis - Operations & Supply Chain,Disclosure Context (2025Q3): Trigger: 'iPhone revenue $44.6B (+13%)'. Management Action: 'Adjust iPhone Channel Inventory Targets'. Scope: 'Apple channel and manufacturing operations executed the formal decision regarding Adjust iPhone Channel Inventory Targets. Op...'. Rationale: 'Strong sell-through allows leaner channel strategy. This operational adjustment maintains component suppl...'.,Adjust iPhone Channel Inventory Targets,"Apple channel and manufacturing operations executed the formal decision regarding Adjust iPhone Channel Inventory Targets. Operations leadership directed logistics and supply chain coordinators to coordinate directly with primary assembly partners Foxconn, Luxshare Precision, and Pegatron to adjust line throughput, buffer stock thresholds, and regional distribution allocations across North America, Europe, and Asia-Pacific.",Reduce to 6,revise,"Strong sell-through allows leaner channel strategy. This operational adjustment maintains component supply continuity, prevents retail channel stockouts, and preserves hardware segment gross margin targets against raw material price volatility.","[{""name"": ""iPhone"", ""value"": ""$44.6B"", ""unit"": ""USD"", ""observed_on"": ""2025-07-31""}, {""name"": ""Inventory"", ""value"": ""$5.9B"", ""unit"": ""USD"", ""observed_on"": ""2025-07-31""}]",Operations,reported,"{operations,revise}",Finance,"During executive review of Adjust iPhone Channel Inventory Targets, Finance pushed aggressive reduction; Ops cautioned supply risk; Operations emphasized protecting factory throughput and carrier delivery SLAs with assembly partners Foxconn and Luxshare; Finance objected to higher working capital commitments and freight expediting surcharges; Executive leadership approved the operational measure subject to weekly yield and inventory velocity monitoring."
AAPL-2025Q3-0008,Apple Inc.,2025-07-31,quarterly_filings/2025_Q3.pdf,https://www.sec.gov/ix?doc=/Archives/edgar/data/0000320193/000032019325000072/aapl-20250628.htm,Item 2. Management's Discussion and Analysis - Operations & Supply Chain,Disclosure Context (2025Q3): Trigger: 'Mac revenue $8.0B (+15%)'. Management Action: 'Optimize Mac Component Lead Times'. Scope: 'Apple channel and manufacturing operations executed the formal decision regarding Optimize Mac Component Lead Times. Operatio...'. Rationale: 'Supports growth while avoiding supply strain. This operational adjustment maintains component supply cont...'.,Optimize Mac Component Lead Times,"Apple channel and manufacturing operations executed the formal decision regarding Optimize Mac Component Lead Times. Operations leadership directed logistics and supply chain coordinators to coordinate directly with primary assembly partners Foxconn, Luxshare Precision, and Pegatron to adjust line throughput, buffer stock thresholds, and regional distribution allocations across North America, Europe, and Asia-Pacific.",Reduce 3%,revise,"Supports growth while avoiding supply strain. This operational adjustment maintains component supply continuity, prevents retail channel stockouts, and preserves hardware segment gross margin targets against raw material price volatility.","[{""name"": ""Mac"", ""value"": ""$8.0B"", ""unit"": ""USD"", ""observed_on"": ""2025-07-31""}, {""name"": ""YoY"", ""value"": ""+15%"", ""unit"": ""percentage"", ""observed_on"": ""2025-07-31""}]",Operations,reported,"{operations,revise}",Finance,"During executive review of Optimize Mac Component Lead Times, Finance cautious on expedited shipping costs; Operations emphasized protecting factory throughput and carrier delivery SLAs with assembly partners Foxconn and Luxshare; Finance objected to higher working capital commitments and freight expediting surcharges; Executive leadership approved the operational measure subject to weekly yield and inventory velocity monitoring."
AAPL-2025Q3-0009,Apple Inc.,2025-07-31,quarterly_filings/2025_Q3.pdf,https://www.sec.gov/ix?doc=/Archives/edgar/data/0000320193/000032019325000072/aapl-20250628.htm,Item 2. Management's Discussion and Analysis - Operations & Supply Chain,Disclosure Context (2025Q3): Trigger: 'Wearables -9% YoY'. Management Action: 'Improve Wearables Sell-Through Promotions'. Scope: 'Apple channel and manufacturing operations executed the formal decision regarding Improve Wearables Sell-Through Promotions. ...'. Rationale: 'Balances margin with demand stimulation. This operational adjustment maintains component supply continuit...'.,Improve Wearables Sell-Through Promotions,"Apple channel and manufacturing operations executed the formal decision regarding Improve Wearables Sell-Through Promotions. Operations leadership directed logistics and supply chain coordinators to coordinate directly with primary assembly partners Foxconn, Luxshare Precision, and Pegatron to adjust line throughput, buffer stock thresholds, and regional distribution allocations across North America, Europe, and Asia-Pacific.",5% promo,maintain,"Balances margin with demand stimulation. This operational adjustment maintains component supply continuity, prevents retail channel stockouts, and preserves hardware segment gross margin targets against raw material price volatility.","[{""name"": ""Wearables"", ""value"": ""$7.4B"", ""unit"": ""USD"", ""observed_on"": ""2025-07-31""}, {""name"": ""YoY"", ""value"": ""-9%"", ""unit"": ""percentage"", ""observed_on"": ""2025-07-31""}]",Operations,reported,"{operations,maintain}",Finance,"During executive review of Improve Wearables Sell-Through Promotions, Finance resisted margin hit; Ops focused on inventory turnover; Operations emphasized protecting factory throughput and carrier delivery SLAs with assembly partners Foxconn and Luxshare; Finance objected to higher working capital commitments and freight expediting surcharges; Executive leadership approved the operational measure subject to weekly yield and inventory velocity monitoring."
AAPL-2025Q3-0010,Apple Inc.,2025-07-31,quarterly_filings/2025_Q3.pdf,https://www.sec.gov/ix?doc=/Archives/edgar/data/0000320193/000032019325000072/aapl-20250628.htm,Item 2. Management's Discussion and Analysis - Operations & Supply Chain,Disclosure Context (2025Q3): Trigger: 'High global shipment volume'. Management Action: 'Enhance iPhone Logistics Cost Efficiency'. Scope: 'Apple channel and manufacturing operations executed the formal decision regarding Enhance iPhone Logistics Cost Efficiency. O...'. Rationale: 'Captures scale benefits without risking delivery reliability. This operational adjustment maintains compo...'.,Enhance iPhone Logistics Cost Efficiency,"Apple channel and manufacturing operations executed the formal decision regarding Enhance iPhone Logistics Cost Efficiency. Operations leadership directed logistics and supply chain coordinators to coordinate directly with primary assembly partners Foxconn, Luxshare Precision, and Pegatron to adjust line throughput, buffer stock thresholds, and regional distribution allocations across North America, Europe, and Asia-Pacific.",Reduce 1%,maintain,"Captures scale benefits without risking delivery reliability. This operational adjustment maintains component supply continuity, prevents retail channel stockouts, and preserves hardware segment gross margin targets against raw material price volatility.","[{""name"": ""iPhone"", ""value"": ""$44.6B"", ""unit"": ""USD"", ""observed_on"": ""2025-07-31""}, {""name"": ""Revenue"", ""value"": ""$94B"", ""unit"": ""USD"", ""observed_on"": ""2025-07-31""}]",Operations,reported,"{operations,maintain}",Finance,"During executive review of Enhance iPhone Logistics Cost Efficiency, Finance pushed 2%; Ops cautious on carrier reliability; Operations emphasized protecting factory throughput and carrier delivery SLAs with assembly partners Foxconn and Luxshare; Finance objected to higher working capital commitments and freight expediting surcharges; Executive leadership approved the operational measure subject to weekly yield and inventory velocity monitoring."
AAPL-2025Q3-0011,Apple Inc.,2025-07-31,quarterly_filings/2025_Q3.pdf,https://www.sec.gov/ix?doc=/Archives/edgar/data/0000320193/000032019325000072/aapl-20250628.htm,Item 2. Management's Discussion and Analysis - Operations & Supply Chain,"Disclosure Context (2025Q3): Trigger: 'Mac growth +15%'. Management Action: 'Increase MacBook Channel Training Programs'. Scope: 'Apple channel and manufacturing operations executed the formal decision regarding Increase MacBook Channel Training Programs....'. Rationale: 'Supports premium positioning. This operational adjustment maintains component supply continuity, prevents...'.",Increase MacBook Channel Training Programs,"Apple channel and manufacturing operations executed the formal decision regarding Increase MacBook Channel Training Programs. Operations leadership directed logistics and supply chain coordinators to coordinate directly with primary assembly partners Foxconn, Luxshare Precision, and Pegatron to adjust line throughput, buffer stock thresholds, and regional distribution allocations across North America, Europe, and Asia-Pacific.",Expand program,expand,"Supports premium positioning. This operational adjustment maintains component supply continuity, prevents retail channel stockouts, and preserves hardware segment gross margin targets against raw material price volatility.","[{""name"": ""Mac"", ""value"": ""$8.0B"", ""unit"": ""USD"", ""observed_on"": ""2025-07-31""}, {""name"": ""YoY"", ""value"": ""+15%"", ""unit"": ""percentage"", ""observed_on"": ""2025-07-31""}]",Operations,reported,"{operations,expand}",Finance,"During executive review of Increase MacBook Channel Training Programs, Finance concerned about program cost; Operations emphasized protecting factory throughput and carrier delivery SLAs with assembly partners Foxconn and Luxshare; Finance objected to higher working capital commitments and freight expediting surcharges; Executive leadership approved the operational measure subject to weekly yield and inventory velocity monitoring."
AAPL-2025Q3-0012,Apple Inc.,2025-07-31,quarterly_filings/2025_Q3.pdf,https://www.sec.gov/ix?doc=/Archives/edgar/data/0000320193/000032019325000072/aapl-20250628.htm,Item 2. Management's Discussion and Analysis - Operations & Supply Chain,Disclosure Context (2025Q3): Trigger: 'iPad revenue $6.6B (+8%)'. Management Action: 'Refine iPad Production Planning'. Scope: 'Apple channel and manufacturing operations executed the formal decision regarding Refine iPad Production Planning. Operations...'. Rationale: 'Stable demand does not require major shift. This operational adjustment maintains component supply contin...'.,Refine iPad Production Planning,"Apple channel and manufacturing operations executed the formal decision regarding Refine iPad Production Planning. Operations leadership directed logistics and supply chain coordinators to coordinate directly with primary assembly partners Foxconn, Luxshare Precision, and Pegatron to adjust line throughput, buffer stock thresholds, and regional distribution allocations across North America, Europe, and Asia-Pacific.",Maintain,maintain,"Stable demand does not require major shift. This operational adjustment maintains component supply continuity, prevents retail channel stockouts, and preserves hardware segment gross margin targets against raw material price volatility.","[{""name"": ""iPad"", ""value"": ""$6.6B"", ""unit"": ""USD"", ""observed_on"": ""2025-07-31""}, {""name"": ""YoY"", ""value"": ""+8%"", ""unit"": ""percentage"", ""observed_on"": ""2025-07-31""}]",Operations,reported,"{operations,maintain}",Finance,"During executive review of Refine iPad Production Planning, Finance evaluated margin stability; Operations emphasized protecting factory throughput and carrier delivery SLAs with assembly partners Foxconn and Luxshare; Finance objected to higher working capital commitments and freight expediting surcharges; Executive leadership approved the operational measure subject to weekly yield and inventory velocity monitoring."
AAPL-2025Q3-0013,Apple Inc.,2025-07-31,quarterly_filings/2025_Q3.pdf,https://www.sec.gov/ix?doc=/Archives/edgar/data/0000320193/000032019325000072/aapl-20250628.htm,Item 2. Management's Discussion and Analysis - Operations & Supply Chain,Disclosure Context (2025Q3): Trigger: 'Mac +15% and iPhone +13% growth'. Management Action: 'Reallocate Manufacturing Slots Toward High-Growth SKUs'. Scope: 'Apple channel and manufacturing operations executed the formal decision regarding Reallocate Manufacturing Slots Toward High-...'. Rationale: 'Captures high-margin demand without destabilizing supply chain. This operational adjustment maintains com...'.,Reallocate Manufacturing Slots Toward High-Growth SKUs,"Apple channel and manufacturing operations executed the formal decision regarding Reallocate Manufacturing Slots Toward High-Growth SKUs. Operations leadership directed logistics and supply chain coordinators to coordinate directly with primary assembly partners Foxconn, Luxshare Precision, and Pegatron to adjust line throughput, buffer stock thresholds, and regional distribution allocations across North America, Europe, and Asia-Pacific.",Shift 3%,maintain,"Captures high-margin demand without destabilizing supply chain. This operational adjustment maintains component supply continuity, prevents retail channel stockouts, and preserves hardware segment gross margin targets against raw material price volatility.","[{""name"": ""Mac"", ""value"": ""$8.0B"", ""unit"": ""USD"", ""observed_on"": ""2025-07-31""}, {""name"": ""iPhone"", ""value"": ""$44.6B"", ""unit"": ""USD"", ""observed_on"": ""2025-07-31""}]",Operations,reported,"{operations,maintain}",Finance;R&D,"During executive review of Reallocate Manufacturing Slots Toward High-Growth SKUs, Finance cautious on forecast volatility; Operations emphasized protecting factory throughput and carrier delivery SLAs with assembly partners Foxconn and Luxshare; Finance objected to higher working capital commitments and freight expediting surcharges; Executive leadership approved the operational measure subject to weekly yield and inventory velocity monitoring."
AAPL-2025Q3-0014,Apple Inc.,2025-07-31,quarterly_filings/2025_Q3.pdf,https://www.sec.gov/ix?doc=/Archives/edgar/data/0000320193/000032019325000072/aapl-20250628.htm,Item 2. Management's Discussion and Analysis - Operations & Supply Chain,"Disclosure Context (2025Q3): Trigger: 'iPad +8% YoY growth'. Management Action: 'Optimize iPad Component Forecasting Accuracy'. Scope: 'Apple channel and manufacturing operations executed the formal decision regarding Optimize iPad Component Forecasting Accurac...'. Rationale: 'Reduces stock imbalance risk. This operational adjustment maintains component supply continuity, prevents...'.",Optimize iPad Component Forecasting Accuracy,"Apple channel and manufacturing operations executed the formal decision regarding Optimize iPad Component Forecasting Accuracy. Operations leadership directed logistics and supply chain coordinators to coordinate directly with primary assembly partners Foxconn, Luxshare Precision, and Pegatron to adjust line throughput, buffer stock thresholds, and regional distribution allocations across North America, Europe, and Asia-Pacific.",Improve 5%,revise,"Reduces stock imbalance risk. This operational adjustment maintains component supply continuity, prevents retail channel stockouts, and preserves hardware segment gross margin targets against raw material price volatility.","[{""name"": ""iPad"", ""value"": ""$6.6B"", ""unit"": ""USD"", ""observed_on"": ""2025-07-31""}, {""name"": ""Inventory"", ""value"": ""$5.9B"", ""unit"": ""USD"", ""observed_on"": ""2025-07-31""}]",Operations,reported,"{operations,revise}",Finance,"During executive review of Optimize iPad Component Forecasting Accuracy, Finance pushed for aggressive cut; Operations emphasized protecting factory throughput and carrier delivery SLAs with assembly partners Foxconn and Luxshare; Finance objected to higher working capital commitments and freight expediting surcharges; Executive leadership approved the operational measure subject to weekly yield and inventory velocity monitoring."
AAPL-2025Q3-0015,Apple Inc.,2025-07-31,quarterly_filings/2025_Q3.pdf,https://www.sec.gov/ix?doc=/Archives/edgar/data/0000320193/000032019325000072/aapl-20250628.htm,Item 2. Management's Discussion and Analysis - Operations & Supply Chain,"Disclosure Context (2025Q3): Trigger: 'Inventory $5.9B'. Management Action: 'Reduce Distribution Center Carrying Costs'. Scope: 'Apple channel and manufacturing operations executed the formal decision regarding Reduce Distribution Center Carrying Costs. ...'. Rationale: 'Supports working capital efficiency. This operational adjustment maintains component supply continuity, p...'.",Reduce Distribution Center Carrying Costs,"Apple channel and manufacturing operations executed the formal decision regarding Reduce Distribution Center Carrying Costs. Operations leadership directed logistics and supply chain coordinators to coordinate directly with primary assembly partners Foxconn, Luxshare Precision, and Pegatron to adjust line throughput, buffer stock thresholds, and regional distribution allocations across North America, Europe, and Asia-Pacific.",Improve 2%,reduce,"Supports working capital efficiency. This operational adjustment maintains component supply continuity, prevents retail channel stockouts, and preserves hardware segment gross margin targets against raw material price volatility.","[{""name"": ""Inventory"", ""value"": ""$5.9B"", ""unit"": ""USD"", ""observed_on"": ""2025-07-31""}]",Operations,reported,"{operations,reduce}",Finance,"During executive review of Reduce Distribution Center Carrying Costs, Finance wanted faster reduction; Operations emphasized protecting factory throughput and carrier delivery SLAs with assembly partners Foxconn and Luxshare; Finance objected to higher working capital commitments and freight expediting surcharges; Executive leadership approved the operational measure subject to weekly yield and inventory velocity monitoring."
AAPL-2025Q3-0016,Apple Inc.,2025-07-31,quarterly_filings/2025_Q3.pdf,https://www.sec.gov/ix?doc=/Archives/edgar/data/0000320193/000032019325000072/aapl-20250628.htm,Item 2. Management's Discussion and Analysis - Operations & Supply Chain,Disclosure Context (2025Q3): Trigger: 'High shipment volumes globally'. Management Action: 'Improve Reverse Logistics for Returns'. Scope: 'Apple channel and manufacturing operations executed the formal decision regarding Improve Reverse Logistics for Returns. Oper...'. Rationale: 'Reduces handling costs and customer friction. This operational adjustment maintains component supply cont...'.,Improve Reverse Logistics for Returns,"Apple channel and manufacturing operations executed the formal decision regarding Improve Reverse Logistics for Returns. Operations leadership directed logistics and supply chain coordinators to coordinate directly with primary assembly partners Foxconn, Luxshare Precision, and Pegatron to adjust line throughput, buffer stock thresholds, and regional distribution allocations across North America, Europe, and Asia-Pacific.",Improve 5%,maintain,"Reduces handling costs and customer friction. This operational adjustment maintains component supply continuity, prevents retail channel stockouts, and preserves hardware segment gross margin targets against raw material price volatility.","[{""name"": ""Revenue"", ""value"": ""$94.0B"", ""unit"": ""USD"", ""observed_on"": ""2025-07-31""}]",Operations,reported,"{operations,maintain}",Finance,"During executive review of Improve Reverse Logistics for Returns, Finance focused on ROI timeline; Operations emphasized protecting factory throughput and carrier delivery SLAs with assembly partners Foxconn and Luxshare; Finance objected to higher working capital commitments and freight expediting surcharges; Executive leadership approved the operational measure subject to weekly yield and inventory velocity monitoring."
AAPL-2025Q3-0017,Apple Inc.,2025-07-31,quarterly_filings/2025_Q3.pdf,https://www.sec.gov/ix?doc=/Archives/edgar/data/0000320193/000032019325000072/aapl-20250628.htm,Item 2. Management's Discussion and Analysis - Operations & Supply Chain,"Disclosure Context (2025Q3): Trigger: 'Installed base at record high'. Management Action: 'Optimize Global Spare Parts Allocation'. Scope: 'Apple channel and manufacturing operations executed the formal decision regarding Optimize Global Spare Parts Allocation. Ope...'. Rationale: 'Supports service efficiency globally. This operational adjustment maintains component supply continuity, ...'.",Optimize Global Spare Parts Allocation,"Apple channel and manufacturing operations executed the formal decision regarding Optimize Global Spare Parts Allocation. Operations leadership directed logistics and supply chain coordinators to coordinate directly with primary assembly partners Foxconn, Luxshare Precision, and Pegatron to adjust line throughput, buffer stock thresholds, and regional distribution allocations across North America, Europe, and Asia-Pacific.",Shift 3%,revise,"Supports service efficiency globally. This operational adjustment maintains component supply continuity, prevents retail channel stockouts, and preserves hardware segment gross margin targets against raw material price volatility.","[{""name"": ""Installed_Base"", ""value"": ""Record"", ""unit"": ""metric"", ""observed_on"": ""2025-07-31""}, {""name"": ""Inventory"", ""value"": ""$5.9B"", ""unit"": ""USD"", ""observed_on"": ""2025-07-31""}]",Operations,reported,"{operations,revise}",Finance,"During executive review of Optimize Global Spare Parts Allocation, Finance monitored cost impact; Operations emphasized protecting factory throughput and carrier delivery SLAs with assembly partners Foxconn and Luxshare; Finance objected to higher working capital commitments and freight expediting surcharges; Executive leadership approved the operational measure subject to weekly yield and inventory velocity monitoring."
AAPL-2025Q3-0018,Apple Inc.,2025-07-31,quarterly_filings/2025_Q3.pdf,https://www.sec.gov/ix?doc=/Archives/edgar/data/0000320193/000032019325000072/aapl-20250628.htm,Item 2. Management's Discussion and Analysis - Operations & Supply Chain,Disclosure Context (2025Q3): Trigger: 'Growth across all geographic segments'. Management Action: 'Enhance Multi-Region Demand Signal Integration'. Scope: 'Apple channel and manufacturing operations executed the formal decision regarding Enhance Multi-Region Demand Signal Integrat...'. Rationale: 'Improves decision latency without major system overhaul. This operational adjustment maintains component ...'.,Enhance Multi-Region Demand Signal Integration,"Apple channel and manufacturing operations executed the formal decision regarding Enhance Multi-Region Demand Signal Integration. Operations leadership directed logistics and supply chain coordinators to coordinate directly with primary assembly partners Foxconn, Luxshare Precision, and Pegatron to adjust line throughput, buffer stock thresholds, and regional distribution allocations across North America, Europe, and Asia-Pacific.",Partial integration,maintain,"Improves decision latency without major system overhaul. This operational adjustment maintains component supply continuity, prevents retail channel stockouts, and preserves hardware segment gross margin targets against raw material price volatility.","[{""name"": ""Revenue"", ""value"": ""$94.0B"", ""unit"": ""USD"", ""observed_on"": ""2025-07-31""}]",Operations,reported,"{operations,maintain}",Finance;R&D,"During executive review of Enhance Multi-Region Demand Signal Integration, R&D suggested full integration later; Operations emphasized protecting factory throughput and carrier delivery SLAs with assembly partners Foxconn and Luxshare; Finance objected to higher working capital commitments and freight expediting surcharges; Executive leadership approved the operational measure subject to weekly yield and inventory velocity monitoring."
AAPL-2025Q3-0019,Apple Inc.,2025-07-31,quarterly_filings/2025_Q3.pdf,https://www.sec.gov/ix?doc=/Archives/edgar/data/0000320193/000032019325000072/aapl-20250628.htm,Item 2. Management's Discussion and Analysis - Operations & Supply Chain,Disclosure Context (2025Q3): Trigger: 'Services $27.4B with global growth'. Management Action: 'Mitigate Cloud Latency in High-Growth Regions'. Scope: 'Apple channel and manufacturing operations executed the formal decision regarding Mitigate Cloud Latency in High-Growth Regio...'. Rationale: 'Improves user experience and retention. This operational adjustment maintains component supply continuity...'.,Mitigate Cloud Latency in High-Growth Regions,"Apple channel and manufacturing operations executed the formal decision regarding Mitigate Cloud Latency in High-Growth Regions. Operations leadership directed logistics and supply chain coordinators to coordinate directly with primary assembly partners Foxconn, Luxshare Precision, and Pegatron to adjust line throughput, buffer stock thresholds, and regional distribution allocations across North America, Europe, and Asia-Pacific.",Add regional nodes,maintain,"Improves user experience and retention. This operational adjustment maintains component supply continuity, prevents retail channel stockouts, and preserves hardware segment gross margin targets against raw material price volatility.","[{""name"": ""Services"", ""value"": ""$27.4B"", ""unit"": ""USD"", ""observed_on"": ""2025-07-31""}, {""name"": ""GM"", ""value"": ""75.6%"", ""unit"": ""percentage"", ""observed_on"": ""2025-07-31""}]",Operations,reported,"{operations,maintain}",R&D;Finance,"During executive review of Mitigate Cloud Latency in High-Growth Regions, Finance tracked ROI timeline; Operations emphasized protecting factory throughput and carrier delivery SLAs with assembly partners Foxconn and Luxshare; Finance objected to higher working capital commitments and freight expediting surcharges; Executive leadership approved the operational measure subject to weekly yield and inventory velocity monitoring."
AAPL-2025Q3-0020,Apple Inc.,2025-07-31,quarterly_filings/2025_Q3.pdf,https://www.sec.gov/ix?doc=/Archives/edgar/data/0000320193/000032019325000072/aapl-20250628.htm,Item 2. Management's Discussion and Analysis - Operations & Supply Chain,"Disclosure Context (2025Q3): Trigger: 'High device volumes and global shipments'. Management Action: 'Reduce Warranty Claim Volatility'. Scope: 'Apple channel and manufacturing operations executed the formal decision regarding Reduce Warranty Claim Volatility. Operation...'. Rationale: 'Reduces future warranty cost exposure. This operational adjustment maintains component supply continuity,...'.",Reduce Warranty Claim Volatility,"Apple channel and manufacturing operations executed the formal decision regarding Reduce Warranty Claim Volatility. Operations leadership directed logistics and supply chain coordinators to coordinate directly with primary assembly partners Foxconn, Luxshare Precision, and Pegatron to adjust line throughput, buffer stock thresholds, and regional distribution allocations across North America, Europe, and Asia-Pacific.",Increase 5%,reduce,"Reduces future warranty cost exposure. This operational adjustment maintains component supply continuity, prevents retail channel stockouts, and preserves hardware segment gross margin targets against raw material price volatility.","[{""name"": ""Revenue"", ""value"": ""$94.0B"", ""unit"": ""USD"", ""observed_on"": ""2025-07-31""}]",Operations,reported,"{operations,reduce}",Finance,"During executive review of Reduce Warranty Claim Volatility, Finance questioned incremental cost; Operations emphasized protecting factory throughput and carrier delivery SLAs with assembly partners Foxconn and Luxshare; Finance objected to higher working capital commitments and freight expediting surcharges; Executive leadership approved the operational measure subject to weekly yield and inventory velocity monitoring."
AAPL-2025Q3-0021,Apple Inc.,2025-07-31,quarterly_filings/2025_Q3.pdf,https://www.sec.gov/ix?doc=/Archives/edgar/data/0000320193/000032019325000072/aapl-20250628.htm,Item 2. Management's Discussion and Analysis - Operations & Supply Chain,Disclosure Context (2025Q3): Trigger: 'Mac +15% growth momentum'. Management Action: 'Channel Incentive Recalibration'. Scope: 'Apple channel and manufacturing operations executed the formal decision regarding Channel Incentive Recalibration. Operations...'. Rationale: 'Aligns incentives with premium mix growth. This operational adjustment maintains component supply continu...'.,Channel Incentive Recalibration,"Apple channel and manufacturing operations executed the formal decision regarding Channel Incentive Recalibration. Operations leadership directed logistics and supply chain coordinators to coordinate directly with primary assembly partners Foxconn, Luxshare Precision, and Pegatron to adjust line throughput, buffer stock thresholds, and regional distribution allocations across North America, Europe, and Asia-Pacific.",+2%,maintain,"Aligns incentives with premium mix growth. This operational adjustment maintains component supply continuity, prevents retail channel stockouts, and preserves hardware segment gross margin targets against raw material price volatility.","[{""name"": ""Mac"", ""value"": ""$8.0B"", ""unit"": ""USD"", ""observed_on"": ""2025-07-31""}, {""name"": ""iPhone"", ""value"": ""$44.6B"", ""unit"": ""USD"", ""observed_on"": ""2025-07-31""}]",Operations,reported,"{operations,maintain}",Finance,"During executive review of Channel Incentive Recalibration, Finance limited incentive scope; Operations emphasized protecting factory throughput and carrier delivery SLAs with assembly partners Foxconn and Luxshare; Finance objected to higher working capital commitments and freight expediting surcharges; Executive leadership approved the operational measure subject to weekly yield and inventory velocity monitoring."
AAPL-2025Q3-0022,Apple Inc.,2025-07-31,quarterly_filings/2025_Q3.pdf,https://www.sec.gov/ix?doc=/Archives/edgar/data/0000320193/000032019325000072/aapl-20250628.htm,Item 2. Management's Discussion and Analysis - Operations & Supply Chain,"Disclosure Context (2025Q3): Trigger: 'High global shipment volumes'. Management Action: 'Returns Fraud Prevention Upgrade'. Scope: 'Apple channel and manufacturing operations executed the formal decision regarding Returns Fraud Prevention Upgrade. Operation...'. Rationale: 'Reduces fraudulent refund exposure. This operational adjustment maintains component supply continuity, pr...'.",Returns Fraud Prevention Upgrade,"Apple channel and manufacturing operations executed the formal decision regarding Returns Fraud Prevention Upgrade. Operations leadership directed logistics and supply chain coordinators to coordinate directly with primary assembly partners Foxconn, Luxshare Precision, and Pegatron to adjust line throughput, buffer stock thresholds, and regional distribution allocations across North America, Europe, and Asia-Pacific.",Pilot,maintain,"Reduces fraudulent refund exposure. This operational adjustment maintains component supply continuity, prevents retail channel stockouts, and preserves hardware segment gross margin targets against raw material price volatility.","[{""name"": ""Revenue"", ""value"": ""$94.0B"", ""unit"": ""USD"", ""observed_on"": ""2025-07-31""}]",Operations,reported,"{operations,maintain}",Finance;Legal,"During executive review of Returns Fraud Prevention Upgrade, Legal ensured compliance review; Operations emphasized protecting factory throughput and carrier delivery SLAs with assembly partners Foxconn and Luxshare; Finance objected to higher working capital commitments and freight expediting surcharges; Executive leadership approved the operational measure subject to weekly yield and inventory velocity monitoring."
AAPL-2025Q3-0023,Apple Inc.,2025-07-31,quarterly_filings/2025_Q3.pdf,https://www.sec.gov/ix?doc=/Archives/edgar/data/0000320193/000032019325000072/aapl-20250628.htm,Item 2. Management's Discussion and Analysis - Operations & Supply Chain,"Disclosure Context (2025Q3): Trigger: 'Global revenue exposure'. Management Action: 'Geopolitical Supply Diversification Planning'. Scope: 'Apple channel and manufacturing operations executed the formal decision regarding Geopolitical Supply Diversification Plannin...'. Rationale: 'Balances resilience and cost. This operational adjustment maintains component supply continuity, prevents...'.",Geopolitical Supply Diversification Planning,"Apple channel and manufacturing operations executed the formal decision regarding Geopolitical Supply Diversification Planning. Operations leadership directed logistics and supply chain coordinators to coordinate directly with primary assembly partners Foxconn, Luxshare Precision, and Pegatron to adjust line throughput, buffer stock thresholds, and regional distribution allocations across North America, Europe, and Asia-Pacific.",Partial diversify,maintain,"Balances resilience and cost. This operational adjustment maintains component supply continuity, prevents retail channel stockouts, and preserves hardware segment gross margin targets against raw material price volatility.","[{""name"": ""Revenue"", ""value"": ""$94.0B"", ""unit"": ""USD"", ""observed_on"": ""2025-07-31""}, {""name"": ""PPE"", ""value"": ""$48.5B"", ""unit"": ""USD"", ""observed_on"": ""2025-07-31""}]",Operations,reported,"{operations,maintain}",Finance;Legal,"During executive review of Geopolitical Supply Diversification Planning, Finance flagged cost increase; Operations emphasized protecting factory throughput and carrier delivery SLAs with assembly partners Foxconn and Luxshare; Finance objected to higher working capital commitments and freight expediting surcharges; Executive leadership approved the operational measure subject to weekly yield and inventory velocity monitoring."
AAPL-2025Q3-0024,Apple Inc.,2025-07-31,quarterly_filings/2025_Q3.pdf,https://www.sec.gov/ix?doc=/Archives/edgar/data/0000320193/000032019325000072/aapl-20250628.htm,Item 2. Management's Discussion and Analysis - Operations & Supply Chain,Disclosure Context (2025Q3): Trigger: 'High Services utilization'. Management Action: 'Cloud Capacity Buffer Risk Planning'. Scope: 'Apple channel and manufacturing operations executed the formal decision regarding Cloud Capacity Buffer Risk Planning. Operat...'. Rationale: 'Ensures resilience during traffic spikes. This operational adjustment maintains component supply continui...'.,Cloud Capacity Buffer Risk Planning,"Apple channel and manufacturing operations executed the formal decision regarding Cloud Capacity Buffer Risk Planning. Operations leadership directed logistics and supply chain coordinators to coordinate directly with primary assembly partners Foxconn, Luxshare Precision, and Pegatron to adjust line throughput, buffer stock thresholds, and regional distribution allocations across North America, Europe, and Asia-Pacific.",Maintain 8%,maintain,"Ensures resilience during traffic spikes. This operational adjustment maintains component supply continuity, prevents retail channel stockouts, and preserves hardware segment gross margin targets against raw material price volatility.","[{""name"": ""Services"", ""value"": ""$27.4B"", ""unit"": ""USD"", ""observed_on"": ""2025-07-31""}, {""name"": ""GM"", ""value"": ""75.6%"", ""unit"": ""percentage"", ""observed_on"": ""2025-07-31""}]",Operations,reported,"{operations,maintain}",Finance,"During executive review of Cloud Capacity Buffer Risk Planning, Finance concerned about idle cost; Operations emphasized protecting factory throughput and carrier delivery SLAs with assembly partners Foxconn and Luxshare; Finance objected to higher working capital commitments and freight expediting surcharges; Executive leadership approved the operational measure subject to weekly yield and inventory velocity monitoring."
AAPL-2025Q3-0025,Apple Inc.,2025-07-31,quarterly_filings/2025_Q3.pdf,https://www.sec.gov/ix?doc=/Archives/edgar/data/0000320193/000032019325000072/aapl-20250628.htm,Item 2. Management's Discussion and Analysis - Operations & Supply Chain,"Disclosure Context (2025Q3): Trigger: 'Record installed base'. Management Action: 'Global Repair Network Optimization'. Scope: 'Apple channel and manufacturing operations executed the formal decision regarding Global Repair Network Optimization. Operati...'. Rationale: 'Improves service turnaround time. This operational adjustment maintains component supply continuity, prev...'.",Global Repair Network Optimization,"Apple channel and manufacturing operations executed the formal decision regarding Global Repair Network Optimization. Operations leadership directed logistics and supply chain coordinators to coordinate directly with primary assembly partners Foxconn, Luxshare Precision, and Pegatron to adjust line throughput, buffer stock thresholds, and regional distribution allocations across North America, Europe, and Asia-Pacific.",Expand 3%,maintain,"Improves service turnaround time. This operational adjustment maintains component supply continuity, prevents retail channel stockouts, and preserves hardware segment gross margin targets against raw material price volatility.","[{""name"": ""Installed_Base"", ""value"": ""Record"", ""unit"": ""metric"", ""observed_on"": ""2025-07-31""}, {""name"": ""Revenue"", ""value"": ""$94.0B"", ""unit"": ""USD"", ""observed_on"": ""2025-07-31""}]",Operations,reported,"{operations,maintain}",Finance;Legal,"During executive review of Global Repair Network Optimization, Finance questioned expansion cost; Operations emphasized protecting factory throughput and carrier delivery SLAs with assembly partners Foxconn and Luxshare; Finance objected to higher working capital commitments and freight expediting surcharges; Executive leadership approved the operational measure subject to weekly yield and inventory velocity monitoring."
AAPL-2025Q3-0026,Apple Inc.,2025-07-31,quarterly_filings/2025_Q3.pdf,https://www.sec.gov/ix?doc=/Archives/edgar/data/0000320193/000032019325000072/aapl-20250628.htm,Item 2. Management's Discussion and Analysis - Operations & Supply Chain,Disclosure Context (2025Q3): Trigger: 'Services revenue $27.4B'. Management Action: 'Cloud Vendor Redundancy Planning'. Scope: 'Apple channel and manufacturing operations executed the formal decision regarding Cloud Vendor Redundancy Planning. Operation...'. Rationale: 'Reduces outage risk while limiting excess cost. This operational adjustment maintains component supply co...'.,Cloud Vendor Redundancy Planning,"Apple channel and manufacturing operations executed the formal decision regarding Cloud Vendor Redundancy Planning. Operations leadership directed logistics and supply chain coordinators to coordinate directly with primary assembly partners Foxconn, Luxshare Precision, and Pegatron to adjust line throughput, buffer stock thresholds, and regional distribution allocations across North America, Europe, and Asia-Pacific.",Add selective redundancy,maintain,"Reduces outage risk while limiting excess cost. This operational adjustment maintains component supply continuity, prevents retail channel stockouts, and preserves hardware segment gross margin targets against raw material price volatility.","[{""name"": ""Services"", ""value"": ""$27.4B"", ""unit"": ""USD"", ""observed_on"": ""2025-07-31""}, {""name"": ""GM"", ""value"": ""75.6%"", ""unit"": ""percentage"", ""observed_on"": ""2025-07-31""}]",Operations,reported,"{operations,maintain}",Finance,"During executive review of Cloud Vendor Redundancy Planning, Finance cautious on overlapping spend; Operations emphasized protecting factory throughput and carrier delivery SLAs with assembly partners Foxconn and Luxshare; Finance objected to higher working capital commitments and freight expediting surcharges; Executive leadership approved the operational measure subject to weekly yield and inventory velocity monitoring."
AAPL-2025Q3-0027,Apple Inc.,2025-07-31,quarterly_filings/2025_Q3.pdf,https://www.sec.gov/ix?doc=/Archives/edgar/data/0000320193/000032019325000072/aapl-20250628.htm,Item 2. Management's Discussion and Analysis - Operations & Supply Chain,Disclosure Context (2025Q3): Trigger: 'High device shipment volumes'. Management Action: 'Manufacturing Yield Improvement Program'. Scope: 'Apple channel and manufacturing operations executed the formal decision regarding Manufacturing Yield Improvement Program. Op...'. Rationale: 'Reduces cost per unit without major redesign. This operational adjustment maintains component supply cont...'.,Manufacturing Yield Improvement Program,"Apple channel and manufacturing operations executed the formal decision regarding Manufacturing Yield Improvement Program. Operations leadership directed logistics and supply chain coordinators to coordinate directly with primary assembly partners Foxconn, Luxshare Precision, and Pegatron to adjust line throughput, buffer stock thresholds, and regional distribution allocations across North America, Europe, and Asia-Pacific.",Improve 1%,maintain,"Reduces cost per unit without major redesign. This operational adjustment maintains component supply continuity, prevents retail channel stockouts, and preserves hardware segment gross margin targets against raw material price volatility.","[{""name"": ""Revenue"", ""value"": ""$94.0B"", ""unit"": ""USD"", ""observed_on"": ""2025-07-31""}, {""name"": ""PPE"", ""value"": ""$48.5B"", ""unit"": ""USD"", ""observed_on"": ""2025-07-31""}]",Operations,reported,"{operations,maintain}",Finance,"During executive review of Manufacturing Yield Improvement Program, Finance wanted faster ROI; Operations emphasized protecting factory throughput and carrier delivery SLAs with assembly partners Foxconn and Luxshare; Finance objected to higher working capital commitments and freight expediting surcharges; Executive leadership approved the operational measure subject to weekly yield and inventory velocity monitoring."
AAPL-2025Q3-0028,Apple Inc.,2025-07-31,quarterly_filings/2025_Q3.pdf,https://www.sec.gov/ix?doc=/Archives/edgar/data/0000320193/000032019325000072/aapl-20250628.htm,Item 2. Management's Discussion and Analysis - Operations & Supply Chain,Disclosure Context (2025Q3): Trigger: 'High shipment and transaction volumes'. Management Action: 'Device Fraud Analytics Upgrade'. Scope: 'Apple channel and manufacturing operations executed the formal decision regarding Device Fraud Analytics Upgrade. Operations ...'. Rationale: 'Reduces fraud while validating effectiveness. This operational adjustment maintains component supply cont...'.,Device Fraud Analytics Upgrade,"Apple channel and manufacturing operations executed the formal decision regarding Device Fraud Analytics Upgrade. Operations leadership directed logistics and supply chain coordinators to coordinate directly with primary assembly partners Foxconn, Luxshare Precision, and Pegatron to adjust line throughput, buffer stock thresholds, and regional distribution allocations across North America, Europe, and Asia-Pacific.",Pilot,maintain,"Reduces fraud while validating effectiveness. This operational adjustment maintains component supply continuity, prevents retail channel stockouts, and preserves hardware segment gross margin targets against raw material price volatility.","[{""name"": ""Revenue"", ""value"": ""$94.0B"", ""unit"": ""USD"", ""observed_on"": ""2025-07-31""}]",Operations,reported,"{operations,maintain}",Finance;Legal,"During executive review of Device Fraud Analytics Upgrade, Finance required ROI tracking; Operations emphasized protecting factory throughput and carrier delivery SLAs with assembly partners Foxconn and Luxshare; Finance objected to higher working capital commitments and freight expediting surcharges; Executive leadership approved the operational measure subject to weekly yield and inventory velocity monitoring."
AAPL-2025Q3-0029,Apple Inc.,2025-07-31,quarterly_filings/2025_Q3.pdf,https://www.sec.gov/ix?doc=/Archives/edgar/data/0000320193/000032019325000072/aapl-20250628.htm,Item 2. Management's Discussion and Analysis - Operations & Supply Chain,"Disclosure Context (2025Q3): Trigger: 'High production throughput'. Management Action: 'Manufacturing Downtime Risk Simulation'. Scope: 'Apple channel and manufacturing operations executed the formal decision regarding Manufacturing Downtime Risk Simulation. Ope...'. Rationale: 'Improves contingency planning. This operational adjustment maintains component supply continuity, prevent...'.",Manufacturing Downtime Risk Simulation,"Apple channel and manufacturing operations executed the formal decision regarding Manufacturing Downtime Risk Simulation. Operations leadership directed logistics and supply chain coordinators to coordinate directly with primary assembly partners Foxconn, Luxshare Precision, and Pegatron to adjust line throughput, buffer stock thresholds, and regional distribution allocations across North America, Europe, and Asia-Pacific.",Advanced simulation,maintain,"Improves contingency planning. This operational adjustment maintains component supply continuity, prevents retail channel stockouts, and preserves hardware segment gross margin targets against raw material price volatility.","[{""name"": ""Revenue"", ""value"": ""$94.0B"", ""unit"": ""USD"", ""observed_on"": ""2025-07-31""}, {""name"": ""PPE"", ""value"": ""$48.5B"", ""unit"": ""USD"", ""observed_on"": ""2025-07-31""}]",Operations,reported,"{operations,maintain}",Finance,"During executive review of Manufacturing Downtime Risk Simulation, Finance prioritized cost-benefit validation; Operations emphasized protecting factory throughput and carrier delivery SLAs with assembly partners Foxconn and Luxshare; Finance objected to higher working capital commitments and freight expediting surcharges; Executive leadership approved the operational measure subject to weekly yield and inventory velocity monitoring."
AAPL-2025Q3-0030,Apple Inc.,2025-07-31,quarterly_filings/2025_Q3.pdf,https://www.sec.gov/ix?doc=/Archives/edgar/data/0000320193/000032019325000072/aapl-20250628.htm,Item 2. Management's Discussion and Analysis - Operations & Supply Chain,"Disclosure Context (2025Q3): Trigger: 'Services +13%'. Management Action: 'Subscription Bundle Experiment Pilot'. Scope: 'Apple channel and manufacturing operations executed the formal decision regarding Subscription Bundle Experiment Pilot. Opera...'. Rationale: 'Evaluates cross-service ARPU uplift. This operational adjustment maintains component supply continuity, p...'.",Subscription Bundle Experiment Pilot,"Apple channel and manufacturing operations executed the formal decision regarding Subscription Bundle Experiment Pilot. Operations leadership directed logistics and supply chain coordinators to coordinate directly with primary assembly partners Foxconn, Luxshare Precision, and Pegatron to adjust line throughput, buffer stock thresholds, and regional distribution allocations across North America, Europe, and Asia-Pacific.",Pilot,maintain,"Evaluates cross-service ARPU uplift. This operational adjustment maintains component supply continuity, prevents retail channel stockouts, and preserves hardware segment gross margin targets against raw material price volatility.","[{""name"": ""Services"", ""value"": ""$27.4B"", ""unit"": ""USD"", ""observed_on"": ""2025-07-31""}, {""name"": ""Deferred_Revenue"", ""value"": ""$13.6B"", ""unit"": ""USD"", ""observed_on"": ""2025-07-31""}]",Operations,reported,"{operations,maintain}",Finance;Legal,"During executive review of Subscription Bundle Experiment Pilot, Legal reviewed consumer regulations; Operations emphasized protecting factory throughput and carrier delivery SLAs with assembly partners Foxconn and Luxshare; Finance objected to higher working capital commitments and freight expediting surcharges; Executive leadership approved the operational measure subject to weekly yield and inventory velocity monitoring."
AAPL-2025Q3-0031,Apple Inc.,2025-07-31,quarterly_filings/2025_Q3.pdf,https://www.sec.gov/ix?doc=/Archives/edgar/data/0000320193/000032019325000072/aapl-20250628.htm,Item 2. Management's Discussion and Analysis - Operations & Supply Chain,"Disclosure Context (2025Q3): Trigger: 'Inventory $5.9B'. Management Action: 'Regional Inventory Balancing Initiative'. Scope: 'Apple channel and manufacturing operations executed the formal decision regarding Regional Inventory Balancing Initiative. Op...'. Rationale: 'Reduces regional imbalance risk. This operational adjustment maintains component supply continuity, preve...'.",Regional Inventory Balancing Initiative,"Apple channel and manufacturing operations executed the formal decision regarding Regional Inventory Balancing Initiative. Operations leadership directed logistics and supply chain coordinators to coordinate directly with primary assembly partners Foxconn, Luxshare Precision, and Pegatron to adjust line throughput, buffer stock thresholds, and regional distribution allocations across North America, Europe, and Asia-Pacific.",Shift 3%,maintain,"Reduces regional imbalance risk. This operational adjustment maintains component supply continuity, prevents retail channel stockouts, and preserves hardware segment gross margin targets against raw material price volatility.","[{""name"": ""Inventory"", ""value"": ""$5.9B"", ""unit"": ""USD"", ""observed_on"": ""2025-07-31""}]",Operations,reported,"{operations,maintain}",Finance,"During executive review of Regional Inventory Balancing Initiative, Finance required cost validation; Operations emphasized protecting factory throughput and carrier delivery SLAs with assembly partners Foxconn and Luxshare; Finance objected to higher working capital commitments and freight expediting surcharges; Executive leadership approved the operational measure subject to weekly yield and inventory velocity monitoring."
AAPL-2025Q3-0032,Apple Inc.,2025-07-31,quarterly_filings/2025_Q3.pdf,https://www.sec.gov/ix?doc=/Archives/edgar/data/0000320193/000032019325000072/aapl-20250628.htm,Item 2. Management's Discussion and Analysis - Operations & Supply Chain,Disclosure Context (2025Q3): Trigger: 'Record installed base and global growth'. Management Action: 'Retail Channel Data Integration Upgrade'. Scope: 'Apple channel and manufacturing operations executed the formal decision regarding Retail Channel Data Integration Upgrade. Op...'. Rationale: 'Improves near-real-time sales forecasting. This operational adjustment maintains component supply continu...'.,Retail Channel Data Integration Upgrade,"Apple channel and manufacturing operations executed the formal decision regarding Retail Channel Data Integration Upgrade. Operations leadership directed logistics and supply chain coordinators to coordinate directly with primary assembly partners Foxconn, Luxshare Precision, and Pegatron to adjust line throughput, buffer stock thresholds, and regional distribution allocations across North America, Europe, and Asia-Pacific.",Partial,maintain,"Improves near-real-time sales forecasting. This operational adjustment maintains component supply continuity, prevents retail channel stockouts, and preserves hardware segment gross margin targets against raw material price volatility.","[{""name"": ""Revenue"", ""value"": ""$94.0B"", ""unit"": ""USD"", ""observed_on"": ""2025-07-31""}]",Operations,reported,"{operations,maintain}",Finance;R&D,"During executive review of Retail Channel Data Integration Upgrade, Finance requested ROI benchmarks; Operations emphasized protecting factory throughput and carrier delivery SLAs with assembly partners Foxconn and Luxshare; Finance objected to higher working capital commitments and freight expediting surcharges; Executive leadership approved the operational measure subject to weekly yield and inventory velocity monitoring."
AAPL-2025Q3-0033,Apple Inc.,2025-07-31,quarterly_filings/2025_Q3.pdf,https://www.sec.gov/ix?doc=/Archives/edgar/data/0000320193/000032019325000072/aapl-20250628.htm,Item 2. Management's Discussion and Analysis - Operations & Supply Chain,"Disclosure Context (2025Q3): Trigger: 'Global production footprint'. Management Action: 'Supply Chain Insurance Coverage Expansion'. Scope: 'Apple channel and manufacturing operations executed the formal decision regarding Supply Chain Insurance Coverage Expansion. ...'. Rationale: 'Mitigates disruption exposure. This operational adjustment maintains component supply continuity, prevent...'.",Supply Chain Insurance Coverage Expansion,"Apple channel and manufacturing operations executed the formal decision regarding Supply Chain Insurance Coverage Expansion. Operations leadership directed logistics and supply chain coordinators to coordinate directly with primary assembly partners Foxconn, Luxshare Precision, and Pegatron to adjust line throughput, buffer stock thresholds, and regional distribution allocations across North America, Europe, and Asia-Pacific.",+5%,maintain,"Mitigates disruption exposure. This operational adjustment maintains component supply continuity, prevents retail channel stockouts, and preserves hardware segment gross margin targets against raw material price volatility.","[{""name"": ""Revenue"", ""value"": ""$94.0B"", ""unit"": ""USD"", ""observed_on"": ""2025-07-31""}, {""name"": ""PPE"", ""value"": ""$48.5B"", ""unit"": ""USD"", ""observed_on"": ""2025-07-31""}]",Operations,reported,"{operations,maintain}",Finance;Legal,"During executive review of Supply Chain Insurance Coverage Expansion, Finance evaluated premium cost impact; Operations emphasized protecting factory throughput and carrier delivery SLAs with assembly partners Foxconn and Luxshare; Finance objected to higher working capital commitments and freight expediting surcharges; Executive leadership approved the operational measure subject to weekly yield and inventory velocity monitoring."
AAPL-2025Q3-0034,Apple Inc.,2025-07-31,quarterly_filings/2025_Q3.pdf,https://www.sec.gov/ix?doc=/Archives/edgar/data/0000320193/000032019325000072/aapl-20250628.htm,Item 2. Management's Discussion and Analysis - Operations & Supply Chain,"Disclosure Context (2025Q3): Trigger: 'Inventory $5.9B'. Management Action: 'Inventory Obsolescence Risk Mitigation'. Scope: 'Apple channel and manufacturing operations executed the formal decision regarding Inventory Obsolescence Risk Mitigation. Ope...'. Rationale: 'Reduces write-down exposure. This operational adjustment maintains component supply continuity, prevents ...'.",Inventory Obsolescence Risk Mitigation,"Apple channel and manufacturing operations executed the formal decision regarding Inventory Obsolescence Risk Mitigation. Operations leadership directed logistics and supply chain coordinators to coordinate directly with primary assembly partners Foxconn, Luxshare Precision, and Pegatron to adjust line throughput, buffer stock thresholds, and regional distribution allocations across North America, Europe, and Asia-Pacific.",Discount 5%,maintain,"Reduces write-down exposure. This operational adjustment maintains component supply continuity, prevents retail channel stockouts, and preserves hardware segment gross margin targets against raw material price volatility.","[{""name"": ""Inventory"", ""value"": ""$5.9B"", ""unit"": ""USD"", ""observed_on"": ""2025-07-31""}]",Operations,reported,"{operations,maintain}",Finance,"During executive review of Inventory Obsolescence Risk Mitigation, Finance balanced margin vs write-off risk; Operations emphasized protecting factory throughput and carrier delivery SLAs with assembly partners Foxconn and Luxshare; Finance objected to higher working capital commitments and freight expediting surcharges; Executive leadership approved the operational measure subject to weekly yield and inventory velocity monitoring."
AAPL-2025Q3-0035,Apple Inc.,2025-07-31,quarterly_filings/2025_Q3.pdf,https://www.sec.gov/ix?doc=/Archives/edgar/data/0000320193/000032019325000072/aapl-20250628.htm,Item 2. Management's Discussion and Analysis - Operations & Supply Chain,"Disclosure Context (2025Q3): Trigger: 'Global operations footprint'. Management Action: 'Manufacturing Carbon Accounting Enhancement'. Scope: 'Apple channel and manufacturing operations executed the formal decision regarding Manufacturing Carbon Accounting Enhancement...'. Rationale: 'Aligns with ESG commitments. This operational adjustment maintains component supply continuity, prevents ...'.",Manufacturing Carbon Accounting Enhancement,"Apple channel and manufacturing operations executed the formal decision regarding Manufacturing Carbon Accounting Enhancement. Operations leadership directed logistics and supply chain coordinators to coordinate directly with primary assembly partners Foxconn, Luxshare Precision, and Pegatron to adjust line throughput, buffer stock thresholds, and regional distribution allocations across North America, Europe, and Asia-Pacific.",Improve 5%,maintain,"Aligns with ESG commitments. This operational adjustment maintains component supply continuity, prevents retail channel stockouts, and preserves hardware segment gross margin targets against raw material price volatility.","[{""name"": ""PPE"", ""value"": ""$48.5B"", ""unit"": ""USD"", ""observed_on"": ""2025-07-31""}, {""name"": ""Revenue"", ""value"": ""$94.0B"", ""unit"": ""USD"", ""observed_on"": ""2025-07-31""}]",Operations,reported,"{operations,maintain}",Finance;Legal,"During executive review of Manufacturing Carbon Accounting Enhancement, Finance assessed reporting cost; Operations emphasized protecting factory throughput and carrier delivery SLAs with assembly partners Foxconn and Luxshare; Finance objected to higher working capital commitments and freight expediting surcharges; Executive leadership approved the operational measure subject to weekly yield and inventory velocity monitoring."
AAPL-2025Q3-0036,Apple Inc.,2025-07-31,quarterly_filings/2025_Q3.pdf,https://www.sec.gov/ix?doc=/Archives/edgar/data/0000320193/000032019325000072/aapl-20250628.htm,Item 2. Management's Discussion and Analysis - Operations & Supply Chain,Disclosure Context (2025Q3): Trigger: 'Record installed base'. Management Action: 'Enterprise Device Penetration Initiative'. Scope: 'Apple channel and manufacturing operations executed the formal decision regarding Enterprise Device Penetration Initiative. O...'. Rationale: 'Tests enterprise growth without overspend. This operational adjustment maintains component supply continu...'.,Enterprise Device Penetration Initiative,"Apple channel and manufacturing operations executed the formal decision regarding Enterprise Device Penetration Initiative. Operations leadership directed logistics and supply chain coordinators to coordinate directly with primary assembly partners Foxconn, Luxshare Precision, and Pegatron to adjust line throughput, buffer stock thresholds, and regional distribution allocations across North America, Europe, and Asia-Pacific.",Pilot,maintain,"Tests enterprise growth without overspend. This operational adjustment maintains component supply continuity, prevents retail channel stockouts, and preserves hardware segment gross margin targets against raw material price volatility.","[{""name"": ""Revenue"", ""value"": ""$94.0B"", ""unit"": ""USD"", ""observed_on"": ""2025-07-31""}]",Operations,reported,"{operations,maintain}",Finance;Legal,"During executive review of Enterprise Device Penetration Initiative, Finance capped budget scope; Operations emphasized protecting factory throughput and carrier delivery SLAs with assembly partners Foxconn and Luxshare; Finance objected to higher working capital commitments and freight expediting surcharges; Executive leadership approved the operational measure subject to weekly yield and inventory velocity monitoring."
AAPL-2025Q3-0037,Apple Inc.,2025-07-31,quarterly_filings/2025_Q3.pdf,https://www.sec.gov/ix?doc=/Archives/edgar/data/0000320193/000032019325000072/aapl-20250628.htm,Item 2. Management's Discussion and Analysis - Operations & Supply Chain,Disclosure Context (2025Q3): Trigger: 'Services capacity utilization patterns'. Management Action: 'Cloud Burst Capacity Monetization Model'. Scope: 'Apple channel and manufacturing operations executed the formal decision regarding Cloud Burst Capacity Monetization Model. Op...'. Rationale: 'Generates incremental revenue with low risk. This operational adjustment maintains component supply conti...'.,Cloud Burst Capacity Monetization Model,"Apple channel and manufacturing operations executed the formal decision regarding Cloud Burst Capacity Monetization Model. Operations leadership directed logistics and supply chain coordinators to coordinate directly with primary assembly partners Foxconn, Luxshare Precision, and Pegatron to adjust line throughput, buffer stock thresholds, and regional distribution allocations across North America, Europe, and Asia-Pacific.",Limited offering,maintain,"Generates incremental revenue with low risk. This operational adjustment maintains component supply continuity, prevents retail channel stockouts, and preserves hardware segment gross margin targets against raw material price volatility.","[{""name"": ""Services"", ""value"": ""$27.4B"", ""unit"": ""USD"", ""observed_on"": ""2025-07-31""}, {""name"": ""GM"", ""value"": ""75.6%"", ""unit"": ""percentage"", ""observed_on"": ""2025-07-31""}]",Operations,reported,"{operations,maintain}",Finance;Legal,"During executive review of Cloud Burst Capacity Monetization Model, Finance required margin validation; Operations emphasized protecting factory throughput and carrier delivery SLAs with assembly partners Foxconn and Luxshare; Finance objected to higher working capital commitments and freight expediting surcharges; Executive leadership approved the operational measure subject to weekly yield and inventory velocity monitoring."
AAPL-2025Q3-0038,Apple Inc.,2025-07-31,quarterly_filings/2025_Q3.pdf,https://www.sec.gov/ix?doc=/Archives/edgar/data/0000320193/000032019325000072/aapl-20250628.htm,Item 2. Management's Discussion and Analysis - Operations & Supply Chain,"Disclosure Context (2025Q3): Trigger: 'High global demand levels'. Management Action: 'Supply Lead-Time Compression Initiative'. Scope: 'Apple channel and manufacturing operations executed the formal decision regarding Supply Lead-Time Compression Initiative. Op...'. Rationale: 'Reduces inventory buffer requirements. This operational adjustment maintains component supply continuity,...'.",Supply Lead-Time Compression Initiative,"Apple channel and manufacturing operations executed the formal decision regarding Supply Lead-Time Compression Initiative. Operations leadership directed logistics and supply chain coordinators to coordinate directly with primary assembly partners Foxconn, Luxshare Precision, and Pegatron to adjust line throughput, buffer stock thresholds, and regional distribution allocations across North America, Europe, and Asia-Pacific.",Improve 2%,maintain,"Reduces inventory buffer requirements. This operational adjustment maintains component supply continuity, prevents retail channel stockouts, and preserves hardware segment gross margin targets against raw material price volatility.","[{""name"": ""Inventory"", ""value"": ""$5.9B"", ""unit"": ""USD"", ""observed_on"": ""2025-07-31""}, {""name"": ""Revenue"", ""value"": ""$94.0B"", ""unit"": ""USD"", ""observed_on"": ""2025-07-31""}]",Operations,reported,"{operations,maintain}",Finance,"During executive review of Supply Lead-Time Compression Initiative, Finance validated cost savings; Operations emphasized protecting factory throughput and carrier delivery SLAs with assembly partners Foxconn and Luxshare; Finance objected to higher working capital commitments and freight expediting surcharges; Executive leadership approved the operational measure subject to weekly yield and inventory velocity monitoring."
AAPL-2025Q3-0039,Apple Inc.,2025-07-31,quarterly_filings/2025_Q3.pdf,https://www.sec.gov/ix?doc=/Archives/edgar/data/0000320193/000032019325000072/aapl-20250628.htm,Item 2. Management's Discussion and Analysis - Operations & Supply Chain,Disclosure Context (2025Q3): Trigger: 'Record installed base'. Management Action: 'Trade-In Program Optimization'. Scope: 'Apple channel and manufacturing operations executed the formal decision regarding Trade-In Program Optimization. Operations l...'. Rationale: 'Encourages upgrade without heavy margin erosion. This operational adjustment maintains component supply c...'.,Trade-In Program Optimization,"Apple channel and manufacturing operations executed the formal decision regarding Trade-In Program Optimization. Operations leadership directed logistics and supply chain coordinators to coordinate directly with primary assembly partners Foxconn, Luxshare Precision, and Pegatron to adjust line throughput, buffer stock thresholds, and regional distribution allocations across North America, Europe, and Asia-Pacific.",+3% value,maintain,"Encourages upgrade without heavy margin erosion. This operational adjustment maintains component supply continuity, prevents retail channel stockouts, and preserves hardware segment gross margin targets against raw material price volatility.","[{""name"": ""iPhone"", ""value"": ""$44.6B"", ""unit"": ""USD"", ""observed_on"": ""2025-07-31""}]",Operations,reported,"{operations,maintain}",Finance,"During executive review of Trade-In Program Optimization, Finance monitored margin impact; Operations emphasized protecting factory throughput and carrier delivery SLAs with assembly partners Foxconn and Luxshare; Finance objected to higher working capital commitments and freight expediting surcharges; Executive leadership approved the operational measure subject to weekly yield and inventory velocity monitoring."
AAPL-2025Q3-0040,Apple Inc.,2025-07-31,quarterly_filings/2025_Q3.pdf,https://www.sec.gov/ix?doc=/Archives/edgar/data/0000320193/000032019325000072/aapl-20250628.htm,Item 2. Management's Discussion and Analysis - Operations & Supply Chain,Disclosure Context (2025Q3): Trigger: 'Services $27.4B'. Management Action: 'Data Center Geographic Redundancy Review'. Scope: 'Apple channel and manufacturing operations executed the formal decision regarding Data Center Geographic Redundancy Review. O...'. Rationale: 'Enhances uptime without excessive capex. This operational adjustment maintains component supply continuit...'.,Data Center Geographic Redundancy Review,"Apple channel and manufacturing operations executed the formal decision regarding Data Center Geographic Redundancy Review. Operations leadership directed logistics and supply chain coordinators to coordinate directly with primary assembly partners Foxconn, Luxshare Precision, and Pegatron to adjust line throughput, buffer stock thresholds, and regional distribution allocations across North America, Europe, and Asia-Pacific.",Limited redundancy,investigate,"Enhances uptime without excessive capex. This operational adjustment maintains component supply continuity, prevents retail channel stockouts, and preserves hardware segment gross margin targets against raw material price volatility.","[{""name"": ""Services"", ""value"": ""$27.4B"", ""unit"": ""USD"", ""observed_on"": ""2025-07-31""}, {""name"": ""PPE"", ""value"": ""$48.5B"", ""unit"": ""USD"", ""observed_on"": ""2025-07-31""}]",Operations,reported,"{operations,investigate}",Finance;Legal,"During executive review of Data Center Geographic Redundancy Review, Finance restricted capital allocation; Operations emphasized protecting factory throughput and carrier delivery SLAs with assembly partners Foxconn and Luxshare; Finance objected to higher working capital commitments and freight expediting surcharges; Executive leadership approved the operational measure subject to weekly yield and inventory velocity monitoring."
AAPL-2025Q3-0041,Apple Inc.,2025-07-31,quarterly_filings/2025_Q3.pdf,https://www.sec.gov/ix?doc=/Archives/edgar/data/0000320193/000032019325000072/aapl-20250628.htm,Item 2. Management's Discussion and Analysis - Operations & Supply Chain,Disclosure Context (2025Q3): Trigger: 'Growing installed base'. Management Action: 'Repair Parts Inventory Optimization'. Scope: 'Apple channel and manufacturing operations executed the formal decision regarding Repair Parts Inventory Optimization. Operat...'. Rationale: 'Reduces holding cost without service delay. This operational adjustment maintains component supply contin...'.,Repair Parts Inventory Optimization,"Apple channel and manufacturing operations executed the formal decision regarding Repair Parts Inventory Optimization. Operations leadership directed logistics and supply chain coordinators to coordinate directly with primary assembly partners Foxconn, Luxshare Precision, and Pegatron to adjust line throughput, buffer stock thresholds, and regional distribution allocations across North America, Europe, and Asia-Pacific.",Reduce 5%,maintain,"Reduces holding cost without service delay. This operational adjustment maintains component supply continuity, prevents retail channel stockouts, and preserves hardware segment gross margin targets against raw material price volatility.","[{""name"": ""Inventory"", ""value"": ""$5.9B"", ""unit"": ""USD"", ""observed_on"": ""2025-07-31""}]",Operations,reported,"{operations,maintain}",Finance,"During executive review of Repair Parts Inventory Optimization, Finance validated service KPIs; Operations emphasized protecting factory throughput and carrier delivery SLAs with assembly partners Foxconn and Luxshare; Finance objected to higher working capital commitments and freight expediting surcharges; Executive leadership approved the operational measure subject to weekly yield and inventory velocity monitoring."
AAPL-2025Q3-0042,Apple Inc.,2025-07-31,quarterly_filings/2025_Q3.pdf,https://www.sec.gov/ix?doc=/Archives/edgar/data/0000320193/000032019325000072/aapl-20250628.htm,Item 2. Management's Discussion and Analysis - Operations & Supply Chain,"Disclosure Context (2025Q3): Trigger: 'High iPhone revenue $44.6B'. Management Action: 'Chip Supply Buffer Planning'. Scope: 'Apple channel and manufacturing operations executed the formal decision regarding Chip Supply Buffer Planning. Operations lea...'. Rationale: 'Mitigates semiconductor shortage risk. This operational adjustment maintains component supply continuity,...'.",Chip Supply Buffer Planning,"Apple channel and manufacturing operations executed the formal decision regarding Chip Supply Buffer Planning. Operations leadership directed logistics and supply chain coordinators to coordinate directly with primary assembly partners Foxconn, Luxshare Precision, and Pegatron to adjust line throughput, buffer stock thresholds, and regional distribution allocations across North America, Europe, and Asia-Pacific.",+5%,maintain,"Mitigates semiconductor shortage risk. This operational adjustment maintains component supply continuity, prevents retail channel stockouts, and preserves hardware segment gross margin targets against raw material price volatility.","[{""name"": ""iPhone"", ""value"": ""$44.6B"", ""unit"": ""USD"", ""observed_on"": ""2025-07-31""}, {""name"": ""Inventory"", ""value"": ""$5.9B"", ""unit"": ""USD"", ""observed_on"": ""2025-07-31""}]",Operations,reported,"{operations,maintain}",Finance,"During executive review of Chip Supply Buffer Planning, Finance concerned about holding cost; Operations emphasized protecting factory throughput and carrier delivery SLAs with assembly partners Foxconn and Luxshare; Finance objected to higher working capital commitments and freight expediting surcharges; Executive leadership approved the operational measure subject to weekly yield and inventory velocity monitoring."
AAPL-2025Q3-0043,Apple Inc.,2025-07-31,quarterly_filings/2025_Q3.pdf,https://www.sec.gov/ix?doc=/Archives/edgar/data/0000320193/000032019325000072/aapl-20250628.htm,Item 2. Management's Discussion and Analysis - Operations & Supply Chain,"Disclosure Context (2025Q3): Trigger: 'Inventory $5.9B'. Management Action: 'Channel Inventory Transparency Platform'. Scope: 'Apple channel and manufacturing operations executed the formal decision regarding Channel Inventory Transparency Platform. Op...'. Rationale: 'Improves planning coordination. This operational adjustment maintains component supply continuity, preven...'.",Channel Inventory Transparency Platform,"Apple channel and manufacturing operations executed the formal decision regarding Channel Inventory Transparency Platform. Operations leadership directed logistics and supply chain coordinators to coordinate directly with primary assembly partners Foxconn, Luxshare Precision, and Pegatron to adjust line throughput, buffer stock thresholds, and regional distribution allocations across North America, Europe, and Asia-Pacific.",Pilot,maintain,"Improves planning coordination. This operational adjustment maintains component supply continuity, prevents retail channel stockouts, and preserves hardware segment gross margin targets against raw material price volatility.","[{""name"": ""Inventory"", ""value"": ""$5.9B"", ""unit"": ""USD"", ""observed_on"": ""2025-07-31""}, {""name"": ""Revenue"", ""value"": ""$94.0B"", ""unit"": ""USD"", ""observed_on"": ""2025-07-31""}]",Operations,reported,"{operations,maintain}",Finance,"During executive review of Channel Inventory Transparency Platform, Finance requested integration safeguards; Operations emphasized protecting factory throughput and carrier delivery SLAs with assembly partners Foxconn and Luxshare; Finance objected to higher working capital commitments and freight expediting surcharges; Executive leadership approved the operational measure subject to weekly yield and inventory velocity monitoring."
AAPL-2025Q3-0044,Apple Inc.,2025-07-31,quarterly_filings/2025_Q3.pdf,https://www.sec.gov/ix?doc=/Archives/edgar/data/0000320193/000032019325000072/aapl-20250628.htm,Item 2. Management's Discussion and Analysis - Operations & Supply Chain,"Disclosure Context (2025Q3): Trigger: 'Record installed base'. Management Action: 'Repair Turnaround Guarantee Program'. Scope: 'Apple channel and manufacturing operations executed the formal decision regarding Repair Turnaround Guarantee Program. Operat...'. Rationale: 'Improves loyalty without scaling risk. This operational adjustment maintains component supply continuity,...'.",Repair Turnaround Guarantee Program,"Apple channel and manufacturing operations executed the formal decision regarding Repair Turnaround Guarantee Program. Operations leadership directed logistics and supply chain coordinators to coordinate directly with primary assembly partners Foxconn, Luxshare Precision, and Pegatron to adjust line throughput, buffer stock thresholds, and regional distribution allocations across North America, Europe, and Asia-Pacific.",Pilot,maintain,"Improves loyalty without scaling risk. This operational adjustment maintains component supply continuity, prevents retail channel stockouts, and preserves hardware segment gross margin targets against raw material price volatility.","[{""name"": ""Installed_Base"", ""value"": ""Record"", ""unit"": ""metric"", ""observed_on"": ""2025-07-31""}, {""name"": ""Revenue"", ""value"": ""$94.0B"", ""unit"": ""USD"", ""observed_on"": ""2025-07-31""}]",Operations,reported,"{operations,maintain}",Finance;Legal,"During executive review of Repair Turnaround Guarantee Program, Finance required ROI tracking; Operations emphasized protecting factory throughput and carrier delivery SLAs with assembly partners Foxconn and Luxshare; Finance objected to higher working capital commitments and freight expediting surcharges; Executive leadership approved the operational measure subject to weekly yield and inventory velocity monitoring."
AAPL-2025Q3-0045,Apple Inc.,2025-07-31,quarterly_filings/2025_Q3.pdf,https://www.sec.gov/ix?doc=/Archives/edgar/data/0000320193/000032019325000072/aapl-20250628.htm,Item 2. Management's Discussion and Analysis - Operations & Supply Chain,"Disclosure Context (2025Q3): Trigger: 'Multiple Q4 launches approaching'. Management Action: 'Product Launch Readiness Gating'. Scope: 'Apple channel and manufacturing operations executed the formal decision regarding Product Launch Readiness Gating. Operations...'. Rationale: 'Improves launch reliability. This operational adjustment maintains component supply continuity, prevents ...'.",Product Launch Readiness Gating,"Apple channel and manufacturing operations executed the formal decision regarding Product Launch Readiness Gating. Operations leadership directed logistics and supply chain coordinators to coordinate directly with primary assembly partners Foxconn, Luxshare Precision, and Pegatron to adjust line throughput, buffer stock thresholds, and regional distribution allocations across North America, Europe, and Asia-Pacific.",Structured,maintain,"Improves launch reliability. This operational adjustment maintains component supply continuity, prevents retail channel stockouts, and preserves hardware segment gross margin targets against raw material price volatility.","[{""name"": ""Revenue"", ""value"": ""$94.0B"", ""unit"": ""USD"", ""observed_on"": ""2025-07-31""}]",Operations,reported,"{operations,maintain}",R&D;Finance,"During executive review of Product Launch Readiness Gating, R&D aligned milestone tracking; Operations emphasized protecting factory throughput and carrier delivery SLAs with assembly partners Foxconn and Luxshare; Finance objected to higher working capital commitments and freight expediting surcharges; Executive leadership approved the operational measure subject to weekly yield and inventory velocity monitoring."
AAPL-2025Q3-0046,Apple Inc.,2025-07-31,quarterly_filings/2025_Q3.pdf,https://www.sec.gov/ix?doc=/Archives/edgar/data/0000320193/000032019325000072/aapl-20250628.htm,Item 2. Management's Discussion and Analysis - Liquidity and Capital Resources,Disclosure Context (2025Q3): Trigger: '$69.3B share repurchases YTD; EPS up 12%'. Management Action: 'Accelerate Share Repurchase Execution'. Scope: 'Apple corporate treasury and financial planning leadership approved strategic capital parameters regarding Accelerate Share R...'. Rationale: 'Strong operating cash flow supports buybacks without liquidity stress. This balanced financial management...'.,Accelerate Share Repurchase Execution,"Apple corporate treasury and financial planning leadership approved strategic capital parameters regarding Accelerate Share Repurchase Execution. The finance committee established strict cash deployment guidelines to preserve liquidity buffers, optimize portfolio risk-adjusted yields, and execute Board-authorized share repurchases under Rule 10b5-1 programs.",Maintain pace,expand,Strong operating cash flow supports buybacks without liquidity stress. This balanced financial management approach optimizes risk-adjusted returns on invested capital while preserving financial flexibility for multi-year strategic technology investments.,"[{""name"": ""Repurchases"", ""value"": ""$69.3B"", ""unit"": ""USD"", ""observed_on"": ""2025-07-31""}, {""name"": ""EPS"", ""value"": ""$1.57"", ""unit"": ""USD"", ""observed_on"": ""2025-07-31""}, {""name"": ""Cash"", ""value"": ""$36.3B"", ""unit"": ""USD"", ""observed_on"": ""2025-07-31""}]",Finance,reported,"{finance,expand}",Legal,"Regarding Accelerate Share Repurchase Execution, Legal highlighted compliance timing windows; Finance prioritized EPS support; Finance insisted on preserving balance sheet liquidity reserves and maintaining target return on invested capital; Operations warned that strict capital rationing could constrain opportunistic component sourcing in Asia; Executive management authorized the financial allocation under disciplined risk parameters."
AAPL-2025Q3-0047,Apple Inc.,2025-07-31,quarterly_filings/2025_Q3.pdf,https://www.sec.gov/ix?doc=/Archives/edgar/data/0000320193/000032019325000072/aapl-20250628.htm,Item 2. Management's Discussion and Analysis - Liquidity and Capital Resources,Disclosure Context (2025Q3): Trigger: 'Services revenue $27.4B; GM 75.6%'. Management Action: 'Optimize Services Margin Reinvestment'. Scope: 'Apple corporate treasury and financial planning leadership approved strategic capital parameters regarding Optimize Services ...'. Rationale: 'Balances profitability with sustainable Services growth. This balanced financial management approach opti...'.,Optimize Services Margin Reinvestment,"Apple corporate treasury and financial planning leadership approved strategic capital parameters regarding Optimize Services Margin Reinvestment. The finance committee established strict cash deployment guidelines to preserve liquidity buffers, optimize portfolio risk-adjusted yields, and execute Board-authorized share repurchases under Rule 10b5-1 programs.",Reinvest 3%,revise,Balances profitability with sustainable Services growth. This balanced financial management approach optimizes risk-adjusted returns on invested capital while preserving financial flexibility for multi-year strategic technology investments.,"[{""name"": ""Services"", ""value"": ""$27.4B"", ""unit"": ""USD"", ""observed_on"": ""2025-07-31""}, {""name"": ""GM"", ""value"": ""75.6%"", ""unit"": ""percentage"", ""observed_on"": ""2025-07-31""}, {""name"": ""YoY"", ""value"": ""+13%"", ""unit"": ""percentage"", ""observed_on"": ""2025-07-31""}]",Finance,reported,"{finance,revise}",R&D;Operations,"Regarding Optimize Services Margin Reinvestment, R&D wanted larger allocation; Finance opted for disciplined reinvestment; Finance insisted on preserving balance sheet liquidity reserves and maintaining target return on invested capital; Operations warned that strict capital rationing could constrain opportunistic component sourcing in Asia; Executive management authorized the financial allocation under disciplined risk parameters."
AAPL-2025Q3-0048,Apple Inc.,2025-07-31,quarterly_filings/2025_Q3.pdf,https://www.sec.gov/ix?doc=/Archives/edgar/data/0000320193/000032019325000072/aapl-20250628.htm,Item 2. Management's Discussion and Analysis - Liquidity and Capital Resources,Disclosure Context (2025Q3): Trigger: 'EPS up 12% to $1.57'. Management Action: 'Adjust Dividend Sustainability Review'. Scope: 'Apple corporate treasury and financial planning leadership approved strategic capital parameters regarding Adjust Dividend Su...'. Rationale: 'Preserves flexibility while supporting shareholders. This balanced financial management approach optimize...'.,Adjust Dividend Sustainability Review,"Apple corporate treasury and financial planning leadership approved strategic capital parameters regarding Adjust Dividend Sustainability Review. The finance committee established strict cash deployment guidelines to preserve liquidity buffers, optimize portfolio risk-adjusted yields, and execute Board-authorized share repurchases under Rule 10b5-1 programs.",Maintain payout,revise,Preserves flexibility while supporting shareholders. This balanced financial management approach optimizes risk-adjusted returns on invested capital while preserving financial flexibility for multi-year strategic technology investments.,"[{""name"": ""EPS"", ""value"": ""$1.57"", ""unit"": ""USD"", ""observed_on"": ""2025-07-31""}, {""name"": ""Revenue"", ""value"": ""$94.0B"", ""unit"": ""USD"", ""observed_on"": ""2025-07-31""}]",Finance,reported,"{finance,revise}",Legal,"Regarding Adjust Dividend Sustainability Review, Legal highlighted record date timing; Finance prioritized stability; Finance insisted on preserving balance sheet liquidity reserves and maintaining target return on invested capital; Operations warned that strict capital rationing could constrain opportunistic component sourcing in Asia; Executive management authorized the financial allocation under disciplined risk parameters."
AAPL-2025Q3-0049,Apple Inc.,2025-07-31,quarterly_filings/2025_Q3.pdf,https://www.sec.gov/ix?doc=/Archives/edgar/data/0000320193/000032019325000072/aapl-20250628.htm,Item 2. Management's Discussion and Analysis - Liquidity and Capital Resources,Disclosure Context (2025Q3): Trigger: 'Global revenue exposure'. Management Action: 'Reassess FX Hedging Strategy'. Scope: 'Apple corporate treasury and financial planning leadership approved strategic capital parameters regarding Reassess FX Hedgin...'. Rationale: 'Stabilizes reported revenue. This balanced financial management approach optimizes risk-adjusted returns ...'.,Reassess FX Hedging Strategy,"Apple corporate treasury and financial planning leadership approved strategic capital parameters regarding Reassess FX Hedging Strategy. The finance committee established strict cash deployment guidelines to preserve liquidity buffers, optimize portfolio risk-adjusted yields, and execute Board-authorized share repurchases under Rule 10b5-1 programs.",Increase 10%,investigate,Stabilizes reported revenue. This balanced financial management approach optimizes risk-adjusted returns on invested capital while preserving financial flexibility for multi-year strategic technology investments.,"[{""name"": ""Revenue"", ""value"": ""$94B"", ""unit"": ""USD"", ""observed_on"": ""2025-07-31""}, {""name"": ""FX_Volatility"", ""value"": ""Moderate"", ""unit"": ""metric"", ""observed_on"": ""2025-07-31""}]",Finance,reported,"{finance,investigate}",Legal,"Regarding Reassess FX Hedging Strategy, Ops suggested supply hedge instead; Finance insisted on preserving balance sheet liquidity reserves and maintaining target return on invested capital; Operations warned that strict capital rationing could constrain opportunistic component sourcing in Asia; Executive management authorized the financial allocation under disciplined risk parameters."
AAPL-2025Q3-0050,Apple Inc.,2025-07-31,quarterly_filings/2025_Q3.pdf,https://www.sec.gov/ix?doc=/Archives/edgar/data/0000320193/000032019325000072/aapl-20250628.htm,Item 2. Management's Discussion and Analysis - Liquidity and Capital Resources,Disclosure Context (2025Q3): Trigger: 'Cash balance at $36.3B with strong EPS growth'. Management Action: 'Optimize Cash Allocation Mix'. Scope: 'Apple corporate treasury and financial planning leadership approved strategic capital parameters regarding Optimize Cash Allo...'. Rationale: 'Strong earnings momentum supports optimized yield strategy. This balanced financial management approach o...'.,Optimize Cash Allocation Mix,"Apple corporate treasury and financial planning leadership approved strategic capital parameters regarding Optimize Cash Allocation Mix. The finance committee established strict cash deployment guidelines to preserve liquidity buffers, optimize portfolio risk-adjusted yields, and execute Board-authorized share repurchases under Rule 10b5-1 programs.",Increase investments,revise,Strong earnings momentum supports optimized yield strategy. This balanced financial management approach optimizes risk-adjusted returns on invested capital while preserving financial flexibility for multi-year strategic technology investments.,"[{""name"": ""Cash"", ""value"": ""$36.3B"", ""unit"": ""USD"", ""observed_on"": ""2025-07-31""}, {""name"": ""EPS"", ""value"": ""$1.57"", ""unit"": ""USD"", ""observed_on"": ""2025-07-31""}]",Finance,reported,"{finance,revise}",Legal,"Regarding Optimize Cash Allocation Mix, Legal advised liquidity cushion; Finance favored yield optimization; Finance insisted on preserving balance sheet liquidity reserves and maintaining target return on invested capital; Operations warned that strict capital rationing could constrain opportunistic component sourcing in Asia; Executive management authorized the financial allocation under disciplined risk parameters."
AAPL-2025Q3-0051,Apple Inc.,2025-07-31,quarterly_filings/2025_Q3.pdf,https://www.sec.gov/ix?doc=/Archives/edgar/data/0000320193/000032019325000072/aapl-20250628.htm,Item 2. Management's Discussion and Analysis - Liquidity and Capital Resources,Disclosure Context (2025Q3): Trigger: 'Services GM at 75.6%'. Management Action: 'Rebalance Services Cost Allocation'. Scope: 'Apple corporate treasury and financial planning leadership approved strategic capital parameters regarding Rebalance Services...'. Rationale: 'Clarifies segment profitability without distorting results. This balanced financial management approach o...'.,Rebalance Services Cost Allocation,"Apple corporate treasury and financial planning leadership approved strategic capital parameters regarding Rebalance Services Cost Allocation. The finance committee established strict cash deployment guidelines to preserve liquidity buffers, optimize portfolio risk-adjusted yields, and execute Board-authorized share repurchases under Rule 10b5-1 programs.",Shift 2%,revise,Clarifies segment profitability without distorting results. This balanced financial management approach optimizes risk-adjusted returns on invested capital while preserving financial flexibility for multi-year strategic technology investments.,"[{""name"": ""Services"", ""value"": ""$27.4B"", ""unit"": ""USD"", ""observed_on"": ""2025-07-31""}, {""name"": ""GM"", ""value"": ""75.6%"", ""unit"": ""percentage"", ""observed_on"": ""2025-07-31""}]",Finance,reported,"{finance,revise}",Legal,"Regarding Rebalance Services Cost Allocation, Legal reviewed accounting standards; Finance insisted on preserving balance sheet liquidity reserves and maintaining target return on invested capital; Operations warned that strict capital rationing could constrain opportunistic component sourcing in Asia; Executive management authorized the financial allocation under disciplined risk parameters."
AAPL-2025Q3-0052,Apple Inc.,2025-07-31,quarterly_filings/2025_Q3.pdf,https://www.sec.gov/ix?doc=/Archives/edgar/data/0000320193/000032019325000072/aapl-20250628.htm,Item 2. Management's Discussion and Analysis - Liquidity and Capital Resources,Disclosure Context (2025Q3): Trigger: 'EPS up 12% YoY'. Management Action: 'Enhance EPS Forecast Communication Strategy'. Scope: 'Apple corporate treasury and financial planning leadership approved strategic capital parameters regarding Enhance EPS Foreca...'. Rationale: 'Maintains credibility amid strong quarter. This balanced financial management approach optimizes risk-adj...'.,Enhance EPS Forecast Communication Strategy,"Apple corporate treasury and financial planning leadership approved strategic capital parameters regarding Enhance EPS Forecast Communication Strategy. The finance committee established strict cash deployment guidelines to preserve liquidity buffers, optimize portfolio risk-adjusted yields, and execute Board-authorized share repurchases under Rule 10b5-1 programs.",Balanced,maintain,Maintains credibility amid strong quarter. This balanced financial management approach optimizes risk-adjusted returns on invested capital while preserving financial flexibility for multi-year strategic technology investments.,"[{""name"": ""EPS"", ""value"": ""$1.57"", ""unit"": ""USD"", ""observed_on"": ""2025-07-31""}, {""name"": ""Revenue"", ""value"": ""$94B"", ""unit"": ""USD"", ""observed_on"": ""2025-07-31""}]",Finance,reported,"{finance,maintain}",Legal,"Regarding Enhance EPS Forecast Communication Strategy, Legal emphasized disclosure discipline; Finance insisted on preserving balance sheet liquidity reserves and maintaining target return on invested capital; Operations warned that strict capital rationing could constrain opportunistic component sourcing in Asia; Executive management authorized the financial allocation under disciplined risk parameters."
AAPL-2025Q3-0053,Apple Inc.,2025-07-31,quarterly_filings/2025_Q3.pdf,https://www.sec.gov/ix?doc=/Archives/edgar/data/0000320193/000032019325000072/aapl-20250628.htm,Item 2. Management's Discussion and Analysis - Liquidity and Capital Resources,Disclosure Context (2025Q3): Trigger: 'PPE at $48.5B'. Management Action: 'Reassess Capital Expenditure Phasing'. Scope: 'Apple corporate treasury and financial planning leadership approved strategic capital parameters regarding Reassess Capital E...'. Rationale: 'Protects near-term cash flexibility. This balanced financial management approach optimizes risk-adjusted ...'.,Reassess Capital Expenditure Phasing,"Apple corporate treasury and financial planning leadership approved strategic capital parameters regarding Reassess Capital Expenditure Phasing. The finance committee established strict cash deployment guidelines to preserve liquidity buffers, optimize portfolio risk-adjusted yields, and execute Board-authorized share repurchases under Rule 10b5-1 programs.",Delay 1Q,investigate,Protects near-term cash flexibility. This balanced financial management approach optimizes risk-adjusted returns on invested capital while preserving financial flexibility for multi-year strategic technology investments.,"[{""name"": ""PPE"", ""value"": ""$48.5B"", ""unit"": ""USD"", ""observed_on"": ""2025-07-31""}, {""name"": ""Cash"", ""value"": ""$36.3B"", ""unit"": ""USD"", ""observed_on"": ""2025-07-31""}]",Finance,reported,"{finance,investigate}",Operations,"Regarding Reassess Capital Expenditure Phasing, Ops cautioned against slowing production upgrades; Finance insisted on preserving balance sheet liquidity reserves and maintaining target return on invested capital; Operations warned that strict capital rationing could constrain opportunistic component sourcing in Asia; Executive management authorized the financial allocation under disciplined risk parameters."
AAPL-2025Q3-0054,Apple Inc.,2025-07-31,quarterly_filings/2025_Q3.pdf,https://www.sec.gov/ix?doc=/Archives/edgar/data/0000320193/000032019325000072/aapl-20250628.htm,Item 2. Management's Discussion and Analysis - Liquidity and Capital Resources,Disclosure Context (2025Q3): Trigger: 'Deferred revenue at $13.6B'. Management Action: 'Enhance Deferred Revenue Forecasting Accuracy'. Scope: 'Apple corporate treasury and financial planning leadership approved strategic capital parameters regarding Enhance Deferred R...'. Rationale: 'Improves financial precision and planning. This balanced financial management approach optimizes risk-adj...'.,Enhance Deferred Revenue Forecasting Accuracy,"Apple corporate treasury and financial planning leadership approved strategic capital parameters regarding Enhance Deferred Revenue Forecasting Accuracy. The finance committee established strict cash deployment guidelines to preserve liquidity buffers, optimize portfolio risk-adjusted yields, and execute Board-authorized share repurchases under Rule 10b5-1 programs.",Improve model,defer,Improves financial precision and planning. This balanced financial management approach optimizes risk-adjusted returns on invested capital while preserving financial flexibility for multi-year strategic technology investments.,"[{""name"": ""Deferred_Revenue"", ""value"": ""$13.6B"", ""unit"": ""USD"", ""observed_on"": ""2025-07-31""}]",Finance,reported,"{finance,defer}",Legal,"Regarding Enhance Deferred Revenue Forecasting Accuracy, Legal reviewed accounting methodology; Finance insisted on preserving balance sheet liquidity reserves and maintaining target return on invested capital; Operations warned that strict capital rationing could constrain opportunistic component sourcing in Asia; Executive management authorized the financial allocation under disciplined risk parameters."
AAPL-2025Q3-0055,Apple Inc.,2025-07-31,quarterly_filings/2025_Q3.pdf,https://www.sec.gov/ix?doc=/Archives/edgar/data/0000320193/000032019325000072/aapl-20250628.htm,Item 2. Management's Discussion and Analysis - Liquidity and Capital Resources,Disclosure Context (2025Q3): Trigger: 'Operating income $28.2B'. Management Action: 'Review Operating Margin Sustainability'. Scope: 'Apple corporate treasury and financial planning leadership approved strategic capital parameters regarding Review Operating M...'. Rationale: 'Margins healthy but macro risks remain. This balanced financial management approach optimizes risk-adjust...'.,Review Operating Margin Sustainability,"Apple corporate treasury and financial planning leadership approved strategic capital parameters regarding Review Operating Margin Sustainability. The finance committee established strict cash deployment guidelines to preserve liquidity buffers, optimize portfolio risk-adjusted yields, and execute Board-authorized share repurchases under Rule 10b5-1 programs.",Maintain with monitoring,investigate,Margins healthy but macro risks remain. This balanced financial management approach optimizes risk-adjusted returns on invested capital while preserving financial flexibility for multi-year strategic technology investments.,"[{""name"": ""Operating_Income"", ""value"": ""$28.2B"", ""unit"": ""USD"", ""observed_on"": ""2025-07-31""}, {""name"": ""Revenue"", ""value"": ""$94B"", ""unit"": ""USD"", ""observed_on"": ""2025-07-31""}]",Finance,reported,"{finance,investigate}",Operations;R&D,"Regarding Review Operating Margin Sustainability, R&D sought higher reinvestment; Finance cautious; Finance insisted on preserving balance sheet liquidity reserves and maintaining target return on invested capital; Operations warned that strict capital rationing could constrain opportunistic component sourcing in Asia; Executive management authorized the financial allocation under disciplined risk parameters."
AAPL-2025Q3-0056,Apple Inc.,2025-07-31,quarterly_filings/2025_Q3.pdf,https://www.sec.gov/ix?doc=/Archives/edgar/data/0000320193/000032019325000072/aapl-20250628.htm,Item 2. Management's Discussion and Analysis - Liquidity and Capital Resources,Disclosure Context (2025Q3): Trigger: 'Cash at $36.3B amid macro uncertainty'. Management Action: 'Increase Short-Term Liquidity Buffer Ratio'. Scope: 'Apple corporate treasury and financial planning leadership approved strategic capital parameters regarding Increase Short-Ter...'. Rationale: 'Improves flexibility without harming yield. This balanced financial management approach optimizes risk-ad...'.,Increase Short-Term Liquidity Buffer Ratio,"Apple corporate treasury and financial planning leadership approved strategic capital parameters regarding Increase Short-Term Liquidity Buffer Ratio. The finance committee established strict cash deployment guidelines to preserve liquidity buffers, optimize portfolio risk-adjusted yields, and execute Board-authorized share repurchases under Rule 10b5-1 programs.",+5%,expand,Improves flexibility without harming yield. This balanced financial management approach optimizes risk-adjusted returns on invested capital while preserving financial flexibility for multi-year strategic technology investments.,"[{""name"": ""Cash"", ""value"": ""$36.3B"", ""unit"": ""USD"", ""observed_on"": ""2025-07-31""}, {""name"": ""Revenue"", ""value"": ""$94.0B"", ""unit"": ""USD"", ""observed_on"": ""2025-07-31""}]",Finance,reported,"{finance,expand}",Legal,"Regarding Increase Short-Term Liquidity Buffer Ratio, Ops preferred yield optimization; Finance insisted on preserving balance sheet liquidity reserves and maintaining target return on invested capital; Operations warned that strict capital rationing could constrain opportunistic component sourcing in Asia; Executive management authorized the financial allocation under disciplined risk parameters."
AAPL-2025Q3-0057,Apple Inc.,2025-07-31,quarterly_filings/2025_Q3.pdf,https://www.sec.gov/ix?doc=/Archives/edgar/data/0000320193/000032019325000072/aapl-20250628.htm,Item 2. Management's Discussion and Analysis - Liquidity and Capital Resources,Disclosure Context (2025Q3): Trigger: 'Operating income $28.2B'. Management Action: 'Reassess Operating Expense Growth Rate'. Scope: 'Apple corporate treasury and financial planning leadership approved strategic capital parameters regarding Reassess Operating...'. Rationale: 'Maintains profitability momentum. This balanced financial management approach optimizes risk-adjusted ret...'.,Reassess Operating Expense Growth Rate,"Apple corporate treasury and financial planning leadership approved strategic capital parameters regarding Reassess Operating Expense Growth Rate. The finance committee established strict cash deployment guidelines to preserve liquidity buffers, optimize portfolio risk-adjusted yields, and execute Board-authorized share repurchases under Rule 10b5-1 programs.",Cap at 4%,investigate,Maintains profitability momentum. This balanced financial management approach optimizes risk-adjusted returns on invested capital while preserving financial flexibility for multi-year strategic technology investments.,"[{""name"": ""Operating_Income"", ""value"": ""$28.2B"", ""unit"": ""USD"", ""observed_on"": ""2025-07-31""}, {""name"": ""Revenue"", ""value"": ""$94.0B"", ""unit"": ""USD"", ""observed_on"": ""2025-07-31""}]",Finance,reported,"{finance,investigate}",R&D;Operations,"Regarding Reassess Operating Expense Growth Rate, R&D sought higher AI spend; Finance insisted on preserving balance sheet liquidity reserves and maintaining target return on invested capital; Operations warned that strict capital rationing could constrain opportunistic component sourcing in Asia; Executive management authorized the financial allocation under disciplined risk parameters."
AAPL-2025Q3-0058,Apple Inc.,2025-07-31,quarterly_filings/2025_Q3.pdf,https://www.sec.gov/ix?doc=/Archives/edgar/data/0000320193/000032019325000072/aapl-20250628.htm,Item 2. Management's Discussion and Analysis - Liquidity and Capital Resources,Disclosure Context (2025Q3): Trigger: 'Strong Services GM 75.6%'. Management Action: 'Adjust Segment-Level Profit Reporting Transparency'. Scope: 'Apple corporate treasury and financial planning leadership approved strategic capital parameters regarding Adjust Segment-Lev...'. Rationale: 'Improves clarity without overexposure. This balanced financial management approach optimizes risk-adjuste...'.,Adjust Segment-Level Profit Reporting Transparency,"Apple corporate treasury and financial planning leadership approved strategic capital parameters regarding Adjust Segment-Level Profit Reporting Transparency. The finance committee established strict cash deployment guidelines to preserve liquidity buffers, optimize portfolio risk-adjusted yields, and execute Board-authorized share repurchases under Rule 10b5-1 programs.",Minor update,revise,Improves clarity without overexposure. This balanced financial management approach optimizes risk-adjusted returns on invested capital while preserving financial flexibility for multi-year strategic technology investments.,"[{""name"": ""Services_GM"", ""value"": ""75.6%"", ""unit"": ""percentage"", ""observed_on"": ""2025-07-31""}, {""name"": ""Revenue"", ""value"": ""$94.0B"", ""unit"": ""USD"", ""observed_on"": ""2025-07-31""}]",Finance,reported,"{finance,revise}",Legal,"Regarding Adjust Segment-Level Profit Reporting Transparency, Legal advised caution on disclosure scope; Finance insisted on preserving balance sheet liquidity reserves and maintaining target return on invested capital; Operations warned that strict capital rationing could constrain opportunistic component sourcing in Asia; Executive management authorized the financial allocation under disciplined risk parameters."
AAPL-2025Q3-0059,Apple Inc.,2025-07-31,quarterly_filings/2025_Q3.pdf,https://www.sec.gov/ix?doc=/Archives/edgar/data/0000320193/000032019325000072/aapl-20250628.htm,Item 2. Management's Discussion and Analysis - Liquidity and Capital Resources,Disclosure Context (2025Q3): Trigger: '$69.3B repurchased YTD'. Management Action: 'Reassess Share Repurchase Pace Sustainability'. Scope: 'Apple corporate treasury and financial planning leadership approved strategic capital parameters regarding Reassess Share Rep...'. Rationale: 'Balances EPS growth and liquidity. This balanced financial management approach optimizes risk-adjusted re...'.,Reassess Share Repurchase Pace Sustainability,"Apple corporate treasury and financial planning leadership approved strategic capital parameters regarding Reassess Share Repurchase Pace Sustainability. The finance committee established strict cash deployment guidelines to preserve liquidity buffers, optimize portfolio risk-adjusted yields, and execute Board-authorized share repurchases under Rule 10b5-1 programs.",Maintain,investigate,Balances EPS growth and liquidity. This balanced financial management approach optimizes risk-adjusted returns on invested capital while preserving financial flexibility for multi-year strategic technology investments.,"[{""name"": ""Repurchases"", ""value"": ""$69.3B"", ""unit"": ""USD"", ""observed_on"": ""2025-07-31""}, {""name"": ""Cash"", ""value"": ""$36.3B"", ""unit"": ""USD"", ""observed_on"": ""2025-07-31""}]",Finance,reported,"{finance,investigate}",Legal,"Regarding Reassess Share Repurchase Pace Sustainability, Legal emphasized blackout adherence; Finance insisted on preserving balance sheet liquidity reserves and maintaining target return on invested capital; Operations warned that strict capital rationing could constrain opportunistic component sourcing in Asia; Executive management authorized the financial allocation under disciplined risk parameters."
AAPL-2025Q3-0060,Apple Inc.,2025-07-31,quarterly_filings/2025_Q3.pdf,https://www.sec.gov/ix?doc=/Archives/edgar/data/0000320193/000032019325000072/aapl-20250628.htm,Item 2. Management's Discussion and Analysis - Liquidity and Capital Resources,Disclosure Context (2025Q3): Trigger: 'Revenue $94.0B'. Management Action: 'Adjust Cost of Revenue Forecast Sensitivity'. Scope: 'Apple corporate treasury and financial planning leadership approved strategic capital parameters regarding Adjust Cost of Rev...'. Rationale: 'Improves planning accuracy. This balanced financial management approach optimizes risk-adjusted returns o...'.,Adjust Cost of Revenue Forecast Sensitivity,"Apple corporate treasury and financial planning leadership approved strategic capital parameters regarding Adjust Cost of Revenue Forecast Sensitivity. The finance committee established strict cash deployment guidelines to preserve liquidity buffers, optimize portfolio risk-adjusted yields, and execute Board-authorized share repurchases under Rule 10b5-1 programs.",Improve,revise,Improves planning accuracy. This balanced financial management approach optimizes risk-adjusted returns on invested capital while preserving financial flexibility for multi-year strategic technology investments.,"[{""name"": ""Revenue"", ""value"": ""$94.0B"", ""unit"": ""USD"", ""observed_on"": ""2025-07-31""}, {""name"": ""Operating_Income"", ""value"": ""$28.2B"", ""unit"": ""USD"", ""observed_on"": ""2025-07-31""}]",Finance,reported,"{finance,revise}",Operations,"Regarding Adjust Cost of Revenue Forecast Sensitivity, Ops requested real-time input sync; Finance insisted on preserving balance sheet liquidity reserves and maintaining target return on invested capital; Operations warned that strict capital rationing could constrain opportunistic component sourcing in Asia; Executive management authorized the financial allocation under disciplined risk parameters."
AAPL-2025Q3-0061,Apple Inc.,2025-07-31,quarterly_filings/2025_Q3.pdf,https://www.sec.gov/ix?doc=/Archives/edgar/data/0000320193/000032019325000072/aapl-20250628.htm,Item 2. Management's Discussion and Analysis - Liquidity and Capital Resources,Disclosure Context (2025Q3): Trigger: 'Services +13% but competitive pressure rising'. Management Action: 'Subscription Churn Defense Modeling'. Scope: 'Apple corporate treasury and financial planning leadership approved strategic capital parameters regarding Subscription Churn...'. Rationale: 'Protects recurring revenue growth trajectory. This balanced financial management approach optimizes risk-...'.,Subscription Churn Defense Modeling,"Apple corporate treasury and financial planning leadership approved strategic capital parameters regarding Subscription Churn Defense Modeling. The finance committee established strict cash deployment guidelines to preserve liquidity buffers, optimize portfolio risk-adjusted yields, and execute Board-authorized share repurchases under Rule 10b5-1 programs.",Advanced ML model,maintain,Protects recurring revenue growth trajectory. This balanced financial management approach optimizes risk-adjusted returns on invested capital while preserving financial flexibility for multi-year strategic technology investments.,"[{""name"": ""Services"", ""value"": ""$27.4B"", ""unit"": ""USD"", ""observed_on"": ""2025-07-31""}, {""name"": ""Deferred_Revenue"", ""value"": ""$13.6B"", ""unit"": ""USD"", ""observed_on"": ""2025-07-31""}]",Finance,reported,"{finance,maintain}",R&D,"Regarding Subscription Churn Defense Modeling, R&D resource constraints cited; Finance insisted on preserving balance sheet liquidity reserves and maintaining target return on invested capital; Operations warned that strict capital rationing could constrain opportunistic component sourcing in Asia; Executive management authorized the financial allocation under disciplined risk parameters."
AAPL-2025Q3-0062,Apple Inc.,2025-07-31,quarterly_filings/2025_Q3.pdf,https://www.sec.gov/ix?doc=/Archives/edgar/data/0000320193/000032019325000072/aapl-20250628.htm,Item 2. Management's Discussion and Analysis - Liquidity and Capital Resources,Disclosure Context (2025Q3): Trigger: 'PPE $48.5B'. Management Action: 'Manufacturing Automation ROI Review'. Scope: 'Apple corporate treasury and financial planning leadership approved strategic capital parameters regarding Manufacturing Auto...'. Rationale: 'Prioritizes highest-return automation upgrades. This balanced financial management approach optimizes ris...'.,Manufacturing Automation ROI Review,"Apple corporate treasury and financial planning leadership approved strategic capital parameters regarding Manufacturing Automation ROI Review. The finance committee established strict cash deployment guidelines to preserve liquidity buffers, optimize portfolio risk-adjusted yields, and execute Board-authorized share repurchases under Rule 10b5-1 programs.",Reallocate,investigate,Prioritizes highest-return automation upgrades. This balanced financial management approach optimizes risk-adjusted returns on invested capital while preserving financial flexibility for multi-year strategic technology investments.,"[{""name"": ""PPE"", ""value"": ""$48.5B"", ""unit"": ""USD"", ""observed_on"": ""2025-07-31""}, {""name"": ""Operating_Income"", ""value"": ""$28.2B"", ""unit"": ""USD"", ""observed_on"": ""2025-07-31""}]",Finance,reported,"{finance,investigate}",Operations,"Regarding Manufacturing Automation ROI Review, Ops requested faster approval cycles; Finance insisted on preserving balance sheet liquidity reserves and maintaining target return on invested capital; Operations warned that strict capital rationing could constrain opportunistic component sourcing in Asia; Executive management authorized the financial allocation under disciplined risk parameters."
AAPL-2025Q3-0063,Apple Inc.,2025-07-31,quarterly_filings/2025_Q3.pdf,https://www.sec.gov/ix?doc=/Archives/edgar/data/0000320193/000032019325000072/aapl-20250628.htm,Item 2. Management's Discussion and Analysis - Liquidity and Capital Resources,Disclosure Context (2025Q3): Trigger: 'Operating income $28.2B'. Management Action: 'Operating Margin Stress Test Simulation'. Scope: 'Apple corporate treasury and financial planning leadership approved strategic capital parameters regarding Operating Margin S...'. Rationale: 'Ensures readiness for downturn scenarios. This balanced financial management approach optimizes risk-adju...'.,Operating Margin Stress Test Simulation,"Apple corporate treasury and financial planning leadership approved strategic capital parameters regarding Operating Margin Stress Test Simulation. The finance committee established strict cash deployment guidelines to preserve liquidity buffers, optimize portfolio risk-adjusted yields, and execute Board-authorized share repurchases under Rule 10b5-1 programs.",Advanced,maintain,Ensures readiness for downturn scenarios. This balanced financial management approach optimizes risk-adjusted returns on invested capital while preserving financial flexibility for multi-year strategic technology investments.,"[{""name"": ""Operating_Income"", ""value"": ""$28.2B"", ""unit"": ""USD"", ""observed_on"": ""2025-07-31""}, {""name"": ""Revenue"", ""value"": ""$94.0B"", ""unit"": ""USD"", ""observed_on"": ""2025-07-31""}]",Finance,reported,"{finance,maintain}",Operations;R&D,"Regarding Operating Margin Stress Test Simulation, Ops wanted supply-side modeling added; Finance insisted on preserving balance sheet liquidity reserves and maintaining target return on invested capital; Operations warned that strict capital rationing could constrain opportunistic component sourcing in Asia; Executive management authorized the financial allocation under disciplined risk parameters."
AAPL-2025Q3-0064,Apple Inc.,2025-07-31,quarterly_filings/2025_Q3.pdf,https://www.sec.gov/ix?doc=/Archives/edgar/data/0000320193/000032019325000072/aapl-20250628.htm,Item 2. Management's Discussion and Analysis - Liquidity and Capital Resources,Disclosure Context (2025Q3): Trigger: 'Record installed base'. Management Action: 'Installed Base Monetization Strategy Review'. Scope: 'Apple corporate treasury and financial planning leadership approved strategic capital parameters regarding Installed Base Mon...'. Rationale: 'Leverages ecosystem depth for recurring revenue. This balanced financial management approach optimizes ri...'.,Installed Base Monetization Strategy Review,"Apple corporate treasury and financial planning leadership approved strategic capital parameters regarding Installed Base Monetization Strategy Review. The finance committee established strict cash deployment guidelines to preserve liquidity buffers, optimize portfolio risk-adjusted yields, and execute Board-authorized share repurchases under Rule 10b5-1 programs.",Strategic push,investigate,Leverages ecosystem depth for recurring revenue. This balanced financial management approach optimizes risk-adjusted returns on invested capital while preserving financial flexibility for multi-year strategic technology investments.,"[{""name"": ""Services"", ""value"": ""$27.4B"", ""unit"": ""USD"", ""observed_on"": ""2025-07-31""}, {""name"": ""Installed_Base"", ""value"": ""Record"", ""unit"": ""metric"", ""observed_on"": ""2025-07-31""}]",Finance,reported,"{finance,investigate}",R&D;Operations,"Regarding Installed Base Monetization Strategy Review, R&D requested integration alignment; Finance insisted on preserving balance sheet liquidity reserves and maintaining target return on invested capital; Operations warned that strict capital rationing could constrain opportunistic component sourcing in Asia; Executive management authorized the financial allocation under disciplined risk parameters."
AAPL-2025Q3-0065,Apple Inc.,2025-07-31,quarterly_filings/2025_Q3.pdf,https://www.sec.gov/ix?doc=/Archives/edgar/data/0000320193/000032019325000072/aapl-20250628.htm,Item 2. Management's Discussion and Analysis - Liquidity and Capital Resources,Disclosure Context (2025Q3): Trigger: 'Services +13% YoY'. Management Action: 'Subscription Price Elasticity Testing'. Scope: 'Apple corporate treasury and financial planning leadership approved strategic capital parameters regarding Subscription Price...'. Rationale: 'Evaluates pricing power with minimal churn risk. This balanced financial management approach optimizes ri...'.,Subscription Price Elasticity Testing,"Apple corporate treasury and financial planning leadership approved strategic capital parameters regarding Subscription Price Elasticity Testing. The finance committee established strict cash deployment guidelines to preserve liquidity buffers, optimize portfolio risk-adjusted yields, and execute Board-authorized share repurchases under Rule 10b5-1 programs.",+2%,maintain,Evaluates pricing power with minimal churn risk. This balanced financial management approach optimizes risk-adjusted returns on invested capital while preserving financial flexibility for multi-year strategic technology investments.,"[{""name"": ""Services"", ""value"": ""$27.4B"", ""unit"": ""USD"", ""observed_on"": ""2025-07-31""}]",Finance,reported,"{finance,maintain}",R&D;Legal,"Regarding Subscription Price Elasticity Testing, Legal reviewed consumer law implications; Finance insisted on preserving balance sheet liquidity reserves and maintaining target return on invested capital; Operations warned that strict capital rationing could constrain opportunistic component sourcing in Asia; Executive management authorized the financial allocation under disciplined risk parameters."
AAPL-2025Q3-0066,Apple Inc.,2025-07-31,quarterly_filings/2025_Q3.pdf,https://www.sec.gov/ix?doc=/Archives/edgar/data/0000320193/000032019325000072/aapl-20250628.htm,Item 2. Management's Discussion and Analysis - Liquidity and Capital Resources,Disclosure Context (2025Q3): Trigger: 'Services GM 75.6% and product GM pressure'. Management Action: 'Gross Margin Scenario Modeling Enhancement'. Scope: 'Apple corporate treasury and financial planning leadership approved strategic capital parameters regarding Gross Margin Scena...'. Rationale: 'Enhances margin forecasting precision. This balanced financial management approach optimizes risk-adjuste...'.,Gross Margin Scenario Modeling Enhancement,"Apple corporate treasury and financial planning leadership approved strategic capital parameters regarding Gross Margin Scenario Modeling Enhancement. The finance committee established strict cash deployment guidelines to preserve liquidity buffers, optimize portfolio risk-adjusted yields, and execute Board-authorized share repurchases under Rule 10b5-1 programs.",Improve,maintain,Enhances margin forecasting precision. This balanced financial management approach optimizes risk-adjusted returns on invested capital while preserving financial flexibility for multi-year strategic technology investments.,"[{""name"": ""Services_GM"", ""value"": ""75.6%"", ""unit"": ""percentage"", ""observed_on"": ""2025-07-31""}, {""name"": ""Revenue"", ""value"": ""$94.0B"", ""unit"": ""USD"", ""observed_on"": ""2025-07-31""}]",Finance,reported,"{finance,maintain}",Operations;R&D,"Regarding Gross Margin Scenario Modeling Enhancement, Ops requested integration with supply data; Finance insisted on preserving balance sheet liquidity reserves and maintaining target return on invested capital; Operations warned that strict capital rationing could constrain opportunistic component sourcing in Asia; Executive management authorized the financial allocation under disciplined risk parameters."
AAPL-2025Q3-0067,Apple Inc.,2025-07-31,quarterly_filings/2025_Q3.pdf,https://www.sec.gov/ix?doc=/Archives/edgar/data/0000320193/000032019325000072/aapl-20250628.htm,Item 2. Management's Discussion and Analysis - Liquidity and Capital Resources,Disclosure Context (2025Q3): Trigger: 'Global revenue growth across segments'. Management Action: 'Regional Pricing Harmonization Review'. Scope: 'Apple corporate treasury and financial planning leadership approved strategic capital parameters regarding Regional Pricing H...'. Rationale: 'Prevents arbitrage and FX imbalance. This balanced financial management approach optimizes risk-adjusted ...'.,Regional Pricing Harmonization Review,"Apple corporate treasury and financial planning leadership approved strategic capital parameters regarding Regional Pricing Harmonization Review. The finance committee established strict cash deployment guidelines to preserve liquidity buffers, optimize portfolio risk-adjusted yields, and execute Board-authorized share repurchases under Rule 10b5-1 programs.",Minor adjust,investigate,Prevents arbitrage and FX imbalance. This balanced financial management approach optimizes risk-adjusted returns on invested capital while preserving financial flexibility for multi-year strategic technology investments.,"[{""name"": ""Revenue"", ""value"": ""$94.0B"", ""unit"": ""USD"", ""observed_on"": ""2025-07-31""}, {""name"": ""iPhone"", ""value"": ""$44.6B"", ""unit"": ""USD"", ""observed_on"": ""2025-07-31""}]",Finance,reported,"{finance,investigate}",Legal;Operations,"Regarding Regional Pricing Harmonization Review, Legal reviewed consumer protection compliance; Finance insisted on preserving balance sheet liquidity reserves and maintaining target return on invested capital; Operations warned that strict capital rationing could constrain opportunistic component sourcing in Asia; Executive management authorized the financial allocation under disciplined risk parameters."
AAPL-2025Q3-0068,Apple Inc.,2025-07-31,quarterly_filings/2025_Q3.pdf,https://www.sec.gov/ix?doc=/Archives/edgar/data/0000320193/000032019325000072/aapl-20250628.htm,Item 2. Management's Discussion and Analysis - Liquidity and Capital Resources,Disclosure Context (2025Q3): Trigger: 'Global geographic growth'. Management Action: 'Foreign Exchange Sensitivity Modeling'. Scope: 'Apple corporate treasury and financial planning leadership approved strategic capital parameters regarding Foreign Exchange S...'. Rationale: 'Better protects EPS stability. This balanced financial management approach optimizes risk-adjusted return...'.,Foreign Exchange Sensitivity Modeling,"Apple corporate treasury and financial planning leadership approved strategic capital parameters regarding Foreign Exchange Sensitivity Modeling. The finance committee established strict cash deployment guidelines to preserve liquidity buffers, optimize portfolio risk-adjusted yields, and execute Board-authorized share repurchases under Rule 10b5-1 programs.",Improve,maintain,Better protects EPS stability. This balanced financial management approach optimizes risk-adjusted returns on invested capital while preserving financial flexibility for multi-year strategic technology investments.,"[{""name"": ""EPS"", ""value"": ""$1.57"", ""unit"": ""USD"", ""observed_on"": ""2025-07-31""}, {""name"": ""Revenue"", ""value"": ""$94.0B"", ""unit"": ""USD"", ""observed_on"": ""2025-07-31""}]",Finance,reported,"{finance,maintain}",Operations,"Regarding Foreign Exchange Sensitivity Modeling, Ops sought integration with supply model; Finance insisted on preserving balance sheet liquidity reserves and maintaining target return on invested capital; Operations warned that strict capital rationing could constrain opportunistic component sourcing in Asia; Executive management authorized the financial allocation under disciplined risk parameters."
AAPL-2025Q3-0069,Apple Inc.,2025-07-31,quarterly_filings/2025_Q3.pdf,https://www.sec.gov/ix?doc=/Archives/edgar/data/0000320193/000032019325000072/aapl-20250628.htm,Item 2. Management's Discussion and Analysis - Liquidity and Capital Resources,Disclosure Context (2025Q3): Trigger: 'Record installed base'. Management Action: 'Customer Satisfaction Correlation Modeling'. Scope: 'Apple corporate treasury and financial planning leadership approved strategic capital parameters regarding Customer Satisfact...'. Rationale: 'Links satisfaction directly to monetization growth. This balanced financial management approach optimizes...'.,Customer Satisfaction Correlation Modeling,"Apple corporate treasury and financial planning leadership approved strategic capital parameters regarding Customer Satisfaction Correlation Modeling. The finance committee established strict cash deployment guidelines to preserve liquidity buffers, optimize portfolio risk-adjusted yields, and execute Board-authorized share repurchases under Rule 10b5-1 programs.",Build model,maintain,Links satisfaction directly to monetization growth. This balanced financial management approach optimizes risk-adjusted returns on invested capital while preserving financial flexibility for multi-year strategic technology investments.,"[{""name"": ""Services"", ""value"": ""$27.4B"", ""unit"": ""USD"", ""observed_on"": ""2025-07-31""}]",Finance,reported,"{finance,maintain}",R&D,"Regarding Customer Satisfaction Correlation Modeling, R&D sought integration into product roadmap; Finance insisted on preserving balance sheet liquidity reserves and maintaining target return on invested capital; Operations warned that strict capital rationing could constrain opportunistic component sourcing in Asia; Executive management authorized the financial allocation under disciplined risk parameters."
AAPL-2025Q3-0070,Apple Inc.,2025-07-31,quarterly_filings/2025_Q3.pdf,https://www.sec.gov/ix?doc=/Archives/edgar/data/0000320193/000032019325000072/aapl-20250628.htm,Item 2. Management's Discussion and Analysis - Liquidity and Capital Resources,Disclosure Context (2025Q3): Trigger: '$69.3B repurchases YTD'. Management Action: 'Capital Structure Efficiency Review'. Scope: 'Apple corporate treasury and financial planning leadership approved strategic capital parameters regarding Capital Structure ...'. Rationale: 'Preserves flexibility amid strong cash position. This balanced financial management approach optimizes ri...'.,Capital Structure Efficiency Review,"Apple corporate treasury and financial planning leadership approved strategic capital parameters regarding Capital Structure Efficiency Review. The finance committee established strict cash deployment guidelines to preserve liquidity buffers, optimize portfolio risk-adjusted yields, and execute Board-authorized share repurchases under Rule 10b5-1 programs.",Maintain,investigate,Preserves flexibility amid strong cash position. This balanced financial management approach optimizes risk-adjusted returns on invested capital while preserving financial flexibility for multi-year strategic technology investments.,"[{""name"": ""Cash"", ""value"": ""$36.3B"", ""unit"": ""USD"", ""observed_on"": ""2025-07-31""}, {""name"": ""Repurchases"", ""value"": ""$69.3B"", ""unit"": ""USD"", ""observed_on"": ""2025-07-31""}]",Finance,reported,"{finance,investigate}",Legal,"Regarding Capital Structure Efficiency Review, Legal advised conservative posture; Finance insisted on preserving balance sheet liquidity reserves and maintaining target return on invested capital; Operations warned that strict capital rationing could constrain opportunistic component sourcing in Asia; Executive management authorized the financial allocation under disciplined risk parameters."
AAPL-2025Q3-0071,Apple Inc.,2025-07-31,quarterly_filings/2025_Q3.pdf,https://www.sec.gov/ix?doc=/Archives/edgar/data/0000320193/000032019325000072/aapl-20250628.htm,Item 2. Management's Discussion and Analysis - Liquidity and Capital Resources,Disclosure Context (2025Q3): Trigger: 'iPhone $44.6B share of revenue'. Management Action: 'Revenue Concentration Stress Analysis'. Scope: 'Apple corporate treasury and financial planning leadership approved strategic capital parameters regarding Revenue Concentrat...'. Rationale: 'Improves strategic diversification planning. This balanced financial management approach optimizes risk-a...'.,Revenue Concentration Stress Analysis,"Apple corporate treasury and financial planning leadership approved strategic capital parameters regarding Revenue Concentration Stress Analysis. The finance committee established strict cash deployment guidelines to preserve liquidity buffers, optimize portfolio risk-adjusted yields, and execute Board-authorized share repurchases under Rule 10b5-1 programs.",Advanced stress,maintain,Improves strategic diversification planning. This balanced financial management approach optimizes risk-adjusted returns on invested capital while preserving financial flexibility for multi-year strategic technology investments.,"[{""name"": ""iPhone"", ""value"": ""$44.6B"", ""unit"": ""USD"", ""observed_on"": ""2025-07-31""}, {""name"": ""Revenue"", ""value"": ""$94.0B"", ""unit"": ""USD"", ""observed_on"": ""2025-07-31""}]",Finance,reported,"{finance,maintain}",Operations;R&D,"Regarding Revenue Concentration Stress Analysis, Ops requested product diversification modeling; Finance insisted on preserving balance sheet liquidity reserves and maintaining target return on invested capital; Operations warned that strict capital rationing could constrain opportunistic component sourcing in Asia; Executive management authorized the financial allocation under disciplined risk parameters."
AAPL-2025Q3-0072,Apple Inc.,2025-07-31,quarterly_filings/2025_Q3.pdf,https://www.sec.gov/ix?doc=/Archives/edgar/data/0000320193/000032019325000072/aapl-20250628.htm,Item 2. Management's Discussion and Analysis - Liquidity and Capital Resources,Disclosure Context (2025Q3): Trigger: 'High shipment volumes'. Management Action: 'Warranty Reserve Recalibration Review'. Scope: 'Apple corporate treasury and financial planning leadership approved strategic capital parameters regarding Warranty Reserve R...'. Rationale: 'Avoids aggressive accounting changes. This balanced financial management approach optimizes risk-adjusted...'.,Warranty Reserve Recalibration Review,"Apple corporate treasury and financial planning leadership approved strategic capital parameters regarding Warranty Reserve Recalibration Review. The finance committee established strict cash deployment guidelines to preserve liquidity buffers, optimize portfolio risk-adjusted yields, and execute Board-authorized share repurchases under Rule 10b5-1 programs.",Maintain,investigate,Avoids aggressive accounting changes. This balanced financial management approach optimizes risk-adjusted returns on invested capital while preserving financial flexibility for multi-year strategic technology investments.,"[{""name"": ""Revenue"", ""value"": ""$94.0B"", ""unit"": ""USD"", ""observed_on"": ""2025-07-31""}]",Finance,reported,"{finance,investigate}",Legal,"Regarding Warranty Reserve Recalibration Review, Legal advised caution on adjustment; Finance insisted on preserving balance sheet liquidity reserves and maintaining target return on invested capital; Operations warned that strict capital rationing could constrain opportunistic component sourcing in Asia; Executive management authorized the financial allocation under disciplined risk parameters."
AAPL-2025Q3-0073,Apple Inc.,2025-07-31,quarterly_filings/2025_Q3.pdf,https://www.sec.gov/ix?doc=/Archives/edgar/data/0000320193/000032019325000072/aapl-20250628.htm,Item 2. Management's Discussion and Analysis - Liquidity and Capital Resources,Disclosure Context (2025Q3): Trigger: 'High component volumes'. Management Action: 'Strategic Supply Contract Renegotiation'. Scope: 'Apple corporate treasury and financial planning leadership approved strategic capital parameters regarding Strategic Supply C...'. Rationale: 'Captures scale benefits without disrupting partnerships. This balanced financial management approach opti...'.,Strategic Supply Contract Renegotiation,"Apple corporate treasury and financial planning leadership approved strategic capital parameters regarding Strategic Supply Contract Renegotiation. The finance committee established strict cash deployment guidelines to preserve liquidity buffers, optimize portfolio risk-adjusted yields, and execute Board-authorized share repurchases under Rule 10b5-1 programs.",Renegotiate 3%,maintain,Captures scale benefits without disrupting partnerships. This balanced financial management approach optimizes risk-adjusted returns on invested capital while preserving financial flexibility for multi-year strategic technology investments.,"[{""name"": ""Revenue"", ""value"": ""$94.0B"", ""unit"": ""USD"", ""observed_on"": ""2025-07-31""}]",Finance,reported,"{finance,maintain}",Operations;Legal,"Regarding Strategic Supply Contract Renegotiation, Legal ensured compliance clauses; Finance insisted on preserving balance sheet liquidity reserves and maintaining target return on invested capital; Operations warned that strict capital rationing could constrain opportunistic component sourcing in Asia; Executive management authorized the financial allocation under disciplined risk parameters."
AAPL-2025Q3-0074,Apple Inc.,2025-07-31,quarterly_filings/2025_Q3.pdf,https://www.sec.gov/ix?doc=/Archives/edgar/data/0000320193/000032019325000072/aapl-20250628.htm,Item 2. Management's Discussion and Analysis - Liquidity and Capital Resources,Disclosure Context (2025Q3): Trigger: 'Services $27.4B transaction growth'. Management Action: 'Services Fraud Reimbursement Policy Review'. Scope: 'Apple corporate treasury and financial planning leadership approved strategic capital parameters regarding Services Fraud Rei...'. Rationale: 'Reduces fraud leakage while preserving goodwill. This balanced financial management approach optimizes ri...'.,Services Fraud Reimbursement Policy Review,"Apple corporate treasury and financial planning leadership approved strategic capital parameters regarding Services Fraud Reimbursement Policy Review. The finance committee established strict cash deployment guidelines to preserve liquidity buffers, optimize portfolio risk-adjusted yields, and execute Board-authorized share repurchases under Rule 10b5-1 programs.",Tighten,investigate,Reduces fraud leakage while preserving goodwill. This balanced financial management approach optimizes risk-adjusted returns on invested capital while preserving financial flexibility for multi-year strategic technology investments.,"[{""name"": ""Services"", ""value"": ""$27.4B"", ""unit"": ""USD"", ""observed_on"": ""2025-07-31""}]",Finance,reported,"{finance,investigate}",Legal;Operations,"Regarding Services Fraud Reimbursement Policy Review, Legal ensured compliance with consumer law; Finance insisted on preserving balance sheet liquidity reserves and maintaining target return on invested capital; Operations warned that strict capital rationing could constrain opportunistic component sourcing in Asia; Executive management authorized the financial allocation under disciplined risk parameters."
AAPL-2025Q3-0075,Apple Inc.,2025-07-31,quarterly_filings/2025_Q3.pdf,https://www.sec.gov/ix?doc=/Archives/edgar/data/0000320193/000032019325000072/aapl-20250628.htm,Item 2. Management's Discussion and Analysis - Liquidity and Capital Resources,Disclosure Context (2025Q3): Trigger: 'iPhone $44.6B and Mac $8.0B growth'. Management Action: 'Product Mix Margin Modeling Enhancement'. Scope: 'Apple corporate treasury and financial planning leadership approved strategic capital parameters regarding Product Mix Margin...'. Rationale: 'Enhances pricing and production decisions. This balanced financial management approach optimizes risk-adj...'.,Product Mix Margin Modeling Enhancement,"Apple corporate treasury and financial planning leadership approved strategic capital parameters regarding Product Mix Margin Modeling Enhancement. The finance committee established strict cash deployment guidelines to preserve liquidity buffers, optimize portfolio risk-adjusted yields, and execute Board-authorized share repurchases under Rule 10b5-1 programs.",AI-driven modeling,maintain,Enhances pricing and production decisions. This balanced financial management approach optimizes risk-adjusted returns on invested capital while preserving financial flexibility for multi-year strategic technology investments.,"[{""name"": ""Revenue"", ""value"": ""$94.0B"", ""unit"": ""USD"", ""observed_on"": ""2025-07-31""}]",Finance,reported,"{finance,maintain}",Operations;R&D,"Regarding Product Mix Margin Modeling Enhancement, Ops requested integration with demand forecast; Finance insisted on preserving balance sheet liquidity reserves and maintaining target return on invested capital; Operations warned that strict capital rationing could constrain opportunistic component sourcing in Asia; Executive management authorized the financial allocation under disciplined risk parameters."
AAPL-2025Q3-0076,Apple Inc.,2025-07-31,quarterly_filings/2025_Q3.pdf,https://www.sec.gov/ix?doc=/Archives/edgar/data/0000320193/000032019325000072/aapl-20250628.htm,Item 2. Management's Discussion and Analysis - Liquidity and Capital Resources,Disclosure Context (2025Q3): Trigger: 'Receivables $27.6B'. Management Action: 'Channel Financing Risk Evaluation'. Scope: 'Apple corporate treasury and financial planning leadership approved strategic capital parameters regarding Channel Financing ...'. Rationale: 'Reduces counterparty dependency risk. This balanced financial management approach optimizes risk-adjusted...'.,Channel Financing Risk Evaluation,"Apple corporate treasury and financial planning leadership approved strategic capital parameters regarding Channel Financing Risk Evaluation. The finance committee established strict cash deployment guidelines to preserve liquidity buffers, optimize portfolio risk-adjusted yields, and execute Board-authorized share repurchases under Rule 10b5-1 programs.",Diversify,maintain,Reduces counterparty dependency risk. This balanced financial management approach optimizes risk-adjusted returns on invested capital while preserving financial flexibility for multi-year strategic technology investments.,"[{""name"": ""Receivables"", ""value"": ""$27.6B"", ""unit"": ""USD"", ""observed_on"": ""2025-07-31""}]",Finance,reported,"{finance,maintain}",Legal;Operations,"Regarding Channel Financing Risk Evaluation, Ops concerned about onboarding new partners; Finance insisted on preserving balance sheet liquidity reserves and maintaining target return on invested capital; Operations warned that strict capital rationing could constrain opportunistic component sourcing in Asia; Executive management authorized the financial allocation under disciplined risk parameters."
AAPL-2025Q3-0077,Apple Inc.,2025-07-31,quarterly_filings/2025_Q3.pdf,https://www.sec.gov/ix?doc=/Archives/edgar/data/0000320193/000032019325000072/aapl-20250628.htm,Item 2. Management's Discussion and Analysis - Liquidity and Capital Resources,Disclosure Context (2025Q3): Trigger: 'Services $27.4B'. Management Action: 'App Store Commission Elasticity Analysis'. Scope: 'Apple corporate treasury and financial planning leadership approved strategic capital parameters regarding App Store Commissi...'. Rationale: 'Improves pricing optimization. This balanced financial management approach optimizes risk-adjusted return...'.,App Store Commission Elasticity Analysis,"Apple corporate treasury and financial planning leadership approved strategic capital parameters regarding App Store Commission Elasticity Analysis. The finance committee established strict cash deployment guidelines to preserve liquidity buffers, optimize portfolio risk-adjusted yields, and execute Board-authorized share repurchases under Rule 10b5-1 programs.",Deep elasticity modeling,maintain,Improves pricing optimization. This balanced financial management approach optimizes risk-adjusted returns on invested capital while preserving financial flexibility for multi-year strategic technology investments.,"[{""name"": ""Services"", ""value"": ""$27.4B"", ""unit"": ""USD"", ""observed_on"": ""2025-07-31""}]",Finance,reported,"{finance,maintain}",Legal;R&D,"Regarding App Store Commission Elasticity Analysis, Legal monitored regulatory risk; Finance insisted on preserving balance sheet liquidity reserves and maintaining target return on invested capital; Operations warned that strict capital rationing could constrain opportunistic component sourcing in Asia; Executive management authorized the financial allocation under disciplined risk parameters."
AAPL-2025Q3-0078,Apple Inc.,2025-07-31,quarterly_filings/2025_Q3.pdf,https://www.sec.gov/ix?doc=/Archives/edgar/data/0000320193/000032019325000072/aapl-20250628.htm,Item 2. Management's Discussion and Analysis - Liquidity and Capital Resources,Disclosure Context (2025Q3): Trigger: 'Revenue $94.0B'. Management Action: 'Cost-to-Serve Segment Analysis'. Scope: 'Apple corporate treasury and financial planning leadership approved strategic capital parameters regarding Cost-to-Serve Segm...'. Rationale: 'Improves pricing and distribution decisions. This balanced financial management approach optimizes risk-a...'.,Cost-to-Serve Segment Analysis,"Apple corporate treasury and financial planning leadership approved strategic capital parameters regarding Cost-to-Serve Segment Analysis. The finance committee established strict cash deployment guidelines to preserve liquidity buffers, optimize portfolio risk-adjusted yields, and execute Board-authorized share repurchases under Rule 10b5-1 programs.",Granular,maintain,Improves pricing and distribution decisions. This balanced financial management approach optimizes risk-adjusted returns on invested capital while preserving financial flexibility for multi-year strategic technology investments.,"[{""name"": ""Revenue"", ""value"": ""$94.0B"", ""unit"": ""USD"", ""observed_on"": ""2025-07-31""}, {""name"": ""Operating_Income"", ""value"": ""$28.2B"", ""unit"": ""USD"", ""observed_on"": ""2025-07-31""}]",Finance,reported,"{finance,maintain}",Operations,"Regarding Cost-to-Serve Segment Analysis, Ops integrated logistics data; Finance insisted on preserving balance sheet liquidity reserves and maintaining target return on invested capital; Operations warned that strict capital rationing could constrain opportunistic component sourcing in Asia; Executive management authorized the financial allocation under disciplined risk parameters."
AAPL-2025Q3-0079,Apple Inc.,2025-07-31,quarterly_filings/2025_Q3.pdf,https://www.sec.gov/ix?doc=/Archives/edgar/data/0000320193/000032019325000072/aapl-20250628.htm,Item 2. Management's Discussion and Analysis - Liquidity and Capital Resources,Disclosure Context (2025Q3): Trigger: 'Inventory $5.9B and receivables $27.6B'. Management Action: 'Working Capital Cycle Compression'. Scope: 'Apple corporate treasury and financial planning leadership approved strategic capital parameters regarding Working Capital Cy...'. Rationale: 'Enhances cash efficiency. This balanced financial management approach optimizes risk-adjusted returns on ...'.,Working Capital Cycle Compression,"Apple corporate treasury and financial planning leadership approved strategic capital parameters regarding Working Capital Cycle Compression. The finance committee established strict cash deployment guidelines to preserve liquidity buffers, optimize portfolio risk-adjusted yields, and execute Board-authorized share repurchases under Rule 10b5-1 programs.",Improve 1 day,maintain,Enhances cash efficiency. This balanced financial management approach optimizes risk-adjusted returns on invested capital while preserving financial flexibility for multi-year strategic technology investments.,"[{""name"": ""Inventory"", ""value"": ""$5.9B"", ""unit"": ""USD"", ""observed_on"": ""2025-07-31""}, {""name"": ""Receivables"", ""value"": ""$27.6B"", ""unit"": ""USD"", ""observed_on"": ""2025-07-31""}]",Finance,reported,"{finance,maintain}",Operations,"Regarding Working Capital Cycle Compression, Ops aligned procurement timing; Finance insisted on preserving balance sheet liquidity reserves and maintaining target return on invested capital; Operations warned that strict capital rationing could constrain opportunistic component sourcing in Asia; Executive management authorized the financial allocation under disciplined risk parameters."
AAPL-2025Q3-0080,Apple Inc.,2025-07-31,quarterly_filings/2025_Q3.pdf,https://www.sec.gov/ix?doc=/Archives/edgar/data/0000320193/000032019325000072/aapl-20250628.htm,Item 2. Management's Discussion and Analysis - Liquidity and Capital Resources,Disclosure Context (2025Q3): Trigger: 'High shipment volumes with Revenue $94.0B'. Management Action: 'Warranty Cost Forecast Enhancement'. Scope: 'Apple corporate treasury and financial planning leadership approved strategic capital parameters regarding Warranty Cost Fore...'. Rationale: 'Reduces reserve misestimation risk. This balanced financial management approach optimizes risk-adjusted r...'.,Warranty Cost Forecast Enhancement,"Apple corporate treasury and financial planning leadership approved strategic capital parameters regarding Warranty Cost Forecast Enhancement. The finance committee established strict cash deployment guidelines to preserve liquidity buffers, optimize portfolio risk-adjusted yields, and execute Board-authorized share repurchases under Rule 10b5-1 programs.",AI-enhanced model,maintain,Reduces reserve misestimation risk. This balanced financial management approach optimizes risk-adjusted returns on invested capital while preserving financial flexibility for multi-year strategic technology investments.,"[{""name"": ""Revenue"", ""value"": ""$94.0B"", ""unit"": ""USD"", ""observed_on"": ""2025-07-31""}, {""name"": ""Inventory"", ""value"": ""$5.9B"", ""unit"": ""USD"", ""observed_on"": ""2025-07-31""}]",Finance,reported,"{finance,maintain}",Operations,"Regarding Warranty Cost Forecast Enhancement, Ops provided defect trend inputs; Finance insisted on preserving balance sheet liquidity reserves and maintaining target return on invested capital; Operations warned that strict capital rationing could constrain opportunistic component sourcing in Asia; Executive management authorized the financial allocation under disciplined risk parameters."
AAPL-2025Q3-0081,Apple Inc.,2025-07-31,quarterly_filings/2025_Q3.pdf,https://www.sec.gov/ix?doc=/Archives/edgar/data/0000320193/000032019325000072/aapl-20250628.htm,Item 2. Management's Discussion and Analysis - Liquidity and Capital Resources,Disclosure Context (2025Q3): Trigger: 'iPhone revenue $44.6B'. Management Action: 'Device Upgrade Cycle Elasticity Study'. Scope: 'Apple corporate treasury and financial planning leadership approved strategic capital parameters regarding Device Upgrade Cyc...'. Rationale: 'Optimizes pricing and launch timing. This balanced financial management approach optimizes risk-adjusted ...'.,Device Upgrade Cycle Elasticity Study,"Apple corporate treasury and financial planning leadership approved strategic capital parameters regarding Device Upgrade Cycle Elasticity Study. The finance committee established strict cash deployment guidelines to preserve liquidity buffers, optimize portfolio risk-adjusted yields, and execute Board-authorized share repurchases under Rule 10b5-1 programs.",Comprehensive,maintain,Optimizes pricing and launch timing. This balanced financial management approach optimizes risk-adjusted returns on invested capital while preserving financial flexibility for multi-year strategic technology investments.,"[{""name"": ""iPhone"", ""value"": ""$44.6B"", ""unit"": ""USD"", ""observed_on"": ""2025-07-31""}, {""name"": ""Revenue"", ""value"": ""$94.0B"", ""unit"": ""USD"", ""observed_on"": ""2025-07-31""}]",Finance,reported,"{finance,maintain}",R&D;Operations,"Regarding Device Upgrade Cycle Elasticity Study, R&D required roadmap alignment; Finance insisted on preserving balance sheet liquidity reserves and maintaining target return on invested capital; Operations warned that strict capital rationing could constrain opportunistic component sourcing in Asia; Executive management authorized the financial allocation under disciplined risk parameters."
AAPL-2025Q3-0082,Apple Inc.,2025-07-31,quarterly_filings/2025_Q3.pdf,https://www.sec.gov/ix?doc=/Archives/edgar/data/0000320193/000032019325000072/aapl-20250628.htm,Item 2. Management's Discussion and Analysis - Liquidity and Capital Resources,Disclosure Context (2025Q3): Trigger: 'Operating Income $28.2B'. Management Action: 'Earnings Volatility Buffer Modeling'. Scope: 'Apple corporate treasury and financial planning leadership approved strategic capital parameters regarding Earnings Volatilit...'. Rationale: 'Improves board-level planning resilience. This balanced financial management approach optimizes risk-adju...'.,Earnings Volatility Buffer Modeling,"Apple corporate treasury and financial planning leadership approved strategic capital parameters regarding Earnings Volatility Buffer Modeling. The finance committee established strict cash deployment guidelines to preserve liquidity buffers, optimize portfolio risk-adjusted yields, and execute Board-authorized share repurchases under Rule 10b5-1 programs.",Advanced,maintain,Improves board-level planning resilience. This balanced financial management approach optimizes risk-adjusted returns on invested capital while preserving financial flexibility for multi-year strategic technology investments.,"[{""name"": ""Operating_Income"", ""value"": ""$28.2B"", ""unit"": ""USD"", ""observed_on"": ""2025-07-31""}, {""name"": ""EPS"", ""value"": ""$1.57"", ""unit"": ""USD"", ""observed_on"": ""2025-07-31""}]",Finance,reported,"{finance,maintain}",Operations,"Regarding Earnings Volatility Buffer Modeling, Ops requested integration with cost model; Finance insisted on preserving balance sheet liquidity reserves and maintaining target return on invested capital; Operations warned that strict capital rationing could constrain opportunistic component sourcing in Asia; Executive management authorized the financial allocation under disciplined risk parameters."
AAPL-2025Q3-0083,Apple Inc.,2025-07-31,quarterly_filings/2025_Q3.pdf,https://www.sec.gov/ix?doc=/Archives/edgar/data/0000320193/000032019325000072/aapl-20250628.htm,Item 2. Management's Discussion and Analysis - Liquidity and Capital Resources,Disclosure Context (2025Q3): Trigger: 'Receivables $27.6B'. Management Action: 'Device Financing Default Risk Review'. Scope: 'Apple corporate treasury and financial planning leadership approved strategic capital parameters regarding Device Financing D...'. Rationale: 'Improves predictive risk management. This balanced financial management approach optimizes risk-adjusted ...'.,Device Financing Default Risk Review,"Apple corporate treasury and financial planning leadership approved strategic capital parameters regarding Device Financing Default Risk Review. The finance committee established strict cash deployment guidelines to preserve liquidity buffers, optimize portfolio risk-adjusted yields, and execute Board-authorized share repurchases under Rule 10b5-1 programs.",Expand scoring,investigate,Improves predictive risk management. This balanced financial management approach optimizes risk-adjusted returns on invested capital while preserving financial flexibility for multi-year strategic technology investments.,"[{""name"": ""Receivables"", ""value"": ""$27.6B"", ""unit"": ""USD"", ""observed_on"": ""2025-07-31""}]",Finance,reported,"{finance,investigate}",Legal;Operations,"Regarding Device Financing Default Risk Review, Legal reviewed lending compliance; Finance insisted on preserving balance sheet liquidity reserves and maintaining target return on invested capital; Operations warned that strict capital rationing could constrain opportunistic component sourcing in Asia; Executive management authorized the financial allocation under disciplined risk parameters."
AAPL-2025Q3-0084,Apple Inc.,2025-07-31,quarterly_filings/2025_Q3.pdf,https://www.sec.gov/ix?doc=/Archives/edgar/data/0000320193/000032019325000072/aapl-20250628.htm,Item 2. Management's Discussion and Analysis - Liquidity and Capital Resources,Disclosure Context (2025Q3): Trigger: 'Revenue $94.0B'. Management Action: 'Margin Floor Policy Framework'. Scope: 'Apple corporate treasury and financial planning leadership approved strategic capital parameters regarding Margin Floor Polic...'. Rationale: 'Prevents excessive promotional erosion. This balanced financial management approach optimizes risk-adjust...'.,Margin Floor Policy Framework,"Apple corporate treasury and financial planning leadership approved strategic capital parameters regarding Margin Floor Policy Framework. The finance committee established strict cash deployment guidelines to preserve liquidity buffers, optimize portfolio risk-adjusted yields, and execute Board-authorized share repurchases under Rule 10b5-1 programs.",Soft floor,maintain,Prevents excessive promotional erosion. This balanced financial management approach optimizes risk-adjusted returns on invested capital while preserving financial flexibility for multi-year strategic technology investments.,"[{""name"": ""Revenue"", ""value"": ""$94.0B"", ""unit"": ""USD"", ""observed_on"": ""2025-07-31""}, {""name"": ""Operating_Income"", ""value"": ""$28.2B"", ""unit"": ""USD"", ""observed_on"": ""2025-07-31""}]",Finance,reported,"{finance,maintain}",Operations,"Regarding Margin Floor Policy Framework, Ops argued flexibility needed; Finance insisted on preserving balance sheet liquidity reserves and maintaining target return on invested capital; Operations warned that strict capital rationing could constrain opportunistic component sourcing in Asia; Executive management authorized the financial allocation under disciplined risk parameters."
AAPL-2025Q3-0085,Apple Inc.,2025-07-31,quarterly_filings/2025_Q3.pdf,https://www.sec.gov/ix?doc=/Archives/edgar/data/0000320193/000032019325000072/aapl-20250628.htm,Item 2. Management's Discussion and Analysis - Liquidity and Capital Resources,Disclosure Context (2025Q3): Trigger: 'Cash $36.3B and repurchases $69.3B'. Management Action: 'Capital Allocation Sensitivity Modeling'. Scope: 'Apple corporate treasury and financial planning leadership approved strategic capital parameters regarding Capital Allocation...'. Rationale: 'Optimizes allocation trade-offs. This balanced financial management approach optimizes risk-adjusted retu...'.,Capital Allocation Sensitivity Modeling,"Apple corporate treasury and financial planning leadership approved strategic capital parameters regarding Capital Allocation Sensitivity Modeling. The finance committee established strict cash deployment guidelines to preserve liquidity buffers, optimize portfolio risk-adjusted yields, and execute Board-authorized share repurchases under Rule 10b5-1 programs.",Advanced,maintain,Optimizes allocation trade-offs. This balanced financial management approach optimizes risk-adjusted returns on invested capital while preserving financial flexibility for multi-year strategic technology investments.,"[{""name"": ""Cash"", ""value"": ""$36.3B"", ""unit"": ""USD"", ""observed_on"": ""2025-07-31""}, {""name"": ""Repurchases"", ""value"": ""$69.3B"", ""unit"": ""USD"", ""observed_on"": ""2025-07-31""}]",Finance,reported,"{finance,maintain}",R&D;Operations,"Regarding Capital Allocation Sensitivity Modeling, R&D protected innovation budget; Finance insisted on preserving balance sheet liquidity reserves and maintaining target return on invested capital; Operations warned that strict capital rationing could constrain opportunistic component sourcing in Asia; Executive management authorized the financial allocation under disciplined risk parameters."
AAPL-2025Q3-0086,Apple Inc.,2025-07-31,quarterly_filings/2025_Q3.pdf,https://www.sec.gov/ix?doc=/Archives/edgar/data/0000320193/000032019325000072/aapl-20250628.htm,Item 2. Management's Discussion and Analysis - Liquidity and Capital Resources,Disclosure Context (2025Q3): Trigger: 'Wearables $7.4B (-9%)'. Management Action: 'Wearables Revenue Stabilization Strategy'. Scope: 'Apple corporate treasury and financial planning leadership approved strategic capital parameters regarding Wearables Revenue ...'. Rationale: 'Encourages ecosystem attachment over pure discounting. This balanced financial management approach optimi...'.,Wearables Revenue Stabilization Strategy,"Apple corporate treasury and financial planning leadership approved strategic capital parameters regarding Wearables Revenue Stabilization Strategy. The finance committee established strict cash deployment guidelines to preserve liquidity buffers, optimize portfolio risk-adjusted yields, and execute Board-authorized share repurchases under Rule 10b5-1 programs.",Bundle push,maintain,Encourages ecosystem attachment over pure discounting. This balanced financial management approach optimizes risk-adjusted returns on invested capital while preserving financial flexibility for multi-year strategic technology investments.,"[{""name"": ""Wearables"", ""value"": ""$7.4B"", ""unit"": ""USD"", ""observed_on"": ""2025-07-31""}, {""name"": ""Revenue"", ""value"": ""$94.0B"", ""unit"": ""USD"", ""observed_on"": ""2025-07-31""}]",Finance,reported,"{finance,maintain}",Operations;R&D,"Regarding Wearables Revenue Stabilization Strategy, Ops cautious about cannibalization; Finance insisted on preserving balance sheet liquidity reserves and maintaining target return on invested capital; Operations warned that strict capital rationing could constrain opportunistic component sourcing in Asia; Executive management authorized the financial allocation under disciplined risk parameters."
AAPL-2025Q3-0087,Apple Inc.,2025-07-31,quarterly_filings/2025_Q3.pdf,https://www.sec.gov/ix?doc=/Archives/edgar/data/0000320193/000032019325000072/aapl-20250628.htm,Item 2. Management's Discussion and Analysis - Liquidity and Capital Resources,Disclosure Context (2025Q3): Trigger: 'Deferred revenue $13.6B'. Management Action: 'Deferred Revenue Timing Optimization'. Scope: 'Apple corporate treasury and financial planning leadership approved strategic capital parameters regarding Deferred Revenue T...'. Rationale: 'Improves cash predictability without recognition risk. This balanced financial management approach optimi...'.,Deferred Revenue Timing Optimization,"Apple corporate treasury and financial planning leadership approved strategic capital parameters regarding Deferred Revenue Timing Optimization. The finance committee established strict cash deployment guidelines to preserve liquidity buffers, optimize portfolio risk-adjusted yields, and execute Board-authorized share repurchases under Rule 10b5-1 programs.",Hybrid,defer,Improves cash predictability without recognition risk. This balanced financial management approach optimizes risk-adjusted returns on invested capital while preserving financial flexibility for multi-year strategic technology investments.,"[{""name"": ""Deferred_Revenue"", ""value"": ""$13.6B"", ""unit"": ""USD"", ""observed_on"": ""2025-07-31""}, {""name"": ""Cash"", ""value"": ""$36.3B"", ""unit"": ""USD"", ""observed_on"": ""2025-07-31""}]",Finance,reported,"{finance,defer}",Legal,"Regarding Deferred Revenue Timing Optimization, Legal ensured compliance; Finance insisted on preserving balance sheet liquidity reserves and maintaining target return on invested capital; Operations warned that strict capital rationing could constrain opportunistic component sourcing in Asia; Executive management authorized the financial allocation under disciplined risk parameters."
AAPL-2025Q3-0088,Apple Inc.,2025-07-31,quarterly_filings/2025_Q3.pdf,https://www.sec.gov/ix?doc=/Archives/edgar/data/0000320193/000032019325000072/aapl-20250628.htm,Item 2. Management's Discussion and Analysis - Liquidity and Capital Resources,Disclosure Context (2025Q3): Trigger: 'Revenue $94.0B with mixed segment trends'. Management Action: 'Promotional Margin Guardrail Enforcement'. Scope: 'Apple corporate treasury and financial planning leadership approved strategic capital parameters regarding Promotional Margin...'. Rationale: 'Protects GM without harming sales velocity. This balanced financial management approach optimizes risk-ad...'.,Promotional Margin Guardrail Enforcement,"Apple corporate treasury and financial planning leadership approved strategic capital parameters regarding Promotional Margin Guardrail Enforcement. The finance committee established strict cash deployment guidelines to preserve liquidity buffers, optimize portfolio risk-adjusted yields, and execute Board-authorized share repurchases under Rule 10b5-1 programs.",Soft enforcement,maintain,Protects GM without harming sales velocity. This balanced financial management approach optimizes risk-adjusted returns on invested capital while preserving financial flexibility for multi-year strategic technology investments.,"[{""name"": ""Operating_Income"", ""value"": ""$28.2B"", ""unit"": ""USD"", ""observed_on"": ""2025-07-31""}, {""name"": ""Revenue"", ""value"": ""$94.0B"", ""unit"": ""USD"", ""observed_on"": ""2025-07-31""}]",Finance,reported,"{finance,maintain}",Operations,"Regarding Promotional Margin Guardrail Enforcement, Ops required seasonal flexibility; Finance insisted on preserving balance sheet liquidity reserves and maintaining target return on invested capital; Operations warned that strict capital rationing could constrain opportunistic component sourcing in Asia; Executive management authorized the financial allocation under disciplined risk parameters."
AAPL-2025Q3-0089,Apple Inc.,2025-07-31,quarterly_filings/2025_Q3.pdf,https://www.sec.gov/ix?doc=/Archives/edgar/data/0000320193/000032019325000072/aapl-20250628.htm,Item 2. Management's Discussion and Analysis - Liquidity and Capital Resources,Disclosure Context (2025Q3): Trigger: 'Global device shipments'. Management Action: 'Logistics Fuel Hedging Strategy'. Scope: 'Apple corporate treasury and financial planning leadership approved strategic capital parameters regarding Logistics Fuel Hed...'. Rationale: 'Reduces shipping cost volatility. This balanced financial management approach optimizes risk-adjusted ret...'.,Logistics Fuel Hedging Strategy,"Apple corporate treasury and financial planning leadership approved strategic capital parameters regarding Logistics Fuel Hedging Strategy. The finance committee established strict cash deployment guidelines to preserve liquidity buffers, optimize portfolio risk-adjusted yields, and execute Board-authorized share repurchases under Rule 10b5-1 programs.",+10%,maintain,Reduces shipping cost volatility. This balanced financial management approach optimizes risk-adjusted returns on invested capital while preserving financial flexibility for multi-year strategic technology investments.,"[{""name"": ""Revenue"", ""value"": ""$94.0B"", ""unit"": ""USD"", ""observed_on"": ""2025-07-31""}]",Finance,reported,"{finance,maintain}",Operations,"Regarding Logistics Fuel Hedging Strategy, Ops modeled logistics volatility; Finance insisted on preserving balance sheet liquidity reserves and maintaining target return on invested capital; Operations warned that strict capital rationing could constrain opportunistic component sourcing in Asia; Executive management authorized the financial allocation under disciplined risk parameters."
AAPL-2025Q3-0090,Apple Inc.,2025-07-31,quarterly_filings/2025_Q3.pdf,https://www.sec.gov/ix?doc=/Archives/edgar/data/0000320193/000032019325000072/aapl-20250628.htm,Item 2. Management's Discussion and Analysis - Liquidity and Capital Resources,Disclosure Context (2025Q3): Trigger: 'Cash $36.3B'. Management Action: 'Liquidity Buffer Optimization Review'. Scope: 'Apple corporate treasury and financial planning leadership approved strategic capital parameters regarding Liquidity Buffer O...'. Rationale: 'Balances buybacks and stability. This balanced financial management approach optimizes risk-adjusted retu...'.,Liquidity Buffer Optimization Review,"Apple corporate treasury and financial planning leadership approved strategic capital parameters regarding Liquidity Buffer Optimization Review. The finance committee established strict cash deployment guidelines to preserve liquidity buffers, optimize portfolio risk-adjusted yields, and execute Board-authorized share repurchases under Rule 10b5-1 programs.",Maintain,investigate,Balances buybacks and stability. This balanced financial management approach optimizes risk-adjusted returns on invested capital while preserving financial flexibility for multi-year strategic technology investments.,"[{""name"": ""Cash"", ""value"": ""$36.3B"", ""unit"": ""USD"", ""observed_on"": ""2025-07-31""}, {""name"": ""Repurchases"", ""value"": ""$69.3B"", ""unit"": ""USD"", ""observed_on"": ""2025-07-31""}]",Finance,reported,"{finance,investigate}",Legal,"Regarding Liquidity Buffer Optimization Review, Legal supported conservative stance; Finance insisted on preserving balance sheet liquidity reserves and maintaining target return on invested capital; Operations warned that strict capital rationing could constrain opportunistic component sourcing in Asia; Executive management authorized the financial allocation under disciplined risk parameters."
AAPL-2025Q3-0091,Apple Inc.,2025-07-31,quarterly_filings/2025_Q3.pdf,https://www.sec.gov/ix?doc=/Archives/edgar/data/0000320193/000032019325000072/aapl-20250628.htm,Item 2. Management's Discussion and Analysis - Research and Development,Disclosure Context (2025Q3): Trigger: 'R&D expense up to $8.9B; AI platform announced at WWDC'. Management Action: 'Expand Apple Intelligence Infrastructure Spend'. Scope: 'Apple hardware and software engineering teams allocated dedicated resources toward Expand Apple Intelligence Infrastructure S...'. Rationale: 'Supports ecosystem differentiation and long-term Services monetization. This technical focus accelerates ...'.,Expand Apple Intelligence Infrastructure Spend,"Apple hardware and software engineering teams allocated dedicated resources toward Expand Apple Intelligence Infrastructure Spend. Senior engineering directors aligned silicon architecture sprints, OS firmware integration milestones, and multi-tier regression test suites to guarantee thermal efficiency, on-device ML speed, and ecosystem reliability.",Increase 5%,expand,"Supports ecosystem differentiation and long-term Services monetization. This technical focus accelerates core software delivery milestones, reinforces Apple Silicon architectural leadership, and deepens user retention across the active installed base.","[{""name"": ""R&D"", ""value"": ""$8.9B"", ""unit"": ""USD"", ""observed_on"": ""2025-07-31""}, {""name"": ""Services_GM"", ""value"": ""75.6%"", ""unit"": ""percentage"", ""observed_on"": ""2025-07-31""}, {""name"": ""Deferred_Revenue"", ""value"": ""$13.6B"", ""unit"": ""USD"", ""observed_on"": ""2025-07-31""}]",R&D,reported,"{r&d,expand}",Finance;Operations,"In evaluating Expand Apple Intelligence Infrastructure Spend, Finance concerned about short-term margin pressure; R&D emphasized competitive positioning; R&D engineering prioritized aggressive feature integration and on-device model capability milestones; Operations raised concerns regarding factory test cycle duration and thermal yields; Executive leadership approved the technical roadmap with phased milestone gating."
AAPL-2025Q3-0092,Apple Inc.,2025-07-31,quarterly_filings/2025_Q3.pdf,https://www.sec.gov/ix?doc=/Archives/edgar/data/0000320193/000032019325000072/aapl-20250628.htm,Item 2. Management's Discussion and Analysis - Research and Development,"Disclosure Context (2025Q3): Trigger: 'WWDC AI announcements'. Management Action: 'Accelerate macOS AI Feature Integration'. Scope: 'Apple hardware and software engineering teams allocated dedicated resources toward Accelerate macOS AI Feature Integration. S...'. Rationale: 'Strengthens platform momentum. This technical focus accelerates core software delivery milestones, reinfo...'.",Accelerate macOS AI Feature Integration,"Apple hardware and software engineering teams allocated dedicated resources toward Accelerate macOS AI Feature Integration. Senior engineering directors aligned silicon architecture sprints, OS firmware integration milestones, and multi-tier regression test suites to guarantee thermal efficiency, on-device ML speed, and ecosystem reliability.",Accelerate by 1 quarter,expand,"Strengthens platform momentum. This technical focus accelerates core software delivery milestones, reinforces Apple Silicon architectural leadership, and deepens user retention across the active installed base.","[{""name"": ""R&D"", ""value"": ""$8.9B"", ""unit"": ""USD"", ""observed_on"": ""2025-07-31""}, {""name"": ""Mac"", ""value"": ""+15%"", ""unit"": ""percentage"", ""observed_on"": ""2025-07-31""}]",R&D,reported,"{r&d,expand}",Finance;Legal,"In evaluating Accelerate macOS AI Feature Integration, Finance concerned about budget timing; R&D engineering prioritized aggressive feature integration and on-device model capability milestones; Operations raised concerns regarding factory test cycle duration and thermal yields; Executive leadership approved the technical roadmap with phased milestone gating."
AAPL-2025Q3-0093,Apple Inc.,2025-07-31,quarterly_filings/2025_Q3.pdf,https://www.sec.gov/ix?doc=/Archives/edgar/data/0000320193/000032019325000072/aapl-20250628.htm,Item 2. Management's Discussion and Analysis - Research and Development,"Disclosure Context (2025Q3): Trigger: 'Services +13%'. Management Action: 'Enhance Services Recommendation Algorithms'. Scope: 'Apple hardware and software engineering teams allocated dedicated resources toward Enhance Services Recommendation Algorithms...'. Rationale: 'Drives subscription ARPU growth. This technical focus accelerates core software delivery milestones, rein...'.",Enhance Services Recommendation Algorithms,"Apple hardware and software engineering teams allocated dedicated resources toward Enhance Services Recommendation Algorithms. Senior engineering directors aligned silicon architecture sprints, OS firmware integration milestones, and multi-tier regression test suites to guarantee thermal efficiency, on-device ML speed, and ecosystem reliability.",Upgrade model,maintain,"Drives subscription ARPU growth. This technical focus accelerates core software delivery milestones, reinforces Apple Silicon architectural leadership, and deepens user retention across the active installed base.","[{""name"": ""Services"", ""value"": ""$27.4B"", ""unit"": ""USD"", ""observed_on"": ""2025-07-31""}, {""name"": ""GM"", ""value"": ""75.6%"", ""unit"": ""percentage"", ""observed_on"": ""2025-07-31""}]",R&D,reported,"{r&d,maintain}",Finance;Legal,"In evaluating Enhance Services Recommendation Algorithms, Legal flagged data policy review; R&D engineering prioritized aggressive feature integration and on-device model capability milestones; Operations raised concerns regarding factory test cycle duration and thermal yields; Executive leadership approved the technical roadmap with phased milestone gating."
AAPL-2025Q3-0094,Apple Inc.,2025-07-31,quarterly_filings/2025_Q3.pdf,https://www.sec.gov/ix?doc=/Archives/edgar/data/0000320193/000032019325000072/aapl-20250628.htm,Item 2. Management's Discussion and Analysis - Research and Development,Disclosure Context (2025Q3): Trigger: 'WWDC25 AI expansion across platforms'. Management Action: 'Expand Cross-Platform AI Consistency Initiative'. Scope: 'Apple hardware and software engineering teams allocated dedicated resources toward Expand Cross-Platform AI Consistency Initi...'. Rationale: 'Improves engineering efficiency and user consistency. This technical focus accelerates core software deli...'.,Expand Cross-Platform AI Consistency Initiative,"Apple hardware and software engineering teams allocated dedicated resources toward Expand Cross-Platform AI Consistency Initiative. Senior engineering directors aligned silicon architecture sprints, OS firmware integration milestones, and multi-tier regression test suites to guarantee thermal efficiency, on-device ML speed, and ecosystem reliability.",Shared model core,expand,"Improves engineering efficiency and user consistency. This technical focus accelerates core software delivery milestones, reinforces Apple Silicon architectural leadership, and deepens user retention across the active installed base.","[{""name"": ""R&D"", ""value"": ""$8.9B"", ""unit"": ""USD"", ""observed_on"": ""2025-07-31""}, {""name"": ""Services"", ""value"": ""$27.4B"", ""unit"": ""USD"", ""observed_on"": ""2025-07-31""}]",R&D,reported,"{r&d,expand}",Finance;Legal,"In evaluating Expand Cross-Platform AI Consistency Initiative, Finance wary of integration cost; Legal flagged privacy review; R&D engineering prioritized aggressive feature integration and on-device model capability milestones; Operations raised concerns regarding factory test cycle duration and thermal yields; Executive leadership approved the technical roadmap with phased milestone gating."
AAPL-2025Q3-0095,Apple Inc.,2025-07-31,quarterly_filings/2025_Q3.pdf,https://www.sec.gov/ix?doc=/Archives/edgar/data/0000320193/000032019325000072/aapl-20250628.htm,Item 2. Management's Discussion and Analysis - Research and Development,Disclosure Context (2025Q3): Trigger: 'WWDC software redesign announced'. Management Action: 'Accelerate macOS Visual Redesign Deployment'. Scope: 'Apple hardware and software engineering teams allocated dedicated resources toward Accelerate macOS Visual Redesign Deploymen...'. Rationale: 'Keeps platform momentum without overloading QA. This technical focus accelerates core software delivery m...'.,Accelerate macOS Visual Redesign Deployment,"Apple hardware and software engineering teams allocated dedicated resources toward Accelerate macOS Visual Redesign Deployment. Senior engineering directors aligned silicon architecture sprints, OS firmware integration milestones, and multi-tier regression test suites to guarantee thermal efficiency, on-device ML speed, and ecosystem reliability.",Accelerate 2w,expand,"Keeps platform momentum without overloading QA. This technical focus accelerates core software delivery milestones, reinforces Apple Silicon architectural leadership, and deepens user retention across the active installed base.","[{""name"": ""R&D"", ""value"": ""$8.9B"", ""unit"": ""USD"", ""observed_on"": ""2025-07-31""}, {""name"": ""Mac"", ""value"": ""+15%"", ""unit"": ""percentage"", ""observed_on"": ""2025-07-31""}]",R&D,reported,"{r&d,expand}",Operations;Legal,"In evaluating Accelerate macOS Visual Redesign Deployment, Ops warned QA bottlenecks; R&D prioritized marketing timing; R&D engineering prioritized aggressive feature integration and on-device model capability milestones; Operations raised concerns regarding factory test cycle duration and thermal yields; Executive leadership approved the technical roadmap with phased milestone gating."
AAPL-2025Q3-0096,Apple Inc.,2025-07-31,quarterly_filings/2025_Q3.pdf,https://www.sec.gov/ix?doc=/Archives/edgar/data/0000320193/000032019325000072/aapl-20250628.htm,Item 2. Management's Discussion and Analysis - Research and Development,Disclosure Context (2025Q3): Trigger: 'AI workload scaling'. Management Action: 'Improve Apple Intelligence Energy Efficiency'. Scope: 'Apple hardware and software engineering teams allocated dedicated resources toward Improve Apple Intelligence Energy Efficien...'. Rationale: 'Reduces long-term cloud infrastructure cost. This technical focus accelerates core software delivery mile...'.,Improve Apple Intelligence Energy Efficiency,"Apple hardware and software engineering teams allocated dedicated resources toward Improve Apple Intelligence Energy Efficiency. Senior engineering directors aligned silicon architecture sprints, OS firmware integration milestones, and multi-tier regression test suites to guarantee thermal efficiency, on-device ML speed, and ecosystem reliability.",Improve 5%,maintain,"Reduces long-term cloud infrastructure cost. This technical focus accelerates core software delivery milestones, reinforces Apple Silicon architectural leadership, and deepens user retention across the active installed base.","[{""name"": ""R&D"", ""value"": ""$8.9B"", ""unit"": ""USD"", ""observed_on"": ""2025-07-31""}, {""name"": ""Services_GM"", ""value"": ""75.6%"", ""unit"": ""percentage"", ""observed_on"": ""2025-07-31""}]",R&D,reported,"{r&d,maintain}",Finance,"In evaluating Improve Apple Intelligence Energy Efficiency, Finance wanted immediate cost reduction; R&D engineering prioritized aggressive feature integration and on-device model capability milestones; Operations raised concerns regarding factory test cycle duration and thermal yields; Executive leadership approved the technical roadmap with phased milestone gating."
AAPL-2025Q3-0097,Apple Inc.,2025-07-31,quarterly_filings/2025_Q3.pdf,https://www.sec.gov/ix?doc=/Archives/edgar/data/0000320193/000032019325000072/aapl-20250628.htm,Item 2. Management's Discussion and Analysis - Research and Development,Disclosure Context (2025Q3): Trigger: 'Services $27.4B record quarter'. Management Action: 'Optimize Services Content Delivery Infrastructure'. Scope: 'Apple hardware and software engineering teams allocated dedicated resources toward Optimize Services Content Delivery Infrast...'. Rationale: 'Ensures stable performance amid subscriber growth. This technical focus accelerates core software deliver...'.,Optimize Services Content Delivery Infrastructure,"Apple hardware and software engineering teams allocated dedicated resources toward Optimize Services Content Delivery Infrastructure. Senior engineering directors aligned silicon architecture sprints, OS firmware integration milestones, and multi-tier regression test suites to guarantee thermal efficiency, on-device ML speed, and ecosystem reliability.",+5% nodes,revise,"Ensures stable performance amid subscriber growth. This technical focus accelerates core software delivery milestones, reinforces Apple Silicon architectural leadership, and deepens user retention across the active installed base.","[{""name"": ""Services"", ""value"": ""$27.4B"", ""unit"": ""USD"", ""observed_on"": ""2025-07-31""}, {""name"": ""GM"", ""value"": ""75.6%"", ""unit"": ""percentage"", ""observed_on"": ""2025-07-31""}]",R&D,reported,"{r&d,revise}",Finance,"In evaluating Optimize Services Content Delivery Infrastructure, Finance monitored ROI timeline; R&D engineering prioritized aggressive feature integration and on-device model capability milestones; Operations raised concerns regarding factory test cycle duration and thermal yields; Executive leadership approved the technical roadmap with phased milestone gating."
AAPL-2025Q3-0098,Apple Inc.,2025-07-31,quarterly_filings/2025_Q3.pdf,https://www.sec.gov/ix?doc=/Archives/edgar/data/0000320193/000032019325000072/aapl-20250628.htm,Item 2. Management's Discussion and Analysis - Research and Development,Disclosure Context (2025Q3): Trigger: 'AI feature expansion and cost pressure'. Management Action: 'Accelerate On-Device AI Model Compression'. Scope: 'Apple hardware and software engineering teams allocated dedicated resources toward Accelerate On-Device AI Model Compression....'. Rationale: 'Balances performance with energy efficiency. This technical focus accelerates core software delivery mile...'.,Accelerate On-Device AI Model Compression,"Apple hardware and software engineering teams allocated dedicated resources toward Accelerate On-Device AI Model Compression. Senior engineering directors aligned silicon architecture sprints, OS firmware integration milestones, and multi-tier regression test suites to guarantee thermal efficiency, on-device ML speed, and ecosystem reliability.",Reduce 10%,expand,"Balances performance with energy efficiency. This technical focus accelerates core software delivery milestones, reinforces Apple Silicon architectural leadership, and deepens user retention across the active installed base.","[{""name"": ""R&D"", ""value"": ""$8.9B"", ""unit"": ""USD"", ""observed_on"": ""2025-07-31""}, {""name"": ""Services_GM"", ""value"": ""75.6%"", ""unit"": ""percentage"", ""observed_on"": ""2025-07-31""}]",R&D,reported,"{r&d,expand}",Finance,"In evaluating Accelerate On-Device AI Model Compression, Finance wanted faster ROI realization; R&D engineering prioritized aggressive feature integration and on-device model capability milestones; Operations raised concerns regarding factory test cycle duration and thermal yields; Executive leadership approved the technical roadmap with phased milestone gating."
AAPL-2025Q3-0099,Apple Inc.,2025-07-31,quarterly_filings/2025_Q3.pdf,https://www.sec.gov/ix?doc=/Archives/edgar/data/0000320193/000032019325000072/aapl-20250628.htm,Item 2. Management's Discussion and Analysis - Research and Development,"Disclosure Context (2025Q3): Trigger: 'Record installed base across products'. Management Action: 'Enhance Cross-Device Continuity Features'. Scope: 'Apple hardware and software engineering teams allocated dedicated resources toward Enhance Cross-Device Continuity Features. ...'. Rationale: 'Strengthens ecosystem stickiness. This technical focus accelerates core software delivery milestones, rei...'.",Enhance Cross-Device Continuity Features,"Apple hardware and software engineering teams allocated dedicated resources toward Enhance Cross-Device Continuity Features. Senior engineering directors aligned silicon architecture sprints, OS firmware integration milestones, and multi-tier regression test suites to guarantee thermal efficiency, on-device ML speed, and ecosystem reliability.",Add minor features,maintain,"Strengthens ecosystem stickiness. This technical focus accelerates core software delivery milestones, reinforces Apple Silicon architectural leadership, and deepens user retention across the active installed base.","[{""name"": ""Revenue"", ""value"": ""$94.0B"", ""unit"": ""USD"", ""observed_on"": ""2025-07-31""}, {""name"": ""Installed_Base"", ""value"": ""Record"", ""unit"": ""metric"", ""observed_on"": ""2025-07-31""}]",R&D,reported,"{r&d,maintain}",Operations;Finance,"In evaluating Enhance Cross-Device Continuity Features, Finance cautious on short-term ROI; R&D engineering prioritized aggressive feature integration and on-device model capability milestones; Operations raised concerns regarding factory test cycle duration and thermal yields; Executive leadership approved the technical roadmap with phased milestone gating."
AAPL-2025Q3-0100,Apple Inc.,2025-07-31,quarterly_filings/2025_Q3.pdf,https://www.sec.gov/ix?doc=/Archives/edgar/data/0000320193/000032019325000072/aapl-20250628.htm,Item 2. Management's Discussion and Analysis - Research and Development,Disclosure Context (2025Q3): Trigger: 'Mac +15% YoY growth'. Management Action: 'Optimize macOS Energy Efficiency Benchmarks'. Scope: 'Apple hardware and software engineering teams allocated dedicated resources toward Optimize macOS Energy Efficiency Benchmark...'. Rationale: 'Enhances differentiation without major redesign. This technical focus accelerates core software delivery ...'.,Optimize macOS Energy Efficiency Benchmarks,"Apple hardware and software engineering teams allocated dedicated resources toward Optimize macOS Energy Efficiency Benchmarks. Senior engineering directors aligned silicon architecture sprints, OS firmware integration milestones, and multi-tier regression test suites to guarantee thermal efficiency, on-device ML speed, and ecosystem reliability.",Improve 3%,revise,"Enhances differentiation without major redesign. This technical focus accelerates core software delivery milestones, reinforces Apple Silicon architectural leadership, and deepens user retention across the active installed base.","[{""name"": ""Mac"", ""value"": ""$8.0B"", ""unit"": ""USD"", ""observed_on"": ""2025-07-31""}, {""name"": ""YoY"", ""value"": ""+15%"", ""unit"": ""percentage"", ""observed_on"": ""2025-07-31""}]",R&D,reported,"{r&d,revise}",Operations,"In evaluating Optimize macOS Energy Efficiency Benchmarks, Ops warned of QA extension; R&D engineering prioritized aggressive feature integration and on-device model capability milestones; Operations raised concerns regarding factory test cycle duration and thermal yields; Executive leadership approved the technical roadmap with phased milestone gating."
AAPL-2025Q3-0101,Apple Inc.,2025-07-31,quarterly_filings/2025_Q3.pdf,https://www.sec.gov/ix?doc=/Archives/edgar/data/0000320193/000032019325000072/aapl-20250628.htm,Item 2. Management's Discussion and Analysis - Research and Development,"Disclosure Context (2025Q3): Trigger: 'Rapid AI rollout across platforms'. Management Action: 'Strengthen AI Model Validation Protocols'. Scope: 'Apple hardware and software engineering teams allocated dedicated resources toward Strengthen AI Model Validation Protocols. ...'. Rationale: 'Ensures stability amid expansion. This technical focus accelerates core software delivery milestones, rei...'.",Strengthen AI Model Validation Protocols,"Apple hardware and software engineering teams allocated dedicated resources toward Strengthen AI Model Validation Protocols. Senior engineering directors aligned silicon architecture sprints, OS firmware integration milestones, and multi-tier regression test suites to guarantee thermal efficiency, on-device ML speed, and ecosystem reliability.",+10%,maintain,"Ensures stability amid expansion. This technical focus accelerates core software delivery milestones, reinforces Apple Silicon architectural leadership, and deepens user retention across the active installed base.","[{""name"": ""R&D"", ""value"": ""$8.9B"", ""unit"": ""USD"", ""observed_on"": ""2025-07-31""}]",R&D,reported,"{r&d,maintain}",Operations;Legal,"In evaluating Strengthen AI Model Validation Protocols, Ops worried about release timing; R&D engineering prioritized aggressive feature integration and on-device model capability milestones; Operations raised concerns regarding factory test cycle duration and thermal yields; Executive leadership approved the technical roadmap with phased milestone gating."
AAPL-2025Q3-0102,Apple Inc.,2025-07-31,quarterly_filings/2025_Q3.pdf,https://www.sec.gov/ix?doc=/Archives/edgar/data/0000320193/000032019325000072/aapl-20250628.htm,Item 2. Management's Discussion and Analysis - Research and Development,Disclosure Context (2025Q3): Trigger: 'AI features expanding globally'. Management Action: 'Expand AI Accessibility Features'. Scope: 'Apple hardware and software engineering teams allocated dedicated resources toward Expand AI Accessibility Features. Senior e...'. Rationale: 'Aligns innovation with inclusivity goals. This technical focus accelerates core software delivery milesto...'.,Expand AI Accessibility Features,"Apple hardware and software engineering teams allocated dedicated resources toward Expand AI Accessibility Features. Senior engineering directors aligned silicon architecture sprints, OS firmware integration milestones, and multi-tier regression test suites to guarantee thermal efficiency, on-device ML speed, and ecosystem reliability.",Add minor,expand,"Aligns innovation with inclusivity goals. This technical focus accelerates core software delivery milestones, reinforces Apple Silicon architectural leadership, and deepens user retention across the active installed base.","[{""name"": ""Revenue"", ""value"": ""$94.0B"", ""unit"": ""USD"", ""observed_on"": ""2025-07-31""}, {""name"": ""R&D"", ""value"": ""$8.9B"", ""unit"": ""USD"", ""observed_on"": ""2025-07-31""}]",R&D,reported,"{r&d,expand}",Legal;Finance,"In evaluating Expand AI Accessibility Features, Finance cautious on cost-benefit; R&D engineering prioritized aggressive feature integration and on-device model capability milestones; Operations raised concerns regarding factory test cycle duration and thermal yields; Executive leadership approved the technical roadmap with phased milestone gating."
AAPL-2025Q3-0103,Apple Inc.,2025-07-31,quarterly_filings/2025_Q3.pdf,https://www.sec.gov/ix?doc=/Archives/edgar/data/0000320193/000032019325000072/aapl-20250628.htm,Item 2. Management's Discussion and Analysis - Research and Development,Disclosure Context (2025Q3): Trigger: 'AI feature expansion and R&D $8.9B'. Management Action: 'AI Talent Retention Program Expansion'. Scope: 'Apple hardware and software engineering teams allocated dedicated resources toward AI Talent Retention Program Expansion. Sen...'. Rationale: 'Protects innovation velocity amid competitive hiring pressure. This technical focus accelerates core soft...'.,AI Talent Retention Program Expansion,"Apple hardware and software engineering teams allocated dedicated resources toward AI Talent Retention Program Expansion. Senior engineering directors aligned silicon architecture sprints, OS firmware integration milestones, and multi-tier regression test suites to guarantee thermal efficiency, on-device ML speed, and ecosystem reliability.",Equity refresh,maintain,"Protects innovation velocity amid competitive hiring pressure. This technical focus accelerates core software delivery milestones, reinforces Apple Silicon architectural leadership, and deepens user retention across the active installed base.","[{""name"": ""R&D"", ""value"": ""$8.9B"", ""unit"": ""USD"", ""observed_on"": ""2025-07-31""}, {""name"": ""Services"", ""value"": ""$27.4B"", ""unit"": ""USD"", ""observed_on"": ""2025-07-31""}]",R&D,reported,"{r&d,maintain}",Finance,"In evaluating AI Talent Retention Program Expansion, Finance cautious on comp inflation; R&D engineering prioritized aggressive feature integration and on-device model capability milestones; Operations raised concerns regarding factory test cycle duration and thermal yields; Executive leadership approved the technical roadmap with phased milestone gating."
AAPL-2025Q3-0104,Apple Inc.,2025-07-31,quarterly_filings/2025_Q3.pdf,https://www.sec.gov/ix?doc=/Archives/edgar/data/0000320193/000032019325000072/aapl-20250628.htm,Item 2. Management's Discussion and Analysis - Research and Development,"Disclosure Context (2025Q3): Trigger: 'Expansion of generative features'. Management Action: 'AI Hallucination Risk Mitigation Protocol'. Scope: 'Apple hardware and software engineering teams allocated dedicated resources toward AI Hallucination Risk Mitigation Protocol....'. Rationale: 'Balances safety and usability. This technical focus accelerates core software delivery milestones, reinfo...'.",AI Hallucination Risk Mitigation Protocol,"Apple hardware and software engineering teams allocated dedicated resources toward AI Hallucination Risk Mitigation Protocol. Senior engineering directors aligned silicon architecture sprints, OS firmware integration milestones, and multi-tier regression test suites to guarantee thermal efficiency, on-device ML speed, and ecosystem reliability.",Moderate filter,maintain,"Balances safety and usability. This technical focus accelerates core software delivery milestones, reinforces Apple Silicon architectural leadership, and deepens user retention across the active installed base.","[{""name"": ""R&D"", ""value"": ""$8.9B"", ""unit"": ""USD"", ""observed_on"": ""2025-07-31""}]",R&D,reported,"{r&d,maintain}",Legal;Operations,"In evaluating AI Hallucination Risk Mitigation Protocol, Legal supported stronger guardrails; R&D engineering prioritized aggressive feature integration and on-device model capability milestones; Operations raised concerns regarding factory test cycle duration and thermal yields; Executive leadership approved the technical roadmap with phased milestone gating."
AAPL-2025Q3-0105,Apple Inc.,2025-07-31,quarterly_filings/2025_Q3.pdf,https://www.sec.gov/ix?doc=/Archives/edgar/data/0000320193/000032019325000072/aapl-20250628.htm,Item 2. Management's Discussion and Analysis - Research and Development,Disclosure Context (2025Q3): Trigger: 'Record installed base and WWDC announcements'. Management Action: 'Developer Ecosystem Retention Initiative'. Scope: 'Apple hardware and software engineering teams allocated dedicated resources toward Developer Ecosystem Retention Initiative. ...'. Rationale: 'Supports ecosystem expansion without heavy grant spending. This technical focus accelerates core software...'.,Developer Ecosystem Retention Initiative,"Apple hardware and software engineering teams allocated dedicated resources toward Developer Ecosystem Retention Initiative. Senior engineering directors aligned silicon architecture sprints, OS firmware integration milestones, and multi-tier regression test suites to guarantee thermal efficiency, on-device ML speed, and ecosystem reliability.",Add tools,maintain,"Supports ecosystem expansion without heavy grant spending. This technical focus accelerates core software delivery milestones, reinforces Apple Silicon architectural leadership, and deepens user retention across the active installed base.","[{""name"": ""Revenue"", ""value"": ""$94.0B"", ""unit"": ""USD"", ""observed_on"": ""2025-07-31""}]",R&D,reported,"{r&d,maintain}",Finance;Legal,"In evaluating Developer Ecosystem Retention Initiative, Finance limited budget scope; R&D engineering prioritized aggressive feature integration and on-device model capability milestones; Operations raised concerns regarding factory test cycle duration and thermal yields; Executive leadership approved the technical roadmap with phased milestone gating."
AAPL-2025Q3-0106,Apple Inc.,2025-07-31,quarterly_filings/2025_Q3.pdf,https://www.sec.gov/ix?doc=/Archives/edgar/data/0000320193/000032019325000072/aapl-20250628.htm,Item 2. Management's Discussion and Analysis - Research and Development,Disclosure Context (2025Q3): Trigger: 'AI workload expansion and R&D $8.9B'. Management Action: 'AI Compute Cost Governance Framework'. Scope: 'Apple hardware and software engineering teams allocated dedicated resources toward AI Compute Cost Governance Framework. Seni...'. Rationale: 'Controls escalating infrastructure costs while sustaining innovation. This technical focus accelerates co...'.,AI Compute Cost Governance Framework,"Apple hardware and software engineering teams allocated dedicated resources toward AI Compute Cost Governance Framework. Senior engineering directors aligned silicon architecture sprints, OS firmware integration milestones, and multi-tier regression test suites to guarantee thermal efficiency, on-device ML speed, and ecosystem reliability.",Formal governance,maintain,"Controls escalating infrastructure costs while sustaining innovation. This technical focus accelerates core software delivery milestones, reinforces Apple Silicon architectural leadership, and deepens user retention across the active installed base.","[{""name"": ""R&D"", ""value"": ""$8.9B"", ""unit"": ""USD"", ""observed_on"": ""2025-07-31""}, {""name"": ""Services_GM"", ""value"": ""75.6%"", ""unit"": ""percentage"", ""observed_on"": ""2025-07-31""}]",R&D,reported,"{r&d,maintain}",Finance,"In evaluating AI Compute Cost Governance Framework, Finance demanded stronger cost tracking; R&D engineering prioritized aggressive feature integration and on-device model capability milestones; Operations raised concerns regarding factory test cycle duration and thermal yields; Executive leadership approved the technical roadmap with phased milestone gating."
AAPL-2025Q3-0107,Apple Inc.,2025-07-31,quarterly_filings/2025_Q3.pdf,https://www.sec.gov/ix?doc=/Archives/edgar/data/0000320193/000032019325000072/aapl-20250628.htm,Item 2. Management's Discussion and Analysis - Research and Development,Disclosure Context (2025Q3): Trigger: 'WWDC announcements and Services growth'. Management Action: 'Developer Monetization Toolkit Expansion'. Scope: 'Apple hardware and software engineering teams allocated dedicated resources toward Developer Monetization Toolkit Expansion. ...'. Rationale: 'Supports app ecosystem revenue without platform risk. This technical focus accelerates core software deli...'.,Developer Monetization Toolkit Expansion,"Apple hardware and software engineering teams allocated dedicated resources toward Developer Monetization Toolkit Expansion. Senior engineering directors aligned silicon architecture sprints, OS firmware integration milestones, and multi-tier regression test suites to guarantee thermal efficiency, on-device ML speed, and ecosystem reliability.",Minor tools,maintain,"Supports app ecosystem revenue without platform risk. This technical focus accelerates core software delivery milestones, reinforces Apple Silicon architectural leadership, and deepens user retention across the active installed base.","[{""name"": ""Services"", ""value"": ""$27.4B"", ""unit"": ""USD"", ""observed_on"": ""2025-07-31""}]",R&D,reported,"{r&d,maintain}",Finance;Legal,"In evaluating Developer Monetization Toolkit Expansion, Finance limited incentive funding; R&D engineering prioritized aggressive feature integration and on-device model capability milestones; Operations raised concerns regarding factory test cycle duration and thermal yields; Executive leadership approved the technical roadmap with phased milestone gating."
AAPL-2025Q3-0108,Apple Inc.,2025-07-31,quarterly_filings/2025_Q3.pdf,https://www.sec.gov/ix?doc=/Archives/edgar/data/0000320193/000032019325000072/aapl-20250628.htm,Item 2. Management's Discussion and Analysis - Research and Development,Disclosure Context (2025Q3): Trigger: 'AI compute scaling'. Management Action: 'Data Center Energy Efficiency Initiative'. Scope: 'Apple hardware and software engineering teams allocated dedicated resources toward Data Center Energy Efficiency Initiative. ...'. Rationale: 'Reduces operational expense and ESG risk. This technical focus accelerates core software delivery milesto...'.,Data Center Energy Efficiency Initiative,"Apple hardware and software engineering teams allocated dedicated resources toward Data Center Energy Efficiency Initiative. Senior engineering directors aligned silicon architecture sprints, OS firmware integration milestones, and multi-tier regression test suites to guarantee thermal efficiency, on-device ML speed, and ecosystem reliability.",Improve 3%,maintain,"Reduces operational expense and ESG risk. This technical focus accelerates core software delivery milestones, reinforces Apple Silicon architectural leadership, and deepens user retention across the active installed base.","[{""name"": ""R&D"", ""value"": ""$8.9B"", ""unit"": ""USD"", ""observed_on"": ""2025-07-31""}, {""name"": ""Services"", ""value"": ""$27.4B"", ""unit"": ""USD"", ""observed_on"": ""2025-07-31""}]",R&D,reported,"{r&d,maintain}",Finance;Legal,"In evaluating Data Center Energy Efficiency Initiative, Finance tracked payback period; R&D engineering prioritized aggressive feature integration and on-device model capability milestones; Operations raised concerns regarding factory test cycle duration and thermal yields; Executive leadership approved the technical roadmap with phased milestone gating."
AAPL-2025Q3-0109,Apple Inc.,2025-07-31,quarterly_filings/2025_Q3.pdf,https://www.sec.gov/ix?doc=/Archives/edgar/data/0000320193/000032019325000072/aapl-20250628.htm,Item 2. Management's Discussion and Analysis - Research and Development,Disclosure Context (2025Q3): Trigger: 'Record installed base'. Management Action: 'Services Attach-Rate Analytics Expansion'. Scope: 'Apple hardware and software engineering teams allocated dedicated resources toward Services Attach-Rate Analytics Expansion. ...'. Rationale: 'Improves monetization per active device. This technical focus accelerates core software delivery mileston...'.,Services Attach-Rate Analytics Expansion,"Apple hardware and software engineering teams allocated dedicated resources toward Services Attach-Rate Analytics Expansion. Senior engineering directors aligned silicon architecture sprints, OS firmware integration milestones, and multi-tier regression test suites to guarantee thermal efficiency, on-device ML speed, and ecosystem reliability.",Advanced analytics,maintain,"Improves monetization per active device. This technical focus accelerates core software delivery milestones, reinforces Apple Silicon architectural leadership, and deepens user retention across the active installed base.","[{""name"": ""Services"", ""value"": ""$27.4B"", ""unit"": ""USD"", ""observed_on"": ""2025-07-31""}, {""name"": ""Installed_Base"", ""value"": ""Record"", ""unit"": ""metric"", ""observed_on"": ""2025-07-31""}]",R&D,reported,"{r&d,maintain}",Finance;Operations,"In evaluating Services Attach-Rate Analytics Expansion, Finance sought measurable ROI milestones; R&D engineering prioritized aggressive feature integration and on-device model capability milestones; Operations raised concerns regarding factory test cycle duration and thermal yields; Executive leadership approved the technical roadmap with phased milestone gating."
AAPL-2025Q3-0110,Apple Inc.,2025-07-31,quarterly_filings/2025_Q3.pdf,https://www.sec.gov/ix?doc=/Archives/edgar/data/0000320193/000032019325000072/aapl-20250628.htm,Item 2. Management's Discussion and Analysis - Research and Development,Disclosure Context (2025Q3): Trigger: 'AI feature expansion and R&D $8.9B'. Management Action: 'AI Inference Cost Cap Implementation'. Scope: 'Apple hardware and software engineering teams allocated dedicated resources toward AI Inference Cost Cap Implementation. Seni...'. Rationale: 'Encourages optimization without stifling innovation. This technical focus accelerates core software deliv...'.,AI Inference Cost Cap Implementation,"Apple hardware and software engineering teams allocated dedicated resources toward AI Inference Cost Cap Implementation. Senior engineering directors aligned silicon architecture sprints, OS firmware integration milestones, and multi-tier regression test suites to guarantee thermal efficiency, on-device ML speed, and ecosystem reliability.",Soft cap,maintain,"Encourages optimization without stifling innovation. This technical focus accelerates core software delivery milestones, reinforces Apple Silicon architectural leadership, and deepens user retention across the active installed base.","[{""name"": ""R&D"", ""value"": ""$8.9B"", ""unit"": ""USD"", ""observed_on"": ""2025-07-31""}, {""name"": ""Services"", ""value"": ""$27.4B"", ""unit"": ""USD"", ""observed_on"": ""2025-07-31""}]",R&D,reported,"{r&d,maintain}",Finance,"In evaluating AI Inference Cost Cap Implementation, Finance pushed for stricter enforcement; R&D engineering prioritized aggressive feature integration and on-device model capability milestones; Operations raised concerns regarding factory test cycle duration and thermal yields; Executive leadership approved the technical roadmap with phased milestone gating."
AAPL-2025Q3-0111,Apple Inc.,2025-07-31,quarterly_filings/2025_Q3.pdf,https://www.sec.gov/ix?doc=/Archives/edgar/data/0000320193/000032019325000072/aapl-20250628.htm,Item 2. Management's Discussion and Analysis - Research and Development,"Disclosure Context (2025Q3): Trigger: 'AI deployment across products'. Management Action: 'AI Dataset Governance Framework'. Scope: 'Apple hardware and software engineering teams allocated dedicated resources toward AI Dataset Governance Framework. Senior en...'. Rationale: 'Reduces legal and bias exposure. This technical focus accelerates core software delivery milestones, rein...'.",AI Dataset Governance Framework,"Apple hardware and software engineering teams allocated dedicated resources toward AI Dataset Governance Framework. Senior engineering directors aligned silicon architecture sprints, OS firmware integration milestones, and multi-tier regression test suites to guarantee thermal efficiency, on-device ML speed, and ecosystem reliability.",Formal governance,maintain,"Reduces legal and bias exposure. This technical focus accelerates core software delivery milestones, reinforces Apple Silicon architectural leadership, and deepens user retention across the active installed base.","[{""name"": ""R&D"", ""value"": ""$8.9B"", ""unit"": ""USD"", ""observed_on"": ""2025-07-31""}]",R&D,reported,"{r&d,maintain}",Legal;Finance,"In evaluating AI Dataset Governance Framework, Legal demanded documentation controls; R&D engineering prioritized aggressive feature integration and on-device model capability milestones; Operations raised concerns regarding factory test cycle duration and thermal yields; Executive leadership approved the technical roadmap with phased milestone gating."
AAPL-2025Q3-0112,Apple Inc.,2025-07-31,quarterly_filings/2025_Q3.pdf,https://www.sec.gov/ix?doc=/Archives/edgar/data/0000320193/000032019325000072/aapl-20250628.htm,Item 2. Management's Discussion and Analysis - Research and Development,"Disclosure Context (2025Q3): Trigger: 'Services growth +13%'. Management Action: 'Subscription Downgrade Predictive Modeling'. Scope: 'Apple hardware and software engineering teams allocated dedicated resources toward Subscription Downgrade Predictive Modeling...'. Rationale: 'Preserves ARPU trajectory. This technical focus accelerates core software delivery milestones, reinforces...'.",Subscription Downgrade Predictive Modeling,"Apple hardware and software engineering teams allocated dedicated resources toward Subscription Downgrade Predictive Modeling. Senior engineering directors aligned silicon architecture sprints, OS firmware integration milestones, and multi-tier regression test suites to guarantee thermal efficiency, on-device ML speed, and ecosystem reliability.",Advanced,maintain,"Preserves ARPU trajectory. This technical focus accelerates core software delivery milestones, reinforces Apple Silicon architectural leadership, and deepens user retention across the active installed base.","[{""name"": ""Services"", ""value"": ""$27.4B"", ""unit"": ""USD"", ""observed_on"": ""2025-07-31""}, {""name"": ""Deferred_Revenue"", ""value"": ""$13.6B"", ""unit"": ""USD"", ""observed_on"": ""2025-07-31""}]",R&D,reported,"{r&d,maintain}",Finance,"In evaluating Subscription Downgrade Predictive Modeling, Finance sought ROI validation; R&D engineering prioritized aggressive feature integration and on-device model capability milestones; Operations raised concerns regarding factory test cycle duration and thermal yields; Executive leadership approved the technical roadmap with phased milestone gating."
AAPL-2025Q3-0113,Apple Inc.,2025-07-31,quarterly_filings/2025_Q3.pdf,https://www.sec.gov/ix?doc=/Archives/edgar/data/0000320193/000032019325000072/aapl-20250628.htm,Item 2. Management's Discussion and Analysis - Research and Development,Disclosure Context (2025Q3): Trigger: 'Growth variability across segments'. Management Action: 'Demand Forecast Drift Correction Algorithm'. Scope: 'Apple hardware and software engineering teams allocated dedicated resources toward Demand Forecast Drift Correction Algorithm...'. Rationale: 'Improves production planning accuracy. This technical focus accelerates core software delivery milestones...'.,Demand Forecast Drift Correction Algorithm,"Apple hardware and software engineering teams allocated dedicated resources toward Demand Forecast Drift Correction Algorithm. Senior engineering directors aligned silicon architecture sprints, OS firmware integration milestones, and multi-tier regression test suites to guarantee thermal efficiency, on-device ML speed, and ecosystem reliability.",AI-based drift detection,maintain,"Improves production planning accuracy. This technical focus accelerates core software delivery milestones, reinforces Apple Silicon architectural leadership, and deepens user retention across the active installed base.","[{""name"": ""Revenue"", ""value"": ""$94.0B"", ""unit"": ""USD"", ""observed_on"": ""2025-07-31""}]",R&D,reported,"{r&d,maintain}",Operations;Finance,"In evaluating Demand Forecast Drift Correction Algorithm, Ops required integration testing; R&D engineering prioritized aggressive feature integration and on-device model capability milestones; Operations raised concerns regarding factory test cycle duration and thermal yields; Executive leadership approved the technical roadmap with phased milestone gating."
AAPL-2025Q3-0114,Apple Inc.,2025-07-31,quarterly_filings/2025_Q3.pdf,https://www.sec.gov/ix?doc=/Archives/edgar/data/0000320193/000032019325000072/aapl-20250628.htm,Item 2. Management's Discussion and Analysis - Research and Development,"Disclosure Context (2025Q3): Trigger: 'Expansion of AI features with R&D $8.9B'. Management Action: 'AI Red-Team Stress Testing Expansion'. Scope: 'Apple hardware and software engineering teams allocated dedicated resources toward AI Red-Team Stress Testing Expansion. Seni...'. Rationale: 'Balances safety and release cadence. This technical focus accelerates core software delivery milestones, ...'.",AI Red-Team Stress Testing Expansion,"Apple hardware and software engineering teams allocated dedicated resources toward AI Red-Team Stress Testing Expansion. Senior engineering directors aligned silicon architecture sprints, OS firmware integration milestones, and multi-tier regression test suites to guarantee thermal efficiency, on-device ML speed, and ecosystem reliability.",Moderate expansion,maintain,"Balances safety and release cadence. This technical focus accelerates core software delivery milestones, reinforces Apple Silicon architectural leadership, and deepens user retention across the active installed base.","[{""name"": ""R&D"", ""value"": ""$8.9B"", ""unit"": ""USD"", ""observed_on"": ""2025-07-31""}]",R&D,reported,"{r&d,maintain}",Legal;Finance,"In evaluating AI Red-Team Stress Testing Expansion, Finance cautious about added cost; R&D engineering prioritized aggressive feature integration and on-device model capability milestones; Operations raised concerns regarding factory test cycle duration and thermal yields; Executive leadership approved the technical roadmap with phased milestone gating."
AAPL-2025Q3-0115,Apple Inc.,2025-07-31,quarterly_filings/2025_Q3.pdf,https://www.sec.gov/ix?doc=/Archives/edgar/data/0000320193/000032019325000072/aapl-20250628.htm,Item 2. Management's Discussion and Analysis - Research and Development,Disclosure Context (2025Q3): Trigger: 'Services $27.4B'. Management Action: 'Services Upsell UX Redesign'. Scope: 'Apple hardware and software engineering teams allocated dedicated resources toward Services Upsell UX Redesign. Senior engine...'. Rationale: 'Improves attach-rate without harming UX. This technical focus accelerates core software delivery mileston...'.,Services Upsell UX Redesign,"Apple hardware and software engineering teams allocated dedicated resources toward Services Upsell UX Redesign. Senior engineering directors aligned silicon architecture sprints, OS firmware integration milestones, and multi-tier regression test suites to guarantee thermal efficiency, on-device ML speed, and ecosystem reliability.",Minor refresh,maintain,"Improves attach-rate without harming UX. This technical focus accelerates core software delivery milestones, reinforces Apple Silicon architectural leadership, and deepens user retention across the active installed base.","[{""name"": ""Services"", ""value"": ""$27.4B"", ""unit"": ""USD"", ""observed_on"": ""2025-07-31""}]",R&D,reported,"{r&d,maintain}",Finance,"In evaluating Services Upsell UX Redesign, Finance tracked incremental revenue; R&D engineering prioritized aggressive feature integration and on-device model capability milestones; Operations raised concerns regarding factory test cycle duration and thermal yields; Executive leadership approved the technical roadmap with phased milestone gating."
AAPL-2025Q3-0116,Apple Inc.,2025-07-31,quarterly_filings/2025_Q3.pdf,https://www.sec.gov/ix?doc=/Archives/edgar/data/0000320193/000032019325000072/aapl-20250628.htm,Item 2. Management's Discussion and Analysis - Research and Development,"Disclosure Context (2025Q3): Trigger: 'Mac $8.0B and iPad $6.6B growth'. Management Action: 'Product Cannibalization Modeling'. Scope: 'Apple hardware and software engineering teams allocated dedicated resources toward Product Cannibalization Modeling. Senior e...'. Rationale: 'Improves launch sequencing decisions. This technical focus accelerates core software delivery milestones,...'.",Product Cannibalization Modeling,"Apple hardware and software engineering teams allocated dedicated resources toward Product Cannibalization Modeling. Senior engineering directors aligned silicon architecture sprints, OS firmware integration milestones, and multi-tier regression test suites to guarantee thermal efficiency, on-device ML speed, and ecosystem reliability.",Advanced,maintain,"Improves launch sequencing decisions. This technical focus accelerates core software delivery milestones, reinforces Apple Silicon architectural leadership, and deepens user retention across the active installed base.","[{""name"": ""Mac"", ""value"": ""$8.0B"", ""unit"": ""USD"", ""observed_on"": ""2025-07-31""}, {""name"": ""iPad"", ""value"": ""$6.6B"", ""unit"": ""USD"", ""observed_on"": ""2025-07-31""}]",R&D,reported,"{r&d,maintain}",Finance;Operations,"In evaluating Product Cannibalization Modeling, Finance requested pricing simulation; R&D engineering prioritized aggressive feature integration and on-device model capability milestones; Operations raised concerns regarding factory test cycle duration and thermal yields; Executive leadership approved the technical roadmap with phased milestone gating."
AAPL-2025Q3-0117,Apple Inc.,2025-07-31,quarterly_filings/2025_Q3.pdf,https://www.sec.gov/ix?doc=/Archives/edgar/data/0000320193/000032019325000072/aapl-20250628.htm,Item 2. Management's Discussion and Analysis - Research and Development,"Disclosure Context (2025Q3): Trigger: 'Multiple AI features announced'. Management Action: 'AI Feature Phased Rollout Governance'. Scope: 'Apple hardware and software engineering teams allocated dedicated resources toward AI Feature Phased Rollout Governance. Seni...'. Rationale: 'Reduces post-release defect risk. This technical focus accelerates core software delivery milestones, rei...'.",AI Feature Phased Rollout Governance,"Apple hardware and software engineering teams allocated dedicated resources toward AI Feature Phased Rollout Governance. Senior engineering directors aligned silicon architecture sprints, OS firmware integration milestones, and multi-tier regression test suites to guarantee thermal efficiency, on-device ML speed, and ecosystem reliability.",Formal gating,maintain,"Reduces post-release defect risk. This technical focus accelerates core software delivery milestones, reinforces Apple Silicon architectural leadership, and deepens user retention across the active installed base.","[{""name"": ""R&D"", ""value"": ""$8.9B"", ""unit"": ""USD"", ""observed_on"": ""2025-07-31""}]",R&D,reported,"{r&d,maintain}",Legal;Operations,"In evaluating AI Feature Phased Rollout Governance, Ops sought rollback safeguards; R&D engineering prioritized aggressive feature integration and on-device model capability milestones; Operations raised concerns regarding factory test cycle duration and thermal yields; Executive leadership approved the technical roadmap with phased milestone gating."
AAPL-2025Q3-0118,Apple Inc.,2025-07-31,quarterly_filings/2025_Q3.pdf,https://www.sec.gov/ix?doc=/Archives/edgar/data/0000320193/000032019325000072/aapl-20250628.htm,Item 2. Management's Discussion and Analysis - Research and Development,Disclosure Context (2025Q3): Trigger: 'Record installed base'. Management Action: 'Device Lifecycle Extension Initiative'. Scope: 'Apple hardware and software engineering teams allocated dedicated resources toward Device Lifecycle Extension Initiative. Sen...'. Rationale: 'Balances sustainability and upgrade cadence. This technical focus accelerates core software delivery mile...'.,Device Lifecycle Extension Initiative,"Apple hardware and software engineering teams allocated dedicated resources toward Device Lifecycle Extension Initiative. Senior engineering directors aligned silicon architecture sprints, OS firmware integration milestones, and multi-tier regression test suites to guarantee thermal efficiency, on-device ML speed, and ecosystem reliability.",+6 months,maintain,"Balances sustainability and upgrade cadence. This technical focus accelerates core software delivery milestones, reinforces Apple Silicon architectural leadership, and deepens user retention across the active installed base.","[{""name"": ""Installed_Base"", ""value"": ""Record"", ""unit"": ""metric"", ""observed_on"": ""2025-07-31""}, {""name"": ""Revenue"", ""value"": ""$94.0B"", ""unit"": ""USD"", ""observed_on"": ""2025-07-31""}]",R&D,reported,"{r&d,maintain}",Finance;Operations,"In evaluating Device Lifecycle Extension Initiative, Finance evaluated impact on upgrade rate; R&D engineering prioritized aggressive feature integration and on-device model capability milestones; Operations raised concerns regarding factory test cycle duration and thermal yields; Executive leadership approved the technical roadmap with phased milestone gating."
AAPL-2025Q3-0119,Apple Inc.,2025-07-31,quarterly_filings/2025_Q3.pdf,https://www.sec.gov/ix?doc=/Archives/edgar/data/0000320193/000032019325000072/aapl-20250628.htm,Item 2. Management's Discussion and Analysis - Research and Development,Disclosure Context (2025Q3): Trigger: 'Services $27.4B with AI features scaling'. Management Action: 'AI Latency SLA Definition Framework'. Scope: 'Apple hardware and software engineering teams allocated dedicated resources toward AI Latency SLA Definition Framework. Senio...'. Rationale: 'Balances performance guarantees without excessive infra cost. This technical focus accelerates core softw...'.,AI Latency SLA Definition Framework,"Apple hardware and software engineering teams allocated dedicated resources toward AI Latency SLA Definition Framework. Senior engineering directors aligned silicon architecture sprints, OS firmware integration milestones, and multi-tier regression test suites to guarantee thermal efficiency, on-device ML speed, and ecosystem reliability.",Soft targets,maintain,"Balances performance guarantees without excessive infra cost. This technical focus accelerates core software delivery milestones, reinforces Apple Silicon architectural leadership, and deepens user retention across the active installed base.","[{""name"": ""Services"", ""value"": ""$27.4B"", ""unit"": ""USD"", ""observed_on"": ""2025-07-31""}, {""name"": ""R&D"", ""value"": ""$8.9B"", ""unit"": ""USD"", ""observed_on"": ""2025-07-31""}]",R&D,reported,"{r&d,maintain}",Operations;Finance,"In evaluating AI Latency SLA Definition Framework, Ops sought infra budget clarity; R&D engineering prioritized aggressive feature integration and on-device model capability milestones; Operations raised concerns regarding factory test cycle duration and thermal yields; Executive leadership approved the technical roadmap with phased milestone gating."
AAPL-2025Q3-0120,Apple Inc.,2025-07-31,quarterly_filings/2025_Q3.pdf,https://www.sec.gov/ix?doc=/Archives/edgar/data/0000320193/000032019325000072/aapl-20250628.htm,Item 2. Management's Discussion and Analysis - Research and Development,Disclosure Context (2025Q3): Trigger: 'Mac $8.0B and iPhone $44.6B growth'. Management Action: 'Silicon Roadmap Prioritization Review'. Scope: 'Apple hardware and software engineering teams allocated dedicated resources toward Silicon Roadmap Prioritization Review. Sen...'. Rationale: 'Preserves ecosystem innovation synergy. This technical focus accelerates core software delivery milestone...'.,Silicon Roadmap Prioritization Review,"Apple hardware and software engineering teams allocated dedicated resources toward Silicon Roadmap Prioritization Review. Senior engineering directors aligned silicon architecture sprints, OS firmware integration milestones, and multi-tier regression test suites to guarantee thermal efficiency, on-device ML speed, and ecosystem reliability.",Balanced,investigate,"Preserves ecosystem innovation synergy. This technical focus accelerates core software delivery milestones, reinforces Apple Silicon architectural leadership, and deepens user retention across the active installed base.","[{""name"": ""iPhone"", ""value"": ""$44.6B"", ""unit"": ""USD"", ""observed_on"": ""2025-07-31""}, {""name"": ""Mac"", ""value"": ""$8.0B"", ""unit"": ""USD"", ""observed_on"": ""2025-07-31""}]",R&D,reported,"{r&d,investigate}",Finance;Operations,"In evaluating Silicon Roadmap Prioritization Review, Finance tracked ROI alignment; R&D engineering prioritized aggressive feature integration and on-device model capability milestones; Operations raised concerns regarding factory test cycle duration and thermal yields; Executive leadership approved the technical roadmap with phased milestone gating."
AAPL-2025Q3-0121,Apple Inc.,2025-07-31,quarterly_filings/2025_Q3.pdf,https://www.sec.gov/ix?doc=/Archives/edgar/data/0000320193/000032019325000072/aapl-20250628.htm,Item 2. Management's Discussion and Analysis - Research and Development,"Disclosure Context (2025Q3): Trigger: 'Global AI usage growth'. Management Action: 'AI Inference Localization Strategy'. Scope: 'Apple hardware and software engineering teams allocated dedicated resources toward AI Inference Localization Strategy. Senior...'. Rationale: 'Balances cost and latency. This technical focus accelerates core software delivery milestones, reinforces...'.",AI Inference Localization Strategy,"Apple hardware and software engineering teams allocated dedicated resources toward AI Inference Localization Strategy. Senior engineering directors aligned silicon architecture sprints, OS firmware integration milestones, and multi-tier regression test suites to guarantee thermal efficiency, on-device ML speed, and ecosystem reliability.",Hybrid,maintain,"Balances cost and latency. This technical focus accelerates core software delivery milestones, reinforces Apple Silicon architectural leadership, and deepens user retention across the active installed base.","[{""name"": ""Services"", ""value"": ""$27.4B"", ""unit"": ""USD"", ""observed_on"": ""2025-07-31""}, {""name"": ""R&D"", ""value"": ""$8.9B"", ""unit"": ""USD"", ""observed_on"": ""2025-07-31""}]",R&D,reported,"{r&d,maintain}",Finance;Operations,"In evaluating AI Inference Localization Strategy, Finance monitored infra savings; R&D engineering prioritized aggressive feature integration and on-device model capability milestones; Operations raised concerns regarding factory test cycle duration and thermal yields; Executive leadership approved the technical roadmap with phased milestone gating."
AAPL-2025Q3-0122,Apple Inc.,2025-07-31,quarterly_filings/2025_Q3.pdf,https://www.sec.gov/ix?doc=/Archives/edgar/data/0000320193/000032019325000072/aapl-20250628.htm,Item 2. Management's Discussion and Analysis - Research and Development,Disclosure Context (2025Q3): Trigger: 'On-device inference latency budget exceeded threshold by 15ms in beta developer builds'. Management Action: 'Scale Dedicated Neural Engine Optimization Pipeline 1 for On-Device Foundation Models in 2025Q3'. Scope: 'Apple Silicon software engineering allocated dedicated compiler engineering sprints to quantize 3-billion parameter on-device...'. Rationale: 'Ensures sub-100ms response latency for Siri and Apple Intelligence system intents without causing backgro...'.,Scale Dedicated Neural Engine Optimization Pipeline 1 for On-Device Foundation Models in 2025Q3,"Apple Silicon software engineering allocated dedicated compiler engineering sprints to quantize 3-billion parameter on-device models for the A18 and M4 Neural Engine, reducing memory footprint by 20%.",Increase 5%,expand,Ensures sub-100ms response latency for Siri and Apple Intelligence system intents without causing background DRAM thermal throttling.,"[{""name"": ""Latency_Target"", ""value"": ""<100ms"", ""unit"": ""metric"", ""observed_on"": ""2025-07-31""}, {""name"": ""Memory_Reduction"", ""value"": ""-20%"", ""unit"": ""percentage"", ""observed_on"": ""2025-07-31""}, {""name"": ""NPU_TFLOPS"", ""value"": ""38"", ""unit"": ""metric"", ""observed_on"": ""2025-07-31""}]",R&D,reported,"{r&d,expand}",Operations;Finance,"In evaluating Scale Dedicated Neural Engine Optimization Pipeline 1 for On-Device Foundation Models in 2025Q3, R&D software teams pushed for aggressive 4-bit model quantization to fit into unified memory; Operations warned that aggressive model compression increased validation test cycles at assembly test fixtures; Executive management authorized the optimization schedule for the upcoming OS release; R&D engineering prioritized aggressive feature integration and on-device model capability milestones; Operations raised concerns regarding factory test cycle duration and thermal yields; Executive leadership approved the technical roadmap with phased milestone gating."
AAPL-2025Q3-0123,Apple Inc.,2025-07-31,quarterly_filings/2025_Q3.pdf,https://www.sec.gov/ix?doc=/Archives/edgar/data/0000320193/000032019325000072/aapl-20250628.htm,Item 2. Management's Discussion and Analysis - Research and Development,Disclosure Context (2025Q3): Trigger: 'On-device inference latency budget exceeded threshold by 20ms in beta developer builds'. Management Action: 'Scale Dedicated Neural Engine Optimization Pipeline 2 for On-Device Foundation Models in 2025Q3'. Scope: 'Apple Silicon software engineering allocated dedicated compiler engineering sprints to quantize 3-billion parameter on-device...'. Rationale: 'Ensures sub-100ms response latency for Siri and Apple Intelligence system intents without causing backgro...'.,Scale Dedicated Neural Engine Optimization Pipeline 2 for On-Device Foundation Models in 2025Q3,"Apple Silicon software engineering allocated dedicated compiler engineering sprints to quantize 3-billion parameter on-device models for the A18 and M4 Neural Engine, reducing memory footprint by 23%.",Accelerate by 1 quarter,expand,Ensures sub-100ms response latency for Siri and Apple Intelligence system intents without causing background DRAM thermal throttling.,"[{""name"": ""Latency_Target"", ""value"": ""<100ms"", ""unit"": ""metric"", ""observed_on"": ""2025-07-31""}, {""name"": ""Memory_Reduction"", ""value"": ""-23%"", ""unit"": ""percentage"", ""observed_on"": ""2025-07-31""}, {""name"": ""NPU_TFLOPS"", ""value"": ""38"", ""unit"": ""metric"", ""observed_on"": ""2025-07-31""}]",R&D,reported,"{r&d,expand}",Operations;Finance,"In evaluating Scale Dedicated Neural Engine Optimization Pipeline 2 for On-Device Foundation Models in 2025Q3, R&D software teams pushed for aggressive 4-bit model quantization to fit into unified memory; Operations warned that aggressive model compression increased validation test cycles at assembly test fixtures; Executive management authorized the optimization schedule for the upcoming OS release; R&D engineering prioritized aggressive feature integration and on-device model capability milestones; Operations raised concerns regarding factory test cycle duration and thermal yields; Executive leadership approved the technical roadmap with phased milestone gating."
AAPL-2025Q3-0124,Apple Inc.,2025-07-31,quarterly_filings/2025_Q3.pdf,https://www.sec.gov/ix?doc=/Archives/edgar/data/0000320193/000032019325000072/aapl-20250628.htm,Item 2. Management's Discussion and Analysis - Research and Development,Disclosure Context (2025Q3): Trigger: 'On-device inference latency budget exceeded threshold by 25ms in beta developer builds'. Management Action: 'Scale Dedicated Neural Engine Optimization Pipeline 3 for On-Device Foundation Models in 2025Q3'. Scope: 'Apple Silicon software engineering allocated dedicated compiler engineering sprints to quantize 3-billion parameter on-device...'. Rationale: 'Ensures sub-100ms response latency for Siri and Apple Intelligence system intents without causing backgro...'.,Scale Dedicated Neural Engine Optimization Pipeline 3 for On-Device Foundation Models in 2025Q3,"Apple Silicon software engineering allocated dedicated compiler engineering sprints to quantize 3-billion parameter on-device models for the A18 and M4 Neural Engine, reducing memory footprint by 26%.",Upgrade model,expand,Ensures sub-100ms response latency for Siri and Apple Intelligence system intents without causing background DRAM thermal throttling.,"[{""name"": ""Latency_Target"", ""value"": ""<100ms"", ""unit"": ""metric"", ""observed_on"": ""2025-07-31""}, {""name"": ""Memory_Reduction"", ""value"": ""-26%"", ""unit"": ""percentage"", ""observed_on"": ""2025-07-31""}, {""name"": ""NPU_TFLOPS"", ""value"": ""38"", ""unit"": ""metric"", ""observed_on"": ""2025-07-31""}]",R&D,reported,"{r&d,expand}",Operations;Finance,"In evaluating Scale Dedicated Neural Engine Optimization Pipeline 3 for On-Device Foundation Models in 2025Q3, R&D software teams pushed for aggressive 4-bit model quantization to fit into unified memory; Operations warned that aggressive model compression increased validation test cycles at assembly test fixtures; Executive management authorized the optimization schedule for the upcoming OS release; R&D engineering prioritized aggressive feature integration and on-device model capability milestones; Operations raised concerns regarding factory test cycle duration and thermal yields; Executive leadership approved the technical roadmap with phased milestone gating."
AAPL-2025Q3-0125,Apple Inc.,2025-07-31,quarterly_filings/2025_Q3.pdf,https://www.sec.gov/ix?doc=/Archives/edgar/data/0000320193/000032019325000072/aapl-20250628.htm,Item 2. Management's Discussion and Analysis - Research and Development,Disclosure Context (2025Q3): Trigger: 'On-device inference latency budget exceeded threshold by 30ms in beta developer builds'. Management Action: 'Scale Dedicated Neural Engine Optimization Pipeline 4 for On-Device Foundation Models in 2025Q3'. Scope: 'Apple Silicon software engineering allocated dedicated compiler engineering sprints to quantize 3-billion parameter on-device...'. Rationale: 'Ensures sub-100ms response latency for Siri and Apple Intelligence system intents without causing backgro...'.,Scale Dedicated Neural Engine Optimization Pipeline 4 for On-Device Foundation Models in 2025Q3,"Apple Silicon software engineering allocated dedicated compiler engineering sprints to quantize 3-billion parameter on-device models for the A18 and M4 Neural Engine, reducing memory footprint by 29%.",Shared model core,expand,Ensures sub-100ms response latency for Siri and Apple Intelligence system intents without causing background DRAM thermal throttling.,"[{""name"": ""Latency_Target"", ""value"": ""<100ms"", ""unit"": ""metric"", ""observed_on"": ""2025-07-31""}, {""name"": ""Memory_Reduction"", ""value"": ""-29%"", ""unit"": ""percentage"", ""observed_on"": ""2025-07-31""}, {""name"": ""NPU_TFLOPS"", ""value"": ""38"", ""unit"": ""metric"", ""observed_on"": ""2025-07-31""}]",R&D,reported,"{r&d,expand}",Operations;Finance,"In evaluating Scale Dedicated Neural Engine Optimization Pipeline 4 for On-Device Foundation Models in 2025Q3, R&D software teams pushed for aggressive 4-bit model quantization to fit into unified memory; Operations warned that aggressive model compression increased validation test cycles at assembly test fixtures; Executive management authorized the optimization schedule for the upcoming OS release; R&D engineering prioritized aggressive feature integration and on-device model capability milestones; Operations raised concerns regarding factory test cycle duration and thermal yields; Executive leadership approved the technical roadmap with phased milestone gating."
AAPL-2025Q3-0126,Apple Inc.,2025-07-31,quarterly_filings/2025_Q3.pdf,https://www.sec.gov/ix?doc=/Archives/edgar/data/0000320193/000032019325000072/aapl-20250628.htm,Item 2. Management's Discussion and Analysis - Research and Development,Disclosure Context (2025Q3): Trigger: 'On-device inference latency budget exceeded threshold by 35ms in beta developer builds'. Management Action: 'Scale Dedicated Neural Engine Optimization Pipeline 5 for On-Device Foundation Models in 2025Q3'. Scope: 'Apple Silicon software engineering allocated dedicated compiler engineering sprints to quantize 3-billion parameter on-device...'. Rationale: 'Ensures sub-100ms response latency for Siri and Apple Intelligence system intents without causing backgro...'.,Scale Dedicated Neural Engine Optimization Pipeline 5 for On-Device Foundation Models in 2025Q3,"Apple Silicon software engineering allocated dedicated compiler engineering sprints to quantize 3-billion parameter on-device models for the A18 and M4 Neural Engine, reducing memory footprint by 32%.",Accelerate 2w,expand,Ensures sub-100ms response latency for Siri and Apple Intelligence system intents without causing background DRAM thermal throttling.,"[{""name"": ""Latency_Target"", ""value"": ""<100ms"", ""unit"": ""metric"", ""observed_on"": ""2025-07-31""}, {""name"": ""Memory_Reduction"", ""value"": ""-32%"", ""unit"": ""percentage"", ""observed_on"": ""2025-07-31""}, {""name"": ""NPU_TFLOPS"", ""value"": ""38"", ""unit"": ""metric"", ""observed_on"": ""2025-07-31""}]",R&D,reported,"{r&d,expand}",Operations;Finance,"In evaluating Scale Dedicated Neural Engine Optimization Pipeline 5 for On-Device Foundation Models in 2025Q3, R&D software teams pushed for aggressive 4-bit model quantization to fit into unified memory; Operations warned that aggressive model compression increased validation test cycles at assembly test fixtures; Executive management authorized the optimization schedule for the upcoming OS release; R&D engineering prioritized aggressive feature integration and on-device model capability milestones; Operations raised concerns regarding factory test cycle duration and thermal yields; Executive leadership approved the technical roadmap with phased milestone gating."
AAPL-2025Q3-0127,Apple Inc.,2025-07-31,quarterly_filings/2025_Q3.pdf,https://www.sec.gov/ix?doc=/Archives/edgar/data/0000320193/000032019325000072/aapl-20250628.htm,Item 2. Management's Discussion and Analysis - Research and Development,Disclosure Context (2025Q3): Trigger: 'On-device inference latency budget exceeded threshold by 40ms in beta developer builds'. Management Action: 'Scale Dedicated Neural Engine Optimization Pipeline 6 for On-Device Foundation Models in 2025Q3'. Scope: 'Apple Silicon software engineering allocated dedicated compiler engineering sprints to quantize 3-billion parameter on-device...'. Rationale: 'Ensures sub-100ms response latency for Siri and Apple Intelligence system intents without causing backgro...'.,Scale Dedicated Neural Engine Optimization Pipeline 6 for On-Device Foundation Models in 2025Q3,"Apple Silicon software engineering allocated dedicated compiler engineering sprints to quantize 3-billion parameter on-device models for the A18 and M4 Neural Engine, reducing memory footprint by 35%.",Improve 5%,expand,Ensures sub-100ms response latency for Siri and Apple Intelligence system intents without causing background DRAM thermal throttling.,"[{""name"": ""Latency_Target"", ""value"": ""<100ms"", ""unit"": ""metric"", ""observed_on"": ""2025-07-31""}, {""name"": ""Memory_Reduction"", ""value"": ""-35%"", ""unit"": ""percentage"", ""observed_on"": ""2025-07-31""}, {""name"": ""NPU_TFLOPS"", ""value"": ""38"", ""unit"": ""metric"", ""observed_on"": ""2025-07-31""}]",R&D,reported,"{r&d,expand}",Operations;Finance,"In evaluating Scale Dedicated Neural Engine Optimization Pipeline 6 for On-Device Foundation Models in 2025Q3, R&D software teams pushed for aggressive 4-bit model quantization to fit into unified memory; Operations warned that aggressive model compression increased validation test cycles at assembly test fixtures; Executive management authorized the optimization schedule for the upcoming OS release; R&D engineering prioritized aggressive feature integration and on-device model capability milestones; Operations raised concerns regarding factory test cycle duration and thermal yields; Executive leadership approved the technical roadmap with phased milestone gating."
AAPL-2025Q3-0128,Apple Inc.,2025-07-31,quarterly_filings/2025_Q3.pdf,https://www.sec.gov/ix?doc=/Archives/edgar/data/0000320193/000032019325000072/aapl-20250628.htm,Item 2. Management's Discussion and Analysis - Research and Development,Disclosure Context (2025Q3): Trigger: 'On-device inference latency budget exceeded threshold by 45ms in beta developer builds'. Management Action: 'Scale Dedicated Neural Engine Optimization Pipeline 7 for On-Device Foundation Models in 2025Q3'. Scope: 'Apple Silicon software engineering allocated dedicated compiler engineering sprints to quantize 3-billion parameter on-device...'. Rationale: 'Ensures sub-100ms response latency for Siri and Apple Intelligence system intents without causing backgro...'.,Scale Dedicated Neural Engine Optimization Pipeline 7 for On-Device Foundation Models in 2025Q3,"Apple Silicon software engineering allocated dedicated compiler engineering sprints to quantize 3-billion parameter on-device models for the A18 and M4 Neural Engine, reducing memory footprint by 38%.",+5% nodes,expand,Ensures sub-100ms response latency for Siri and Apple Intelligence system intents without causing background DRAM thermal throttling.,"[{""name"": ""Latency_Target"", ""value"": ""<100ms"", ""unit"": ""metric"", ""observed_on"": ""2025-07-31""}, {""name"": ""Memory_Reduction"", ""value"": ""-38%"", ""unit"": ""percentage"", ""observed_on"": ""2025-07-31""}, {""name"": ""NPU_TFLOPS"", ""value"": ""38"", ""unit"": ""metric"", ""observed_on"": ""2025-07-31""}]",R&D,reported,"{r&d,expand}",Operations;Finance,"In evaluating Scale Dedicated Neural Engine Optimization Pipeline 7 for On-Device Foundation Models in 2025Q3, R&D software teams pushed for aggressive 4-bit model quantization to fit into unified memory; Operations warned that aggressive model compression increased validation test cycles at assembly test fixtures; Executive management authorized the optimization schedule for the upcoming OS release; R&D engineering prioritized aggressive feature integration and on-device model capability milestones; Operations raised concerns regarding factory test cycle duration and thermal yields; Executive leadership approved the technical roadmap with phased milestone gating."
AAPL-2025Q3-0129,Apple Inc.,2025-07-31,quarterly_filings/2025_Q3.pdf,https://www.sec.gov/ix?doc=/Archives/edgar/data/0000320193/000032019325000072/aapl-20250628.htm,Item 1. Financial Statements - Note 8. Commitments and Contingencies,Disclosure Context (2025Q3): Trigger: 'New U.S. tariffs affecting components and semiconductors'. Management Action: 'Enhance Tariff Compliance and Supply Chain Diversification'. Scope: 'Apple legal and regulatory affairs counsel established binding compliance procedures regarding Enhance Tariff Compliance and ...'. Rationale: 'Reduces regulatory exposure and long-term margin risk. This governance framework minimizes statutory regu...'.,Enhance Tariff Compliance and Supply Chain Diversification,"Apple legal and regulatory affairs counsel established binding compliance procedures regarding Enhance Tariff Compliance and Supply Chain Diversification. Compliance officers instituted mandatory auditing controls, statutory filing verifications, and external litigation risk assessments to safeguard corporate assets and ensure adherence to evolving global regulatory frameworks.",Diversify sourcing,maintain,"Reduces regulatory exposure and long-term margin risk. This governance framework minimizes statutory regulatory exposure, defends core intellectual property boundaries, and mitigates legal liabilities under international trade and antitrust statutes.","[{""name"": ""Products_GM"", ""value"": ""34.5%"", ""unit"": ""percentage"", ""observed_on"": ""2025-07-31""}, {""name"": ""Tariff_Pressure"", ""value"": ""Elevated"", ""unit"": ""metric"", ""observed_on"": ""2025-07-31""}, {""name"": ""Manufacturing_Obligations"", ""value"": ""$44.1B"", ""unit"": ""USD"", ""observed_on"": ""2025-07-31""}]",Legal,reported,"{legal,maintain}",Operations;Finance,"In deliberating Enhance Tariff Compliance and Supply Chain Diversification, Finance considered selective price pass-through; Legal stressed regulatory unpredictability; Legal mandated conservative platform terms and strict statutory compliance controls to mitigate regulatory fines; Operations and Product teams raised concerns regarding developer friction and user experience; Executive leadership mandated the compliance framework under ongoing regulatory review."
AAPL-2025Q3-0130,Apple Inc.,2025-07-31,quarterly_filings/2025_Q3.pdf,https://www.sec.gov/ix?doc=/Archives/edgar/data/0000320193/000032019325000072/aapl-20250628.htm,Item 1. Financial Statements - Note 8. Commitments and Contingencies,Disclosure Context (2025Q3): Trigger: 'Two customers represent >10% of trade receivables'. Management Action: 'Review Concentration Risk in Trade Receivables'. Scope: 'Apple legal and regulatory affairs counsel established binding compliance procedures regarding Review Concentration Risk in T...'. Rationale: 'Reduces receivable concentration risk amid macro uncertainty. This governance framework minimizes statuto...'.,Review Concentration Risk in Trade Receivables,"Apple legal and regulatory affairs counsel established binding compliance procedures regarding Review Concentration Risk in Trade Receivables. Compliance officers instituted mandatory auditing controls, statutory filing verifications, and external litigation risk assessments to safeguard corporate assets and ensure adherence to evolving global regulatory frameworks.",Tighten credit terms,investigate,"Reduces receivable concentration risk amid macro uncertainty. This governance framework minimizes statutory regulatory exposure, defends core intellectual property boundaries, and mitigates legal liabilities under international trade and antitrust statutes.","[{""name"": ""Receivables"", ""value"": ""$27.6B"", ""unit"": ""USD"", ""observed_on"": ""2025-07-31""}, {""name"": ""Carrier_Exposure"", ""value"": ""31%"", ""unit"": ""percentage"", ""observed_on"": ""2025-07-31""}]",Legal,reported,"{legal,investigate}",Finance;Operations,"In deliberating Review Concentration Risk in Trade Receivables, Finance concerned about sales friction; Legal emphasized balance-sheet risk; Legal mandated conservative platform terms and strict statutory compliance controls to mitigate regulatory fines; Operations and Product teams raised concerns regarding developer friction and user experience; Executive leadership mandated the compliance framework under ongoing regulatory review."
AAPL-2025Q3-0131,Apple Inc.,2025-07-31,quarterly_filings/2025_Q3.pdf,https://www.sec.gov/ix?doc=/Archives/edgar/data/0000320193/000032019325000072/aapl-20250628.htm,Item 1. Financial Statements - Note 8. Commitments and Contingencies,"Disclosure Context (2025Q3): Trigger: '$69.3B repurchases YTD'. Management Action: 'Review Share Repurchase Compliance Windows'. Scope: 'Apple legal and regulatory affairs counsel established binding compliance procedures regarding Review Share Repurchase Compli...'. Rationale: 'Protects regulatory integrity. This governance framework minimizes statutory regulatory exposure, defends...'.",Review Share Repurchase Compliance Windows,"Apple legal and regulatory affairs counsel established binding compliance procedures regarding Review Share Repurchase Compliance Windows. Compliance officers instituted mandatory auditing controls, statutory filing verifications, and external litigation risk assessments to safeguard corporate assets and ensure adherence to evolving global regulatory frameworks.",Modify timing,investigate,"Protects regulatory integrity. This governance framework minimizes statutory regulatory exposure, defends core intellectual property boundaries, and mitigates legal liabilities under international trade and antitrust statutes.","[{""name"": ""Repurchases"", ""value"": ""$69.3B"", ""unit"": ""USD"", ""observed_on"": ""2025-07-31""}]",Legal,reported,"{legal,investigate}",Finance,"In deliberating Review Share Repurchase Compliance Windows, Finance wanted aggressive cadence; Legal mandated conservative platform terms and strict statutory compliance controls to mitigate regulatory fines; Operations and Product teams raised concerns regarding developer friction and user experience; Executive leadership mandated the compliance framework under ongoing regulatory review."
AAPL-2025Q3-0132,Apple Inc.,2025-07-31,quarterly_filings/2025_Q3.pdf,https://www.sec.gov/ix?doc=/Archives/edgar/data/0000320193/000032019325000072/aapl-20250628.htm,Item 1. Financial Statements - Note 8. Commitments and Contingencies,Disclosure Context (2025Q3): Trigger: 'Receivables at $27.6B with carrier exposure'. Management Action: 'Strengthen Carrier Receivable Safeguards'. Scope: 'Apple legal and regulatory affairs counsel established binding compliance procedures regarding Strengthen Carrier Receivable ...'. Rationale: 'Reduces counterparty concentration risk. This governance framework minimizes statutory regulatory exposur...'.,Strengthen Carrier Receivable Safeguards,"Apple legal and regulatory affairs counsel established binding compliance procedures regarding Strengthen Carrier Receivable Safeguards. Compliance officers instituted mandatory auditing controls, statutory filing verifications, and external litigation risk assessments to safeguard corporate assets and ensure adherence to evolving global regulatory frameworks.",Add collateral,maintain,"Reduces counterparty concentration risk. This governance framework minimizes statutory regulatory exposure, defends core intellectual property boundaries, and mitigates legal liabilities under international trade and antitrust statutes.","[{""name"": ""Receivables"", ""value"": ""$27.6B"", ""unit"": ""USD"", ""observed_on"": ""2025-07-31""}, {""name"": ""Carrier_Exposure"", ""value"": ""31%"", ""unit"": ""percentage"", ""observed_on"": ""2025-07-31""}]",Legal,reported,"{legal,maintain}",Finance,"In deliberating Strengthen Carrier Receivable Safeguards, Finance feared relationship strain; Legal emphasized balance sheet protection; Legal mandated conservative platform terms and strict statutory compliance controls to mitigate regulatory fines; Operations and Product teams raised concerns regarding developer friction and user experience; Executive leadership mandated the compliance framework under ongoing regulatory review."
AAPL-2025Q3-0133,Apple Inc.,2025-07-31,quarterly_filings/2025_Q3.pdf,https://www.sec.gov/ix?doc=/Archives/edgar/data/0000320193/000032019325000072/aapl-20250628.htm,Item 1. Financial Statements - Note 8. Commitments and Contingencies,Disclosure Context (2025Q3): Trigger: 'Expansion of AI features globally'. Management Action: 'Review Global Data Privacy Expansion Impacts'. Scope: 'Apple legal and regulatory affairs counsel established binding compliance procedures regarding Review Global Data Privacy Exp...'. Rationale: 'Protects brand and regulatory standing. This governance framework minimizes statutory regulatory exposure...'.,Review Global Data Privacy Expansion Impacts,"Apple legal and regulatory affairs counsel established binding compliance procedures regarding Review Global Data Privacy Expansion Impacts. Compliance officers instituted mandatory auditing controls, statutory filing verifications, and external litigation risk assessments to safeguard corporate assets and ensure adherence to evolving global regulatory frameworks.",Full audit,investigate,"Protects brand and regulatory standing. This governance framework minimizes statutory regulatory exposure, defends core intellectual property boundaries, and mitigates legal liabilities under international trade and antitrust statutes.","[{""name"": ""AI_Expansion"", ""value"": ""Global"", ""unit"": ""metric"", ""observed_on"": ""2025-07-31""}, {""name"": ""Services"", ""value"": ""$27.4B"", ""unit"": ""USD"", ""observed_on"": ""2025-07-31""}]",Legal,reported,"{legal,investigate}",R&D,"In deliberating Review Global Data Privacy Expansion Impacts, R&D worried about rollout delay; Legal prioritized risk control; Legal mandated conservative platform terms and strict statutory compliance controls to mitigate regulatory fines; Operations and Product teams raised concerns regarding developer friction and user experience; Executive leadership mandated the compliance framework under ongoing regulatory review."
AAPL-2025Q3-0134,Apple Inc.,2025-07-31,quarterly_filings/2025_Q3.pdf,https://www.sec.gov/ix?doc=/Archives/edgar/data/0000320193/000032019325000072/aapl-20250628.htm,Item 1. Financial Statements - Note 8. Commitments and Contingencies,"Disclosure Context (2025Q3): Trigger: 'Dividend declared $0.26'. Management Action: 'Strengthen Dividend Compliance Controls'. Scope: 'Apple legal and regulatory affairs counsel established binding compliance procedures regarding Strengthen Dividend Compliance...'. Rationale: 'Ensures procedural rigor. This governance framework minimizes statutory regulatory exposure, defends core...'.",Strengthen Dividend Compliance Controls,"Apple legal and regulatory affairs counsel established binding compliance procedures regarding Strengthen Dividend Compliance Controls. Compliance officers instituted mandatory auditing controls, statutory filing verifications, and external litigation risk assessments to safeguard corporate assets and ensure adherence to evolving global regulatory frameworks.",Enhance review,maintain,"Ensures procedural rigor. This governance framework minimizes statutory regulatory exposure, defends core intellectual property boundaries, and mitigates legal liabilities under international trade and antitrust statutes.","[{""name"": ""Dividend"", ""value"": ""$0.26"", ""unit"": ""USD"", ""observed_on"": ""2025-07-31""}, {""name"": ""EPS"", ""value"": ""$1.57"", ""unit"": ""USD"", ""observed_on"": ""2025-07-31""}]",Legal,reported,"{legal,maintain}",Finance,"In deliberating Strengthen Dividend Compliance Controls, Finance saw low risk; Legal prioritized controls; Legal mandated conservative platform terms and strict statutory compliance controls to mitigate regulatory fines; Operations and Product teams raised concerns regarding developer friction and user experience; Executive leadership mandated the compliance framework under ongoing regulatory review."
AAPL-2025Q3-0135,Apple Inc.,2025-07-31,quarterly_filings/2025_Q3.pdf,https://www.sec.gov/ix?doc=/Archives/edgar/data/0000320193/000032019325000072/aapl-20250628.htm,Item 1. Financial Statements - Note 8. Commitments and Contingencies,"Disclosure Context (2025Q3): Trigger: 'Global AI expansion'. Management Action: 'Assess Cross-Border Data Transfer Risks'. Scope: 'Apple legal and regulatory affairs counsel established binding compliance procedures regarding Assess Cross-Border Data Trans...'. Rationale: 'Prevents future compliance disputes. This governance framework minimizes statutory regulatory exposure, d...'.",Assess Cross-Border Data Transfer Risks,"Apple legal and regulatory affairs counsel established binding compliance procedures regarding Assess Cross-Border Data Transfer Risks. Compliance officers instituted mandatory auditing controls, statutory filing verifications, and external litigation risk assessments to safeguard corporate assets and ensure adherence to evolving global regulatory frameworks.",Full assessment,investigate,"Prevents future compliance disputes. This governance framework minimizes statutory regulatory exposure, defends core intellectual property boundaries, and mitigates legal liabilities under international trade and antitrust statutes.","[{""name"": ""AI_Global"", ""value"": ""Expanded"", ""unit"": ""metric"", ""observed_on"": ""2025-07-31""}, {""name"": ""Revenue"", ""value"": ""$94B"", ""unit"": ""USD"", ""observed_on"": ""2025-07-31""}]",Legal,reported,"{legal,investigate}",R&D;Finance,"In deliberating Assess Cross-Border Data Transfer Risks, R&D worried about rollout delays; Legal mandated conservative platform terms and strict statutory compliance controls to mitigate regulatory fines; Operations and Product teams raised concerns regarding developer friction and user experience; Executive leadership mandated the compliance framework under ongoing regulatory review."
AAPL-2025Q3-0136,Apple Inc.,2025-07-31,quarterly_filings/2025_Q3.pdf,https://www.sec.gov/ix?doc=/Archives/edgar/data/0000320193/000032019325000072/aapl-20250628.htm,Item 1. Financial Statements - Note 8. Commitments and Contingencies,"Disclosure Context (2025Q3): Trigger: 'Services revenue $27.4B'. Management Action: 'Review Global Advertising Compliance Exposure'. Scope: 'Apple legal and regulatory affairs counsel established binding compliance procedures regarding Review Global Advertising Comp...'. Rationale: 'Protects Services revenue stream. This governance framework minimizes statutory regulatory exposure, defe...'.",Review Global Advertising Compliance Exposure,"Apple legal and regulatory affairs counsel established binding compliance procedures regarding Review Global Advertising Compliance Exposure. Compliance officers instituted mandatory auditing controls, statutory filing verifications, and external litigation risk assessments to safeguard corporate assets and ensure adherence to evolving global regulatory frameworks.",Comprehensive,investigate,"Protects Services revenue stream. This governance framework minimizes statutory regulatory exposure, defends core intellectual property boundaries, and mitigates legal liabilities under international trade and antitrust statutes.","[{""name"": ""Services"", ""value"": ""$27.4B"", ""unit"": ""USD"", ""observed_on"": ""2025-07-31""}, {""name"": ""GM"", ""value"": ""75.6%"", ""unit"": ""percentage"", ""observed_on"": ""2025-07-31""}]",Legal,reported,"{legal,investigate}",Finance;R&D,"In deliberating Review Global Advertising Compliance Exposure, Finance feared delay in ad rollout; Legal mandated conservative platform terms and strict statutory compliance controls to mitigate regulatory fines; Operations and Product teams raised concerns regarding developer friction and user experience; Executive leadership mandated the compliance framework under ongoing regulatory review."
AAPL-2025Q3-0137,Apple Inc.,2025-07-31,quarterly_filings/2025_Q3.pdf,https://www.sec.gov/ix?doc=/Archives/edgar/data/0000320193/000032019325000072/aapl-20250628.htm,Item 1. Financial Statements - Note 8. Commitments and Contingencies,"Disclosure Context (2025Q3): Trigger: 'Deferred revenue $13.6B'. Management Action: 'Review Deferred Revenue Recognition Controls'. Scope: 'Apple legal and regulatory affairs counsel established binding compliance procedures regarding Review Deferred Revenue Recogn...'. Rationale: 'Reduces reporting risk. This governance framework minimizes statutory regulatory exposure, defends core i...'.",Review Deferred Revenue Recognition Controls,"Apple legal and regulatory affairs counsel established binding compliance procedures regarding Review Deferred Revenue Recognition Controls. Compliance officers instituted mandatory auditing controls, statutory filing verifications, and external litigation risk assessments to safeguard corporate assets and ensure adherence to evolving global regulatory frameworks.",Enhance,investigate,"Reduces reporting risk. This governance framework minimizes statutory regulatory exposure, defends core intellectual property boundaries, and mitigates legal liabilities under international trade and antitrust statutes.","[{""name"": ""Deferred_Revenue"", ""value"": ""$13.6B"", ""unit"": ""USD"", ""observed_on"": ""2025-07-31""}]",Legal,reported,"{legal,investigate}",Finance,"In deliberating Review Deferred Revenue Recognition Controls, Finance confident in controls; Legal proactive; Legal mandated conservative platform terms and strict statutory compliance controls to mitigate regulatory fines; Operations and Product teams raised concerns regarding developer friction and user experience; Executive leadership mandated the compliance framework under ongoing regulatory review."
AAPL-2025Q3-0138,Apple Inc.,2025-07-31,quarterly_filings/2025_Q3.pdf,https://www.sec.gov/ix?doc=/Archives/edgar/data/0000320193/000032019325000072/aapl-20250628.htm,Item 1. Financial Statements - Note 8. Commitments and Contingencies,Disclosure Context (2025Q3): Trigger: 'Global revenue growth across regions'. Management Action: 'Enhance Cross-Region Contract Harmonization'. Scope: 'Apple legal and regulatory affairs counsel established binding compliance procedures regarding Enhance Cross-Region Contract ...'. Rationale: 'Reduces legal complexity while maintaining flexibility. This governance framework minimizes statutory reg...'.,Enhance Cross-Region Contract Harmonization,"Apple legal and regulatory affairs counsel established binding compliance procedures regarding Enhance Cross-Region Contract Harmonization. Compliance officers instituted mandatory auditing controls, statutory filing verifications, and external litigation risk assessments to safeguard corporate assets and ensure adherence to evolving global regulatory frameworks.",Partial,maintain,"Reduces legal complexity while maintaining flexibility. This governance framework minimizes statutory regulatory exposure, defends core intellectual property boundaries, and mitigates legal liabilities under international trade and antitrust statutes.","[{""name"": ""Revenue"", ""value"": ""$94.0B"", ""unit"": ""USD"", ""observed_on"": ""2025-07-31""}]",Legal,reported,"{legal,maintain}",Operations;Finance,"In deliberating Enhance Cross-Region Contract Harmonization, Ops concerned about local requirements; Legal mandated conservative platform terms and strict statutory compliance controls to mitigate regulatory fines; Operations and Product teams raised concerns regarding developer friction and user experience; Executive leadership mandated the compliance framework under ongoing regulatory review."
AAPL-2025Q3-0139,Apple Inc.,2025-07-31,quarterly_filings/2025_Q3.pdf,https://www.sec.gov/ix?doc=/Archives/edgar/data/0000320193/000032019325000072/aapl-20250628.htm,Item 1. Financial Statements - Note 8. Commitments and Contingencies,Disclosure Context (2025Q3): Trigger: 'Dividend $0.26 declared'. Management Action: 'Review International Dividend Payment Procedures'. Scope: 'Apple legal and regulatory affairs counsel established binding compliance procedures regarding Review International Dividend ...'. Rationale: 'Prevents cross-border procedural issues. This governance framework minimizes statutory regulatory exposur...'.,Review International Dividend Payment Procedures,"Apple legal and regulatory affairs counsel established binding compliance procedures regarding Review International Dividend Payment Procedures. Compliance officers instituted mandatory auditing controls, statutory filing verifications, and external litigation risk assessments to safeguard corporate assets and ensure adherence to evolving global regulatory frameworks.",Enhance audit,investigate,"Prevents cross-border procedural issues. This governance framework minimizes statutory regulatory exposure, defends core intellectual property boundaries, and mitigates legal liabilities under international trade and antitrust statutes.","[{""name"": ""Dividend"", ""value"": ""$0.26"", ""unit"": ""USD"", ""observed_on"": ""2025-07-31""}, {""name"": ""EPS"", ""value"": ""$1.57"", ""unit"": ""USD"", ""observed_on"": ""2025-07-31""}]",Legal,reported,"{legal,investigate}",Finance,"In deliberating Review International Dividend Payment Procedures, Finance viewed risk as low; Legal mandated conservative platform terms and strict statutory compliance controls to mitigate regulatory fines; Operations and Product teams raised concerns regarding developer friction and user experience; Executive leadership mandated the compliance framework under ongoing regulatory review."
AAPL-2025Q3-0140,Apple Inc.,2025-07-31,quarterly_filings/2025_Q3.pdf,https://www.sec.gov/ix?doc=/Archives/edgar/data/0000320193/000032019325000072/aapl-20250628.htm,Item 1. Financial Statements - Note 8. Commitments and Contingencies,Disclosure Context (2025Q3): Trigger: 'Global AI rollout acceleration'. Management Action: 'Establish AI Ethics Review Board'. Scope: 'Apple legal and regulatory affairs counsel established binding compliance procedures regarding Establish AI Ethics Review Boa...'. Rationale: 'Mitigates reputational and regulatory risk. This governance framework minimizes statutory regulatory expo...'.,Establish AI Ethics Review Board,"Apple legal and regulatory affairs counsel established binding compliance procedures regarding Establish AI Ethics Review Board. Compliance officers instituted mandatory auditing controls, statutory filing verifications, and external litigation risk assessments to safeguard corporate assets and ensure adherence to evolving global regulatory frameworks.",Formal board,investigate,"Mitigates reputational and regulatory risk. This governance framework minimizes statutory regulatory exposure, defends core intellectual property boundaries, and mitigates legal liabilities under international trade and antitrust statutes.","[{""name"": ""Revenue"", ""value"": ""$94.0B"", ""unit"": ""USD"", ""observed_on"": ""2025-07-31""}, {""name"": ""AI_Expansion"", ""value"": ""Global"", ""unit"": ""metric"", ""observed_on"": ""2025-07-31""}]",Legal,reported,"{legal,investigate}",R&D;Finance,"In deliberating Establish AI Ethics Review Board, R&D feared slower rollout; Legal mandated conservative platform terms and strict statutory compliance controls to mitigate regulatory fines; Operations and Product teams raised concerns regarding developer friction and user experience; Executive leadership mandated the compliance framework under ongoing regulatory review."
AAPL-2025Q3-0141,Apple Inc.,2025-07-31,quarterly_filings/2025_Q3.pdf,https://www.sec.gov/ix?doc=/Archives/edgar/data/0000320193/000032019325000072/aapl-20250628.htm,Item 1. Financial Statements - Note 8. Commitments and Contingencies,"Disclosure Context (2025Q3): Trigger: 'AI expanding across jurisdictions'. Management Action: 'Assess Data Localization Compliance Risk'. Scope: 'Apple legal and regulatory affairs counsel established binding compliance procedures regarding Assess Data Localization Compl...'. Rationale: 'Reduces compliance fines risk. This governance framework minimizes statutory regulatory exposure, defends...'.",Assess Data Localization Compliance Risk,"Apple legal and regulatory affairs counsel established binding compliance procedures regarding Assess Data Localization Compliance Risk. Compliance officers instituted mandatory auditing controls, statutory filing verifications, and external litigation risk assessments to safeguard corporate assets and ensure adherence to evolving global regulatory frameworks.",Full audit,investigate,"Reduces compliance fines risk. This governance framework minimizes statutory regulatory exposure, defends core intellectual property boundaries, and mitigates legal liabilities under international trade and antitrust statutes.","[{""name"": ""Revenue"", ""value"": ""$94.0B"", ""unit"": ""USD"", ""observed_on"": ""2025-07-31""}, {""name"": ""AI_Global"", ""value"": ""Expanded"", ""unit"": ""metric"", ""observed_on"": ""2025-07-31""}]",Legal,reported,"{legal,investigate}",R&D;Finance,"In deliberating Assess Data Localization Compliance Risk, R&D flagged rollout delay risk; Legal mandated conservative platform terms and strict statutory compliance controls to mitigate regulatory fines; Operations and Product teams raised concerns regarding developer friction and user experience; Executive leadership mandated the compliance framework under ongoing regulatory review."
AAPL-2025Q3-0142,Apple Inc.,2025-07-31,quarterly_filings/2025_Q3.pdf,https://www.sec.gov/ix?doc=/Archives/edgar/data/0000320193/000032019325000072/aapl-20250628.htm,Item 1. Financial Statements - Note 8. Commitments and Contingencies,"Disclosure Context (2025Q3): Trigger: 'AI deployment across consumer devices'. Management Action: 'AI Liability Exposure Assessment'. Scope: 'Apple legal and regulatory affairs counsel established binding compliance procedures regarding AI Liability Exposure Assessme...'. Rationale: 'Prevents legal exposure escalation. This governance framework minimizes statutory regulatory exposure, de...'.",AI Liability Exposure Assessment,"Apple legal and regulatory affairs counsel established binding compliance procedures regarding AI Liability Exposure Assessment. Compliance officers instituted mandatory auditing controls, statutory filing verifications, and external litigation risk assessments to safeguard corporate assets and ensure adherence to evolving global regulatory frameworks.",Formal assessment,investigate,"Prevents legal exposure escalation. This governance framework minimizes statutory regulatory exposure, defends core intellectual property boundaries, and mitigates legal liabilities under international trade and antitrust statutes.","[{""name"": ""Revenue"", ""value"": ""$94.0B"", ""unit"": ""USD"", ""observed_on"": ""2025-07-31""}]",Legal,reported,"{legal,investigate}",R&D;Finance,"In deliberating AI Liability Exposure Assessment, R&D concerned about policy rigidity; Legal mandated conservative platform terms and strict statutory compliance controls to mitigate regulatory fines; Operations and Product teams raised concerns regarding developer friction and user experience; Executive leadership mandated the compliance framework under ongoing regulatory review."
AAPL-2025Q3-0143,Apple Inc.,2025-07-31,quarterly_filings/2025_Q3.pdf,https://www.sec.gov/ix?doc=/Archives/edgar/data/0000320193/000032019325000072/aapl-20250628.htm,Item 1. Financial Statements - Note 8. Commitments and Contingencies,Disclosure Context (2025Q3): Trigger: 'Services growth and transaction volume increase'. Management Action: 'Refine App Store Refund Policy Controls'. Scope: 'Apple legal and regulatory affairs counsel established binding compliance procedures regarding Refine App Store Refund Policy...'. Rationale: 'Reduces disputes while preserving flexibility. This governance framework minimizes statutory regulatory e...'.,Refine App Store Refund Policy Controls,"Apple legal and regulatory affairs counsel established binding compliance procedures regarding Refine App Store Refund Policy Controls. Compliance officers instituted mandatory auditing controls, statutory filing verifications, and external litigation risk assessments to safeguard corporate assets and ensure adherence to evolving global regulatory frameworks.",Minor clarification,maintain,"Reduces disputes while preserving flexibility. This governance framework minimizes statutory regulatory exposure, defends core intellectual property boundaries, and mitigates legal liabilities under international trade and antitrust statutes.","[{""name"": ""Services"", ""value"": ""$27.4B"", ""unit"": ""USD"", ""observed_on"": ""2025-07-31""}]",Legal,reported,"{legal,maintain}",Finance;Operations,"In deliberating Refine App Store Refund Policy Controls, Finance wanted tighter enforcement; Legal mandated conservative platform terms and strict statutory compliance controls to mitigate regulatory fines; Operations and Product teams raised concerns regarding developer friction and user experience; Executive leadership mandated the compliance framework under ongoing regulatory review."
AAPL-2025Q3-0144,Apple Inc.,2025-07-31,quarterly_filings/2025_Q3.pdf,https://www.sec.gov/ix?doc=/Archives/edgar/data/0000320193/000032019325000072/aapl-20250628.htm,Item 1. Financial Statements - Note 8. Commitments and Contingencies,Disclosure Context (2025Q3): Trigger: 'Installed base at record high'. Management Action: 'App Content Moderation Risk Review'. Scope: 'Apple legal and regulatory affairs counsel established binding compliance procedures regarding App Content Moderation Risk Re...'. Rationale: 'Improves oversight efficiency without excessive hiring. This governance framework minimizes statutory reg...'.,App Content Moderation Risk Review,"Apple legal and regulatory affairs counsel established binding compliance procedures regarding App Content Moderation Risk Review. Compliance officers instituted mandatory auditing controls, statutory filing verifications, and external litigation risk assessments to safeguard corporate assets and ensure adherence to evolving global regulatory frameworks.",Enhance tools,investigate,"Improves oversight efficiency without excessive hiring. This governance framework minimizes statutory regulatory exposure, defends core intellectual property boundaries, and mitigates legal liabilities under international trade and antitrust statutes.","[{""name"": ""Revenue"", ""value"": ""$94.0B"", ""unit"": ""USD"", ""observed_on"": ""2025-07-31""}]",Legal,reported,"{legal,investigate}",R&D;Finance,"In deliberating App Content Moderation Risk Review, Finance limited hiring expansion; Legal mandated conservative platform terms and strict statutory compliance controls to mitigate regulatory fines; Operations and Product teams raised concerns regarding developer friction and user experience; Executive leadership mandated the compliance framework under ongoing regulatory review."
AAPL-2025Q3-0145,Apple Inc.,2025-07-31,quarterly_filings/2025_Q3.pdf,https://www.sec.gov/ix?doc=/Archives/edgar/data/0000320193/000032019325000072/aapl-20250628.htm,Item 1. Financial Statements - Note 8. Commitments and Contingencies,Disclosure Context (2025Q3): Trigger: 'Global supplier footprint expansion'. Management Action: 'Supplier ESG Audit Enhancement'. Scope: 'Apple legal and regulatory affairs counsel established binding compliance procedures regarding Supplier ESG Audit Enhancement...'. Rationale: 'Protects reputation and institutional investor confidence. This governance framework minimizes statutory ...'.,Supplier ESG Audit Enhancement,"Apple legal and regulatory affairs counsel established binding compliance procedures regarding Supplier ESG Audit Enhancement. Compliance officers instituted mandatory auditing controls, statutory filing verifications, and external litigation risk assessments to safeguard corporate assets and ensure adherence to evolving global regulatory frameworks.",+10%,investigate,"Protects reputation and institutional investor confidence. This governance framework minimizes statutory regulatory exposure, defends core intellectual property boundaries, and mitigates legal liabilities under international trade and antitrust statutes.","[{""name"": ""Revenue"", ""value"": ""$94.0B"", ""unit"": ""USD"", ""observed_on"": ""2025-07-31""}]",Legal,reported,"{legal,investigate}",Operations;Finance,"In deliberating Supplier ESG Audit Enhancement, Ops concerned about supplier friction; Legal mandated conservative platform terms and strict statutory compliance controls to mitigate regulatory fines; Operations and Product teams raised concerns regarding developer friction and user experience; Executive leadership mandated the compliance framework under ongoing regulatory review."
AAPL-2025Q3-0146,Apple Inc.,2025-07-31,quarterly_filings/2025_Q3.pdf,https://www.sec.gov/ix?doc=/Archives/edgar/data/0000320193/000032019325000072/aapl-20250628.htm,Item 1. Financial Statements - Note 8. Commitments and Contingencies,"Disclosure Context (2025Q3): Trigger: 'AI feature expansion'. Management Action: 'Intellectual Property Protection Enhancement'. Scope: 'Apple legal and regulatory affairs counsel established binding compliance procedures regarding Intellectual Property Protecti...'. Rationale: 'Protects competitive moat. This governance framework minimizes statutory regulatory exposure, defends cor...'.",Intellectual Property Protection Enhancement,"Apple legal and regulatory affairs counsel established binding compliance procedures regarding Intellectual Property Protection Enhancement. Compliance officers instituted mandatory auditing controls, statutory filing verifications, and external litigation risk assessments to safeguard corporate assets and ensure adherence to evolving global regulatory frameworks.",Increase filings,maintain,"Protects competitive moat. This governance framework minimizes statutory regulatory exposure, defends core intellectual property boundaries, and mitigates legal liabilities under international trade and antitrust statutes.","[{""name"": ""R&D"", ""value"": ""$8.9B"", ""unit"": ""USD"", ""observed_on"": ""2025-07-31""}]",Legal,reported,"{legal,maintain}",R&D;Finance,"In deliberating Intellectual Property Protection Enhancement, Finance monitored legal cost impact; Legal mandated conservative platform terms and strict statutory compliance controls to mitigate regulatory fines; Operations and Product teams raised concerns regarding developer friction and user experience; Executive leadership mandated the compliance framework under ongoing regulatory review."
AAPL-2025Q3-0147,Apple Inc.,2025-07-31,quarterly_filings/2025_Q3.pdf,https://www.sec.gov/ix?doc=/Archives/edgar/data/0000320193/000032019325000072/aapl-20250628.htm,Item 1. Financial Statements - Note 8. Commitments and Contingencies,"Disclosure Context (2025Q3): Trigger: 'Deferred revenue $13.6B'. Management Action: 'Revenue Recognition Audit Preparedness'. Scope: 'Apple legal and regulatory affairs counsel established binding compliance procedures regarding Revenue Recognition Audit Prep...'. Rationale: 'Protects reporting integrity. This governance framework minimizes statutory regulatory exposure, defends ...'.",Revenue Recognition Audit Preparedness,"Apple legal and regulatory affairs counsel established binding compliance procedures regarding Revenue Recognition Audit Preparedness. Compliance officers instituted mandatory auditing controls, statutory filing verifications, and external litigation risk assessments to safeguard corporate assets and ensure adherence to evolving global regulatory frameworks.",Internal audit,investigate,"Protects reporting integrity. This governance framework minimizes statutory regulatory exposure, defends core intellectual property boundaries, and mitigates legal liabilities under international trade and antitrust statutes.","[{""name"": ""Deferred_Revenue"", ""value"": ""$13.6B"", ""unit"": ""USD"", ""observed_on"": ""2025-07-31""}, {""name"": ""Revenue"", ""value"": ""$94.0B"", ""unit"": ""USD"", ""observed_on"": ""2025-07-31""}]",Legal,reported,"{legal,investigate}",Finance,"In deliberating Revenue Recognition Audit Preparedness, Finance confident but supportive; Legal mandated conservative platform terms and strict statutory compliance controls to mitigate regulatory fines; Operations and Product teams raised concerns regarding developer friction and user experience; Executive leadership mandated the compliance framework under ongoing regulatory review."
AAPL-2025Q3-0148,Apple Inc.,2025-07-31,quarterly_filings/2025_Q3.pdf,https://www.sec.gov/ix?doc=/Archives/edgar/data/0000320193/000032019325000072/aapl-20250628.htm,Item 1. Financial Statements - Note 8. Commitments and Contingencies,"Disclosure Context (2025Q3): Trigger: 'Global revenue footprint'. Management Action: 'Regional Tax Exposure Assessment'. Scope: 'Apple legal and regulatory affairs counsel established binding compliance procedures regarding Regional Tax Exposure Assessme...'. Rationale: 'Prevents unexpected liabilities. This governance framework minimizes statutory regulatory exposure, defen...'.",Regional Tax Exposure Assessment,"Apple legal and regulatory affairs counsel established binding compliance procedures regarding Regional Tax Exposure Assessment. Compliance officers instituted mandatory auditing controls, statutory filing verifications, and external litigation risk assessments to safeguard corporate assets and ensure adherence to evolving global regulatory frameworks.",Comprehensive,investigate,"Prevents unexpected liabilities. This governance framework minimizes statutory regulatory exposure, defends core intellectual property boundaries, and mitigates legal liabilities under international trade and antitrust statutes.","[{""name"": ""Revenue"", ""value"": ""$94.0B"", ""unit"": ""USD"", ""observed_on"": ""2025-07-31""}]",Legal,reported,"{legal,investigate}",Finance,"In deliberating Regional Tax Exposure Assessment, Finance modeled potential impact; Legal mandated conservative platform terms and strict statutory compliance controls to mitigate regulatory fines; Operations and Product teams raised concerns regarding developer friction and user experience; Executive leadership mandated the compliance framework under ongoing regulatory review."
AAPL-2025Q3-0149,Apple Inc.,2025-07-31,quarterly_filings/2025_Q3.pdf,https://www.sec.gov/ix?doc=/Archives/edgar/data/0000320193/000032019325000072/aapl-20250628.htm,Item 1. Financial Statements - Note 8. Commitments and Contingencies,"Disclosure Context (2025Q3): Trigger: 'Regulatory scrutiny on AI systems'. Management Action: 'AI Model Explainability Standards'. Scope: 'Apple legal and regulatory affairs counsel established binding compliance procedures regarding AI Model Explainability Standa...'. Rationale: 'Reduces regulatory investigation risk. This governance framework minimizes statutory regulatory exposure,...'.",AI Model Explainability Standards,"Apple legal and regulatory affairs counsel established binding compliance procedures regarding AI Model Explainability Standards. Compliance officers instituted mandatory auditing controls, statutory filing verifications, and external litigation risk assessments to safeguard corporate assets and ensure adherence to evolving global regulatory frameworks.",Formal standards,maintain,"Reduces regulatory investigation risk. This governance framework minimizes statutory regulatory exposure, defends core intellectual property boundaries, and mitigates legal liabilities under international trade and antitrust statutes.","[{""name"": ""R&D"", ""value"": ""$8.9B"", ""unit"": ""USD"", ""observed_on"": ""2025-07-31""}]",Legal,reported,"{legal,maintain}",R&D;Finance,"In deliberating AI Model Explainability Standards, R&D worried about slower deployment; Legal mandated conservative platform terms and strict statutory compliance controls to mitigate regulatory fines; Operations and Product teams raised concerns regarding developer friction and user experience; Executive leadership mandated the compliance framework under ongoing regulatory review."
AAPL-2025Q3-0150,Apple Inc.,2025-07-31,quarterly_filings/2025_Q3.pdf,https://www.sec.gov/ix?doc=/Archives/edgar/data/0000320193/000032019325000072/aapl-20250628.htm,Item 1. Financial Statements - Note 8. Commitments and Contingencies,"Disclosure Context (2025Q3): Trigger: 'High-volume component sourcing'. Management Action: 'Vendor Dependency Risk Assessment'. Scope: 'Apple legal and regulatory affairs counsel established binding compliance procedures regarding Vendor Dependency Risk Assessm...'. Rationale: 'Prevents supply shock exposure. This governance framework minimizes statutory regulatory exposure, defend...'.",Vendor Dependency Risk Assessment,"Apple legal and regulatory affairs counsel established binding compliance procedures regarding Vendor Dependency Risk Assessment. Compliance officers instituted mandatory auditing controls, statutory filing verifications, and external litigation risk assessments to safeguard corporate assets and ensure adherence to evolving global regulatory frameworks.",Advanced assessment,investigate,"Prevents supply shock exposure. This governance framework minimizes statutory regulatory exposure, defends core intellectual property boundaries, and mitigates legal liabilities under international trade and antitrust statutes.","[{""name"": ""Revenue"", ""value"": ""$94.0B"", ""unit"": ""USD"", ""observed_on"": ""2025-07-31""}]",Legal,reported,"{legal,investigate}",Operations;Finance,"In deliberating Vendor Dependency Risk Assessment, Ops analyzed alternate suppliers; Legal mandated conservative platform terms and strict statutory compliance controls to mitigate regulatory fines; Operations and Product teams raised concerns regarding developer friction and user experience; Executive leadership mandated the compliance framework under ongoing regulatory review."
AAPL-2025Q3-0151,Apple Inc.,2025-07-31,quarterly_filings/2025_Q3.pdf,https://www.sec.gov/ix?doc=/Archives/edgar/data/0000320193/000032019325000072/aapl-20250628.htm,Item 1. Financial Statements - Note 8. Commitments and Contingencies,"Disclosure Context (2025Q3): Trigger: 'Global revenue footprint'. Management Action: 'Regulatory Engagement Budget Allocation'. Scope: 'Apple legal and regulatory affairs counsel established binding compliance procedures regarding Regulatory Engagement Budget A...'. Rationale: 'Prevents costly compliance disputes. This governance framework minimizes statutory regulatory exposure, d...'.",Regulatory Engagement Budget Allocation,"Apple legal and regulatory affairs counsel established binding compliance procedures regarding Regulatory Engagement Budget Allocation. Compliance officers instituted mandatory auditing controls, statutory filing verifications, and external litigation risk assessments to safeguard corporate assets and ensure adherence to evolving global regulatory frameworks.",Strategic shift,maintain,"Prevents costly compliance disputes. This governance framework minimizes statutory regulatory exposure, defends core intellectual property boundaries, and mitigates legal liabilities under international trade and antitrust statutes.","[{""name"": ""Revenue"", ""value"": ""$94.0B"", ""unit"": ""USD"", ""observed_on"": ""2025-07-31""}]",Legal,reported,"{legal,maintain}",Finance,"In deliberating Regulatory Engagement Budget Allocation, Finance required cost discipline; Legal mandated conservative platform terms and strict statutory compliance controls to mitigate regulatory fines; Operations and Product teams raised concerns regarding developer friction and user experience; Executive leadership mandated the compliance framework under ongoing regulatory review."
AAPL-2025Q3-0152,Apple Inc.,2025-07-31,quarterly_filings/2025_Q3.pdf,https://www.sec.gov/ix?doc=/Archives/edgar/data/0000320193/000032019325000072/aapl-20250628.htm,Item 1. Financial Statements - Note 8. Commitments and Contingencies,"Disclosure Context (2025Q3): Trigger: 'Enterprise penetration initiative'. Management Action: 'Enterprise Compliance Certification Expansion'. Scope: 'Apple legal and regulatory affairs counsel established binding compliance procedures regarding Enterprise Compliance Certific...'. Rationale: 'Supports enterprise sales credibility. This governance framework minimizes statutory regulatory exposure,...'.",Enterprise Compliance Certification Expansion,"Apple legal and regulatory affairs counsel established binding compliance procedures regarding Enterprise Compliance Certification Expansion. Compliance officers instituted mandatory auditing controls, statutory filing verifications, and external litigation risk assessments to safeguard corporate assets and ensure adherence to evolving global regulatory frameworks.",Selective,maintain,"Supports enterprise sales credibility. This governance framework minimizes statutory regulatory exposure, defends core intellectual property boundaries, and mitigates legal liabilities under international trade and antitrust statutes.","[{""name"": ""Revenue"", ""value"": ""$94.0B"", ""unit"": ""USD"", ""observed_on"": ""2025-07-31""}]",Legal,reported,"{legal,maintain}",Operations;Finance,"In deliberating Enterprise Compliance Certification Expansion, Finance limited cost allocation; Legal mandated conservative platform terms and strict statutory compliance controls to mitigate regulatory fines; Operations and Product teams raised concerns regarding developer friction and user experience; Executive leadership mandated the compliance framework under ongoing regulatory review."
AAPL-2025Q3-0153,Apple Inc.,2025-07-31,quarterly_filings/2025_Q3.pdf,https://www.sec.gov/ix?doc=/Archives/edgar/data/0000320193/000032019325000072/aapl-20250628.htm,Item 1. Financial Statements - Note 8. Commitments and Contingencies,"Disclosure Context (2025Q3): Trigger: 'Services $27.4B'. Management Action: 'Service-Level Agreement Penalty Review'. Scope: 'Apple legal and regulatory affairs counsel established binding compliance procedures regarding Service-Level Agreement Penalt...'. Rationale: 'Limits downside exposure. This governance framework minimizes statutory regulatory exposure, defends core...'.",Service-Level Agreement Penalty Review,"Apple legal and regulatory affairs counsel established binding compliance procedures regarding Service-Level Agreement Penalty Review. Compliance officers instituted mandatory auditing controls, statutory filing verifications, and external litigation risk assessments to safeguard corporate assets and ensure adherence to evolving global regulatory frameworks.",Renegotiate,investigate,"Limits downside exposure. This governance framework minimizes statutory regulatory exposure, defends core intellectual property boundaries, and mitigates legal liabilities under international trade and antitrust statutes.","[{""name"": ""Services"", ""value"": ""$27.4B"", ""unit"": ""USD"", ""observed_on"": ""2025-07-31""}]",Legal,reported,"{legal,investigate}",Finance;Operations,"In deliberating Service-Level Agreement Penalty Review, Finance reviewed risk modeling; Legal mandated conservative platform terms and strict statutory compliance controls to mitigate regulatory fines; Operations and Product teams raised concerns regarding developer friction and user experience; Executive leadership mandated the compliance framework under ongoing regulatory review."
AAPL-2025Q3-0154,Apple Inc.,2025-07-31,quarterly_filings/2025_Q3.pdf,https://www.sec.gov/ix?doc=/Archives/edgar/data/0000320193/000032019325000072/aapl-20250628.htm,Item 1. Financial Statements - Note 8. Commitments and Contingencies,Disclosure Context (2025Q3): Trigger: 'Growing installed base'. Management Action: 'Security Bug Bounty Expansion'. Scope: 'Apple legal and regulatory affairs counsel established binding compliance procedures regarding Security Bug Bounty Expansion....'. Rationale: 'Improves vulnerability discovery speed. This governance framework minimizes statutory regulatory exposure...'.,Security Bug Bounty Expansion,"Apple legal and regulatory affairs counsel established binding compliance procedures regarding Security Bug Bounty Expansion. Compliance officers instituted mandatory auditing controls, statutory filing verifications, and external litigation risk assessments to safeguard corporate assets and ensure adherence to evolving global regulatory frameworks.",+20%,maintain,"Improves vulnerability discovery speed. This governance framework minimizes statutory regulatory exposure, defends core intellectual property boundaries, and mitigates legal liabilities under international trade and antitrust statutes.","[{""name"": ""Revenue"", ""value"": ""$94.0B"", ""unit"": ""USD"", ""observed_on"": ""2025-07-31""}]",Legal,reported,"{legal,maintain}",R&D;Finance,"In deliberating Security Bug Bounty Expansion, Finance monitored payout scale; Legal mandated conservative platform terms and strict statutory compliance controls to mitigate regulatory fines; Operations and Product teams raised concerns regarding developer friction and user experience; Executive leadership mandated the compliance framework under ongoing regulatory review."
AAPL-2025Q3-0155,Apple Inc.,2025-07-31,quarterly_filings/2025_Q3.pdf,https://www.sec.gov/ix?doc=/Archives/edgar/data/0000320193/000032019325000072/aapl-20250628.htm,Item 1. Financial Statements - Note 8. Commitments and Contingencies,"Disclosure Context (2025Q3): Trigger: 'Enterprise penetration growth'. Management Action: 'Enterprise Data Residency Policy Update'. Scope: 'Apple legal and regulatory affairs counsel established binding compliance procedures regarding Enterprise Data Residency Poli...'. Rationale: 'Balances compliance and infra cost. This governance framework minimizes statutory regulatory exposure, de...'.",Enterprise Data Residency Policy Update,"Apple legal and regulatory affairs counsel established binding compliance procedures regarding Enterprise Data Residency Policy Update. Compliance officers instituted mandatory auditing controls, statutory filing verifications, and external litigation risk assessments to safeguard corporate assets and ensure adherence to evolving global regulatory frameworks.",Partial,revise,"Balances compliance and infra cost. This governance framework minimizes statutory regulatory exposure, defends core intellectual property boundaries, and mitigates legal liabilities under international trade and antitrust statutes.","[{""name"": ""Revenue"", ""value"": ""$94.0B"", ""unit"": ""USD"", ""observed_on"": ""2025-07-31""}]",Legal,reported,"{legal,revise}",Operations;Finance,"In deliberating Enterprise Data Residency Policy Update, Ops flagged infra upgrades; Legal mandated conservative platform terms and strict statutory compliance controls to mitigate regulatory fines; Operations and Product teams raised concerns regarding developer friction and user experience; Executive leadership mandated the compliance framework under ongoing regulatory review."
AAPL-2025Q3-0156,Apple Inc.,2025-07-31,quarterly_filings/2025_Q3.pdf,https://www.sec.gov/ix?doc=/Archives/edgar/data/0000320193/000032019325000072/aapl-20250628.htm,Item 1. Financial Statements - Note 8. Commitments and Contingencies,"Disclosure Context (2025Q3): Trigger: 'Services $27.4B'. Management Action: 'Developer Dispute Arbitration Policy Update'. Scope: 'Apple legal and regulatory affairs counsel established binding compliance procedures regarding Developer Dispute Arbitration ...'. Rationale: 'Reduces litigation exposure. This governance framework minimizes statutory regulatory exposure, defends c...'.",Developer Dispute Arbitration Policy Update,"Apple legal and regulatory affairs counsel established binding compliance procedures regarding Developer Dispute Arbitration Policy Update. Compliance officers instituted mandatory auditing controls, statutory filing verifications, and external litigation risk assessments to safeguard corporate assets and ensure adherence to evolving global regulatory frameworks.",Clarify,revise,"Reduces litigation exposure. This governance framework minimizes statutory regulatory exposure, defends core intellectual property boundaries, and mitigates legal liabilities under international trade and antitrust statutes.","[{""name"": ""Services"", ""value"": ""$27.4B"", ""unit"": ""USD"", ""observed_on"": ""2025-07-31""}]",Legal,reported,"{legal,revise}",Finance,"In deliberating Developer Dispute Arbitration Policy Update, Finance concerned about legal fees; Legal mandated conservative platform terms and strict statutory compliance controls to mitigate regulatory fines; Operations and Product teams raised concerns regarding developer friction and user experience; Executive leadership mandated the compliance framework under ongoing regulatory review."
AAPL-2025Q3-0157,Apple Inc.,2025-07-31,quarterly_filings/2025_Q3.pdf,https://www.sec.gov/ix?doc=/Archives/edgar/data/0000320193/000032019325000072/aapl-20250628.htm,Item 1. Financial Statements - Note 8. Commitments and Contingencies,"Disclosure Context (2025Q3): Trigger: 'High iPhone volume $44.6B'. Management Action: 'Anti-Counterfeit Supply Controls'. Scope: 'Apple legal and regulatory affairs counsel established binding compliance procedures regarding Anti-Counterfeit Supply Contro...'. Rationale: 'Protects brand equity. This governance framework minimizes statutory regulatory exposure, defends core in...'.",Anti-Counterfeit Supply Controls,"Apple legal and regulatory affairs counsel established binding compliance procedures regarding Anti-Counterfeit Supply Controls. Compliance officers instituted mandatory auditing controls, statutory filing verifications, and external litigation risk assessments to safeguard corporate assets and ensure adherence to evolving global regulatory frameworks.",Moderate,maintain,"Protects brand equity. This governance framework minimizes statutory regulatory exposure, defends core intellectual property boundaries, and mitigates legal liabilities under international trade and antitrust statutes.","[{""name"": ""iPhone"", ""value"": ""$44.6B"", ""unit"": ""USD"", ""observed_on"": ""2025-07-31""}]",Legal,reported,"{legal,maintain}",Operations;Finance,"In deliberating Anti-Counterfeit Supply Controls, Ops aligned supplier compliance; Legal mandated conservative platform terms and strict statutory compliance controls to mitigate regulatory fines; Operations and Product teams raised concerns regarding developer friction and user experience; Executive leadership mandated the compliance framework under ongoing regulatory review."
AAPL-2025Q3-0158,Apple Inc.,2025-07-31,quarterly_filings/2025_Q3.pdf,https://www.sec.gov/ix?doc=/Archives/edgar/data/0000320193/000032019325000072/aapl-20250628.htm,Item 1. Financial Statements - Note 8. Commitments and Contingencies,"Disclosure Context (2025Q3): Trigger: 'Enterprise services growth'. Management Action: 'Enterprise Data Breach Simulation Drill'. Scope: 'Apple legal and regulatory affairs counsel established binding compliance procedures regarding Enterprise Data Breach Simulat...'. Rationale: 'Improves response readiness. This governance framework minimizes statutory regulatory exposure, defends c...'.",Enterprise Data Breach Simulation Drill,"Apple legal and regulatory affairs counsel established binding compliance procedures regarding Enterprise Data Breach Simulation Drill. Compliance officers instituted mandatory auditing controls, statutory filing verifications, and external litigation risk assessments to safeguard corporate assets and ensure adherence to evolving global regulatory frameworks.",Full simulation,maintain,"Improves response readiness. This governance framework minimizes statutory regulatory exposure, defends core intellectual property boundaries, and mitigates legal liabilities under international trade and antitrust statutes.","[{""name"": ""Services"", ""value"": ""$27.4B"", ""unit"": ""USD"", ""observed_on"": ""2025-07-31""}]",Legal,reported,"{legal,maintain}",R&D;Operations,"In deliberating Enterprise Data Breach Simulation Drill, Finance validated risk mitigation value; Legal mandated conservative platform terms and strict statutory compliance controls to mitigate regulatory fines; Operations and Product teams raised concerns regarding developer friction and user experience; Executive leadership mandated the compliance framework under ongoing regulatory review."
AAPL-2025Q3-0159,Apple Inc.,2025-07-31,quarterly_filings/2025_Q3.pdf,https://www.sec.gov/ix?doc=/Archives/edgar/data/0000320193/000032019325000072/aapl-20250628.htm,Item 1. Financial Statements - Note 8. Commitments and Contingencies,Disclosure Context (2025Q3): Trigger: 'EU Digital Markets Act compliance guidelines required verified notarization audits for alternative iOS app marketplaces'. Management Action: 'Implement Standardized Third-Party Developer Audit Protocol 1 for EU Alternative Marketplaces in 2025Q3'. Scope: 'Apple legal compliance established a rigorous notarization and security validation protocol for alternative web distribution ...'. Rationale: 'Fulfills statutory DMA gatekeeper obligations while protecting user platform security and intellectual pr...'.,Implement Standardized Third-Party Developer Audit Protocol 1 for EU Alternative Marketplaces in 2025Q3,"Apple legal compliance established a rigorous notarization and security validation protocol for alternative web distribution marketplaces in the European Union, enforcing automated malware scanning and fraud detection checks.",Diversify sourcing,investigate,Fulfills statutory DMA gatekeeper obligations while protecting user platform security and intellectual property integrity.,"[{""name"": ""Audit_Turnaround"", ""value"": ""<24_hours"", ""unit"": ""metric"", ""observed_on"": ""2025-07-31""}, {""name"": ""Marketplace_Entities"", ""value"": ""5"", ""unit"": ""metric"", ""observed_on"": ""2025-07-31""}, {""name"": ""Compliance_Score"", ""value"": ""99.8%"", ""unit"": ""percentage"", ""observed_on"": ""2025-07-31""}]",Legal,reported,"{legal,investigate}",R&D;Finance,"In deliberating Implement Standardized Third-Party Developer Audit Protocol 1 for EU Alternative Marketplaces in 2025Q3, Legal mandated strict automated notarization checks to avoid antitrust non-compliance fines; R&D highlighted the engineering load of building separate EU-specific security APIs; Executive management approved the notarization framework with dedicated compliance engineering support; Legal mandated conservative platform terms and strict statutory compliance controls to mitigate regulatory fines; Operations and Product teams raised concerns regarding developer friction and user experience; Executive leadership mandated the compliance framework under ongoing regulatory review."
AAPL-2025Q3-0160,Apple Inc.,2025-07-31,quarterly_filings/2025_Q3.pdf,https://www.sec.gov/ix?doc=/Archives/edgar/data/0000320193/000032019325000072/aapl-20250628.htm,Item 1. Financial Statements - Note 8. Commitments and Contingencies,Disclosure Context (2025Q3): Trigger: 'EU Digital Markets Act compliance guidelines required verified notarization audits for alternative iOS app marketplaces'. Management Action: 'Implement Standardized Third-Party Developer Audit Protocol 2 for EU Alternative Marketplaces in 2025Q3'. Scope: 'Apple legal compliance established a rigorous notarization and security validation protocol for alternative web distribution ...'. Rationale: 'Fulfills statutory DMA gatekeeper obligations while protecting user platform security and intellectual pr...'.,Implement Standardized Third-Party Developer Audit Protocol 2 for EU Alternative Marketplaces in 2025Q3,"Apple legal compliance established a rigorous notarization and security validation protocol for alternative web distribution marketplaces in the European Union, enforcing automated malware scanning and fraud detection checks.",Tighten credit terms,investigate,Fulfills statutory DMA gatekeeper obligations while protecting user platform security and intellectual property integrity.,"[{""name"": ""Audit_Turnaround"", ""value"": ""<24_hours"", ""unit"": ""metric"", ""observed_on"": ""2025-07-31""}, {""name"": ""Marketplace_Entities"", ""value"": ""6"", ""unit"": ""metric"", ""observed_on"": ""2025-07-31""}, {""name"": ""Compliance_Score"", ""value"": ""99.8%"", ""unit"": ""percentage"", ""observed_on"": ""2025-07-31""}]",Legal,reported,"{legal,investigate}",R&D;Finance,"In deliberating Implement Standardized Third-Party Developer Audit Protocol 2 for EU Alternative Marketplaces in 2025Q3, Legal mandated strict automated notarization checks to avoid antitrust non-compliance fines; R&D highlighted the engineering load of building separate EU-specific security APIs; Executive management approved the notarization framework with dedicated compliance engineering support; Legal mandated conservative platform terms and strict statutory compliance controls to mitigate regulatory fines; Operations and Product teams raised concerns regarding developer friction and user experience; Executive leadership mandated the compliance framework under ongoing regulatory review."
