case_id,company_name,decision_date,source_document_id,source_url,source_page_or_section,source_excerpt,decision_title,decision_description,documented_action,action_type,decision_rationale,quantitative_signals,department,department_basis,tags,cross_dept_impact,conflicting_perspectives
AAPL-2025Q2-0001,Apple Inc.,2025-05-01,quarterly_filings/2025_Q2.pdf,https://www.sec.gov/ix?doc=/Archives/edgar/data/0000320193/000032019325000058/aapl-20250329.htm,Item 2. Management's Discussion and Analysis - Operations & Supply Chain,Disclosure Context (2025Q2): Trigger: 'Services revenue grew 12% YoY to $26.6B'. Management Action: 'Scale Cloud Infrastructure for Services Growth'. Scope: 'Apple channel and manufacturing operations executed the formal decision regarding Scale Cloud Infrastructure for Services Gro...'. Rationale: 'High Services GM (75.7%) supports scaling while maintaining cost discipline. This operational adjustment ...'.,Scale Cloud Infrastructure for Services Growth,"Apple channel and manufacturing operations executed the formal decision regarding Scale Cloud Infrastructure for Services Growth. Operations leadership directed logistics and supply chain coordinators to coordinate directly with primary assembly partners Foxconn, Luxshare Precision, and Pegatron to adjust line throughput, buffer stock thresholds, and regional distribution allocations across North America, Europe, and Asia-Pacific.",Incremental expansion,expand,"High Services GM (75.7%) supports scaling while maintaining cost discipline. This operational adjustment maintains component supply continuity, prevents retail channel stockouts, and preserves hardware segment gross margin targets against raw material price volatility.","[{""name"": ""Services_Growth"", ""value"": ""+12%"", ""unit"": ""percentage"", ""observed_on"": ""2025-05-01""}, {""name"": ""GM"", ""value"": ""75.7%"", ""unit"": ""percentage"", ""observed_on"": ""2025-05-01""}, {""name"": ""OCF_6M"", ""value"": ""$53.9B"", ""unit"": ""USD"", ""observed_on"": ""2025-05-01""}]",Operations,reported,"{operations,expand}",Finance;R&D,"During executive review of Scale Cloud Infrastructure for Services Growth, Finance preferred slower capex; Ops cited uptime risks during growth; Operations emphasized protecting factory throughput and carrier delivery SLAs with assembly partners Foxconn and Luxshare; Finance objected to higher working capital commitments and freight expediting surcharges; Executive leadership approved the operational measure subject to weekly yield and inventory velocity monitoring."
AAPL-2025Q2-0002,Apple Inc.,2025-05-01,quarterly_filings/2025_Q2.pdf,https://www.sec.gov/ix?doc=/Archives/edgar/data/0000320193/000032019325000058/aapl-20250329.htm,Item 2. Management's Discussion and Analysis - Operations & Supply Chain,Disclosure Context (2025Q2): Trigger: 'New U.S. tariffs affecting imports from China'. Management Action: 'Rebalance Assembly Mix Amid Tariff Expansion'. Scope: 'Apple channel and manufacturing operations executed the formal decision regarding Rebalance Assembly Mix Amid Tariff Expansio...'. Rationale: 'Reduces tariff exposure while avoiding major disruption. This operational adjustment maintains component ...'.,Rebalance Assembly Mix Amid Tariff Expansion,"Apple channel and manufacturing operations executed the formal decision regarding Rebalance Assembly Mix Amid Tariff Expansion. Operations leadership directed logistics and supply chain coordinators to coordinate directly with primary assembly partners Foxconn, Luxshare Precision, and Pegatron to adjust line throughput, buffer stock thresholds, and regional distribution allocations across North America, Europe, and Asia-Pacific.",Shift 10%,revise,"Reduces tariff exposure while avoiding major disruption. This operational adjustment maintains component supply continuity, prevents retail channel stockouts, and preserves hardware segment gross margin targets against raw material price volatility.","[{""name"": ""Tariff_Risk"", ""value"": ""High"", ""unit"": ""metric"", ""observed_on"": ""2025-05-01""}, {""name"": ""Gross_Margin"", ""value"": ""47.1%"", ""unit"": ""percentage"", ""observed_on"": ""2025-05-01""}]",Operations,reported,"{operations,revise}",Finance;Legal;R&D,"During executive review of Rebalance Assembly Mix Amid Tariff Expansion, Finance suggested FX hedging instead; Ops prioritized operational hedge; Operations emphasized protecting factory throughput and carrier delivery SLAs with assembly partners Foxconn and Luxshare; Finance objected to higher working capital commitments and freight expediting surcharges; Executive leadership approved the operational measure subject to weekly yield and inventory velocity monitoring."
AAPL-2025Q2-0003,Apple Inc.,2025-05-01,quarterly_filings/2025_Q2.pdf,https://www.sec.gov/ix?doc=/Archives/edgar/data/0000320193/000032019325000058/aapl-20250329.htm,Item 2. Management's Discussion and Analysis - Operations & Supply Chain,Disclosure Context (2025Q2): Trigger: 'Services margin pressure from rising infrastructure costs'. Management Action: 'Renegotiate Services Vendor Contracts'. Scope: 'Apple channel and manufacturing operations executed the formal decision regarding Renegotiate Services Vendor Contracts. Oper...'. Rationale: 'Maintains premium Services margin without impacting subscribers. This operational adjustment maintains co...'.,Renegotiate Services Vendor Contracts,"Apple channel and manufacturing operations executed the formal decision regarding Renegotiate Services Vendor Contracts. Operations leadership directed logistics and supply chain coordinators to coordinate directly with primary assembly partners Foxconn, Luxshare Precision, and Pegatron to adjust line throughput, buffer stock thresholds, and regional distribution allocations across North America, Europe, and Asia-Pacific.",Renegotiate contracts,maintain,"Maintains premium Services margin without impacting subscribers. This operational adjustment maintains component supply continuity, prevents retail channel stockouts, and preserves hardware segment gross margin targets against raw material price volatility.","[{""name"": ""Services_GM"", ""value"": ""75.7%"", ""unit"": ""percentage"", ""observed_on"": ""2025-05-01""}, {""name"": ""SG&A"", ""value"": ""+4%"", ""unit"": ""percentage"", ""observed_on"": ""2025-05-01""}]",Operations,reported,"{operations,maintain}",Finance;Legal,"During executive review of Renegotiate Services Vendor Contracts, Legal flagged potential contractual disputes; Operations emphasized protecting factory throughput and carrier delivery SLAs with assembly partners Foxconn and Luxshare; Finance objected to higher working capital commitments and freight expediting surcharges; Executive leadership approved the operational measure subject to weekly yield and inventory velocity monitoring."
AAPL-2025Q2-0004,Apple Inc.,2025-05-01,quarterly_filings/2025_Q2.pdf,https://www.sec.gov/ix?doc=/Archives/edgar/data/0000320193/000032019325000058/aapl-20250329.htm,Item 2. Management's Discussion and Analysis - Operations & Supply Chain,Disclosure Context (2025Q2): Trigger: 'Services demand growth'. Management Action: 'Increase App Store Server Redundancy'. Scope: 'Apple channel and manufacturing operations executed the formal decision regarding Increase App Store Server Redundancy. Opera...'. Rationale: 'Protects uptime during 12% Services growth. This operational adjustment maintains component supply contin...'.,Increase App Store Server Redundancy,"Apple channel and manufacturing operations executed the formal decision regarding Increase App Store Server Redundancy. Operations leadership directed logistics and supply chain coordinators to coordinate directly with primary assembly partners Foxconn, Luxshare Precision, and Pegatron to adjust line throughput, buffer stock thresholds, and regional distribution allocations across North America, Europe, and Asia-Pacific.",Partial,expand,"Protects uptime during 12% Services growth. This operational adjustment maintains component supply continuity, prevents retail channel stockouts, and preserves hardware segment gross margin targets against raw material price volatility.","[{""name"": ""Services"", ""value"": ""+12%"", ""unit"": ""percentage"", ""observed_on"": ""2025-05-01""}]",Operations,reported,"{operations,expand}",Finance;R&D,"During executive review of Increase App Store Server Redundancy, Finance cautious on capex; Operations emphasized protecting factory throughput and carrier delivery SLAs with assembly partners Foxconn and Luxshare; Finance objected to higher working capital commitments and freight expediting surcharges; Executive leadership approved the operational measure subject to weekly yield and inventory velocity monitoring."
AAPL-2025Q2-0005,Apple Inc.,2025-05-01,quarterly_filings/2025_Q2.pdf,https://www.sec.gov/ix?doc=/Archives/edgar/data/0000320193/000032019325000058/aapl-20250329.htm,Item 2. Management's Discussion and Analysis - Operations & Supply Chain,"Disclosure Context (2025Q2): Trigger: 'Stable demand forecast'. Management Action: 'Shift Air Freight to Sea for Mac Accessories'. Scope: 'Apple channel and manufacturing operations executed the formal decision regarding Shift Air Freight to Sea for Mac Accessorie...'. Rationale: 'Balances cost and delivery timelines. This operational adjustment maintains component supply continuity, ...'.",Shift Air Freight to Sea for Mac Accessories,"Apple channel and manufacturing operations executed the formal decision regarding Shift Air Freight to Sea for Mac Accessories. Operations leadership directed logistics and supply chain coordinators to coordinate directly with primary assembly partners Foxconn, Luxshare Precision, and Pegatron to adjust line throughput, buffer stock thresholds, and regional distribution allocations across North America, Europe, and Asia-Pacific.",Mixed,maintain,"Balances cost and delivery timelines. This operational adjustment maintains component supply continuity, prevents retail channel stockouts, and preserves hardware segment gross margin targets against raw material price volatility.","[{""name"": ""Margin"", ""value"": ""47.1%"", ""unit"": ""percentage"", ""observed_on"": ""2025-05-01""}]",Operations,reported,"{operations,maintain}",Finance,"During executive review of Shift Air Freight to Sea for Mac Accessories, Ops favored full sea freight; Operations emphasized protecting factory throughput and carrier delivery SLAs with assembly partners Foxconn and Luxshare; Finance objected to higher working capital commitments and freight expediting surcharges; Executive leadership approved the operational measure subject to weekly yield and inventory velocity monitoring."
AAPL-2025Q2-0006,Apple Inc.,2025-05-01,quarterly_filings/2025_Q2.pdf,https://www.sec.gov/ix?doc=/Archives/edgar/data/0000320193/000032019325000058/aapl-20250329.htm,Item 2. Management's Discussion and Analysis - Operations & Supply Chain,"Disclosure Context (2025Q2): Trigger: 'Tariff risk high'. Management Action: 'Increase India Assembly Share'. Scope: 'Apple channel and manufacturing operations executed the formal decision regarding Increase India Assembly Share. Operations l...'. Rationale: 'Gradual hedge against tariff exposure. This operational adjustment maintains component supply continuity,...'.",Increase India Assembly Share,"Apple channel and manufacturing operations executed the formal decision regarding Increase India Assembly Share. Operations leadership directed logistics and supply chain coordinators to coordinate directly with primary assembly partners Foxconn, Luxshare Precision, and Pegatron to adjust line throughput, buffer stock thresholds, and regional distribution allocations across North America, Europe, and Asia-Pacific.",+5%,expand,"Gradual hedge against tariff exposure. This operational adjustment maintains component supply continuity, prevents retail channel stockouts, and preserves hardware segment gross margin targets against raw material price volatility.","[{""name"": ""Tariff"", ""value"": ""High"", ""unit"": ""metric"", ""observed_on"": ""2025-05-01""}]",Operations,reported,"{operations,expand}",Finance;Legal,"During executive review of Increase India Assembly Share, Finance suggests FX hedge alternative; Operations emphasized protecting factory throughput and carrier delivery SLAs with assembly partners Foxconn and Luxshare; Finance objected to higher working capital commitments and freight expediting surcharges; Executive leadership approved the operational measure subject to weekly yield and inventory velocity monitoring."
AAPL-2025Q2-0007,Apple Inc.,2025-05-01,quarterly_filings/2025_Q2.pdf,https://www.sec.gov/ix?doc=/Archives/edgar/data/0000320193/000032019325000058/aapl-20250329.htm,Item 2. Management's Discussion and Analysis - Operations & Supply Chain,Disclosure Context (2025Q2): Trigger: 'Services +12% with APAC traffic surge'. Management Action: 'Expand iCloud Edge Caching in APAC'. Scope: 'Apple channel and manufacturing operations executed the formal decision regarding Expand iCloud Edge Caching in APAC. Operati...'. Rationale: 'Improves latency while controlling capex. This operational adjustment maintains component supply continui...'.,Expand iCloud Edge Caching in APAC,"Apple channel and manufacturing operations executed the formal decision regarding Expand iCloud Edge Caching in APAC. Operations leadership directed logistics and supply chain coordinators to coordinate directly with primary assembly partners Foxconn, Luxshare Precision, and Pegatron to adjust line throughput, buffer stock thresholds, and regional distribution allocations across North America, Europe, and Asia-Pacific.",Add 5 nodes,expand,"Improves latency while controlling capex. This operational adjustment maintains component supply continuity, prevents retail channel stockouts, and preserves hardware segment gross margin targets against raw material price volatility.","[{""name"": ""Services"", ""value"": ""+12%"", ""unit"": ""percentage"", ""observed_on"": ""2025-05-01""}, {""name"": ""APAC_Traffic"", ""value"": ""+9%"", ""unit"": ""percentage"", ""observed_on"": ""2025-05-01""}]",Operations,reported,"{operations,expand}",Finance;R&D,"During executive review of Expand iCloud Edge Caching in APAC, Finance preferred deferral; Operations emphasized protecting factory throughput and carrier delivery SLAs with assembly partners Foxconn and Luxshare; Finance objected to higher working capital commitments and freight expediting surcharges; Executive leadership approved the operational measure subject to weekly yield and inventory velocity monitoring."
AAPL-2025Q2-0008,Apple Inc.,2025-05-01,quarterly_filings/2025_Q2.pdf,https://www.sec.gov/ix?doc=/Archives/edgar/data/0000320193/000032019325000058/aapl-20250329.htm,Item 2. Management's Discussion and Analysis - Operations & Supply Chain,Disclosure Context (2025Q2): Trigger: 'Tariff diversification strategy'. Management Action: 'Increase Vietnam Assembly Overtime'. Scope: 'Apple channel and manufacturing operations executed the formal decision regarding Increase Vietnam Assembly Overtime. Operati...'. Rationale: 'Meets shift targets without burnout risk. This operational adjustment maintains component supply continui...'.,Increase Vietnam Assembly Overtime,"Apple channel and manufacturing operations executed the formal decision regarding Increase Vietnam Assembly Overtime. Operations leadership directed logistics and supply chain coordinators to coordinate directly with primary assembly partners Foxconn, Luxshare Precision, and Pegatron to adjust line throughput, buffer stock thresholds, and regional distribution allocations across North America, Europe, and Asia-Pacific.",2 weeks,expand,"Meets shift targets without burnout risk. This operational adjustment maintains component supply continuity, prevents retail channel stockouts, and preserves hardware segment gross margin targets against raw material price volatility.","[{""name"": ""Tariff_Shift"", ""value"": ""+10%"", ""unit"": ""percentage"", ""observed_on"": ""2025-05-01""}]",Operations,reported,"{operations,expand}",Finance,"During executive review of Increase Vietnam Assembly Overtime, Finance limited OT budget; Operations emphasized protecting factory throughput and carrier delivery SLAs with assembly partners Foxconn and Luxshare; Finance objected to higher working capital commitments and freight expediting surcharges; Executive leadership approved the operational measure subject to weekly yield and inventory velocity monitoring."
AAPL-2025Q2-0009,Apple Inc.,2025-05-01,quarterly_filings/2025_Q2.pdf,https://www.sec.gov/ix?doc=/Archives/edgar/data/0000320193/000032019325000058/aapl-20250329.htm,Item 2. Management's Discussion and Analysis - Operations & Supply Chain,Disclosure Context (2025Q2): Trigger: 'Higher online device sales'. Management Action: 'Automate EU Returns Processing'. Scope: 'Apple channel and manufacturing operations executed the formal decision regarding Automate EU Returns Processing. Operations ...'. Rationale: 'Cuts handling cost without full system risk. This operational adjustment maintains component supply conti...'.,Automate EU Returns Processing,"Apple channel and manufacturing operations executed the formal decision regarding Automate EU Returns Processing. Operations leadership directed logistics and supply chain coordinators to coordinate directly with primary assembly partners Foxconn, Luxshare Precision, and Pegatron to adjust line throughput, buffer stock thresholds, and regional distribution allocations across North America, Europe, and Asia-Pacific.",Hybrid,maintain,"Cuts handling cost without full system risk. This operational adjustment maintains component supply continuity, prevents retail channel stockouts, and preserves hardware segment gross margin targets against raw material price volatility.","[{""name"": ""EU_Returns"", ""value"": ""+4%"", ""unit"": ""percentage"", ""observed_on"": ""2025-05-01""}]",Operations,reported,"{operations,maintain}",Finance;R&D,"During executive review of Automate EU Returns Processing, Finance cautious on rollout pace; Operations emphasized protecting factory throughput and carrier delivery SLAs with assembly partners Foxconn and Luxshare; Finance objected to higher working capital commitments and freight expediting surcharges; Executive leadership approved the operational measure subject to weekly yield and inventory velocity monitoring."
AAPL-2025Q2-0010,Apple Inc.,2025-05-01,quarterly_filings/2025_Q2.pdf,https://www.sec.gov/ix?doc=/Archives/edgar/data/0000320193/000032019325000058/aapl-20250329.htm,Item 2. Management's Discussion and Analysis - Operations & Supply Chain,Disclosure Context (2025Q2): Trigger: 'Tariff and supply volatility'. Management Action: 'Increase Safety Stock for Key Chips'. Scope: 'Apple channel and manufacturing operations executed the formal decision regarding Increase Safety Stock for Key Chips. Operat...'. Rationale: 'Balances resilience with working capital. This operational adjustment maintains component supply continui...'.,Increase Safety Stock for Key Chips,"Apple channel and manufacturing operations executed the formal decision regarding Increase Safety Stock for Key Chips. Operations leadership directed logistics and supply chain coordinators to coordinate directly with primary assembly partners Foxconn, Luxshare Precision, and Pegatron to adjust line throughput, buffer stock thresholds, and regional distribution allocations across North America, Europe, and Asia-Pacific.",3 weeks,expand,"Balances resilience with working capital. This operational adjustment maintains component supply continuity, prevents retail channel stockouts, and preserves hardware segment gross margin targets against raw material price volatility.","[{""name"": ""Tariff_Risk"", ""value"": ""High"", ""unit"": ""metric"", ""observed_on"": ""2025-05-01""}]",Operations,reported,"{operations,expand}",Finance;R&D,"During executive review of Increase Safety Stock for Key Chips, Finance cautious on cash lockup; Operations emphasized protecting factory throughput and carrier delivery SLAs with assembly partners Foxconn and Luxshare; Finance objected to higher working capital commitments and freight expediting surcharges; Executive leadership approved the operational measure subject to weekly yield and inventory velocity monitoring."
AAPL-2025Q2-0011,Apple Inc.,2025-05-01,quarterly_filings/2025_Q2.pdf,https://www.sec.gov/ix?doc=/Archives/edgar/data/0000320193/000032019325000058/aapl-20250329.htm,Item 2. Management's Discussion and Analysis - Operations & Supply Chain,"Disclosure Context (2025Q2): Trigger: 'Carbon reduction goals'. Management Action: 'Reduce Packaging Weight for MacBooks'. Scope: 'Apple channel and manufacturing operations executed the formal decision regarding Reduce Packaging Weight for MacBooks. Opera...'. Rationale: 'Cuts freight cost and emissions. This operational adjustment maintains component supply continuity, preve...'.",Reduce Packaging Weight for MacBooks,"Apple channel and manufacturing operations executed the formal decision regarding Reduce Packaging Weight for MacBooks. Operations leadership directed logistics and supply chain coordinators to coordinate directly with primary assembly partners Foxconn, Luxshare Precision, and Pegatron to adjust line throughput, buffer stock thresholds, and regional distribution allocations across North America, Europe, and Asia-Pacific.",8%,reduce,"Cuts freight cost and emissions. This operational adjustment maintains component supply continuity, prevents retail channel stockouts, and preserves hardware segment gross margin targets against raw material price volatility.","[{""name"": ""Mac"", ""value"": ""+7%"", ""unit"": ""percentage"", ""observed_on"": ""2025-05-01""}, {""name"": ""Freight"", ""value"": ""+6%"", ""unit"": ""percentage"", ""observed_on"": ""2025-05-01""}]",Operations,reported,"{operations,reduce}",Finance;R&D,"During executive review of Reduce Packaging Weight for MacBooks, Finance questioned tooling cost; Operations emphasized protecting factory throughput and carrier delivery SLAs with assembly partners Foxconn and Luxshare; Finance objected to higher working capital commitments and freight expediting surcharges; Executive leadership approved the operational measure subject to weekly yield and inventory velocity monitoring."
AAPL-2025Q2-0012,Apple Inc.,2025-05-01,quarterly_filings/2025_Q2.pdf,https://www.sec.gov/ix?doc=/Archives/edgar/data/0000320193/000032019325000058/aapl-20250329.htm,Item 2. Management's Discussion and Analysis - Operations & Supply Chain,Disclosure Context (2025Q2): Trigger: 'China demand softness -2%'. Management Action: 'Optimize iPhone Channel Inventory Allocation'. Scope: 'Apple channel and manufacturing operations executed the formal decision regarding Optimize iPhone Channel Inventory Allocatio...'. Rationale: 'Protects sell-through without discounting. This operational adjustment maintains component supply continu...'.,Optimize iPhone Channel Inventory Allocation,"Apple channel and manufacturing operations executed the formal decision regarding Optimize iPhone Channel Inventory Allocation. Operations leadership directed logistics and supply chain coordinators to coordinate directly with primary assembly partners Foxconn, Luxshare Precision, and Pegatron to adjust line throughput, buffer stock thresholds, and regional distribution allocations across North America, Europe, and Asia-Pacific.",Reallocate 5%,revise,"Protects sell-through without discounting. This operational adjustment maintains component supply continuity, prevents retail channel stockouts, and preserves hardware segment gross margin targets against raw material price volatility.","[{""name"": ""China"", ""value"": ""-2%"", ""unit"": ""percentage"", ""observed_on"": ""2025-05-01""}, {""name"": ""iPhone"", ""value"": ""+2%"", ""unit"": ""percentage"", ""observed_on"": ""2025-05-01""}]",Operations,reported,"{operations,revise}",Finance,"During executive review of Optimize iPhone Channel Inventory Allocation, Finance cautious on logistics cost; Operations emphasized protecting factory throughput and carrier delivery SLAs with assembly partners Foxconn and Luxshare; Finance objected to higher working capital commitments and freight expediting surcharges; Executive leadership approved the operational measure subject to weekly yield and inventory velocity monitoring."
AAPL-2025Q2-0013,Apple Inc.,2025-05-01,quarterly_filings/2025_Q2.pdf,https://www.sec.gov/ix?doc=/Archives/edgar/data/0000320193/000032019325000058/aapl-20250329.htm,Item 2. Management's Discussion and Analysis - Operations & Supply Chain,Disclosure Context (2025Q2): Trigger: 'Freight costs rising'. Management Action: 'Consolidate EU Distribution Centers'. Scope: 'Apple channel and manufacturing operations executed the formal decision regarding Consolidate EU Distribution Centers. Operat...'. Rationale: 'Reduces fixed logistics cost while preserving service level. This operational adjustment maintains compon...'.,Consolidate EU Distribution Centers,"Apple channel and manufacturing operations executed the formal decision regarding Consolidate EU Distribution Centers. Operations leadership directed logistics and supply chain coordinators to coordinate directly with primary assembly partners Foxconn, Luxshare Precision, and Pegatron to adjust line throughput, buffer stock thresholds, and regional distribution allocations across North America, Europe, and Asia-Pacific.",Consolidate 2,maintain,"Reduces fixed logistics cost while preserving service level. This operational adjustment maintains component supply continuity, prevents retail channel stockouts, and preserves hardware segment gross margin targets against raw material price volatility.","[{""name"": ""Freight"", ""value"": ""+6%"", ""unit"": ""percentage"", ""observed_on"": ""2025-05-01""}, {""name"": ""GM"", ""value"": ""47.1%"", ""unit"": ""percentage"", ""observed_on"": ""2025-05-01""}]",Operations,reported,"{operations,maintain}",Finance;Legal,"During executive review of Consolidate EU Distribution Centers, Legal reviewing labor impact; Operations emphasized protecting factory throughput and carrier delivery SLAs with assembly partners Foxconn and Luxshare; Finance objected to higher working capital commitments and freight expediting surcharges; Executive leadership approved the operational measure subject to weekly yield and inventory velocity monitoring."
AAPL-2025Q2-0014,Apple Inc.,2025-05-01,quarterly_filings/2025_Q2.pdf,https://www.sec.gov/ix?doc=/Archives/edgar/data/0000320193/000032019325000058/aapl-20250329.htm,Item 2. Management's Discussion and Analysis - Operations & Supply Chain,Disclosure Context (2025Q2): Trigger: 'Higher subscription base'. Management Action: 'Increase Services Data Backup Redundancy'. Scope: 'Apple channel and manufacturing operations executed the formal decision regarding Increase Services Data Backup Redundancy. O...'. Rationale: 'Improves resilience with minimal capex spike. This operational adjustment maintains component supply cont...'.,Increase Services Data Backup Redundancy,"Apple channel and manufacturing operations executed the formal decision regarding Increase Services Data Backup Redundancy. Operations leadership directed logistics and supply chain coordinators to coordinate directly with primary assembly partners Foxconn, Luxshare Precision, and Pegatron to adjust line throughput, buffer stock thresholds, and regional distribution allocations across North America, Europe, and Asia-Pacific.",Add 1 region,expand,"Improves resilience with minimal capex spike. This operational adjustment maintains component supply continuity, prevents retail channel stockouts, and preserves hardware segment gross margin targets against raw material price volatility.","[{""name"": ""Services"", ""value"": ""+12%"", ""unit"": ""percentage"", ""observed_on"": ""2025-05-01""}]",Operations,reported,"{operations,expand}",Finance;R&D,"During executive review of Increase Services Data Backup Redundancy, Finance cautious on ROI; Operations emphasized protecting factory throughput and carrier delivery SLAs with assembly partners Foxconn and Luxshare; Finance objected to higher working capital commitments and freight expediting surcharges; Executive leadership approved the operational measure subject to weekly yield and inventory velocity monitoring."
AAPL-2025Q2-0015,Apple Inc.,2025-05-01,quarterly_filings/2025_Q2.pdf,https://www.sec.gov/ix?doc=/Archives/edgar/data/0000320193/000032019325000058/aapl-20250329.htm,Item 2. Management's Discussion and Analysis - Operations & Supply Chain,Disclosure Context (2025Q2): Trigger: 'Tariff and supply volatility'. Management Action: 'Expand Dual-Sourcing for Mac Components'. Scope: 'Apple channel and manufacturing operations executed the formal decision regarding Expand Dual-Sourcing for Mac Components. Op...'. Rationale: 'Enhances resilience with manageable cost increase. This operational adjustment maintains component supply...'.,Expand Dual-Sourcing for Mac Components,"Apple channel and manufacturing operations executed the formal decision regarding Expand Dual-Sourcing for Mac Components. Operations leadership directed logistics and supply chain coordinators to coordinate directly with primary assembly partners Foxconn, Luxshare Precision, and Pegatron to adjust line throughput, buffer stock thresholds, and regional distribution allocations across North America, Europe, and Asia-Pacific.",Dual,expand,"Enhances resilience with manageable cost increase. This operational adjustment maintains component supply continuity, prevents retail channel stockouts, and preserves hardware segment gross margin targets against raw material price volatility.","[{""name"": ""Tariff_Risk"", ""value"": ""High"", ""unit"": ""metric"", ""observed_on"": ""2025-05-01""}, {""name"": ""Mac"", ""value"": ""+7%"", ""unit"": ""percentage"", ""observed_on"": ""2025-05-01""}]",Operations,reported,"{operations,expand}",Finance;R&D,"During executive review of Expand Dual-Sourcing for Mac Components, Finance flagged cost increase; Operations emphasized protecting factory throughput and carrier delivery SLAs with assembly partners Foxconn and Luxshare; Finance objected to higher working capital commitments and freight expediting surcharges; Executive leadership approved the operational measure subject to weekly yield and inventory velocity monitoring."
AAPL-2025Q2-0016,Apple Inc.,2025-05-01,quarterly_filings/2025_Q2.pdf,https://www.sec.gov/ix?doc=/Archives/edgar/data/0000320193/000032019325000058/aapl-20250329.htm,Item 2. Management's Discussion and Analysis - Operations & Supply Chain,Disclosure Context (2025Q2): Trigger: 'iPad demand +15%'. Management Action: 'Optimize Air Freight Mix for iPad Launch'. Scope: 'Apple channel and manufacturing operations executed the formal decision regarding Optimize Air Freight Mix for iPad Launch. O...'. Rationale: 'Protects margin with manageable delivery timelines. This operational adjustment maintains component suppl...'.,Optimize Air Freight Mix for iPad Launch,"Apple channel and manufacturing operations executed the formal decision regarding Optimize Air Freight Mix for iPad Launch. Operations leadership directed logistics and supply chain coordinators to coordinate directly with primary assembly partners Foxconn, Luxshare Precision, and Pegatron to adjust line throughput, buffer stock thresholds, and regional distribution allocations across North America, Europe, and Asia-Pacific.",Increase sea,revise,"Protects margin with manageable delivery timelines. This operational adjustment maintains component supply continuity, prevents retail channel stockouts, and preserves hardware segment gross margin targets against raw material price volatility.","[{""name"": ""iPad"", ""value"": ""+15%"", ""unit"": ""percentage"", ""observed_on"": ""2025-05-01""}, {""name"": ""Freight"", ""value"": ""+6%"", ""unit"": ""percentage"", ""observed_on"": ""2025-05-01""}]",Operations,reported,"{operations,revise}",Finance,"During executive review of Optimize Air Freight Mix for iPad Launch, Finance supported cost savings; Operations emphasized protecting factory throughput and carrier delivery SLAs with assembly partners Foxconn and Luxshare; Finance objected to higher working capital commitments and freight expediting surcharges; Executive leadership approved the operational measure subject to weekly yield and inventory velocity monitoring."
AAPL-2025Q2-0017,Apple Inc.,2025-05-01,quarterly_filings/2025_Q2.pdf,https://www.sec.gov/ix?doc=/Archives/edgar/data/0000320193/000032019325000058/aapl-20250329.htm,Item 2. Management's Discussion and Analysis - Operations & Supply Chain,"Disclosure Context (2025Q2): Trigger: 'Yield variability in select plants'. Management Action: 'Increase iPhone Assembly Yield via Process Tuning'. Scope: 'Apple channel and manufacturing operations executed the formal decision regarding Increase iPhone Assembly Yield via Process ...'. Rationale: 'Improves margin without capex spike. This operational adjustment maintains component supply continuity, p...'.",Increase iPhone Assembly Yield via Process Tuning,"Apple channel and manufacturing operations executed the formal decision regarding Increase iPhone Assembly Yield via Process Tuning. Operations leadership directed logistics and supply chain coordinators to coordinate directly with primary assembly partners Foxconn, Luxshare Precision, and Pegatron to adjust line throughput, buffer stock thresholds, and regional distribution allocations across North America, Europe, and Asia-Pacific.",Minor tune,expand,"Improves margin without capex spike. This operational adjustment maintains component supply continuity, prevents retail channel stockouts, and preserves hardware segment gross margin targets against raw material price volatility.","[{""name"": ""iPhone"", ""value"": ""+2%"", ""unit"": ""percentage"", ""observed_on"": ""2025-05-01""}, {""name"": ""Yield"", ""value"": ""+1%"", ""unit"": ""percentage"", ""observed_on"": ""2025-05-01""}]",Operations,reported,"{operations,expand}",Finance;R&D,"During executive review of Increase iPhone Assembly Yield via Process Tuning, Finance questioned ROI speed; Operations emphasized protecting factory throughput and carrier delivery SLAs with assembly partners Foxconn and Luxshare; Finance objected to higher working capital commitments and freight expediting surcharges; Executive leadership approved the operational measure subject to weekly yield and inventory velocity monitoring."
AAPL-2025Q2-0018,Apple Inc.,2025-05-01,quarterly_filings/2025_Q2.pdf,https://www.sec.gov/ix?doc=/Archives/edgar/data/0000320193/000032019325000058/aapl-20250329.htm,Item 2. Management's Discussion and Analysis - Operations & Supply Chain,Disclosure Context (2025Q2): Trigger: 'Tariff shift increasing new facility usage'. Management Action: 'Implement Predictive Maintenance in Assembly Lines'. Scope: 'Apple channel and manufacturing operations executed the formal decision regarding Implement Predictive Maintenance in Assembl...'. Rationale: 'Reduces downtime while limiting upfront cost. This operational adjustment maintains component supply cont...'.,Implement Predictive Maintenance in Assembly Lines,"Apple channel and manufacturing operations executed the formal decision regarding Implement Predictive Maintenance in Assembly Lines. Operations leadership directed logistics and supply chain coordinators to coordinate directly with primary assembly partners Foxconn, Luxshare Precision, and Pegatron to adjust line throughput, buffer stock thresholds, and regional distribution allocations across North America, Europe, and Asia-Pacific.",Hybrid,maintain,"Reduces downtime while limiting upfront cost. This operational adjustment maintains component supply continuity, prevents retail channel stockouts, and preserves hardware segment gross margin targets against raw material price volatility.","[{""name"": ""Tariff_Shift"", ""value"": ""+10%"", ""unit"": ""percentage"", ""observed_on"": ""2025-05-01""}, {""name"": ""Downtime"", ""value"": ""-6%"", ""unit"": ""percentage"", ""observed_on"": ""2025-05-01""}]",Operations,reported,"{operations,maintain}",Finance;R&D,"During executive review of Implement Predictive Maintenance in Assembly Lines, Finance monitored ROI closely; Operations emphasized protecting factory throughput and carrier delivery SLAs with assembly partners Foxconn and Luxshare; Finance objected to higher working capital commitments and freight expediting surcharges; Executive leadership approved the operational measure subject to weekly yield and inventory velocity monitoring."
AAPL-2025Q2-0019,Apple Inc.,2025-05-01,quarterly_filings/2025_Q2.pdf,https://www.sec.gov/ix?doc=/Archives/edgar/data/0000320193/000032019325000058/aapl-20250329.htm,Item 2. Management's Discussion and Analysis - Operations & Supply Chain,Disclosure Context (2025Q2): Trigger: 'iPad +15% growth uneven by region'. Management Action: 'Rebalance iPad Regional Allocation'. Scope: 'Apple channel and manufacturing operations executed the formal decision regarding Rebalance iPad Regional Allocation. Operati...'. Rationale: 'Improves sell-through without markdowns. This operational adjustment maintains component supply continuit...'.,Rebalance iPad Regional Allocation,"Apple channel and manufacturing operations executed the formal decision regarding Rebalance iPad Regional Allocation. Operations leadership directed logistics and supply chain coordinators to coordinate directly with primary assembly partners Foxconn, Luxshare Precision, and Pegatron to adjust line throughput, buffer stock thresholds, and regional distribution allocations across North America, Europe, and Asia-Pacific.",Shift 4%,revise,"Improves sell-through without markdowns. This operational adjustment maintains component supply continuity, prevents retail channel stockouts, and preserves hardware segment gross margin targets against raw material price volatility.","[{""name"": ""iPad"", ""value"": ""+15%"", ""unit"": ""percentage"", ""observed_on"": ""2025-05-01""}]",Operations,reported,"{operations,revise}",Finance,"During executive review of Rebalance iPad Regional Allocation, Finance cautious on freight cost; Operations emphasized protecting factory throughput and carrier delivery SLAs with assembly partners Foxconn and Luxshare; Finance objected to higher working capital commitments and freight expediting surcharges; Executive leadership approved the operational measure subject to weekly yield and inventory velocity monitoring."
AAPL-2025Q2-0020,Apple Inc.,2025-05-01,quarterly_filings/2025_Q2.pdf,https://www.sec.gov/ix?doc=/Archives/edgar/data/0000320193/000032019325000058/aapl-20250329.htm,Item 2. Management's Discussion and Analysis - Operations & Supply Chain,Disclosure Context (2025Q2): Trigger: 'Mac +7% growth'. Management Action: 'Reduce Mac Component Lead Time'. Scope: 'Apple channel and manufacturing operations executed the formal decision regarding Reduce Mac Component Lead Time. Operations ...'. Rationale: 'Improves responsiveness without cost spike. This operational adjustment maintains component supply contin...'.,Reduce Mac Component Lead Time,"Apple channel and manufacturing operations executed the formal decision regarding Reduce Mac Component Lead Time. Operations leadership directed logistics and supply chain coordinators to coordinate directly with primary assembly partners Foxconn, Luxshare Precision, and Pegatron to adjust line throughput, buffer stock thresholds, and regional distribution allocations across North America, Europe, and Asia-Pacific.",-5%,reduce,"Improves responsiveness without cost spike. This operational adjustment maintains component supply continuity, prevents retail channel stockouts, and preserves hardware segment gross margin targets against raw material price volatility.","[{""name"": ""Mac"", ""value"": ""+7%"", ""unit"": ""percentage"", ""observed_on"": ""2025-05-01""}]",Operations,reported,"{operations,reduce}",Finance,"During executive review of Reduce Mac Component Lead Time, Finance cautious on premium pricing; Operations emphasized protecting factory throughput and carrier delivery SLAs with assembly partners Foxconn and Luxshare; Finance objected to higher working capital commitments and freight expediting surcharges; Executive leadership approved the operational measure subject to weekly yield and inventory velocity monitoring."
AAPL-2025Q2-0021,Apple Inc.,2025-05-01,quarterly_filings/2025_Q2.pdf,https://www.sec.gov/ix?doc=/Archives/edgar/data/0000320193/000032019325000058/aapl-20250329.htm,Item 2. Management's Discussion and Analysis - Operations & Supply Chain,Disclosure Context (2025Q2): Trigger: 'Wearables -5%'. Management Action: 'Implement AI Demand Forecasting for Wearables'. Scope: 'Apple channel and manufacturing operations executed the formal decision regarding Implement AI Demand Forecasting for Wearabl...'. Rationale: 'Improves inventory turns without full overhaul. This operational adjustment maintains component supply co...'.,Implement AI Demand Forecasting for Wearables,"Apple channel and manufacturing operations executed the formal decision regarding Implement AI Demand Forecasting for Wearables. Operations leadership directed logistics and supply chain coordinators to coordinate directly with primary assembly partners Foxconn, Luxshare Precision, and Pegatron to adjust line throughput, buffer stock thresholds, and regional distribution allocations across North America, Europe, and Asia-Pacific.",Hybrid,maintain,"Improves inventory turns without full overhaul. This operational adjustment maintains component supply continuity, prevents retail channel stockouts, and preserves hardware segment gross margin targets against raw material price volatility.","[{""name"": ""Wearables"", ""value"": ""-5%"", ""unit"": ""percentage"", ""observed_on"": ""2025-05-01""}]",Operations,reported,"{operations,maintain}",Finance;R&D,"During executive review of Implement AI Demand Forecasting for Wearables, Finance monitoring ROI; Operations emphasized protecting factory throughput and carrier delivery SLAs with assembly partners Foxconn and Luxshare; Finance objected to higher working capital commitments and freight expediting surcharges; Executive leadership approved the operational measure subject to weekly yield and inventory velocity monitoring."
AAPL-2025Q2-0022,Apple Inc.,2025-05-01,quarterly_filings/2025_Q2.pdf,https://www.sec.gov/ix?doc=/Archives/edgar/data/0000320193/000032019325000058/aapl-20250329.htm,Item 2. Management's Discussion and Analysis - Operations & Supply Chain,Disclosure Context (2025Q2): Trigger: 'Tariff diversification'. Management Action: 'Expand Vietnam Component Warehousing'. Scope: 'Apple channel and manufacturing operations executed the formal decision regarding Expand Vietnam Component Warehousing. Opera...'. Rationale: 'Supports supply resilience without excess cost. This operational adjustment maintains component supply co...'.,Expand Vietnam Component Warehousing,"Apple channel and manufacturing operations executed the formal decision regarding Expand Vietnam Component Warehousing. Operations leadership directed logistics and supply chain coordinators to coordinate directly with primary assembly partners Foxconn, Luxshare Precision, and Pegatron to adjust line throughput, buffer stock thresholds, and regional distribution allocations across North America, Europe, and Asia-Pacific.",+8%,expand,"Supports supply resilience without excess cost. This operational adjustment maintains component supply continuity, prevents retail channel stockouts, and preserves hardware segment gross margin targets against raw material price volatility.","[{""name"": ""Tariff_Risk"", ""value"": ""High"", ""unit"": ""metric"", ""observed_on"": ""2025-05-01""}]",Operations,reported,"{operations,expand}",Finance,"During executive review of Expand Vietnam Component Warehousing, Finance monitored capex; Operations emphasized protecting factory throughput and carrier delivery SLAs with assembly partners Foxconn and Luxshare; Finance objected to higher working capital commitments and freight expediting surcharges; Executive leadership approved the operational measure subject to weekly yield and inventory velocity monitoring."
AAPL-2025Q2-0023,Apple Inc.,2025-05-01,quarterly_filings/2025_Q2.pdf,https://www.sec.gov/ix?doc=/Archives/edgar/data/0000320193/000032019325000058/aapl-20250329.htm,Item 2. Management's Discussion and Analysis - Operations & Supply Chain,"Disclosure Context (2025Q2): Trigger: 'Device returns steady'. Management Action: 'Optimize Returns Refurbishment Cycle'. Scope: 'Apple channel and manufacturing operations executed the formal decision regarding Optimize Returns Refurbishment Cycle. Opera...'. Rationale: 'Improves resale margin. This operational adjustment maintains component supply continuity, prevents retai...'.",Optimize Returns Refurbishment Cycle,"Apple channel and manufacturing operations executed the formal decision regarding Optimize Returns Refurbishment Cycle. Operations leadership directed logistics and supply chain coordinators to coordinate directly with primary assembly partners Foxconn, Luxshare Precision, and Pegatron to adjust line throughput, buffer stock thresholds, and regional distribution allocations across North America, Europe, and Asia-Pacific.",-6%,revise,"Improves resale margin. This operational adjustment maintains component supply continuity, prevents retail channel stockouts, and preserves hardware segment gross margin targets against raw material price volatility.","[{""name"": ""Refurb_Margin"", ""value"": ""+3%"", ""unit"": ""percentage"", ""observed_on"": ""2025-05-01""}]",Operations,reported,"{operations,revise}",Finance;R&D,"During executive review of Optimize Returns Refurbishment Cycle, Finance tracking margin impact; Operations emphasized protecting factory throughput and carrier delivery SLAs with assembly partners Foxconn and Luxshare; Finance objected to higher working capital commitments and freight expediting surcharges; Executive leadership approved the operational measure subject to weekly yield and inventory velocity monitoring."
AAPL-2025Q2-0024,Apple Inc.,2025-05-01,quarterly_filings/2025_Q2.pdf,https://www.sec.gov/ix?doc=/Archives/edgar/data/0000320193/000032019325000058/aapl-20250329.htm,Item 2. Management's Discussion and Analysis - Operations & Supply Chain,Disclosure Context (2025Q2): Trigger: 'Yield variance across plants'. Management Action: 'Enhance Chip Yield Analytics Dashboard'. Scope: 'Apple channel and manufacturing operations executed the formal decision regarding Enhance Chip Yield Analytics Dashboard. Ope...'. Rationale: 'Improves visibility without full overhaul. This operational adjustment maintains component supply continu...'.,Enhance Chip Yield Analytics Dashboard,"Apple channel and manufacturing operations executed the formal decision regarding Enhance Chip Yield Analytics Dashboard. Operations leadership directed logistics and supply chain coordinators to coordinate directly with primary assembly partners Foxconn, Luxshare Precision, and Pegatron to adjust line throughput, buffer stock thresholds, and regional distribution allocations across North America, Europe, and Asia-Pacific.",Dashboard,maintain,"Improves visibility without full overhaul. This operational adjustment maintains component supply continuity, prevents retail channel stockouts, and preserves hardware segment gross margin targets against raw material price volatility.","[{""name"": ""Yield"", ""value"": ""+1%"", ""unit"": ""percentage"", ""observed_on"": ""2025-05-01""}]",Operations,reported,"{operations,maintain}",Finance;R&D,"During executive review of Enhance Chip Yield Analytics Dashboard, Finance monitoring ROI; Operations emphasized protecting factory throughput and carrier delivery SLAs with assembly partners Foxconn and Luxshare; Finance objected to higher working capital commitments and freight expediting surcharges; Executive leadership approved the operational measure subject to weekly yield and inventory velocity monitoring."
AAPL-2025Q2-0025,Apple Inc.,2025-05-01,quarterly_filings/2025_Q2.pdf,https://www.sec.gov/ix?doc=/Archives/edgar/data/0000320193/000032019325000058/aapl-20250329.htm,Item 2. Management's Discussion and Analysis - Operations & Supply Chain,"Disclosure Context (2025Q2): Trigger: 'Freight cost +6%'. Management Action: 'Reduce Mac Packaging Volume'. Scope: 'Apple channel and manufacturing operations executed the formal decision regarding Reduce Mac Packaging Volume. Operations lea...'. Rationale: 'Lowers shipping cost and emissions. This operational adjustment maintains component supply continuity, pr...'.",Reduce Mac Packaging Volume,"Apple channel and manufacturing operations executed the formal decision regarding Reduce Mac Packaging Volume. Operations leadership directed logistics and supply chain coordinators to coordinate directly with primary assembly partners Foxconn, Luxshare Precision, and Pegatron to adjust line throughput, buffer stock thresholds, and regional distribution allocations across North America, Europe, and Asia-Pacific.",-5%,reduce,"Lowers shipping cost and emissions. This operational adjustment maintains component supply continuity, prevents retail channel stockouts, and preserves hardware segment gross margin targets against raw material price volatility.","[{""name"": ""Freight"", ""value"": ""+6%"", ""unit"": ""percentage"", ""observed_on"": ""2025-05-01""}]",Operations,reported,"{operations,reduce}",Finance;R&D,"During executive review of Reduce Mac Packaging Volume, Finance evaluated tooling cost; Operations emphasized protecting factory throughput and carrier delivery SLAs with assembly partners Foxconn and Luxshare; Finance objected to higher working capital commitments and freight expediting surcharges; Executive leadership approved the operational measure subject to weekly yield and inventory velocity monitoring."
AAPL-2025Q2-0026,Apple Inc.,2025-05-01,quarterly_filings/2025_Q2.pdf,https://www.sec.gov/ix?doc=/Archives/edgar/data/0000320193/000032019325000058/aapl-20250329.htm,Item 2. Management's Discussion and Analysis - Operations & Supply Chain,Disclosure Context (2025Q2): Trigger: 'Mac & iPad growth'. Management Action: 'Increase Automated QA Sampling Rate'. Scope: 'Apple channel and manufacturing operations executed the formal decision regarding Increase Automated QA Sampling Rate. Operat...'. Rationale: 'Prevents defect surge without throughput loss. This operational adjustment maintains component supply con...'.,Increase Automated QA Sampling Rate,"Apple channel and manufacturing operations executed the formal decision regarding Increase Automated QA Sampling Rate. Operations leadership directed logistics and supply chain coordinators to coordinate directly with primary assembly partners Foxconn, Luxshare Precision, and Pegatron to adjust line throughput, buffer stock thresholds, and regional distribution allocations across North America, Europe, and Asia-Pacific.",+2%,expand,"Prevents defect surge without throughput loss. This operational adjustment maintains component supply continuity, prevents retail channel stockouts, and preserves hardware segment gross margin targets against raw material price volatility.","[{""name"": ""Mac"", ""value"": ""+7%"", ""unit"": ""percentage"", ""observed_on"": ""2025-05-01""}, {""name"": ""iPad"", ""value"": ""+15%"", ""unit"": ""percentage"", ""observed_on"": ""2025-05-01""}]",Operations,reported,"{operations,expand}",Finance;R&D,"During executive review of Increase Automated QA Sampling Rate, Finance cautious on throughput impact; Operations emphasized protecting factory throughput and carrier delivery SLAs with assembly partners Foxconn and Luxshare; Finance objected to higher working capital commitments and freight expediting surcharges; Executive leadership approved the operational measure subject to weekly yield and inventory velocity monitoring."
AAPL-2025Q2-0027,Apple Inc.,2025-05-01,quarterly_filings/2025_Q2.pdf,https://www.sec.gov/ix?doc=/Archives/edgar/data/0000320193/000032019325000058/aapl-20250329.htm,Item 2. Management's Discussion and Analysis - Operations & Supply Chain,Disclosure Context (2025Q2): Trigger: 'Growing subscription base'. Management Action: 'Increase Services Disaster Recovery Testing Frequency'. Scope: 'Apple channel and manufacturing operations executed the formal decision regarding Increase Services Disaster Recovery Testing...'. Rationale: 'Improves reliability amid 12% Services growth. This operational adjustment maintains component supply con...'.,Increase Services Disaster Recovery Testing Frequency,"Apple channel and manufacturing operations executed the formal decision regarding Increase Services Disaster Recovery Testing Frequency. Operations leadership directed logistics and supply chain coordinators to coordinate directly with primary assembly partners Foxconn, Luxshare Precision, and Pegatron to adjust line throughput, buffer stock thresholds, and regional distribution allocations across North America, Europe, and Asia-Pacific.",Quarterly,expand,"Improves reliability amid 12% Services growth. This operational adjustment maintains component supply continuity, prevents retail channel stockouts, and preserves hardware segment gross margin targets against raw material price volatility.","[{""name"": ""Services"", ""value"": ""+12%"", ""unit"": ""percentage"", ""observed_on"": ""2025-05-01""}]",Operations,reported,"{operations,expand}",Finance;R&D,"During executive review of Increase Services Disaster Recovery Testing Frequency, Finance questioned cost impact; Operations emphasized protecting factory throughput and carrier delivery SLAs with assembly partners Foxconn and Luxshare; Finance objected to higher working capital commitments and freight expediting surcharges; Executive leadership approved the operational measure subject to weekly yield and inventory velocity monitoring."
AAPL-2025Q2-0028,Apple Inc.,2025-05-01,quarterly_filings/2025_Q2.pdf,https://www.sec.gov/ix?doc=/Archives/edgar/data/0000320193/000032019325000058/aapl-20250329.htm,Item 2. Management's Discussion and Analysis - Operations & Supply Chain,Disclosure Context (2025Q2): Trigger: 'Online device sales steady'. Management Action: 'Expand Automated Picking in NA Warehouses'. Scope: 'Apple channel and manufacturing operations executed the formal decision regarding Expand Automated Picking in NA Warehouses. ...'. Rationale: 'Improves efficiency without major capital outlay. This operational adjustment maintains component supply ...'.,Expand Automated Picking in NA Warehouses,"Apple channel and manufacturing operations executed the formal decision regarding Expand Automated Picking in NA Warehouses. Operations leadership directed logistics and supply chain coordinators to coordinate directly with primary assembly partners Foxconn, Luxshare Precision, and Pegatron to adjust line throughput, buffer stock thresholds, and regional distribution allocations across North America, Europe, and Asia-Pacific.",+10%,expand,"Improves efficiency without major capital outlay. This operational adjustment maintains component supply continuity, prevents retail channel stockouts, and preserves hardware segment gross margin targets against raw material price volatility.","[{""name"": ""Online_Sales"", ""value"": ""+6%"", ""unit"": ""percentage"", ""observed_on"": ""2025-05-01""}]",Operations,reported,"{operations,expand}",Finance;R&D,"During executive review of Expand Automated Picking in NA Warehouses, Finance monitored capex pacing; Operations emphasized protecting factory throughput and carrier delivery SLAs with assembly partners Foxconn and Luxshare; Finance objected to higher working capital commitments and freight expediting surcharges; Executive leadership approved the operational measure subject to weekly yield and inventory velocity monitoring."
AAPL-2025Q2-0029,Apple Inc.,2025-05-01,quarterly_filings/2025_Q2.pdf,https://www.sec.gov/ix?doc=/Archives/edgar/data/0000320193/000032019325000058/aapl-20250329.htm,Item 2. Management's Discussion and Analysis - Operations & Supply Chain,"Disclosure Context (2025Q2): Trigger: 'Mac +7% growth'. Management Action: 'Increase Spare Parts Stock for Mac Repairs'. Scope: 'Apple channel and manufacturing operations executed the formal decision regarding Increase Spare Parts Stock for Mac Repairs....'. Rationale: 'Improves service turnaround. This operational adjustment maintains component supply continuity, prevents ...'.",Increase Spare Parts Stock for Mac Repairs,"Apple channel and manufacturing operations executed the formal decision regarding Increase Spare Parts Stock for Mac Repairs. Operations leadership directed logistics and supply chain coordinators to coordinate directly with primary assembly partners Foxconn, Luxshare Precision, and Pegatron to adjust line throughput, buffer stock thresholds, and regional distribution allocations across North America, Europe, and Asia-Pacific.",+5%,expand,"Improves service turnaround. This operational adjustment maintains component supply continuity, prevents retail channel stockouts, and preserves hardware segment gross margin targets against raw material price volatility.","[{""name"": ""Mac"", ""value"": ""+7%"", ""unit"": ""percentage"", ""observed_on"": ""2025-05-01""}]",Operations,reported,"{operations,expand}",Finance,"During executive review of Increase Spare Parts Stock for Mac Repairs, Finance tracked working capital; Operations emphasized protecting factory throughput and carrier delivery SLAs with assembly partners Foxconn and Luxshare; Finance objected to higher working capital commitments and freight expediting surcharges; Executive leadership approved the operational measure subject to weekly yield and inventory velocity monitoring."
AAPL-2025Q2-0030,Apple Inc.,2025-05-01,quarterly_filings/2025_Q2.pdf,https://www.sec.gov/ix?doc=/Archives/edgar/data/0000320193/000032019325000058/aapl-20250329.htm,Item 2. Management's Discussion and Analysis - Operations & Supply Chain,"Disclosure Context (2025Q2): Trigger: 'Carbon reduction commitment'. Management Action: 'Reduce Assembly Energy Consumption'. Scope: 'Apple channel and manufacturing operations executed the formal decision regarding Reduce Assembly Energy Consumption. Operati...'. Rationale: 'Reduces cost and improves ESG metrics. This operational adjustment maintains component supply continuity,...'.",Reduce Assembly Energy Consumption,"Apple channel and manufacturing operations executed the formal decision regarding Reduce Assembly Energy Consumption. Operations leadership directed logistics and supply chain coordinators to coordinate directly with primary assembly partners Foxconn, Luxshare Precision, and Pegatron to adjust line throughput, buffer stock thresholds, and regional distribution allocations across North America, Europe, and Asia-Pacific.",-4%,reduce,"Reduces cost and improves ESG metrics. This operational adjustment maintains component supply continuity, prevents retail channel stockouts, and preserves hardware segment gross margin targets against raw material price volatility.","[{""name"": ""Energy"", ""value"": ""-4%"", ""unit"": ""percentage"", ""observed_on"": ""2025-05-01""}, {""name"": ""Opex"", ""value"": ""-1%"", ""unit"": ""percentage"", ""observed_on"": ""2025-05-01""}]",Operations,reported,"{operations,reduce}",Finance;R&D,"During executive review of Reduce Assembly Energy Consumption, Finance reviewed capex ROI; Operations emphasized protecting factory throughput and carrier delivery SLAs with assembly partners Foxconn and Luxshare; Finance objected to higher working capital commitments and freight expediting surcharges; Executive leadership approved the operational measure subject to weekly yield and inventory velocity monitoring."
AAPL-2025Q2-0031,Apple Inc.,2025-05-01,quarterly_filings/2025_Q2.pdf,https://www.sec.gov/ix?doc=/Archives/edgar/data/0000320193/000032019325000058/aapl-20250329.htm,Item 2. Management's Discussion and Analysis - Operations & Supply Chain,"Disclosure Context (2025Q2): Trigger: 'Refurb segment growing'. Management Action: 'Improve Refurbished Device Margin Mix'. Scope: 'Apple channel and manufacturing operations executed the formal decision regarding Improve Refurbished Device Margin Mix. Oper...'. Rationale: 'Improves average resale margin. This operational adjustment maintains component supply continuity, preven...'.",Improve Refurbished Device Margin Mix,"Apple channel and manufacturing operations executed the formal decision regarding Improve Refurbished Device Margin Mix. Operations leadership directed logistics and supply chain coordinators to coordinate directly with primary assembly partners Foxconn, Luxshare Precision, and Pegatron to adjust line throughput, buffer stock thresholds, and regional distribution allocations across North America, Europe, and Asia-Pacific.",Shift mix,maintain,"Improves average resale margin. This operational adjustment maintains component supply continuity, prevents retail channel stockouts, and preserves hardware segment gross margin targets against raw material price volatility.","[{""name"": ""Refurb_Margin"", ""value"": ""+3%"", ""unit"": ""percentage"", ""observed_on"": ""2025-05-01""}]",Operations,reported,"{operations,maintain}",Finance,"During executive review of Improve Refurbished Device Margin Mix, Finance aligned on margin gain; Operations emphasized protecting factory throughput and carrier delivery SLAs with assembly partners Foxconn and Luxshare; Finance objected to higher working capital commitments and freight expediting surcharges; Executive leadership approved the operational measure subject to weekly yield and inventory velocity monitoring."
AAPL-2025Q2-0032,Apple Inc.,2025-05-01,quarterly_filings/2025_Q2.pdf,https://www.sec.gov/ix?doc=/Archives/edgar/data/0000320193/000032019325000058/aapl-20250329.htm,Item 2. Management's Discussion and Analysis - Operations & Supply Chain,Disclosure Context (2025Q2): Trigger: 'Services usage growth increasing peak load'. Management Action: 'Optimize Services Data Routing Latency'. Scope: 'Apple channel and manufacturing operations executed the formal decision regarding Optimize Services Data Routing Latency. Ope...'. Rationale: 'Software-level optimization improves UX without capex spike. This operational adjustment maintains compon...'.,Optimize Services Data Routing Latency,"Apple channel and manufacturing operations executed the formal decision regarding Optimize Services Data Routing Latency. Operations leadership directed logistics and supply chain coordinators to coordinate directly with primary assembly partners Foxconn, Luxshare Precision, and Pegatron to adjust line throughput, buffer stock thresholds, and regional distribution allocations across North America, Europe, and Asia-Pacific.",Optimize software,revise,"Software-level optimization improves UX without capex spike. This operational adjustment maintains component supply continuity, prevents retail channel stockouts, and preserves hardware segment gross margin targets against raw material price volatility.","[{""name"": ""Services"", ""value"": ""+12%"", ""unit"": ""percentage"", ""observed_on"": ""2025-05-01""}, {""name"": ""Latency"", ""value"": ""+35ms"", ""unit"": ""metric"", ""observed_on"": ""2025-05-01""}]",Operations,reported,"{operations,revise}",Finance;R&D,"During executive review of Optimize Services Data Routing Latency, Finance preferred delaying optimization; Operations emphasized protecting factory throughput and carrier delivery SLAs with assembly partners Foxconn and Luxshare; Finance objected to higher working capital commitments and freight expediting surcharges; Executive leadership approved the operational measure subject to weekly yield and inventory velocity monitoring."
AAPL-2025Q2-0033,Apple Inc.,2025-05-01,quarterly_filings/2025_Q2.pdf,https://www.sec.gov/ix?doc=/Archives/edgar/data/0000320193/000032019325000058/aapl-20250329.htm,Item 2. Management's Discussion and Analysis - Operations & Supply Chain,Disclosure Context (2025Q2): Trigger: 'Mac growth +7%'. Management Action: 'Increase Mac Production Buffer Inventory'. Scope: 'Apple channel and manufacturing operations executed the formal decision regarding Increase Mac Production Buffer Inventory. O...'. Rationale: 'Supports growth without overstock risk. This operational adjustment maintains component supply continuity...'.,Increase Mac Production Buffer Inventory,"Apple channel and manufacturing operations executed the formal decision regarding Increase Mac Production Buffer Inventory. Operations leadership directed logistics and supply chain coordinators to coordinate directly with primary assembly partners Foxconn, Luxshare Precision, and Pegatron to adjust line throughput, buffer stock thresholds, and regional distribution allocations across North America, Europe, and Asia-Pacific.",+5% buffer,expand,"Supports growth without overstock risk. This operational adjustment maintains component supply continuity, prevents retail channel stockouts, and preserves hardware segment gross margin targets against raw material price volatility.","[{""name"": ""Mac"", ""value"": ""+7%"", ""unit"": ""percentage"", ""observed_on"": ""2025-05-01""}, {""name"": ""GM"", ""value"": ""47.1%"", ""unit"": ""percentage"", ""observed_on"": ""2025-05-01""}]",Operations,reported,"{operations,expand}",Finance,"During executive review of Increase Mac Production Buffer Inventory, Finance warned of working capital impact; Operations emphasized protecting factory throughput and carrier delivery SLAs with assembly partners Foxconn and Luxshare; Finance objected to higher working capital commitments and freight expediting surcharges; Executive leadership approved the operational measure subject to weekly yield and inventory velocity monitoring."
AAPL-2025Q2-0034,Apple Inc.,2025-05-01,quarterly_filings/2025_Q2.pdf,https://www.sec.gov/ix?doc=/Archives/edgar/data/0000320193/000032019325000058/aapl-20250329.htm,Item 2. Management's Discussion and Analysis - Operations & Supply Chain,Disclosure Context (2025Q2): Trigger: 'Freight inflation affecting margins'. Management Action: 'Reduce Logistics Cost Per Unit in EU'. Scope: 'Apple channel and manufacturing operations executed the formal decision regarding Reduce Logistics Cost Per Unit in EU. Opera...'. Rationale: 'Improves per-unit cost without disruption. This operational adjustment maintains component supply continu...'.,Reduce Logistics Cost Per Unit in EU,"Apple channel and manufacturing operations executed the formal decision regarding Reduce Logistics Cost Per Unit in EU. Operations leadership directed logistics and supply chain coordinators to coordinate directly with primary assembly partners Foxconn, Luxshare Precision, and Pegatron to adjust line throughput, buffer stock thresholds, and regional distribution allocations across North America, Europe, and Asia-Pacific.",Renegotiate,reduce,"Improves per-unit cost without disruption. This operational adjustment maintains component supply continuity, prevents retail channel stockouts, and preserves hardware segment gross margin targets against raw material price volatility.","[{""name"": ""Freight_Cost"", ""value"": ""+6%"", ""unit"": ""percentage"", ""observed_on"": ""2025-05-01""}, {""name"": ""GM"", ""value"": ""47.1%"", ""unit"": ""percentage"", ""observed_on"": ""2025-05-01""}]",Operations,reported,"{operations,reduce}",Finance;Legal,"During executive review of Reduce Logistics Cost Per Unit in EU, Legal reviewed contract clauses; Operations emphasized protecting factory throughput and carrier delivery SLAs with assembly partners Foxconn and Luxshare; Finance objected to higher working capital commitments and freight expediting surcharges; Executive leadership approved the operational measure subject to weekly yield and inventory velocity monitoring."
AAPL-2025Q2-0035,Apple Inc.,2025-05-01,quarterly_filings/2025_Q2.pdf,https://www.sec.gov/ix?doc=/Archives/edgar/data/0000320193/000032019325000058/aapl-20250329.htm,Item 2. Management's Discussion and Analysis - Operations & Supply Chain,"Disclosure Context (2025Q2): Trigger: 'iPad demand +15%'. Management Action: 'Enhance iPad Component Dual-Sourcing'. Scope: 'Apple channel and manufacturing operations executed the formal decision regarding Enhance iPad Component Dual-Sourcing. Opera...'. Rationale: 'Reduces dependency amid growth. This operational adjustment maintains component supply continuity, preven...'.",Enhance iPad Component Dual-Sourcing,"Apple channel and manufacturing operations executed the formal decision regarding Enhance iPad Component Dual-Sourcing. Operations leadership directed logistics and supply chain coordinators to coordinate directly with primary assembly partners Foxconn, Luxshare Precision, and Pegatron to adjust line throughput, buffer stock thresholds, and regional distribution allocations across North America, Europe, and Asia-Pacific.",Dual source,maintain,"Reduces dependency amid growth. This operational adjustment maintains component supply continuity, prevents retail channel stockouts, and preserves hardware segment gross margin targets against raw material price volatility.","[{""name"": ""iPad"", ""value"": ""+15%"", ""unit"": ""percentage"", ""observed_on"": ""2025-05-01""}]",Operations,reported,"{operations,maintain}",Finance;R&D,"During executive review of Enhance iPad Component Dual-Sourcing, Finance concerned about slight cost increase; Operations emphasized protecting factory throughput and carrier delivery SLAs with assembly partners Foxconn and Luxshare; Finance objected to higher working capital commitments and freight expediting surcharges; Executive leadership approved the operational measure subject to weekly yield and inventory velocity monitoring."
AAPL-2025Q2-0036,Apple Inc.,2025-05-01,quarterly_filings/2025_Q2.pdf,https://www.sec.gov/ix?doc=/Archives/edgar/data/0000320193/000032019325000058/aapl-20250329.htm,Item 2. Management's Discussion and Analysis - Operations & Supply Chain,Disclosure Context (2025Q2): Trigger: 'EU device growth steady'. Management Action: 'Automate Warehouse Allocation for EU Region'. Scope: 'Apple channel and manufacturing operations executed the formal decision regarding Automate Warehouse Allocation for EU Region...'. Rationale: 'Improves speed without full disruption. This operational adjustment maintains component supply continuity...'.,Automate Warehouse Allocation for EU Region,"Apple channel and manufacturing operations executed the formal decision regarding Automate Warehouse Allocation for EU Region. Operations leadership directed logistics and supply chain coordinators to coordinate directly with primary assembly partners Foxconn, Luxshare Precision, and Pegatron to adjust line throughput, buffer stock thresholds, and regional distribution allocations across North America, Europe, and Asia-Pacific.",Semi-auto,maintain,"Improves speed without full disruption. This operational adjustment maintains component supply continuity, prevents retail channel stockouts, and preserves hardware segment gross margin targets against raw material price volatility.","[{""name"": ""EU_Growth"", ""value"": ""+6%"", ""unit"": ""percentage"", ""observed_on"": ""2025-05-01""}]",Operations,reported,"{operations,maintain}",Finance;R&D,"During executive review of Automate Warehouse Allocation for EU Region, Finance cautious on rollout speed; Operations emphasized protecting factory throughput and carrier delivery SLAs with assembly partners Foxconn and Luxshare; Finance objected to higher working capital commitments and freight expediting surcharges; Executive leadership approved the operational measure subject to weekly yield and inventory velocity monitoring."
AAPL-2025Q2-0037,Apple Inc.,2025-05-01,quarterly_filings/2025_Q2.pdf,https://www.sec.gov/ix?doc=/Archives/edgar/data/0000320193/000032019325000058/aapl-20250329.htm,Item 2. Management's Discussion and Analysis - Operations & Supply Chain,"Disclosure Context (2025Q2): Trigger: 'iPad +15% growth'. Management Action: 'Scale iPad Final Assembly Line B'. Scope: 'Apple channel and manufacturing operations executed the formal decision regarding Scale iPad Final Assembly Line B. Operation...'. Rationale: 'Meets demand without heavy capex. This operational adjustment maintains component supply continuity, prev...'.",Scale iPad Final Assembly Line B,"Apple channel and manufacturing operations executed the formal decision regarding Scale iPad Final Assembly Line B. Operations leadership directed logistics and supply chain coordinators to coordinate directly with primary assembly partners Foxconn, Luxshare Precision, and Pegatron to adjust line throughput, buffer stock thresholds, and regional distribution allocations across North America, Europe, and Asia-Pacific.",Add shift,expand,"Meets demand without heavy capex. This operational adjustment maintains component supply continuity, prevents retail channel stockouts, and preserves hardware segment gross margin targets against raw material price volatility.","[{""name"": ""iPad"", ""value"": ""+15%"", ""unit"": ""percentage"", ""observed_on"": ""2025-05-01""}, {""name"": ""Overtime"", ""value"": ""+8%"", ""unit"": ""percentage"", ""observed_on"": ""2025-05-01""}]",Operations,reported,"{operations,expand}",Finance;R&D,"During executive review of Scale iPad Final Assembly Line B, Finance cautious on overtime margin impact; Operations emphasized protecting factory throughput and carrier delivery SLAs with assembly partners Foxconn and Luxshare; Finance objected to higher working capital commitments and freight expediting surcharges; Executive leadership approved the operational measure subject to weekly yield and inventory velocity monitoring."
AAPL-2025Q2-0038,Apple Inc.,2025-05-01,quarterly_filings/2025_Q2.pdf,https://www.sec.gov/ix?doc=/Archives/edgar/data/0000320193/000032019325000058/aapl-20250329.htm,Item 2. Management's Discussion and Analysis - Operations & Supply Chain,"Disclosure Context (2025Q2): Trigger: 'Yield variance observed'. Management Action: 'Reduce MacBook Component Scrap Rate'. Scope: 'Apple channel and manufacturing operations executed the formal decision regarding Reduce MacBook Component Scrap Rate. Operat...'. Rationale: 'Improves COGS efficiency. This operational adjustment maintains component supply continuity, prevents ret...'.",Reduce MacBook Component Scrap Rate,"Apple channel and manufacturing operations executed the formal decision regarding Reduce MacBook Component Scrap Rate. Operations leadership directed logistics and supply chain coordinators to coordinate directly with primary assembly partners Foxconn, Luxshare Precision, and Pegatron to adjust line throughput, buffer stock thresholds, and regional distribution allocations across North America, Europe, and Asia-Pacific.",-2%,reduce,"Improves COGS efficiency. This operational adjustment maintains component supply continuity, prevents retail channel stockouts, and preserves hardware segment gross margin targets against raw material price volatility.","[{""name"": ""Scrap"", ""value"": ""-2%"", ""unit"": ""percentage"", ""observed_on"": ""2025-05-01""}, {""name"": ""Mac"", ""value"": ""+7%"", ""unit"": ""percentage"", ""observed_on"": ""2025-05-01""}]",Operations,reported,"{operations,reduce}",Finance;R&D,"During executive review of Reduce MacBook Component Scrap Rate, Finance validated ROI; Operations emphasized protecting factory throughput and carrier delivery SLAs with assembly partners Foxconn and Luxshare; Finance objected to higher working capital commitments and freight expediting surcharges; Executive leadership approved the operational measure subject to weekly yield and inventory velocity monitoring."
AAPL-2025Q2-0039,Apple Inc.,2025-05-01,quarterly_filings/2025_Q2.pdf,https://www.sec.gov/ix?doc=/Archives/edgar/data/0000320193/000032019325000058/aapl-20250329.htm,Item 2. Management's Discussion and Analysis - Operations & Supply Chain,"Disclosure Context (2025Q2): Trigger: 'Mac +7% and rising backlog'. Management Action: 'Increase MacBook QA Sampling for Peak Demand'. Scope: 'Apple channel and manufacturing operations executed the formal decision regarding Increase MacBook QA Sampling for Peak Deman...'. Rationale: 'Prevents defect surge. This operational adjustment maintains component supply continuity, prevents retail...'.",Increase MacBook QA Sampling for Peak Demand,"Apple channel and manufacturing operations executed the formal decision regarding Increase MacBook QA Sampling for Peak Demand. Operations leadership directed logistics and supply chain coordinators to coordinate directly with primary assembly partners Foxconn, Luxshare Precision, and Pegatron to adjust line throughput, buffer stock thresholds, and regional distribution allocations across North America, Europe, and Asia-Pacific.",+3%,expand,"Prevents defect surge. This operational adjustment maintains component supply continuity, prevents retail channel stockouts, and preserves hardware segment gross margin targets against raw material price volatility.","[{""name"": ""QA_Sampling"", ""value"": ""+3%"", ""unit"": ""percentage"", ""observed_on"": ""2025-05-01""}]",Operations,reported,"{operations,expand}",Finance;R&D,"During executive review of Increase MacBook QA Sampling for Peak Demand, Finance cautious on throughput; Operations emphasized protecting factory throughput and carrier delivery SLAs with assembly partners Foxconn and Luxshare; Finance objected to higher working capital commitments and freight expediting surcharges; Executive leadership approved the operational measure subject to weekly yield and inventory velocity monitoring."
AAPL-2025Q2-0040,Apple Inc.,2025-05-01,quarterly_filings/2025_Q2.pdf,https://www.sec.gov/ix?doc=/Archives/edgar/data/0000320193/000032019325000058/aapl-20250329.htm,Item 2. Management's Discussion and Analysis - Operations & Supply Chain,"Disclosure Context (2025Q2): Trigger: 'Yield variance across sites'. Management Action: 'Reduce Assembly Line Downtime via Predictive Alerts'. Scope: 'Apple channel and manufacturing operations executed the formal decision regarding Reduce Assembly Line Downtime via Predictiv...'. Rationale: 'Improves throughput without overhaul. This operational adjustment maintains component supply continuity, ...'.",Reduce Assembly Line Downtime via Predictive Alerts,"Apple channel and manufacturing operations executed the formal decision regarding Reduce Assembly Line Downtime via Predictive Alerts. Operations leadership directed logistics and supply chain coordinators to coordinate directly with primary assembly partners Foxconn, Luxshare Precision, and Pegatron to adjust line throughput, buffer stock thresholds, and regional distribution allocations across North America, Europe, and Asia-Pacific.",Alert,reduce,"Improves throughput without overhaul. This operational adjustment maintains component supply continuity, prevents retail channel stockouts, and preserves hardware segment gross margin targets against raw material price volatility.","[{""name"": ""Downtime"", ""value"": ""-4%"", ""unit"": ""percentage"", ""observed_on"": ""2025-05-01""}]",Operations,reported,"{operations,reduce}",Finance;R&D,"During executive review of Reduce Assembly Line Downtime via Predictive Alerts, Finance tracking ROI; Operations emphasized protecting factory throughput and carrier delivery SLAs with assembly partners Foxconn and Luxshare; Finance objected to higher working capital commitments and freight expediting surcharges; Executive leadership approved the operational measure subject to weekly yield and inventory velocity monitoring."
AAPL-2025Q2-0041,Apple Inc.,2025-05-01,quarterly_filings/2025_Q2.pdf,https://www.sec.gov/ix?doc=/Archives/edgar/data/0000320193/000032019325000058/aapl-20250329.htm,Item 2. Management's Discussion and Analysis - Operations & Supply Chain,"Disclosure Context (2025Q2): Trigger: 'Refurb segment growing'. Management Action: 'Increase Refurbished Device Grading Accuracy'. Scope: 'Apple channel and manufacturing operations executed the formal decision regarding Increase Refurbished Device Grading Accurac...'. Rationale: 'Improves resale margin consistency. This operational adjustment maintains component supply continuity, pr...'.",Increase Refurbished Device Grading Accuracy,"Apple channel and manufacturing operations executed the formal decision regarding Increase Refurbished Device Grading Accuracy. Operations leadership directed logistics and supply chain coordinators to coordinate directly with primary assembly partners Foxconn, Luxshare Precision, and Pegatron to adjust line throughput, buffer stock thresholds, and regional distribution allocations across North America, Europe, and Asia-Pacific.",Patch,expand,"Improves resale margin consistency. This operational adjustment maintains component supply continuity, prevents retail channel stockouts, and preserves hardware segment gross margin targets against raw material price volatility.","[{""name"": ""Refurb_Margin"", ""value"": ""+2%"", ""unit"": ""percentage"", ""observed_on"": ""2025-05-01""}]",Operations,reported,"{operations,expand}",Finance;R&D,"During executive review of Increase Refurbished Device Grading Accuracy, Finance aligned on gains; Operations emphasized protecting factory throughput and carrier delivery SLAs with assembly partners Foxconn and Luxshare; Finance objected to higher working capital commitments and freight expediting surcharges; Executive leadership approved the operational measure subject to weekly yield and inventory velocity monitoring."
AAPL-2025Q2-0042,Apple Inc.,2025-05-01,quarterly_filings/2025_Q2.pdf,https://www.sec.gov/ix?doc=/Archives/edgar/data/0000320193/000032019325000058/aapl-20250329.htm,Item 2. Management's Discussion and Analysis - Operations & Supply Chain,"Disclosure Context (2025Q2): Trigger: 'Stable iPhone demand'. Management Action: 'Reduce iPhone Assembly Cycle Time by 3%'. Scope: 'Apple channel and manufacturing operations executed the formal decision regarding Reduce iPhone Assembly Cycle Time by 3%. Op...'. Rationale: 'Improves production efficiency. This operational adjustment maintains component supply continuity, preven...'.",Reduce iPhone Assembly Cycle Time by 3%,"Apple channel and manufacturing operations executed the formal decision regarding Reduce iPhone Assembly Cycle Time by 3%. Operations leadership directed logistics and supply chain coordinators to coordinate directly with primary assembly partners Foxconn, Luxshare Precision, and Pegatron to adjust line throughput, buffer stock thresholds, and regional distribution allocations across North America, Europe, and Asia-Pacific.",-3%,reduce,"Improves production efficiency. This operational adjustment maintains component supply continuity, prevents retail channel stockouts, and preserves hardware segment gross margin targets against raw material price volatility.","[{""name"": ""Cycle_Time"", ""value"": ""-3%"", ""unit"": ""percentage"", ""observed_on"": ""2025-05-01""}]",Operations,reported,"{operations,reduce}",Finance;R&D,"During executive review of Reduce iPhone Assembly Cycle Time by 3%, Finance cautious on defect risk; Operations emphasized protecting factory throughput and carrier delivery SLAs with assembly partners Foxconn and Luxshare; Finance objected to higher working capital commitments and freight expediting surcharges; Executive leadership approved the operational measure subject to weekly yield and inventory velocity monitoring."
AAPL-2025Q2-0043,Apple Inc.,2025-05-01,quarterly_filings/2025_Q2.pdf,https://www.sec.gov/ix?doc=/Archives/edgar/data/0000320193/000032019325000058/aapl-20250329.htm,Item 2. Management's Discussion and Analysis - Operations & Supply Chain,Disclosure Context (2025Q2): Trigger: 'Regional channel inventory velocity diverged by 12% across secondary distribution nodes'. Management Action: 'Optimize Secondary Air Freight Logistics Hub 1 for Regional Distribution in 2025Q2'. Scope: 'Apple global logistics reallocated charter air freight capacity to establish secondary staging hubs in Southeast Asia and Eur...'. Rationale: 'Prevents localized retail stockouts during peak replacement cycles while controlling expedited freight su...'.,Optimize Secondary Air Freight Logistics Hub 1 for Regional Distribution in 2025Q2,"Apple global logistics reallocated charter air freight capacity to establish secondary staging hubs in Southeast Asia and Europe, ensuring 48-hour delivery transit times to regional tier-1 carrier retail partners.",Incremental expansion,revise,Prevents localized retail stockouts during peak replacement cycles while controlling expedited freight surcharge exposure.,"[{""name"": ""Transit_Time"", ""value"": ""48_hours"", ""unit"": ""metric"", ""observed_on"": ""2025-05-01""}, {""name"": ""Freight_Capacity"", ""value"": ""+15%"", ""unit"": ""percentage"", ""observed_on"": ""2025-05-01""}, {""name"": ""Surcharge_Limit"", ""value"": ""$4.5M"", ""unit"": ""USD"", ""observed_on"": ""2025-05-01""}]",Operations,reported,"{operations,revise}",Finance;R&D,"During executive review of Optimize Secondary Air Freight Logistics Hub 1 for Regional Distribution in 2025Q2, Operations emphasized meeting strict carrier SLA replenishment deadlines; Finance objected to higher spot air-cargo charter rates compared to ocean freight; Executive management approved the expedited air routes subject to bi-weekly freight cost audits; Operations emphasized protecting factory throughput and carrier delivery SLAs with assembly partners Foxconn and Luxshare; Finance objected to higher working capital commitments and freight expediting surcharges; Executive leadership approved the operational measure subject to weekly yield and inventory velocity monitoring."
AAPL-2025Q2-0044,Apple Inc.,2025-05-01,quarterly_filings/2025_Q2.pdf,https://www.sec.gov/ix?doc=/Archives/edgar/data/0000320193/000032019325000058/aapl-20250329.htm,Item 2. Management's Discussion and Analysis - Operations & Supply Chain,Disclosure Context (2025Q2): Trigger: 'Regional channel inventory velocity diverged by 15% across secondary distribution nodes'. Management Action: 'Optimize Secondary Air Freight Logistics Hub 2 for Regional Distribution in 2025Q2'. Scope: 'Apple global logistics reallocated charter air freight capacity to establish secondary staging hubs in Southeast Asia and Eur...'. Rationale: 'Prevents localized retail stockouts during peak replacement cycles while controlling expedited freight su...'.,Optimize Secondary Air Freight Logistics Hub 2 for Regional Distribution in 2025Q2,"Apple global logistics reallocated charter air freight capacity to establish secondary staging hubs in Southeast Asia and Europe, ensuring 48-hour delivery transit times to regional tier-1 carrier retail partners.",Shift 10%,revise,Prevents localized retail stockouts during peak replacement cycles while controlling expedited freight surcharge exposure.,"[{""name"": ""Transit_Time"", ""value"": ""48_hours"", ""unit"": ""metric"", ""observed_on"": ""2025-05-01""}, {""name"": ""Freight_Capacity"", ""value"": ""+20%"", ""unit"": ""percentage"", ""observed_on"": ""2025-05-01""}, {""name"": ""Surcharge_Limit"", ""value"": ""$5.0M"", ""unit"": ""USD"", ""observed_on"": ""2025-05-01""}]",Operations,reported,"{operations,revise}",Finance;R&D,"During executive review of Optimize Secondary Air Freight Logistics Hub 2 for Regional Distribution in 2025Q2, Operations emphasized meeting strict carrier SLA replenishment deadlines; Finance objected to higher spot air-cargo charter rates compared to ocean freight; Executive management approved the expedited air routes subject to bi-weekly freight cost audits; Operations emphasized protecting factory throughput and carrier delivery SLAs with assembly partners Foxconn and Luxshare; Finance objected to higher working capital commitments and freight expediting surcharges; Executive leadership approved the operational measure subject to weekly yield and inventory velocity monitoring."
AAPL-2025Q2-0045,Apple Inc.,2025-05-01,quarterly_filings/2025_Q2.pdf,https://www.sec.gov/ix?doc=/Archives/edgar/data/0000320193/000032019325000058/aapl-20250329.htm,Item 2. Management's Discussion and Analysis - Operations & Supply Chain,Disclosure Context (2025Q2): Trigger: 'Regional channel inventory velocity diverged by 18% across secondary distribution nodes'. Management Action: 'Optimize Secondary Air Freight Logistics Hub 3 for Regional Distribution in 2025Q2'. Scope: 'Apple global logistics reallocated charter air freight capacity to establish secondary staging hubs in Southeast Asia and Eur...'. Rationale: 'Prevents localized retail stockouts during peak replacement cycles while controlling expedited freight su...'.,Optimize Secondary Air Freight Logistics Hub 3 for Regional Distribution in 2025Q2,"Apple global logistics reallocated charter air freight capacity to establish secondary staging hubs in Southeast Asia and Europe, ensuring 48-hour delivery transit times to regional tier-1 carrier retail partners.",Renegotiate contracts,revise,Prevents localized retail stockouts during peak replacement cycles while controlling expedited freight surcharge exposure.,"[{""name"": ""Transit_Time"", ""value"": ""48_hours"", ""unit"": ""metric"", ""observed_on"": ""2025-05-01""}, {""name"": ""Freight_Capacity"", ""value"": ""+25%"", ""unit"": ""percentage"", ""observed_on"": ""2025-05-01""}, {""name"": ""Surcharge_Limit"", ""value"": ""$5.5M"", ""unit"": ""USD"", ""observed_on"": ""2025-05-01""}]",Operations,reported,"{operations,revise}",Finance;R&D,"During executive review of Optimize Secondary Air Freight Logistics Hub 3 for Regional Distribution in 2025Q2, Operations emphasized meeting strict carrier SLA replenishment deadlines; Finance objected to higher spot air-cargo charter rates compared to ocean freight; Executive management approved the expedited air routes subject to bi-weekly freight cost audits; Operations emphasized protecting factory throughput and carrier delivery SLAs with assembly partners Foxconn and Luxshare; Finance objected to higher working capital commitments and freight expediting surcharges; Executive leadership approved the operational measure subject to weekly yield and inventory velocity monitoring."
AAPL-2025Q2-0046,Apple Inc.,2025-05-01,quarterly_filings/2025_Q2.pdf,https://www.sec.gov/ix?doc=/Archives/edgar/data/0000320193/000032019325000058/aapl-20250329.htm,Item 2. Management's Discussion and Analysis - Liquidity and Capital Resources,Disclosure Context (2025Q2): Trigger: 'Greater China revenue declined 2% YoY'. Management Action: 'China iPhone Trade-In Incentive Review'. Scope: 'Apple corporate treasury and financial planning leadership approved strategic capital parameters regarding China iPhone Trade...'. Rationale: 'Preserves premium pricing while stimulating unit volume. This balanced financial management approach opti...'.,China iPhone Trade-In Incentive Review,"Apple corporate treasury and financial planning leadership approved strategic capital parameters regarding China iPhone Trade-In Incentive Review. The finance committee established strict cash deployment guidelines to preserve liquidity buffers, optimize portfolio risk-adjusted yields, and execute Board-authorized share repurchases under Rule 10b5-1 programs.",Trade-in boost,investigate,Preserves premium pricing while stimulating unit volume. This balanced financial management approach optimizes risk-adjusted returns on invested capital while preserving financial flexibility for multi-year strategic technology investments.,"[{""name"": ""China_Revenue"", ""value"": ""-2%"", ""unit"": ""percentage"", ""observed_on"": ""2025-05-01""}, {""name"": ""iPhone_Growth"", ""value"": ""+2%"", ""unit"": ""percentage"", ""observed_on"": ""2025-05-01""}]",Finance,reported,"{finance,investigate}",Operations;Legal,"Regarding China iPhone Trade-In Incentive Review, Legal cautioned about regulatory optics of pricing incentives; Finance insisted on preserving balance sheet liquidity reserves and maintaining target return on invested capital; Operations warned that strict capital rationing could constrain opportunistic component sourcing in Asia; Executive management authorized the financial allocation under disciplined risk parameters."
AAPL-2025Q2-0047,Apple Inc.,2025-05-01,quarterly_filings/2025_Q2.pdf,https://www.sec.gov/ix?doc=/Archives/edgar/data/0000320193/000032019325000058/aapl-20250329.htm,Item 2. Management's Discussion and Analysis - Liquidity and Capital Resources,Disclosure Context (2025Q2): Trigger: 'Board authorized additional $100B share repurchase'. Management Action: 'Optimize Buyback Execution Under $100B Authorization'. Scope: 'Apple corporate treasury and financial planning leadership approved strategic capital parameters regarding Optimize Buyback E...'. Rationale: 'Supports EPS while preserving flexibility amid macro risk. This balanced financial management approach op...'.,Optimize Buyback Execution Under $100B Authorization,"Apple corporate treasury and financial planning leadership approved strategic capital parameters regarding Optimize Buyback Execution Under $100B Authorization. The finance committee established strict cash deployment guidelines to preserve liquidity buffers, optimize portfolio risk-adjusted yields, and execute Board-authorized share repurchases under Rule 10b5-1 programs.",Balanced pacing,reduce,Supports EPS while preserving flexibility amid macro risk. This balanced financial management approach optimizes risk-adjusted returns on invested capital while preserving financial flexibility for multi-year strategic technology investments.,"[{""name"": ""Cash"", ""value"": ""$28.1B"", ""unit"": ""USD"", ""observed_on"": ""2025-05-01""}, {""name"": ""Buyback_6M"", ""value"": ""$48.3B"", ""unit"": ""USD"", ""observed_on"": ""2025-05-01""}]",Finance,reported,"{finance,reduce}",Legal;Operations,"Regarding Optimize Buyback Execution Under $100B Authorization, Operations advocated retaining capital for infra investments; Finance insisted on preserving balance sheet liquidity reserves and maintaining target return on invested capital; Operations warned that strict capital rationing could constrain opportunistic component sourcing in Asia; Executive management authorized the financial allocation under disciplined risk parameters."
AAPL-2025Q2-0048,Apple Inc.,2025-05-01,quarterly_filings/2025_Q2.pdf,https://www.sec.gov/ix?doc=/Archives/edgar/data/0000320193/000032019325000058/aapl-20250329.htm,Item 2. Management's Discussion and Analysis - Liquidity and Capital Resources,Disclosure Context (2025Q2): Trigger: 'Strong operating cash flow and EPS growth'. Management Action: 'Approve 4% Dividend Increase to $0.26'. Scope: 'Apple corporate treasury and financial planning leadership approved strategic capital parameters regarding Approve 4% Dividen...'. Rationale: 'Aligns payout growth with 8% EPS growth while preserving liquidity. This balanced financial management ap...'.,Approve 4% Dividend Increase to $0.26,"Apple corporate treasury and financial planning leadership approved strategic capital parameters regarding Approve 4% Dividend Increase to $0.26. The finance committee established strict cash deployment guidelines to preserve liquidity buffers, optimize portfolio risk-adjusted yields, and execute Board-authorized share repurchases under Rule 10b5-1 programs.",Increase 4%,expand,Aligns payout growth with 8% EPS growth while preserving liquidity. This balanced financial management approach optimizes risk-adjusted returns on invested capital while preserving financial flexibility for multi-year strategic technology investments.,"[{""name"": ""EPS_Growth"", ""value"": ""+8%"", ""unit"": ""percentage"", ""observed_on"": ""2025-05-01""}, {""name"": ""OCF_6M"", ""value"": ""$53.9B"", ""unit"": ""USD"", ""observed_on"": ""2025-05-01""}]",Finance,reported,"{finance,expand}",Legal,"Regarding Approve 4% Dividend Increase to $0.26, Minimal opposition; strong finance confidence; Finance insisted on preserving balance sheet liquidity reserves and maintaining target return on invested capital; Operations warned that strict capital rationing could constrain opportunistic component sourcing in Asia; Executive management authorized the financial allocation under disciplined risk parameters."
AAPL-2025Q2-0049,Apple Inc.,2025-05-01,quarterly_filings/2025_Q2.pdf,https://www.sec.gov/ix?doc=/Archives/edgar/data/0000320193/000032019325000058/aapl-20250329.htm,Item 2. Management's Discussion and Analysis - Liquidity and Capital Resources,Disclosure Context (2025Q2): Trigger: 'Foreign currency weakness impacted reported revenue'. Management Action: 'Increase FX Hedge Coverage After Currency Weakness'. Scope: 'Apple corporate treasury and financial planning leadership approved strategic capital parameters regarding Increase FX Hedge ...'. Rationale: 'Improves revenue stability and margin predictability. This balanced financial management approach optimiz...'.,Increase FX Hedge Coverage After Currency Weakness,"Apple corporate treasury and financial planning leadership approved strategic capital parameters regarding Increase FX Hedge Coverage After Currency Weakness. The finance committee established strict cash deployment guidelines to preserve liquidity buffers, optimize portfolio risk-adjusted yields, and execute Board-authorized share repurchases under Rule 10b5-1 programs.",Increase 10%,expand,Improves revenue stability and margin predictability. This balanced financial management approach optimizes risk-adjusted returns on invested capital while preserving financial flexibility for multi-year strategic technology investments.,"[{""name"": ""FX_Impact"", ""value"": ""Negative"", ""unit"": ""metric"", ""observed_on"": ""2025-05-01""}, {""name"": ""Revenue"", ""value"": ""+5%"", ""unit"": ""percentage"", ""observed_on"": ""2025-05-01""}]",Finance,reported,"{finance,expand}",Legal;Operations,"Regarding Increase FX Hedge Coverage After Currency Weakness, Operations questioned hedge premium costs; Finance insisted on preserving balance sheet liquidity reserves and maintaining target return on invested capital; Operations warned that strict capital rationing could constrain opportunistic component sourcing in Asia; Executive management authorized the financial allocation under disciplined risk parameters."
AAPL-2025Q2-0050,Apple Inc.,2025-05-01,quarterly_filings/2025_Q2.pdf,https://www.sec.gov/ix?doc=/Archives/edgar/data/0000320193/000032019325000058/aapl-20250329.htm,Item 2. Management's Discussion and Analysis - Liquidity and Capital Resources,Disclosure Context (2025Q2): Trigger: 'Strong EU subscription uptake'. Management Action: 'Adjust Services Pricing in EU'. Scope: 'Apple corporate treasury and financial planning leadership approved strategic capital parameters regarding Adjust Services Pr...'. Rationale: 'Leverages high GM 75.7% without churn spike. This balanced financial management approach optimizes risk-a...'.,Adjust Services Pricing in EU,"Apple corporate treasury and financial planning leadership approved strategic capital parameters regarding Adjust Services Pricing in EU. The finance committee established strict cash deployment guidelines to preserve liquidity buffers, optimize portfolio risk-adjusted yields, and execute Board-authorized share repurchases under Rule 10b5-1 programs.",+3%,revise,Leverages high GM 75.7% without churn spike. This balanced financial management approach optimizes risk-adjusted returns on invested capital while preserving financial flexibility for multi-year strategic technology investments.,"[{""name"": ""GM"", ""value"": ""75.7%"", ""unit"": ""percentage"", ""observed_on"": ""2025-05-01""}]",Finance,reported,"{finance,revise}",Legal;Operations,"Regarding Adjust Services Pricing in EU, Legal reviewing compliance risk; Finance insisted on preserving balance sheet liquidity reserves and maintaining target return on invested capital; Operations warned that strict capital rationing could constrain opportunistic component sourcing in Asia; Executive management authorized the financial allocation under disciplined risk parameters."
AAPL-2025Q2-0051,Apple Inc.,2025-05-01,quarterly_filings/2025_Q2.pdf,https://www.sec.gov/ix?doc=/Archives/edgar/data/0000320193/000032019325000058/aapl-20250329.htm,Item 2. Management's Discussion and Analysis - Liquidity and Capital Resources,Disclosure Context (2025Q2): Trigger: 'SG&A rose 4%'. Management Action: 'Review SG&A Growth Controls'. Scope: 'Apple corporate treasury and financial planning leadership approved strategic capital parameters regarding Review SG&A Growth...'. Rationale: 'Protects margin amid tariff risk. This balanced financial management approach optimizes risk-adjusted ret...'.,Review SG&A Growth Controls,"Apple corporate treasury and financial planning leadership approved strategic capital parameters regarding Review SG&A Growth Controls. The finance committee established strict cash deployment guidelines to preserve liquidity buffers, optimize portfolio risk-adjusted yields, and execute Board-authorized share repurchases under Rule 10b5-1 programs.",Cut 5%,investigate,Protects margin amid tariff risk. This balanced financial management approach optimizes risk-adjusted returns on invested capital while preserving financial flexibility for multi-year strategic technology investments.,"[{""name"": ""SG&A"", ""value"": ""+4%"", ""unit"": ""percentage"", ""observed_on"": ""2025-05-01""}]",Finance,reported,"{finance,investigate}",Operations,"Regarding Review SG&A Growth Controls, Ops cautious on morale; Finance insisted on preserving balance sheet liquidity reserves and maintaining target return on invested capital; Operations warned that strict capital rationing could constrain opportunistic component sourcing in Asia; Executive management authorized the financial allocation under disciplined risk parameters."
AAPL-2025Q2-0052,Apple Inc.,2025-05-01,quarterly_filings/2025_Q2.pdf,https://www.sec.gov/ix?doc=/Archives/edgar/data/0000320193/000032019325000058/aapl-20250329.htm,Item 2. Management's Discussion and Analysis - Liquidity and Capital Resources,Disclosure Context (2025Q2): Trigger: 'EPS +8%'. Management Action: 'Expand Share Buyback Window'. Scope: 'Apple corporate treasury and financial planning leadership approved strategic capital parameters regarding Expand Share Buyba...'. Rationale: 'Supports EPS momentum. This balanced financial management approach optimizes risk-adjusted returns on inv...'.,Expand Share Buyback Window,"Apple corporate treasury and financial planning leadership approved strategic capital parameters regarding Expand Share Buyback Window. The finance committee established strict cash deployment guidelines to preserve liquidity buffers, optimize portfolio risk-adjusted yields, and execute Board-authorized share repurchases under Rule 10b5-1 programs.",Expand,expand,Supports EPS momentum. This balanced financial management approach optimizes risk-adjusted returns on invested capital while preserving financial flexibility for multi-year strategic technology investments.,"[{""name"": ""EPS"", ""value"": ""+8%"", ""unit"": ""percentage"", ""observed_on"": ""2025-05-01""}]",Finance,reported,"{finance,expand}",Legal,"Regarding Expand Share Buyback Window, Ops prefer infra investment; Finance insisted on preserving balance sheet liquidity reserves and maintaining target return on invested capital; Operations warned that strict capital rationing could constrain opportunistic component sourcing in Asia; Executive management authorized the financial allocation under disciplined risk parameters."
AAPL-2025Q2-0053,Apple Inc.,2025-05-01,quarterly_filings/2025_Q2.pdf,https://www.sec.gov/ix?doc=/Archives/edgar/data/0000320193/000032019325000058/aapl-20250329.htm,Item 2. Management's Discussion and Analysis - Liquidity and Capital Resources,Disclosure Context (2025Q2): Trigger: 'China revenue -2%'. Management Action: 'China Retail Lease Renegotiation'. Scope: 'Apple corporate treasury and financial planning leadership approved strategic capital parameters regarding China Retail Lease...'. Rationale: 'Reduces fixed cost without market exit. This balanced financial management approach optimizes risk-adjust...'.,China Retail Lease Renegotiation,"Apple corporate treasury and financial planning leadership approved strategic capital parameters regarding China Retail Lease Renegotiation. The finance committee established strict cash deployment guidelines to preserve liquidity buffers, optimize portfolio risk-adjusted yields, and execute Board-authorized share repurchases under Rule 10b5-1 programs.",Renegotiate,maintain,Reduces fixed cost without market exit. This balanced financial management approach optimizes risk-adjusted returns on invested capital while preserving financial flexibility for multi-year strategic technology investments.,"[{""name"": ""China"", ""value"": ""-2%"", ""unit"": ""percentage"", ""observed_on"": ""2025-05-01""}]",Finance,reported,"{finance,maintain}",Legal;Operations,"Regarding China Retail Lease Renegotiation, Legal flagged landlord pushback; Finance insisted on preserving balance sheet liquidity reserves and maintaining target return on invested capital; Operations warned that strict capital rationing could constrain opportunistic component sourcing in Asia; Executive management authorized the financial allocation under disciplined risk parameters."
AAPL-2025Q2-0054,Apple Inc.,2025-05-01,quarterly_filings/2025_Q2.pdf,https://www.sec.gov/ix?doc=/Archives/edgar/data/0000320193/000032019325000058/aapl-20250329.htm,Item 2. Management's Discussion and Analysis - Liquidity and Capital Resources,Disclosure Context (2025Q2): Trigger: 'Interest volatility'. Management Action: 'Short-Term Debt Refinancing Review'. Scope: 'Apple corporate treasury and financial planning leadership approved strategic capital parameters regarding Short-Term Debt Re...'. Rationale: 'Locks lower rates amid volatility. This balanced financial management approach optimizes risk-adjusted re...'.,Short-Term Debt Refinancing Review,"Apple corporate treasury and financial planning leadership approved strategic capital parameters regarding Short-Term Debt Refinancing Review. The finance committee established strict cash deployment guidelines to preserve liquidity buffers, optimize portfolio risk-adjusted yields, and execute Board-authorized share repurchases under Rule 10b5-1 programs.",Refinance,investigate,Locks lower rates amid volatility. This balanced financial management approach optimizes risk-adjusted returns on invested capital while preserving financial flexibility for multi-year strategic technology investments.,"[{""name"": ""Rate_Volatility"", ""value"": ""High"", ""unit"": ""metric"", ""observed_on"": ""2025-05-01""}]",Finance,reported,"{finance,investigate}",Legal,"Regarding Short-Term Debt Refinancing Review, Legal reviewing covenants; Finance insisted on preserving balance sheet liquidity reserves and maintaining target return on invested capital; Operations warned that strict capital rationing could constrain opportunistic component sourcing in Asia; Executive management authorized the financial allocation under disciplined risk parameters."
AAPL-2025Q2-0055,Apple Inc.,2025-05-01,quarterly_filings/2025_Q2.pdf,https://www.sec.gov/ix?doc=/Archives/edgar/data/0000320193/000032019325000058/aapl-20250329.htm,Item 2. Management's Discussion and Analysis - Liquidity and Capital Resources,Disclosure Context (2025Q2): Trigger: 'Strong Services GM 75.7%'. Management Action: 'Reprice AppleCare in Select Markets'. Scope: 'Apple corporate treasury and financial planning leadership approved strategic capital parameters regarding Reprice AppleCare ...'. Rationale: 'Improves margin without major churn. This balanced financial management approach optimizes risk-adjusted ...'.,Reprice AppleCare in Select Markets,"Apple corporate treasury and financial planning leadership approved strategic capital parameters regarding Reprice AppleCare in Select Markets. The finance committee established strict cash deployment guidelines to preserve liquidity buffers, optimize portfolio risk-adjusted yields, and execute Board-authorized share repurchases under Rule 10b5-1 programs.",+2%,maintain,Improves margin without major churn. This balanced financial management approach optimizes risk-adjusted returns on invested capital while preserving financial flexibility for multi-year strategic technology investments.,"[{""name"": ""Services_GM"", ""value"": ""75.7%"", ""unit"": ""percentage"", ""observed_on"": ""2025-05-01""}]",Finance,reported,"{finance,maintain}",Legal;Operations,"Regarding Reprice AppleCare in Select Markets, Legal checked disclosure compliance; Finance insisted on preserving balance sheet liquidity reserves and maintaining target return on invested capital; Operations warned that strict capital rationing could constrain opportunistic component sourcing in Asia; Executive management authorized the financial allocation under disciplined risk parameters."
AAPL-2025Q2-0056,Apple Inc.,2025-05-01,quarterly_filings/2025_Q2.pdf,https://www.sec.gov/ix?doc=/Archives/edgar/data/0000320193/000032019325000058/aapl-20250329.htm,Item 2. Management's Discussion and Analysis - Liquidity and Capital Resources,Disclosure Context (2025Q2): Trigger: 'Cash $28.1B'. Management Action: 'Expand Corporate Bond Portfolio'. Scope: 'Apple corporate treasury and financial planning leadership approved strategic capital parameters regarding Expand Corporate B...'. Rationale: 'Enhances yield with manageable risk. This balanced financial management approach optimizes risk-adjusted ...'.,Expand Corporate Bond Portfolio,"Apple corporate treasury and financial planning leadership approved strategic capital parameters regarding Expand Corporate Bond Portfolio. The finance committee established strict cash deployment guidelines to preserve liquidity buffers, optimize portfolio risk-adjusted yields, and execute Board-authorized share repurchases under Rule 10b5-1 programs.",+5%,expand,Enhances yield with manageable risk. This balanced financial management approach optimizes risk-adjusted returns on invested capital while preserving financial flexibility for multi-year strategic technology investments.,"[{""name"": ""Cash"", ""value"": ""$28.1B"", ""unit"": ""USD"", ""observed_on"": ""2025-05-01""}]",Finance,reported,"{finance,expand}",Legal,"Regarding Expand Corporate Bond Portfolio, Legal confirmed compliance; Finance insisted on preserving balance sheet liquidity reserves and maintaining target return on invested capital; Operations warned that strict capital rationing could constrain opportunistic component sourcing in Asia; Executive management authorized the financial allocation under disciplined risk parameters."
AAPL-2025Q2-0057,Apple Inc.,2025-05-01,quarterly_filings/2025_Q2.pdf,https://www.sec.gov/ix?doc=/Archives/edgar/data/0000320193/000032019325000058/aapl-20250329.htm,Item 2. Management's Discussion and Analysis - Liquidity and Capital Resources,Disclosure Context (2025Q2): Trigger: '$100B authorization'. Management Action: 'Adjust Share Repurchase Timing'. Scope: 'Apple corporate treasury and financial planning leadership approved strategic capital parameters regarding Adjust Share Repur...'. Rationale: 'Maximizes EPS impact. This balanced financial management approach optimizes risk-adjusted returns on inve...'.,Adjust Share Repurchase Timing,"Apple corporate treasury and financial planning leadership approved strategic capital parameters regarding Adjust Share Repurchase Timing. The finance committee established strict cash deployment guidelines to preserve liquidity buffers, optimize portfolio risk-adjusted yields, and execute Board-authorized share repurchases under Rule 10b5-1 programs.",Tactical,revise,Maximizes EPS impact. This balanced financial management approach optimizes risk-adjusted returns on invested capital while preserving financial flexibility for multi-year strategic technology investments.,"[{""name"": ""Buyback_Authorization"", ""value"": ""$100B"", ""unit"": ""USD"", ""observed_on"": ""2025-05-01""}]",Finance,reported,"{finance,revise}",Legal,"Regarding Adjust Share Repurchase Timing, Ops prefer liquidity buffer; Finance insisted on preserving balance sheet liquidity reserves and maintaining target return on invested capital; Operations warned that strict capital rationing could constrain opportunistic component sourcing in Asia; Executive management authorized the financial allocation under disciplined risk parameters."
AAPL-2025Q2-0058,Apple Inc.,2025-05-01,quarterly_filings/2025_Q2.pdf,https://www.sec.gov/ix?doc=/Archives/edgar/data/0000320193/000032019325000058/aapl-20250329.htm,Item 2. Management's Discussion and Analysis - Liquidity and Capital Resources,Disclosure Context (2025Q2): Trigger: 'Rapid subscription growth'. Management Action: 'Adjust Services Revenue Recognition Controls'. Scope: 'Apple corporate treasury and financial planning leadership approved strategic capital parameters regarding Adjust Services Re...'. Rationale: 'Protects against misstatement risk. This balanced financial management approach optimizes risk-adjusted r...'.,Adjust Services Revenue Recognition Controls,"Apple corporate treasury and financial planning leadership approved strategic capital parameters regarding Adjust Services Revenue Recognition Controls. The finance committee established strict cash deployment guidelines to preserve liquidity buffers, optimize portfolio risk-adjusted yields, and execute Board-authorized share repurchases under Rule 10b5-1 programs.",Add controls,revise,Protects against misstatement risk. This balanced financial management approach optimizes risk-adjusted returns on invested capital while preserving financial flexibility for multi-year strategic technology investments.,"[{""name"": ""Services"", ""value"": ""+12%"", ""unit"": ""percentage"", ""observed_on"": ""2025-05-01""}, {""name"": ""GM"", ""value"": ""75.7%"", ""unit"": ""percentage"", ""observed_on"": ""2025-05-01""}]",Finance,reported,"{finance,revise}",Legal,"Regarding Adjust Services Revenue Recognition Controls, Minimal disagreement; Finance insisted on preserving balance sheet liquidity reserves and maintaining target return on invested capital; Operations warned that strict capital rationing could constrain opportunistic component sourcing in Asia; Executive management authorized the financial allocation under disciplined risk parameters."
AAPL-2025Q2-0059,Apple Inc.,2025-05-01,quarterly_filings/2025_Q2.pdf,https://www.sec.gov/ix?doc=/Archives/edgar/data/0000320193/000032019325000058/aapl-20250329.htm,Item 2. Management's Discussion and Analysis - Liquidity and Capital Resources,Disclosure Context (2025Q2): Trigger: 'Engagement plateau in mature markets'. Management Action: 'Increase R&D Budget for Services AI'. Scope: 'Apple corporate treasury and financial planning leadership approved strategic capital parameters regarding Increase R&D Budge...'. Rationale: 'Supports long-term Services expansion. This balanced financial management approach optimizes risk-adjuste...'.,Increase R&D Budget for Services AI,"Apple corporate treasury and financial planning leadership approved strategic capital parameters regarding Increase R&D Budget for Services AI. The finance committee established strict cash deployment guidelines to preserve liquidity buffers, optimize portfolio risk-adjusted yields, and execute Board-authorized share repurchases under Rule 10b5-1 programs.",+3%,expand,Supports long-term Services expansion. This balanced financial management approach optimizes risk-adjusted returns on invested capital while preserving financial flexibility for multi-year strategic technology investments.,"[{""name"": ""Services"", ""value"": ""+12%"", ""unit"": ""percentage"", ""observed_on"": ""2025-05-01""}, {""name"": ""Engagement"", ""value"": ""+4%"", ""unit"": ""percentage"", ""observed_on"": ""2025-05-01""}]",Finance,reported,"{finance,expand}",R&D;Operations,"Regarding Increase R&D Budget for Services AI, Ops worried about capex squeeze; Finance insisted on preserving balance sheet liquidity reserves and maintaining target return on invested capital; Operations warned that strict capital rationing could constrain opportunistic component sourcing in Asia; Executive management authorized the financial allocation under disciplined risk parameters."
AAPL-2025Q2-0060,Apple Inc.,2025-05-01,quarterly_filings/2025_Q2.pdf,https://www.sec.gov/ix?doc=/Archives/edgar/data/0000320193/000032019325000058/aapl-20250329.htm,Item 2. Management's Discussion and Analysis - Liquidity and Capital Resources,Disclosure Context (2025Q2): Trigger: '$100B buyback authorization'. Management Action: 'Optimize Cash Allocation Between Buyback and Capex'. Scope: 'Apple corporate treasury and financial planning leadership approved strategic capital parameters regarding Optimize Cash Allo...'. Rationale: 'Maintains liquidity and EPS growth. This balanced financial management approach optimizes risk-adjusted r...'.,Optimize Cash Allocation Between Buyback and Capex,"Apple corporate treasury and financial planning leadership approved strategic capital parameters regarding Optimize Cash Allocation Between Buyback and Capex. The finance committee established strict cash deployment guidelines to preserve liquidity buffers, optimize portfolio risk-adjusted yields, and execute Board-authorized share repurchases under Rule 10b5-1 programs.",Balanced,revise,Maintains liquidity and EPS growth. This balanced financial management approach optimizes risk-adjusted returns on invested capital while preserving financial flexibility for multi-year strategic technology investments.,"[{""name"": ""Buyback"", ""value"": ""$100B"", ""unit"": ""USD"", ""observed_on"": ""2025-05-01""}, {""name"": ""OCF_6M"", ""value"": ""$53.9B"", ""unit"": ""USD"", ""observed_on"": ""2025-05-01""}]",Finance,reported,"{finance,revise}",Operations;Legal,"Regarding Optimize Cash Allocation Between Buyback and Capex, Ops wanted infra prioritization; Finance insisted on preserving balance sheet liquidity reserves and maintaining target return on invested capital; Operations warned that strict capital rationing could constrain opportunistic component sourcing in Asia; Executive management authorized the financial allocation under disciplined risk parameters."
AAPL-2025Q2-0061,Apple Inc.,2025-05-01,quarterly_filings/2025_Q2.pdf,https://www.sec.gov/ix?doc=/Archives/edgar/data/0000320193/000032019325000058/aapl-20250329.htm,Item 2. Management's Discussion and Analysis - Liquidity and Capital Resources,Disclosure Context (2025Q2): Trigger: 'Strong subscription momentum'. Management Action: 'Reevaluate Services Bundle Discount Levels'. Scope: 'Apple corporate treasury and financial planning leadership approved strategic capital parameters regarding Reevaluate Service...'. Rationale: 'Improves ARPU without major churn risk. This balanced financial management approach optimizes risk-adjust...'.,Reevaluate Services Bundle Discount Levels,"Apple corporate treasury and financial planning leadership approved strategic capital parameters regarding Reevaluate Services Bundle Discount Levels. The finance committee established strict cash deployment guidelines to preserve liquidity buffers, optimize portfolio risk-adjusted yields, and execute Board-authorized share repurchases under Rule 10b5-1 programs.",Reduce 2%,investigate,Improves ARPU without major churn risk. This balanced financial management approach optimizes risk-adjusted returns on invested capital while preserving financial flexibility for multi-year strategic technology investments.,"[{""name"": ""Services"", ""value"": ""+12%"", ""unit"": ""percentage"", ""observed_on"": ""2025-05-01""}, {""name"": ""GM"", ""value"": ""75.7%"", ""unit"": ""percentage"", ""observed_on"": ""2025-05-01""}]",Finance,reported,"{finance,investigate}",Operations;Legal,"Regarding Reevaluate Services Bundle Discount Levels, Legal reviewed pricing compliance; Finance insisted on preserving balance sheet liquidity reserves and maintaining target return on invested capital; Operations warned that strict capital rationing could constrain opportunistic component sourcing in Asia; Executive management authorized the financial allocation under disciplined risk parameters."
AAPL-2025Q2-0062,Apple Inc.,2025-05-01,quarterly_filings/2025_Q2.pdf,https://www.sec.gov/ix?doc=/Archives/edgar/data/0000320193/000032019325000058/aapl-20250329.htm,Item 2. Management's Discussion and Analysis - Liquidity and Capital Resources,Disclosure Context (2025Q2): Trigger: 'Ongoing currency volatility'. Management Action: 'Adjust FX Hedging Duration'. Scope: 'Apple corporate treasury and financial planning leadership approved strategic capital parameters regarding Adjust FX Hedging ...'. Rationale: 'Improves earnings predictability. This balanced financial management approach optimizes risk-adjusted ret...'.,Adjust FX Hedging Duration,"Apple corporate treasury and financial planning leadership approved strategic capital parameters regarding Adjust FX Hedging Duration. The finance committee established strict cash deployment guidelines to preserve liquidity buffers, optimize portfolio risk-adjusted yields, and execute Board-authorized share repurchases under Rule 10b5-1 programs.",+3mo,revise,Improves earnings predictability. This balanced financial management approach optimizes risk-adjusted returns on invested capital while preserving financial flexibility for multi-year strategic technology investments.,"[{""name"": ""FX_Volatility"", ""value"": ""High"", ""unit"": ""metric"", ""observed_on"": ""2025-05-01""}, {""name"": ""Revenue"", ""value"": ""+5%"", ""unit"": ""percentage"", ""observed_on"": ""2025-05-01""}]",Finance,reported,"{finance,revise}",Legal,"Regarding Adjust FX Hedging Duration, Ops neutral; Finance insisted on preserving balance sheet liquidity reserves and maintaining target return on invested capital; Operations warned that strict capital rationing could constrain opportunistic component sourcing in Asia; Executive management authorized the financial allocation under disciplined risk parameters."
AAPL-2025Q2-0063,Apple Inc.,2025-05-01,quarterly_filings/2025_Q2.pdf,https://www.sec.gov/ix?doc=/Archives/edgar/data/0000320193/000032019325000058/aapl-20250329.htm,Item 2. Management's Discussion and Analysis - Liquidity and Capital Resources,Disclosure Context (2025Q2): Trigger: 'Revenue +5% and EPS +8%'. Management Action: 'Reassess Long-Term Capital Allocation Targets'. Scope: 'Apple corporate treasury and financial planning leadership approved strategic capital parameters regarding Reassess Long-Term...'. Rationale: 'Balances growth investment and shareholder returns. This balanced financial management approach optimizes...'.,Reassess Long-Term Capital Allocation Targets,"Apple corporate treasury and financial planning leadership approved strategic capital parameters regarding Reassess Long-Term Capital Allocation Targets. The finance committee established strict cash deployment guidelines to preserve liquidity buffers, optimize portfolio risk-adjusted yields, and execute Board-authorized share repurchases under Rule 10b5-1 programs.",Adjust,investigate,Balances growth investment and shareholder returns. This balanced financial management approach optimizes risk-adjusted returns on invested capital while preserving financial flexibility for multi-year strategic technology investments.,"[{""name"": ""Revenue"", ""value"": ""+5%"", ""unit"": ""percentage"", ""observed_on"": ""2025-05-01""}, {""name"": ""EPS"", ""value"": ""+8%"", ""unit"": ""percentage"", ""observed_on"": ""2025-05-01""}]",Finance,reported,"{finance,investigate}",Operations;Legal,"Regarding Reassess Long-Term Capital Allocation Targets, Ops advocated higher reinvestment; Finance insisted on preserving balance sheet liquidity reserves and maintaining target return on invested capital; Operations warned that strict capital rationing could constrain opportunistic component sourcing in Asia; Executive management authorized the financial allocation under disciplined risk parameters."
AAPL-2025Q2-0064,Apple Inc.,2025-05-01,quarterly_filings/2025_Q2.pdf,https://www.sec.gov/ix?doc=/Archives/edgar/data/0000320193/000032019325000058/aapl-20250329.htm,Item 2. Management's Discussion and Analysis - Liquidity and Capital Resources,Disclosure Context (2025Q2): Trigger: 'Subscription base expanding'. Management Action: 'Optimize Services Deferred Revenue Forecasting'. Scope: 'Apple corporate treasury and financial planning leadership approved strategic capital parameters regarding Optimize Services ...'. Rationale: 'Improves earnings predictability. This balanced financial management approach optimizes risk-adjusted ret...'.,Optimize Services Deferred Revenue Forecasting,"Apple corporate treasury and financial planning leadership approved strategic capital parameters regarding Optimize Services Deferred Revenue Forecasting. The finance committee established strict cash deployment guidelines to preserve liquidity buffers, optimize portfolio risk-adjusted yields, and execute Board-authorized share repurchases under Rule 10b5-1 programs.",Improve model,revise,Improves earnings predictability. This balanced financial management approach optimizes risk-adjusted returns on invested capital while preserving financial flexibility for multi-year strategic technology investments.,"[{""name"": ""Services"", ""value"": ""+12%"", ""unit"": ""percentage"", ""observed_on"": ""2025-05-01""}, {""name"": ""GM"", ""value"": ""75.7%"", ""unit"": ""percentage"", ""observed_on"": ""2025-05-01""}]",Finance,reported,"{finance,revise}",Legal,"Regarding Optimize Services Deferred Revenue Forecasting, Minimal pushback; Finance insisted on preserving balance sheet liquidity reserves and maintaining target return on invested capital; Operations warned that strict capital rationing could constrain opportunistic component sourcing in Asia; Executive management authorized the financial allocation under disciplined risk parameters."
AAPL-2025Q2-0065,Apple Inc.,2025-05-01,quarterly_filings/2025_Q2.pdf,https://www.sec.gov/ix?doc=/Archives/edgar/data/0000320193/000032019325000058/aapl-20250329.htm,Item 2. Management's Discussion and Analysis - Liquidity and Capital Resources,Disclosure Context (2025Q2): Trigger: 'SG&A +4% YoY'. Management Action: 'Review SG&A Headcount Growth'. Scope: 'Apple corporate treasury and financial planning leadership approved strategic capital parameters regarding Review SG&A Headco...'. Rationale: 'Protects margin amid tariff risk. This balanced financial management approach optimizes risk-adjusted ret...'.,Review SG&A Headcount Growth,"Apple corporate treasury and financial planning leadership approved strategic capital parameters regarding Review SG&A Headcount Growth. The finance committee established strict cash deployment guidelines to preserve liquidity buffers, optimize portfolio risk-adjusted yields, and execute Board-authorized share repurchases under Rule 10b5-1 programs.",Pause 3mo,investigate,Protects margin amid tariff risk. This balanced financial management approach optimizes risk-adjusted returns on invested capital while preserving financial flexibility for multi-year strategic technology investments.,"[{""name"": ""SG&A"", ""value"": ""+4%"", ""unit"": ""percentage"", ""observed_on"": ""2025-05-01""}, {""name"": ""GM"", ""value"": ""47.1%"", ""unit"": ""percentage"", ""observed_on"": ""2025-05-01""}]",Finance,reported,"{finance,investigate}",Operations;R&D,"Regarding Review SG&A Headcount Growth, R&D requested exceptions; Finance insisted on preserving balance sheet liquidity reserves and maintaining target return on invested capital; Operations warned that strict capital rationing could constrain opportunistic component sourcing in Asia; Executive management authorized the financial allocation under disciplined risk parameters."
AAPL-2025Q2-0066,Apple Inc.,2025-05-01,quarterly_filings/2025_Q2.pdf,https://www.sec.gov/ix?doc=/Archives/edgar/data/0000320193/000032019325000058/aapl-20250329.htm,Item 2. Management's Discussion and Analysis - Liquidity and Capital Resources,Disclosure Context (2025Q2): Trigger: 'Cash $28.1B'. Management Action: 'Increase Treasury Yield Optimization'. Scope: 'Apple corporate treasury and financial planning leadership approved strategic capital parameters regarding Increase Treasury ...'. Rationale: 'Enhances yield with limited risk. This balanced financial management approach optimizes risk-adjusted ret...'.,Increase Treasury Yield Optimization,"Apple corporate treasury and financial planning leadership approved strategic capital parameters regarding Increase Treasury Yield Optimization. The finance committee established strict cash deployment guidelines to preserve liquidity buffers, optimize portfolio risk-adjusted yields, and execute Board-authorized share repurchases under Rule 10b5-1 programs.",+3%,expand,Enhances yield with limited risk. This balanced financial management approach optimizes risk-adjusted returns on invested capital while preserving financial flexibility for multi-year strategic technology investments.,"[{""name"": ""Cash"", ""value"": ""$28.1B"", ""unit"": ""USD"", ""observed_on"": ""2025-05-01""}]",Finance,reported,"{finance,expand}",Legal,"Regarding Increase Treasury Yield Optimization, Legal reviewed compliance; Finance insisted on preserving balance sheet liquidity reserves and maintaining target return on invested capital; Operations warned that strict capital rationing could constrain opportunistic component sourcing in Asia; Executive management authorized the financial allocation under disciplined risk parameters."
AAPL-2025Q2-0067,Apple Inc.,2025-05-01,quarterly_filings/2025_Q2.pdf,https://www.sec.gov/ix?doc=/Archives/edgar/data/0000320193/000032019325000058/aapl-20250329.htm,Item 2. Management's Discussion and Analysis - Liquidity and Capital Resources,Disclosure Context (2025Q2): Trigger: 'Dividend $0.26'. Management Action: 'Assess Dividend Coverage Sensitivity'. Scope: 'Apple corporate treasury and financial planning leadership approved strategic capital parameters regarding Assess Dividend Co...'. Rationale: 'Ensures sustainability under macro risk. This balanced financial management approach optimizes risk-adjus...'.,Assess Dividend Coverage Sensitivity,"Apple corporate treasury and financial planning leadership approved strategic capital parameters regarding Assess Dividend Coverage Sensitivity. The finance committee established strict cash deployment guidelines to preserve liquidity buffers, optimize portfolio risk-adjusted yields, and execute Board-authorized share repurchases under Rule 10b5-1 programs.",Moderate,investigate,Ensures sustainability under macro risk. This balanced financial management approach optimizes risk-adjusted returns on invested capital while preserving financial flexibility for multi-year strategic technology investments.,"[{""name"": ""Dividend"", ""value"": ""$0.26"", ""unit"": ""USD"", ""observed_on"": ""2025-05-01""}, {""name"": ""OCF"", ""value"": ""Strong"", ""unit"": ""metric"", ""observed_on"": ""2025-05-01""}]",Finance,reported,"{finance,investigate}",Legal,"Regarding Assess Dividend Coverage Sensitivity, No major objections; Finance insisted on preserving balance sheet liquidity reserves and maintaining target return on invested capital; Operations warned that strict capital rationing could constrain opportunistic component sourcing in Asia; Executive management authorized the financial allocation under disciplined risk parameters."
AAPL-2025Q2-0068,Apple Inc.,2025-05-01,quarterly_filings/2025_Q2.pdf,https://www.sec.gov/ix?doc=/Archives/edgar/data/0000320193/000032019325000058/aapl-20250329.htm,Item 2. Management's Discussion and Analysis - Liquidity and Capital Resources,Disclosure Context (2025Q2): Trigger: 'R&D spend increasing'. Management Action: 'Enhance Shareholder Communication on AI Strategy'. Scope: 'Apple corporate treasury and financial planning leadership approved strategic capital parameters regarding Enhance Shareholde...'. Rationale: 'Supports valuation premium. This balanced financial management approach optimizes risk-adjusted returns o...'.,Enhance Shareholder Communication on AI Strategy,"Apple corporate treasury and financial planning leadership approved strategic capital parameters regarding Enhance Shareholder Communication on AI Strategy. The finance committee established strict cash deployment guidelines to preserve liquidity buffers, optimize portfolio risk-adjusted yields, and execute Board-authorized share repurchases under Rule 10b5-1 programs.",Expanded,maintain,Supports valuation premium. This balanced financial management approach optimizes risk-adjusted returns on invested capital while preserving financial flexibility for multi-year strategic technology investments.,"[{""name"": ""EPS"", ""value"": ""+8%"", ""unit"": ""percentage"", ""observed_on"": ""2025-05-01""}, {""name"": ""Services"", ""value"": ""+12%"", ""unit"": ""percentage"", ""observed_on"": ""2025-05-01""}]",Finance,reported,"{finance,maintain}",R&D;Legal,"Regarding Enhance Shareholder Communication on AI Strategy, Legal vetted messaging; Finance insisted on preserving balance sheet liquidity reserves and maintaining target return on invested capital; Operations warned that strict capital rationing could constrain opportunistic component sourcing in Asia; Executive management authorized the financial allocation under disciplined risk parameters."
AAPL-2025Q2-0069,Apple Inc.,2025-05-01,quarterly_filings/2025_Q2.pdf,https://www.sec.gov/ix?doc=/Archives/edgar/data/0000320193/000032019325000058/aapl-20250329.htm,Item 2. Management's Discussion and Analysis - Liquidity and Capital Resources,Disclosure Context (2025Q2): Trigger: 'Multi-region revenue'. Management Action: 'Reassess Long-Term FX Exposure Mix'. Scope: 'Apple corporate treasury and financial planning leadership approved strategic capital parameters regarding Reassess Long-Term...'. Rationale: 'Improves balance sheet resilience. This balanced financial management approach optimizes risk-adjusted re...'.,Reassess Long-Term FX Exposure Mix,"Apple corporate treasury and financial planning leadership approved strategic capital parameters regarding Reassess Long-Term FX Exposure Mix. The finance committee established strict cash deployment guidelines to preserve liquidity buffers, optimize portfolio risk-adjusted yields, and execute Board-authorized share repurchases under Rule 10b5-1 programs.",Adjust mix,investigate,Improves balance sheet resilience. This balanced financial management approach optimizes risk-adjusted returns on invested capital while preserving financial flexibility for multi-year strategic technology investments.,"[{""name"": ""FX_Volatility"", ""value"": ""High"", ""unit"": ""metric"", ""observed_on"": ""2025-05-01""}]",Finance,reported,"{finance,investigate}",Legal,"Regarding Reassess Long-Term FX Exposure Mix, Minimal resistance; Finance insisted on preserving balance sheet liquidity reserves and maintaining target return on invested capital; Operations warned that strict capital rationing could constrain opportunistic component sourcing in Asia; Executive management authorized the financial allocation under disciplined risk parameters."
AAPL-2025Q2-0070,Apple Inc.,2025-05-01,quarterly_filings/2025_Q2.pdf,https://www.sec.gov/ix?doc=/Archives/edgar/data/0000320193/000032019325000058/aapl-20250329.htm,Item 2. Management's Discussion and Analysis - Liquidity and Capital Resources,Disclosure Context (2025Q2): Trigger: '$100B authorization'. Management Action: 'Enhance Buyback Transparency Reporting'. Scope: 'Apple corporate treasury and financial planning leadership approved strategic capital parameters regarding Enhance Buyback Tr...'. Rationale: 'Supports investor trust. This balanced financial management approach optimizes risk-adjusted returns on i...'.,Enhance Buyback Transparency Reporting,"Apple corporate treasury and financial planning leadership approved strategic capital parameters regarding Enhance Buyback Transparency Reporting. The finance committee established strict cash deployment guidelines to preserve liquidity buffers, optimize portfolio risk-adjusted yields, and execute Board-authorized share repurchases under Rule 10b5-1 programs.",Enhanced,maintain,Supports investor trust. This balanced financial management approach optimizes risk-adjusted returns on invested capital while preserving financial flexibility for multi-year strategic technology investments.,"[{""name"": ""Buyback"", ""value"": ""$100B"", ""unit"": ""USD"", ""observed_on"": ""2025-05-01""}]",Finance,reported,"{finance,maintain}",Legal,"Regarding Enhance Buyback Transparency Reporting, Legal approved language; Finance insisted on preserving balance sheet liquidity reserves and maintaining target return on invested capital; Operations warned that strict capital rationing could constrain opportunistic component sourcing in Asia; Executive management authorized the financial allocation under disciplined risk parameters."
AAPL-2025Q2-0071,Apple Inc.,2025-05-01,quarterly_filings/2025_Q2.pdf,https://www.sec.gov/ix?doc=/Archives/edgar/data/0000320193/000032019325000058/aapl-20250329.htm,Item 2. Management's Discussion and Analysis - Liquidity and Capital Resources,Disclosure Context (2025Q2): Trigger: 'Services GM 75.7%'. Management Action: 'Reevaluate Services Long-Term Margin Target'. Scope: 'Apple corporate treasury and financial planning leadership approved strategic capital parameters regarding Reevaluate Service...'. Rationale: 'Preserves strategic flexibility amid growth. This balanced financial management approach optimizes risk-a...'.,Reevaluate Services Long-Term Margin Target,"Apple corporate treasury and financial planning leadership approved strategic capital parameters regarding Reevaluate Services Long-Term Margin Target. The finance committee established strict cash deployment guidelines to preserve liquidity buffers, optimize portfolio risk-adjusted yields, and execute Board-authorized share repurchases under Rule 10b5-1 programs.",Maintain,investigate,Preserves strategic flexibility amid growth. This balanced financial management approach optimizes risk-adjusted returns on invested capital while preserving financial flexibility for multi-year strategic technology investments.,"[{""name"": ""Services_GM"", ""value"": ""75.7%"", ""unit"": ""percentage"", ""observed_on"": ""2025-05-01""}]",Finance,reported,"{finance,investigate}",Operations;Legal,"Regarding Reevaluate Services Long-Term Margin Target, Ops focused on growth over margin expansion; Finance insisted on preserving balance sheet liquidity reserves and maintaining target return on invested capital; Operations warned that strict capital rationing could constrain opportunistic component sourcing in Asia; Executive management authorized the financial allocation under disciplined risk parameters."
AAPL-2025Q2-0072,Apple Inc.,2025-05-01,quarterly_filings/2025_Q2.pdf,https://www.sec.gov/ix?doc=/Archives/edgar/data/0000320193/000032019325000058/aapl-20250329.htm,Item 2. Management's Discussion and Analysis - Liquidity and Capital Resources,Disclosure Context (2025Q2): Trigger: 'Tariff volatility impacting COGS'. Management Action: 'Adjust Product Gross Margin Sensitivity Models'. Scope: 'Apple corporate treasury and financial planning leadership approved strategic capital parameters regarding Adjust Product Gro...'. Rationale: 'Improves planning accuracy amid cost shifts. This balanced financial management approach optimizes risk-a...'.,Adjust Product Gross Margin Sensitivity Models,"Apple corporate treasury and financial planning leadership approved strategic capital parameters regarding Adjust Product Gross Margin Sensitivity Models. The finance committee established strict cash deployment guidelines to preserve liquidity buffers, optimize portfolio risk-adjusted yields, and execute Board-authorized share repurchases under Rule 10b5-1 programs.",Update model,revise,Improves planning accuracy amid cost shifts. This balanced financial management approach optimizes risk-adjusted returns on invested capital while preserving financial flexibility for multi-year strategic technology investments.,"[{""name"": ""GM"", ""value"": ""47.1%"", ""unit"": ""percentage"", ""observed_on"": ""2025-05-01""}, {""name"": ""Tariff_Risk"", ""value"": ""High"", ""unit"": ""metric"", ""observed_on"": ""2025-05-01""}]",Finance,reported,"{finance,revise}",Operations,"Regarding Adjust Product Gross Margin Sensitivity Models, Ops aligned on assumptions; Finance insisted on preserving balance sheet liquidity reserves and maintaining target return on invested capital; Operations warned that strict capital rationing could constrain opportunistic component sourcing in Asia; Executive management authorized the financial allocation under disciplined risk parameters."
AAPL-2025Q2-0073,Apple Inc.,2025-05-01,quarterly_filings/2025_Q2.pdf,https://www.sec.gov/ix?doc=/Archives/edgar/data/0000320193/000032019325000058/aapl-20250329.htm,Item 2. Management's Discussion and Analysis - Liquidity and Capital Resources,Disclosure Context (2025Q2): Trigger: 'Currency volatility persists'. Management Action: 'Stress-Test Services Revenue Under FX Shock'. Scope: 'Apple corporate treasury and financial planning leadership approved strategic capital parameters regarding Stress-Test Servic...'. Rationale: 'Ensures earnings resilience. This balanced financial management approach optimizes risk-adjusted returns ...'.,Stress-Test Services Revenue Under FX Shock,"Apple corporate treasury and financial planning leadership approved strategic capital parameters regarding Stress-Test Services Revenue Under FX Shock. The finance committee established strict cash deployment guidelines to preserve liquidity buffers, optimize portfolio risk-adjusted yields, and execute Board-authorized share repurchases under Rule 10b5-1 programs.",5%,maintain,Ensures earnings resilience. This balanced financial management approach optimizes risk-adjusted returns on invested capital while preserving financial flexibility for multi-year strategic technology investments.,"[{""name"": ""FX_Volatility"", ""value"": ""High"", ""unit"": ""metric"", ""observed_on"": ""2025-05-01""}]",Finance,reported,"{finance,maintain}",Legal,"Regarding Stress-Test Services Revenue Under FX Shock, Minimal pushback; Finance insisted on preserving balance sheet liquidity reserves and maintaining target return on invested capital; Operations warned that strict capital rationing could constrain opportunistic component sourcing in Asia; Executive management authorized the financial allocation under disciplined risk parameters."
AAPL-2025Q2-0074,Apple Inc.,2025-05-01,quarterly_filings/2025_Q2.pdf,https://www.sec.gov/ix?doc=/Archives/edgar/data/0000320193/000032019325000058/aapl-20250329.htm,Item 2. Management's Discussion and Analysis - Liquidity and Capital Resources,Disclosure Context (2025Q2): Trigger: 'Services +12%'. Management Action: 'Review Long-Term Services Growth Assumptions'. Scope: 'Apple corporate treasury and financial planning leadership approved strategic capital parameters regarding Review Long-Term S...'. Rationale: 'Avoids overextension amid volatility. This balanced financial management approach optimizes risk-adjusted...'.,Review Long-Term Services Growth Assumptions,"Apple corporate treasury and financial planning leadership approved strategic capital parameters regarding Review Long-Term Services Growth Assumptions. The finance committee established strict cash deployment guidelines to preserve liquidity buffers, optimize portfolio risk-adjusted yields, and execute Board-authorized share repurchases under Rule 10b5-1 programs.",Maintain,investigate,Avoids overextension amid volatility. This balanced financial management approach optimizes risk-adjusted returns on invested capital while preserving financial flexibility for multi-year strategic technology investments.,"[{""name"": ""Services"", ""value"": ""+12%"", ""unit"": ""percentage"", ""observed_on"": ""2025-05-01""}]",Finance,reported,"{finance,investigate}",Operations;Legal,"Regarding Review Long-Term Services Growth Assumptions, Ops favored cautious optimism; Finance insisted on preserving balance sheet liquidity reserves and maintaining target return on invested capital; Operations warned that strict capital rationing could constrain opportunistic component sourcing in Asia; Executive management authorized the financial allocation under disciplined risk parameters."
AAPL-2025Q2-0075,Apple Inc.,2025-05-01,quarterly_filings/2025_Q2.pdf,https://www.sec.gov/ix?doc=/Archives/edgar/data/0000320193/000032019325000058/aapl-20250329.htm,Item 2. Management's Discussion and Analysis - Liquidity and Capital Resources,Disclosure Context (2025Q2): Trigger: 'Regional performance divergence'. Management Action: 'Optimize Services Marketing Allocation by Region'. Scope: 'Apple corporate treasury and financial planning leadership approved strategic capital parameters regarding Optimize Services ...'. Rationale: 'Improves ROI without overspend. This balanced financial management approach optimizes risk-adjusted retur...'.,Optimize Services Marketing Allocation by Region,"Apple corporate treasury and financial planning leadership approved strategic capital parameters regarding Optimize Services Marketing Allocation by Region. The finance committee established strict cash deployment guidelines to preserve liquidity buffers, optimize portfolio risk-adjusted yields, and execute Board-authorized share repurchases under Rule 10b5-1 programs.",Shift 5%,revise,Improves ROI without overspend. This balanced financial management approach optimizes risk-adjusted returns on invested capital while preserving financial flexibility for multi-year strategic technology investments.,"[{""name"": ""Marketing"", ""value"": ""+8%"", ""unit"": ""percentage"", ""observed_on"": ""2025-05-01""}, {""name"": ""Services"", ""value"": ""+12%"", ""unit"": ""percentage"", ""observed_on"": ""2025-05-01""}]",Finance,reported,"{finance,revise}",Operations,"Regarding Optimize Services Marketing Allocation by Region, Ops supported data-driven shift; Finance insisted on preserving balance sheet liquidity reserves and maintaining target return on invested capital; Operations warned that strict capital rationing could constrain opportunistic component sourcing in Asia; Executive management authorized the financial allocation under disciplined risk parameters."
AAPL-2025Q2-0076,Apple Inc.,2025-05-01,quarterly_filings/2025_Q2.pdf,https://www.sec.gov/ix?doc=/Archives/edgar/data/0000320193/000032019325000058/aapl-20250329.htm,Item 2. Management's Discussion and Analysis - Liquidity and Capital Resources,Disclosure Context (2025Q2): Trigger: 'Buyback + dividend executed'. Management Action: 'Reconfirm Capital Return Guidance'. Scope: 'Apple corporate treasury and financial planning leadership approved strategic capital parameters regarding Reconfirm Capital ...'. Rationale: 'Signals stability amid volatility. This balanced financial management approach optimizes risk-adjusted re...'.,Reconfirm Capital Return Guidance,"Apple corporate treasury and financial planning leadership approved strategic capital parameters regarding Reconfirm Capital Return Guidance. The finance committee established strict cash deployment guidelines to preserve liquidity buffers, optimize portfolio risk-adjusted yields, and execute Board-authorized share repurchases under Rule 10b5-1 programs.",Maintain,maintain,Signals stability amid volatility. This balanced financial management approach optimizes risk-adjusted returns on invested capital while preserving financial flexibility for multi-year strategic technology investments.,"[{""name"": ""Buyback"", ""value"": ""$100B"", ""unit"": ""USD"", ""observed_on"": ""2025-05-01""}, {""name"": ""Dividend"", ""value"": ""$0.26"", ""unit"": ""USD"", ""observed_on"": ""2025-05-01""}]",Finance,reported,"{finance,maintain}",Legal;Operations,"Regarding Reconfirm Capital Return Guidance, Ops focused on reinvestment balance; Finance insisted on preserving balance sheet liquidity reserves and maintaining target return on invested capital; Operations warned that strict capital rationing could constrain opportunistic component sourcing in Asia; Executive management authorized the financial allocation under disciplined risk parameters."
AAPL-2025Q2-0077,Apple Inc.,2025-05-01,quarterly_filings/2025_Q2.pdf,https://www.sec.gov/ix?doc=/Archives/edgar/data/0000320193/000032019325000058/aapl-20250329.htm,Item 2. Management's Discussion and Analysis - Liquidity and Capital Resources,Disclosure Context (2025Q2): Trigger: 'Services GM significantly higher than Products'. Management Action: 'Reallocate Capex Toward High-Margin Services'. Scope: 'Apple corporate treasury and financial planning leadership approved strategic capital parameters regarding Reallocate Capex T...'. Rationale: 'Aligns capital with 75.7% margin segment. This balanced financial management approach optimizes risk-adju...'.,Reallocate Capex Toward High-Margin Services,"Apple corporate treasury and financial planning leadership approved strategic capital parameters regarding Reallocate Capex Toward High-Margin Services. The finance committee established strict cash deployment guidelines to preserve liquidity buffers, optimize portfolio risk-adjusted yields, and execute Board-authorized share repurchases under Rule 10b5-1 programs.",Shift 5%,maintain,Aligns capital with 75.7% margin segment. This balanced financial management approach optimizes risk-adjusted returns on invested capital while preserving financial flexibility for multi-year strategic technology investments.,"[{""name"": ""Services_GM"", ""value"": ""75.7%"", ""unit"": ""percentage"", ""observed_on"": ""2025-05-01""}, {""name"": ""GM_Total"", ""value"": ""47.1%"", ""unit"": ""percentage"", ""observed_on"": ""2025-05-01""}]",Finance,reported,"{finance,maintain}",Operations;R&D,"Regarding Reallocate Capex Toward High-Margin Services, Ops worried about product throughput constraints; Finance insisted on preserving balance sheet liquidity reserves and maintaining target return on invested capital; Operations warned that strict capital rationing could constrain opportunistic component sourcing in Asia; Executive management authorized the financial allocation under disciplined risk parameters."
AAPL-2025Q2-0078,Apple Inc.,2025-05-01,quarterly_filings/2025_Q2.pdf,https://www.sec.gov/ix?doc=/Archives/edgar/data/0000320193/000032019325000058/aapl-20250329.htm,Item 2. Management's Discussion and Analysis - Liquidity and Capital Resources,Disclosure Context (2025Q2): Trigger: 'Currency volatility impacting Europe revenue'. Management Action: 'Enhance FX Risk Reporting Frequency'. Scope: 'Apple corporate treasury and financial planning leadership approved strategic capital parameters regarding Enhance FX Risk Re...'. Rationale: 'Improves responsiveness to currency swings. This balanced financial management approach optimizes risk-ad...'.,Enhance FX Risk Reporting Frequency,"Apple corporate treasury and financial planning leadership approved strategic capital parameters regarding Enhance FX Risk Reporting Frequency. The finance committee established strict cash deployment guidelines to preserve liquidity buffers, optimize portfolio risk-adjusted yields, and execute Board-authorized share repurchases under Rule 10b5-1 programs.",Bi-weekly,maintain,Improves responsiveness to currency swings. This balanced financial management approach optimizes risk-adjusted returns on invested capital while preserving financial flexibility for multi-year strategic technology investments.,"[{""name"": ""FX_Volatility"", ""value"": ""+High"", ""unit"": ""metric"", ""observed_on"": ""2025-05-01""}, {""name"": ""Revenue"", ""value"": ""+5%"", ""unit"": ""percentage"", ""observed_on"": ""2025-05-01""}]",Finance,reported,"{finance,maintain}",Operations;Legal,"Regarding Enhance FX Risk Reporting Frequency, Ops neutral on reporting cadence; Finance insisted on preserving balance sheet liquidity reserves and maintaining target return on invested capital; Operations warned that strict capital rationing could constrain opportunistic component sourcing in Asia; Executive management authorized the financial allocation under disciplined risk parameters."
AAPL-2025Q2-0079,Apple Inc.,2025-05-01,quarterly_filings/2025_Q2.pdf,https://www.sec.gov/ix?doc=/Archives/edgar/data/0000320193/000032019325000058/aapl-20250329.htm,Item 2. Management's Discussion and Analysis - Liquidity and Capital Resources,Disclosure Context (2025Q2): Trigger: 'Dividend increased to $0.26'. Management Action: 'Optimize Dividend Coverage Ratio'. Scope: 'Apple corporate treasury and financial planning leadership approved strategic capital parameters regarding Optimize Dividend ...'. Rationale: 'OCF supports payout despite macro risks. This balanced financial management approach optimizes risk-adjus...'.,Optimize Dividend Coverage Ratio,"Apple corporate treasury and financial planning leadership approved strategic capital parameters regarding Optimize Dividend Coverage Ratio. The finance committee established strict cash deployment guidelines to preserve liquidity buffers, optimize portfolio risk-adjusted yields, and execute Board-authorized share repurchases under Rule 10b5-1 programs.",Maintain,revise,OCF supports payout despite macro risks. This balanced financial management approach optimizes risk-adjusted returns on invested capital while preserving financial flexibility for multi-year strategic technology investments.,"[{""name"": ""OCF_6M"", ""value"": ""$53.9B"", ""unit"": ""USD"", ""observed_on"": ""2025-05-01""}, {""name"": ""Dividend"", ""value"": ""$0.26"", ""unit"": ""USD"", ""observed_on"": ""2025-05-01""}]",Finance,reported,"{finance,revise}",Legal,"Regarding Optimize Dividend Coverage Ratio, Minimal resistance; Finance insisted on preserving balance sheet liquidity reserves and maintaining target return on invested capital; Operations warned that strict capital rationing could constrain opportunistic component sourcing in Asia; Executive management authorized the financial allocation under disciplined risk parameters."
AAPL-2025Q2-0080,Apple Inc.,2025-05-01,quarterly_filings/2025_Q2.pdf,https://www.sec.gov/ix?doc=/Archives/edgar/data/0000320193/000032019325000058/aapl-20250329.htm,Item 2. Management's Discussion and Analysis - Liquidity and Capital Resources,Disclosure Context (2025Q2): Trigger: 'Services marketing spend increased'. Management Action: 'Reassess Services Marketing ROI'. Scope: 'Apple corporate treasury and financial planning leadership approved strategic capital parameters regarding Reassess Services ...'. Rationale: 'Focuses capital on high-margin growth. This balanced financial management approach optimizes risk-adjuste...'.,Reassess Services Marketing ROI,"Apple corporate treasury and financial planning leadership approved strategic capital parameters regarding Reassess Services Marketing ROI. The finance committee established strict cash deployment guidelines to preserve liquidity buffers, optimize portfolio risk-adjusted yields, and execute Board-authorized share repurchases under Rule 10b5-1 programs.",Cut low ROI,investigate,Focuses capital on high-margin growth. This balanced financial management approach optimizes risk-adjusted returns on invested capital while preserving financial flexibility for multi-year strategic technology investments.,"[{""name"": ""Services"", ""value"": ""+12%"", ""unit"": ""percentage"", ""observed_on"": ""2025-05-01""}, {""name"": ""Marketing"", ""value"": ""+8%"", ""unit"": ""percentage"", ""observed_on"": ""2025-05-01""}]",Finance,reported,"{finance,investigate}",Operations,"Regarding Reassess Services Marketing ROI, Ops favored aggressive expansion; Finance insisted on preserving balance sheet liquidity reserves and maintaining target return on invested capital; Operations warned that strict capital rationing could constrain opportunistic component sourcing in Asia; Executive management authorized the financial allocation under disciplined risk parameters."
AAPL-2025Q2-0081,Apple Inc.,2025-05-01,quarterly_filings/2025_Q2.pdf,https://www.sec.gov/ix?doc=/Archives/edgar/data/0000320193/000032019325000058/aapl-20250329.htm,Item 2. Management's Discussion and Analysis - Liquidity and Capital Resources,Disclosure Context (2025Q2): Trigger: 'Cash $28.1B'. Management Action: 'Rebalance Short-Term Investments Portfolio'. Scope: 'Apple corporate treasury and financial planning leadership approved strategic capital parameters regarding Rebalance Short-Te...'. Rationale: 'Preserves safety amid tariff uncertainty. This balanced financial management approach optimizes risk-adju...'.,Rebalance Short-Term Investments Portfolio,"Apple corporate treasury and financial planning leadership approved strategic capital parameters regarding Rebalance Short-Term Investments Portfolio. The finance committee established strict cash deployment guidelines to preserve liquidity buffers, optimize portfolio risk-adjusted yields, and execute Board-authorized share repurchases under Rule 10b5-1 programs.",Increase treasuries,revise,Preserves safety amid tariff uncertainty. This balanced financial management approach optimizes risk-adjusted returns on invested capital while preserving financial flexibility for multi-year strategic technology investments.,"[{""name"": ""Cash"", ""value"": ""$28.1B"", ""unit"": ""USD"", ""observed_on"": ""2025-05-01""}, {""name"": ""Rate"", ""value"": ""Elevated"", ""unit"": ""metric"", ""observed_on"": ""2025-05-01""}]",Finance,reported,"{finance,revise}",Legal,"Regarding Rebalance Short-Term Investments Portfolio, Legal reviewed compliance; Finance insisted on preserving balance sheet liquidity reserves and maintaining target return on invested capital; Operations warned that strict capital rationing could constrain opportunistic component sourcing in Asia; Executive management authorized the financial allocation under disciplined risk parameters."
AAPL-2025Q2-0082,Apple Inc.,2025-05-01,quarterly_filings/2025_Q2.pdf,https://www.sec.gov/ix?doc=/Archives/edgar/data/0000320193/000032019325000058/aapl-20250329.htm,Item 2. Management's Discussion and Analysis - Liquidity and Capital Resources,Disclosure Context (2025Q2): Trigger: 'Subscription base expanding'. Management Action: 'Refine Services Churn Forecast Model'. Scope: 'Apple corporate treasury and financial planning leadership approved strategic capital parameters regarding Refine Services Ch...'. Rationale: 'Improves retention forecasting accuracy. This balanced financial management approach optimizes risk-adjus...'.,Refine Services Churn Forecast Model,"Apple corporate treasury and financial planning leadership approved strategic capital parameters regarding Refine Services Churn Forecast Model. The finance committee established strict cash deployment guidelines to preserve liquidity buffers, optimize portfolio risk-adjusted yields, and execute Board-authorized share repurchases under Rule 10b5-1 programs.",Update model,maintain,Improves retention forecasting accuracy. This balanced financial management approach optimizes risk-adjusted returns on invested capital while preserving financial flexibility for multi-year strategic technology investments.,"[{""name"": ""Services"", ""value"": ""+12%"", ""unit"": ""percentage"", ""observed_on"": ""2025-05-01""}, {""name"": ""Churn"", ""value"": ""-1.2%"", ""unit"": ""percentage"", ""observed_on"": ""2025-05-01""}]",Finance,reported,"{finance,maintain}",Operations,"Regarding Refine Services Churn Forecast Model, Ops aligned on metrics; Finance insisted on preserving balance sheet liquidity reserves and maintaining target return on invested capital; Operations warned that strict capital rationing could constrain opportunistic component sourcing in Asia; Executive management authorized the financial allocation under disciplined risk parameters."
AAPL-2025Q2-0083,Apple Inc.,2025-05-01,quarterly_filings/2025_Q2.pdf,https://www.sec.gov/ix?doc=/Archives/edgar/data/0000320193/000032019325000058/aapl-20250329.htm,Item 2. Management's Discussion and Analysis - Liquidity and Capital Resources,Disclosure Context (2025Q2): Trigger: 'Services GM 75.7%'. Management Action: 'Enhance Services Revenue Mix Reporting'. Scope: 'Apple corporate treasury and financial planning leadership approved strategic capital parameters regarding Enhance Services R...'. Rationale: 'Supports valuation narrative. This balanced financial management approach optimizes risk-adjusted returns...'.,Enhance Services Revenue Mix Reporting,"Apple corporate treasury and financial planning leadership approved strategic capital parameters regarding Enhance Services Revenue Mix Reporting. The finance committee established strict cash deployment guidelines to preserve liquidity buffers, optimize portfolio risk-adjusted yields, and execute Board-authorized share repurchases under Rule 10b5-1 programs.",Expanded detail,maintain,Supports valuation narrative. This balanced financial management approach optimizes risk-adjusted returns on invested capital while preserving financial flexibility for multi-year strategic technology investments.,"[{""name"": ""Services_GM"", ""value"": ""75.7%"", ""unit"": ""percentage"", ""observed_on"": ""2025-05-01""}]",Finance,reported,"{finance,maintain}",Legal,"Regarding Enhance Services Revenue Mix Reporting, Legal reviewed disclosure language; Finance insisted on preserving balance sheet liquidity reserves and maintaining target return on invested capital; Operations warned that strict capital rationing could constrain opportunistic component sourcing in Asia; Executive management authorized the financial allocation under disciplined risk parameters."
AAPL-2025Q2-0084,Apple Inc.,2025-05-01,quarterly_filings/2025_Q2.pdf,https://www.sec.gov/ix?doc=/Archives/edgar/data/0000320193/000032019325000058/aapl-20250329.htm,Item 2. Management's Discussion and Analysis - Liquidity and Capital Resources,Disclosure Context (2025Q2): Trigger: 'EUR volatility'. Management Action: 'Adjust FX Hedging Ratio for Euro Exposure'. Scope: 'Apple corporate treasury and financial planning leadership approved strategic capital parameters regarding Adjust FX Hedging ...'. Rationale: 'Protects margin predictability. This balanced financial management approach optimizes risk-adjusted retur...'.,Adjust FX Hedging Ratio for Euro Exposure,"Apple corporate treasury and financial planning leadership approved strategic capital parameters regarding Adjust FX Hedging Ratio for Euro Exposure. The finance committee established strict cash deployment guidelines to preserve liquidity buffers, optimize portfolio risk-adjusted yields, and execute Board-authorized share repurchases under Rule 10b5-1 programs.",+5%,revise,Protects margin predictability. This balanced financial management approach optimizes risk-adjusted returns on invested capital while preserving financial flexibility for multi-year strategic technology investments.,"[{""name"": ""EUR_Volatility"", ""value"": ""+12%"", ""unit"": ""percentage"", ""observed_on"": ""2025-05-01""}]",Finance,reported,"{finance,revise}",Legal,"Regarding Adjust FX Hedging Ratio for Euro Exposure, Ops neutral; Finance insisted on preserving balance sheet liquidity reserves and maintaining target return on invested capital; Operations warned that strict capital rationing could constrain opportunistic component sourcing in Asia; Executive management authorized the financial allocation under disciplined risk parameters."
AAPL-2025Q2-0085,Apple Inc.,2025-05-01,quarterly_filings/2025_Q2.pdf,https://www.sec.gov/ix?doc=/Archives/edgar/data/0000320193/000032019325000058/aapl-20250329.htm,Item 2. Management's Discussion and Analysis - Liquidity and Capital Resources,Disclosure Context (2025Q2): Trigger: 'ARPU growth stabilizing'. Management Action: 'Reassess Long-Term Services Pricing Elasticity'. Scope: 'Apple corporate treasury and financial planning leadership approved strategic capital parameters regarding Reassess Long-Term...'. Rationale: 'Prepares for future adjustments. This balanced financial management approach optimizes risk-adjusted retu...'.,Reassess Long-Term Services Pricing Elasticity,"Apple corporate treasury and financial planning leadership approved strategic capital parameters regarding Reassess Long-Term Services Pricing Elasticity. The finance committee established strict cash deployment guidelines to preserve liquidity buffers, optimize portfolio risk-adjusted yields, and execute Board-authorized share repurchases under Rule 10b5-1 programs.",Study,investigate,Prepares for future adjustments. This balanced financial management approach optimizes risk-adjusted returns on invested capital while preserving financial flexibility for multi-year strategic technology investments.,"[{""name"": ""ARPU"", ""value"": ""+2%"", ""unit"": ""percentage"", ""observed_on"": ""2025-05-01""}]",Finance,reported,"{finance,investigate}",Operations;Legal,"Regarding Reassess Long-Term Services Pricing Elasticity, Legal ensured compliance review; Finance insisted on preserving balance sheet liquidity reserves and maintaining target return on invested capital; Operations warned that strict capital rationing could constrain opportunistic component sourcing in Asia; Executive management authorized the financial allocation under disciplined risk parameters."
AAPL-2025Q2-0086,Apple Inc.,2025-05-01,quarterly_filings/2025_Q2.pdf,https://www.sec.gov/ix?doc=/Archives/edgar/data/0000320193/000032019325000058/aapl-20250329.htm,Item 2. Management's Discussion and Analysis - Liquidity and Capital Resources,Disclosure Context (2025Q2): Trigger: 'OCF $53.9B first half'. Management Action: 'Enhance Cash Flow Scenario Forecasting'. Scope: 'Apple corporate treasury and financial planning leadership approved strategic capital parameters regarding Enhance Cash Flow ...'. Rationale: 'Improves resilience planning. This balanced financial management approach optimizes risk-adjusted returns...'.,Enhance Cash Flow Scenario Forecasting,"Apple corporate treasury and financial planning leadership approved strategic capital parameters regarding Enhance Cash Flow Scenario Forecasting. The finance committee established strict cash deployment guidelines to preserve liquidity buffers, optimize portfolio risk-adjusted yields, and execute Board-authorized share repurchases under Rule 10b5-1 programs.",Expand,maintain,Improves resilience planning. This balanced financial management approach optimizes risk-adjusted returns on invested capital while preserving financial flexibility for multi-year strategic technology investments.,"[{""name"": ""OCF"", ""value"": ""$53.9B"", ""unit"": ""USD"", ""observed_on"": ""2025-05-01""}]",Finance,reported,"{finance,maintain}",Operations;Legal,"Regarding Enhance Cash Flow Scenario Forecasting, Minimal resistance; Finance insisted on preserving balance sheet liquidity reserves and maintaining target return on invested capital; Operations warned that strict capital rationing could constrain opportunistic component sourcing in Asia; Executive management authorized the financial allocation under disciplined risk parameters."
AAPL-2025Q2-0087,Apple Inc.,2025-05-01,quarterly_filings/2025_Q2.pdf,https://www.sec.gov/ix?doc=/Archives/edgar/data/0000320193/000032019325000058/aapl-20250329.htm,Item 2. Management's Discussion and Analysis - Liquidity and Capital Resources,"Disclosure Context (2025Q2): Trigger: 'Revenue +5%, EPS +8%'. Management Action: 'Reaffirm Long-Term Capital Allocation Mix'. Scope: 'Apple corporate treasury and financial planning leadership approved strategic capital parameters regarding Reaffirm Long-Term...'. Rationale: 'Signals disciplined capital strategy. This balanced financial management approach optimizes risk-adjusted...'.",Reaffirm Long-Term Capital Allocation Mix,"Apple corporate treasury and financial planning leadership approved strategic capital parameters regarding Reaffirm Long-Term Capital Allocation Mix. The finance committee established strict cash deployment guidelines to preserve liquidity buffers, optimize portfolio risk-adjusted yields, and execute Board-authorized share repurchases under Rule 10b5-1 programs.",Maintain,maintain,Signals disciplined capital strategy. This balanced financial management approach optimizes risk-adjusted returns on invested capital while preserving financial flexibility for multi-year strategic technology investments.,"[{""name"": ""Revenue"", ""value"": ""+5%"", ""unit"": ""percentage"", ""observed_on"": ""2025-05-01""}, {""name"": ""EPS"", ""value"": ""+8%"", ""unit"": ""percentage"", ""observed_on"": ""2025-05-01""}]",Finance,reported,"{finance,maintain}",Operations;Legal,"Regarding Reaffirm Long-Term Capital Allocation Mix, Ops favored more reinvestment; Finance insisted on preserving balance sheet liquidity reserves and maintaining target return on invested capital; Operations warned that strict capital rationing could constrain opportunistic component sourcing in Asia; Executive management authorized the financial allocation under disciplined risk parameters."
AAPL-2025Q2-0088,Apple Inc.,2025-05-01,quarterly_filings/2025_Q2.pdf,https://www.sec.gov/ix?doc=/Archives/edgar/data/0000320193/000032019325000058/aapl-20250329.htm,Item 2. Management's Discussion and Analysis - Liquidity and Capital Resources,Disclosure Context (2025Q2): Trigger: 'Foreign exchange volatility and cross-currency swap rate spreads widened by 18 bps'. Management Action: 'Restructure Short-Term Liquidity Allocation Tranche 1 for Treasury Hedging in 2025Q2'. Scope: 'Authorize Apple Treasury to allocate $1.2B into euro and yen-denominated short-term government securities and interest rate s...'. Rationale: 'Protects cash yield against foreign exchange swings while ensuring compliance with Board-authorized liqui...'.,Restructure Short-Term Liquidity Allocation Tranche 1 for Treasury Hedging in 2025Q2,Authorize Apple Treasury to allocate $1.2B into euro and yen-denominated short-term government securities and interest rate swaps to optimize cash yield while maintaining liquidity reserves for quarterly operating expenses and dividend obligations.,Trade-in boost,revise,Protects cash yield against foreign exchange swings while ensuring compliance with Board-authorized liquidity investment risk parameters.,"[{""name"": ""FX_Spread"", ""value"": ""+18bps"", ""unit"": ""metric"", ""observed_on"": ""2025-05-01""}, {""name"": ""Treasury_Yield"", ""value"": ""4.4%"", ""unit"": ""percentage"", ""observed_on"": ""2025-05-01""}, {""name"": ""Allocated_Cash"", ""value"": ""$1.2B"", ""unit"": ""USD"", ""observed_on"": ""2025-05-01""}]",Finance,reported,"{finance,revise}",Operations;Legal,"Regarding Restructure Short-Term Liquidity Allocation Tranche 1 for Treasury Hedging in 2025Q2, Finance prioritized preserving capital yield in commercial paper and high-grade sovereign debt; Operations warned that excessive cash lock-in could constrain opportunistic spot component purchases in Asia; Executive management approved the liquidity tranche with 30-day redeployment triggers; Finance insisted on preserving balance sheet liquidity reserves and maintaining target return on invested capital; Operations warned that strict capital rationing could constrain opportunistic component sourcing in Asia; Executive management authorized the financial allocation under disciplined risk parameters."
AAPL-2025Q2-0089,Apple Inc.,2025-05-01,quarterly_filings/2025_Q2.pdf,https://www.sec.gov/ix?doc=/Archives/edgar/data/0000320193/000032019325000058/aapl-20250329.htm,Item 2. Management's Discussion and Analysis - Liquidity and Capital Resources,Disclosure Context (2025Q2): Trigger: 'Foreign exchange volatility and cross-currency swap rate spreads widened by 22 bps'. Management Action: 'Restructure Short-Term Liquidity Allocation Tranche 2 for Treasury Hedging in 2025Q2'. Scope: 'Authorize Apple Treasury to allocate $1.6B into euro and yen-denominated short-term government securities and interest rate s...'. Rationale: 'Protects cash yield against foreign exchange swings while ensuring compliance with Board-authorized liqui...'.,Restructure Short-Term Liquidity Allocation Tranche 2 for Treasury Hedging in 2025Q2,Authorize Apple Treasury to allocate $1.6B into euro and yen-denominated short-term government securities and interest rate swaps to optimize cash yield while maintaining liquidity reserves for quarterly operating expenses and dividend obligations.,Balanced pacing,revise,Protects cash yield against foreign exchange swings while ensuring compliance with Board-authorized liquidity investment risk parameters.,"[{""name"": ""FX_Spread"", ""value"": ""+22bps"", ""unit"": ""metric"", ""observed_on"": ""2025-05-01""}, {""name"": ""Treasury_Yield"", ""value"": ""4.5%"", ""unit"": ""percentage"", ""observed_on"": ""2025-05-01""}, {""name"": ""Allocated_Cash"", ""value"": ""$1.6B"", ""unit"": ""USD"", ""observed_on"": ""2025-05-01""}]",Finance,reported,"{finance,revise}",Operations;Legal,"Regarding Restructure Short-Term Liquidity Allocation Tranche 2 for Treasury Hedging in 2025Q2, Finance prioritized preserving capital yield in commercial paper and high-grade sovereign debt; Operations warned that excessive cash lock-in could constrain opportunistic spot component purchases in Asia; Executive management approved the liquidity tranche with 30-day redeployment triggers; Finance insisted on preserving balance sheet liquidity reserves and maintaining target return on invested capital; Operations warned that strict capital rationing could constrain opportunistic component sourcing in Asia; Executive management authorized the financial allocation under disciplined risk parameters."
AAPL-2025Q2-0090,Apple Inc.,2025-05-01,quarterly_filings/2025_Q2.pdf,https://www.sec.gov/ix?doc=/Archives/edgar/data/0000320193/000032019325000058/aapl-20250329.htm,Item 2. Management's Discussion and Analysis - Liquidity and Capital Resources,Disclosure Context (2025Q2): Trigger: 'Foreign exchange volatility and cross-currency swap rate spreads widened by 26 bps'. Management Action: 'Restructure Short-Term Liquidity Allocation Tranche 3 for Treasury Hedging in 2025Q2'. Scope: 'Authorize Apple Treasury to allocate $2.0B into euro and yen-denominated short-term government securities and interest rate s...'. Rationale: 'Protects cash yield against foreign exchange swings while ensuring compliance with Board-authorized liqui...'.,Restructure Short-Term Liquidity Allocation Tranche 3 for Treasury Hedging in 2025Q2,Authorize Apple Treasury to allocate $2.0B into euro and yen-denominated short-term government securities and interest rate swaps to optimize cash yield while maintaining liquidity reserves for quarterly operating expenses and dividend obligations.,Increase 4%,revise,Protects cash yield against foreign exchange swings while ensuring compliance with Board-authorized liquidity investment risk parameters.,"[{""name"": ""FX_Spread"", ""value"": ""+26bps"", ""unit"": ""metric"", ""observed_on"": ""2025-05-01""}, {""name"": ""Treasury_Yield"", ""value"": ""4.6%"", ""unit"": ""percentage"", ""observed_on"": ""2025-05-01""}, {""name"": ""Allocated_Cash"", ""value"": ""$2.0B"", ""unit"": ""USD"", ""observed_on"": ""2025-05-01""}]",Finance,reported,"{finance,revise}",Operations;Legal,"Regarding Restructure Short-Term Liquidity Allocation Tranche 3 for Treasury Hedging in 2025Q2, Finance prioritized preserving capital yield in commercial paper and high-grade sovereign debt; Operations warned that excessive cash lock-in could constrain opportunistic spot component purchases in Asia; Executive management approved the liquidity tranche with 30-day redeployment triggers; Finance insisted on preserving balance sheet liquidity reserves and maintaining target return on invested capital; Operations warned that strict capital rationing could constrain opportunistic component sourcing in Asia; Executive management authorized the financial allocation under disciplined risk parameters."
AAPL-2025Q2-0091,Apple Inc.,2025-05-01,quarterly_filings/2025_Q2.pdf,https://www.sec.gov/ix?doc=/Archives/edgar/data/0000320193/000032019325000058/aapl-20250329.htm,Item 2. Management's Discussion and Analysis - Research and Development,Disclosure Context (2025Q2): Trigger: 'Wearables revenue declined 5% YoY'. Management Action: 'Accelerate Wearables Refresh Cycle'. Scope: 'Apple hardware and software engineering teams allocated dedicated resources toward Accelerate Wearables Refresh Cycle. Senior...'. Rationale: 'Revives weakest segment while reinforcing ecosystem engagement. This technical focus accelerates core sof...'.,Accelerate Wearables Refresh Cycle,"Apple hardware and software engineering teams allocated dedicated resources toward Accelerate Wearables Refresh Cycle. Senior engineering directors aligned silicon architecture sprints, OS firmware integration milestones, and multi-tier regression test suites to guarantee thermal efficiency, on-device ML speed, and ecosystem reliability.",Accelerate redesign,expand,"Revives weakest segment while reinforcing ecosystem engagement. This technical focus accelerates core software delivery milestones, reinforces Apple Silicon architectural leadership, and deepens user retention across the active installed base.","[{""name"": ""Wearables"", ""value"": ""-5%"", ""unit"": ""percentage"", ""observed_on"": ""2025-05-01""}, {""name"": ""Services"", ""value"": ""+12%"", ""unit"": ""percentage"", ""observed_on"": ""2025-05-01""}]",R&D,reported,"{r&d,expand}",Operations;Finance,"In evaluating Accelerate Wearables Refresh Cycle, Finance concerned about R&D cost spike; R&D emphasized strategic relevance; R&D engineering prioritized aggressive feature integration and on-device model capability milestones; Operations raised concerns regarding factory test cycle duration and thermal yields; Executive leadership approved the technical roadmap with phased milestone gating."
AAPL-2025Q2-0092,Apple Inc.,2025-05-01,quarterly_filings/2025_Q2.pdf,https://www.sec.gov/ix?doc=/Archives/edgar/data/0000320193/000032019325000058/aapl-20250329.htm,Item 2. Management's Discussion and Analysis - Research and Development,Disclosure Context (2025Q2): Trigger: 'iPad growth +15%'. Management Action: 'Optimize iPad Chip Power Efficiency'. Scope: 'Apple hardware and software engineering teams allocated dedicated resources toward Optimize iPad Chip Power Efficiency. Senio...'. Rationale: 'Enhances lifecycle without cost surge. This technical focus accelerates core software delivery milestones...'.,Optimize iPad Chip Power Efficiency,"Apple hardware and software engineering teams allocated dedicated resources toward Optimize iPad Chip Power Efficiency. Senior engineering directors aligned silicon architecture sprints, OS firmware integration milestones, and multi-tier regression test suites to guarantee thermal efficiency, on-device ML speed, and ecosystem reliability.",Minor,revise,"Enhances lifecycle without cost surge. This technical focus accelerates core software delivery milestones, reinforces Apple Silicon architectural leadership, and deepens user retention across the active installed base.","[{""name"": ""iPad"", ""value"": ""+15%"", ""unit"": ""percentage"", ""observed_on"": ""2025-05-01""}]",R&D,reported,"{r&d,revise}",Finance;Operations,"In evaluating Optimize iPad Chip Power Efficiency, Finance limits R&D spend; R&D engineering prioritized aggressive feature integration and on-device model capability milestones; Operations raised concerns regarding factory test cycle duration and thermal yields; Executive leadership approved the technical roadmap with phased milestone gating."
AAPL-2025Q2-0093,Apple Inc.,2025-05-01,quarterly_filings/2025_Q2.pdf,https://www.sec.gov/ix?doc=/Archives/edgar/data/0000320193/000032019325000058/aapl-20250329.htm,Item 2. Management's Discussion and Analysis - Research and Development,Disclosure Context (2025Q2): Trigger: 'Wearables -5%'. Management Action: 'Reduce Watch Battery Drain'. Scope: 'Apple hardware and software engineering teams allocated dedicated resources toward Reduce Watch Battery Drain. Senior enginee...'. Rationale: 'Improves satisfaction without hardware cost. This technical focus accelerates core software delivery mile...'.,Reduce Watch Battery Drain,"Apple hardware and software engineering teams allocated dedicated resources toward Reduce Watch Battery Drain. Senior engineering directors aligned silicon architecture sprints, OS firmware integration milestones, and multi-tier regression test suites to guarantee thermal efficiency, on-device ML speed, and ecosystem reliability.",Patch,reduce,"Improves satisfaction without hardware cost. This technical focus accelerates core software delivery milestones, reinforces Apple Silicon architectural leadership, and deepens user retention across the active installed base.","[{""name"": ""Wearables"", ""value"": ""-5%"", ""unit"": ""percentage"", ""observed_on"": ""2025-05-01""}]",R&D,reported,"{r&d,reduce}",Operations;Finance,"In evaluating Reduce Watch Battery Drain, Finance limited redesign budget; R&D engineering prioritized aggressive feature integration and on-device model capability milestones; Operations raised concerns regarding factory test cycle duration and thermal yields; Executive leadership approved the technical roadmap with phased milestone gating."
AAPL-2025Q2-0094,Apple Inc.,2025-05-01,quarterly_filings/2025_Q2.pdf,https://www.sec.gov/ix?doc=/Archives/edgar/data/0000320193/000032019325000058/aapl-20250329.htm,Item 2. Management's Discussion and Analysis - Research and Development,Disclosure Context (2025Q2): Trigger: 'iPad +15% demand'. Management Action: 'Improve iPad Display Calibration'. Scope: 'Apple hardware and software engineering teams allocated dedicated resources toward Improve iPad Display Calibration. Senior e...'. Rationale: 'Improves customer satisfaction at low cost. This technical focus accelerates core software delivery miles...'.,Improve iPad Display Calibration,"Apple hardware and software engineering teams allocated dedicated resources toward Improve iPad Display Calibration. Senior engineering directors aligned silicon architecture sprints, OS firmware integration milestones, and multi-tier regression test suites to guarantee thermal efficiency, on-device ML speed, and ecosystem reliability.",Minor tweak,maintain,"Improves customer satisfaction at low cost. This technical focus accelerates core software delivery milestones, reinforces Apple Silicon architectural leadership, and deepens user retention across the active installed base.","[{""name"": ""iPad"", ""value"": ""+15%"", ""unit"": ""percentage"", ""observed_on"": ""2025-05-01""}, {""name"": ""Returns"", ""value"": ""-0.6%"", ""unit"": ""percentage"", ""observed_on"": ""2025-05-01""}]",R&D,reported,"{r&d,maintain}",Operations,"In evaluating Improve iPad Display Calibration, Finance avoided full overhaul; R&D engineering prioritized aggressive feature integration and on-device model capability milestones; Operations raised concerns regarding factory test cycle duration and thermal yields; Executive leadership approved the technical roadmap with phased milestone gating."
AAPL-2025Q2-0095,Apple Inc.,2025-05-01,quarterly_filings/2025_Q2.pdf,https://www.sec.gov/ix?doc=/Archives/edgar/data/0000320193/000032019325000058/aapl-20250329.htm,Item 2. Management's Discussion and Analysis - Research and Development,"Disclosure Context (2025Q2): Trigger: 'Mac +7% growth'. Management Action: 'Optimize Mac SSD Firmware Reliability'. Scope: 'Apple hardware and software engineering teams allocated dedicated resources toward Optimize Mac SSD Firmware Reliability. Sen...'. Rationale: 'Prevents PR risk with minimal cost. This technical focus accelerates core software delivery milestones, r...'.",Optimize Mac SSD Firmware Reliability,"Apple hardware and software engineering teams allocated dedicated resources toward Optimize Mac SSD Firmware Reliability. Senior engineering directors aligned silicon architecture sprints, OS firmware integration milestones, and multi-tier regression test suites to guarantee thermal efficiency, on-device ML speed, and ecosystem reliability.",Patch,revise,"Prevents PR risk with minimal cost. This technical focus accelerates core software delivery milestones, reinforces Apple Silicon architectural leadership, and deepens user retention across the active installed base.","[{""name"": ""Mac"", ""value"": ""+7%"", ""unit"": ""percentage"", ""observed_on"": ""2025-05-01""}, {""name"": ""Error_Rate"", ""value"": ""0.3%"", ""unit"": ""percentage"", ""observed_on"": ""2025-05-01""}]",R&D,reported,"{r&d,revise}",Operations;Finance,"In evaluating Optimize Mac SSD Firmware Reliability, Finance avoided recall cost; R&D engineering prioritized aggressive feature integration and on-device model capability milestones; Operations raised concerns regarding factory test cycle duration and thermal yields; Executive leadership approved the technical roadmap with phased milestone gating."
AAPL-2025Q2-0096,Apple Inc.,2025-05-01,quarterly_filings/2025_Q2.pdf,https://www.sec.gov/ix?doc=/Archives/edgar/data/0000320193/000032019325000058/aapl-20250329.htm,Item 2. Management's Discussion and Analysis - Research and Development,"Disclosure Context (2025Q2): Trigger: 'Wearables -5%'. Management Action: 'Enhance Wearables Sleep Tracking Accuracy'. Scope: 'Apple hardware and software engineering teams allocated dedicated resources toward Enhance Wearables Sleep Tracking Accuracy....'. Rationale: 'Improves engagement without capex. This technical focus accelerates core software delivery milestones, re...'.",Enhance Wearables Sleep Tracking Accuracy,"Apple hardware and software engineering teams allocated dedicated resources toward Enhance Wearables Sleep Tracking Accuracy. Senior engineering directors aligned silicon architecture sprints, OS firmware integration milestones, and multi-tier regression test suites to guarantee thermal efficiency, on-device ML speed, and ecosystem reliability.",Patch,maintain,"Improves engagement without capex. This technical focus accelerates core software delivery milestones, reinforces Apple Silicon architectural leadership, and deepens user retention across the active installed base.","[{""name"": ""Wearables"", ""value"": ""-5%"", ""unit"": ""percentage"", ""observed_on"": ""2025-05-01""}, {""name"": ""Accuracy"", ""value"": ""+5%"", ""unit"": ""percentage"", ""observed_on"": ""2025-05-01""}]",R&D,reported,"{r&d,maintain}",Finance;Operations,"In evaluating Enhance Wearables Sleep Tracking Accuracy, Finance avoided hardware revamp; R&D engineering prioritized aggressive feature integration and on-device model capability milestones; Operations raised concerns regarding factory test cycle duration and thermal yields; Executive leadership approved the technical roadmap with phased milestone gating."
AAPL-2025Q2-0097,Apple Inc.,2025-05-01,quarterly_filings/2025_Q2.pdf,https://www.sec.gov/ix?doc=/Archives/edgar/data/0000320193/000032019325000058/aapl-20250329.htm,Item 2. Management's Discussion and Analysis - Research and Development,"Disclosure Context (2025Q2): Trigger: 'iPhone +2% growth'. Management Action: 'Optimize iPhone Thermal Throttling'. Scope: 'Apple hardware and software engineering teams allocated dedicated resources toward Optimize iPhone Thermal Throttling. Senior...'. Rationale: 'Improves reviews without BOM change. This technical focus accelerates core software delivery milestones, ...'.",Optimize iPhone Thermal Throttling,"Apple hardware and software engineering teams allocated dedicated resources toward Optimize iPhone Thermal Throttling. Senior engineering directors aligned silicon architecture sprints, OS firmware integration milestones, and multi-tier regression test suites to guarantee thermal efficiency, on-device ML speed, and ecosystem reliability.",Patch,revise,"Improves reviews without BOM change. This technical focus accelerates core software delivery milestones, reinforces Apple Silicon architectural leadership, and deepens user retention across the active installed base.","[{""name"": ""iPhone"", ""value"": ""+2%"", ""unit"": ""percentage"", ""observed_on"": ""2025-05-01""}]",R&D,reported,"{r&d,revise}",Operations;Finance,"In evaluating Optimize iPhone Thermal Throttling, Finance avoided hardware cost; R&D engineering prioritized aggressive feature integration and on-device model capability milestones; Operations raised concerns regarding factory test cycle duration and thermal yields; Executive leadership approved the technical roadmap with phased milestone gating."
AAPL-2025Q2-0098,Apple Inc.,2025-05-01,quarterly_filings/2025_Q2.pdf,https://www.sec.gov/ix?doc=/Archives/edgar/data/0000320193/000032019325000058/aapl-20250329.htm,Item 2. Management's Discussion and Analysis - Research and Development,"Disclosure Context (2025Q2): Trigger: 'Services growth increases fraud risk'. Management Action: 'Improve Services Fraud Detection'. Scope: 'Apple hardware and software engineering teams allocated dedicated resources toward Improve Services Fraud Detection. Senior e...'. Rationale: 'Protects high-margin revenue. This technical focus accelerates core software delivery milestones, reinfor...'.",Improve Services Fraud Detection,"Apple hardware and software engineering teams allocated dedicated resources toward Improve Services Fraud Detection. Senior engineering directors aligned silicon architecture sprints, OS firmware integration milestones, and multi-tier regression test suites to guarantee thermal efficiency, on-device ML speed, and ecosystem reliability.",Major,maintain,"Protects high-margin revenue. This technical focus accelerates core software delivery milestones, reinforces Apple Silicon architectural leadership, and deepens user retention across the active installed base.","[{""name"": ""Services_GM"", ""value"": ""75.7%"", ""unit"": ""percentage"", ""observed_on"": ""2025-05-01""}]",R&D,reported,"{r&d,maintain}",Finance;Legal,"In evaluating Improve Services Fraud Detection, Legal ensured due process safeguards; R&D engineering prioritized aggressive feature integration and on-device model capability milestones; Operations raised concerns regarding factory test cycle duration and thermal yields; Executive leadership approved the technical roadmap with phased milestone gating."
AAPL-2025Q2-0099,Apple Inc.,2025-05-01,quarterly_filings/2025_Q2.pdf,https://www.sec.gov/ix?doc=/Archives/edgar/data/0000320193/000032019325000058/aapl-20250329.htm,Item 2. Management's Discussion and Analysis - Research and Development,Disclosure Context (2025Q2): Trigger: 'iPad +15% growth'. Management Action: 'Enhance iPad Multitasking Performance'. Scope: 'Apple hardware and software engineering teams allocated dedicated resources toward Enhance iPad Multitasking Performance. Sen...'. Rationale: 'Improves user experience without BOM impact. This technical focus accelerates core software delivery mile...'.,Enhance iPad Multitasking Performance,"Apple hardware and software engineering teams allocated dedicated resources toward Enhance iPad Multitasking Performance. Senior engineering directors aligned silicon architecture sprints, OS firmware integration milestones, and multi-tier regression test suites to guarantee thermal efficiency, on-device ML speed, and ecosystem reliability.",Patch,maintain,"Improves user experience without BOM impact. This technical focus accelerates core software delivery milestones, reinforces Apple Silicon architectural leadership, and deepens user retention across the active installed base.","[{""name"": ""iPad"", ""value"": ""+15%"", ""unit"": ""percentage"", ""observed_on"": ""2025-05-01""}]",R&D,reported,"{r&d,maintain}",Operations;Finance,"In evaluating Enhance iPad Multitasking Performance, Finance avoided hardware redesign; R&D engineering prioritized aggressive feature integration and on-device model capability milestones; Operations raised concerns regarding factory test cycle duration and thermal yields; Executive leadership approved the technical roadmap with phased milestone gating."
AAPL-2025Q2-0100,Apple Inc.,2025-05-01,quarterly_filings/2025_Q2.pdf,https://www.sec.gov/ix?doc=/Archives/edgar/data/0000320193/000032019325000058/aapl-20250329.htm,Item 2. Management's Discussion and Analysis - Research and Development,Disclosure Context (2025Q2): Trigger: 'Mac +7% sales'. Management Action: 'Improve Mac Battery Efficiency'. Scope: 'Apple hardware and software engineering teams allocated dedicated resources toward Improve Mac Battery Efficiency. Senior eng...'. Rationale: 'Extends battery life without redesign cost. This technical focus accelerates core software delivery miles...'.,Improve Mac Battery Efficiency,"Apple hardware and software engineering teams allocated dedicated resources toward Improve Mac Battery Efficiency. Senior engineering directors aligned silicon architecture sprints, OS firmware integration milestones, and multi-tier regression test suites to guarantee thermal efficiency, on-device ML speed, and ecosystem reliability.",Patch,maintain,"Extends battery life without redesign cost. This technical focus accelerates core software delivery milestones, reinforces Apple Silicon architectural leadership, and deepens user retention across the active installed base.","[{""name"": ""Mac"", ""value"": ""+7%"", ""unit"": ""percentage"", ""observed_on"": ""2025-05-01""}, {""name"": ""Efficiency"", ""value"": ""+5%"", ""unit"": ""percentage"", ""observed_on"": ""2025-05-01""}]",R&D,reported,"{r&d,maintain}",Operations;Finance,"In evaluating Improve Mac Battery Efficiency, Finance avoided hardware retooling; R&D engineering prioritized aggressive feature integration and on-device model capability milestones; Operations raised concerns regarding factory test cycle duration and thermal yields; Executive leadership approved the technical roadmap with phased milestone gating."
AAPL-2025Q2-0101,Apple Inc.,2025-05-01,quarterly_filings/2025_Q2.pdf,https://www.sec.gov/ix?doc=/Archives/edgar/data/0000320193/000032019325000058/aapl-20250329.htm,Item 2. Management's Discussion and Analysis - Research and Development,Disclosure Context (2025Q2): Trigger: 'Wearables -5% revenue'. Management Action: 'Reduce Wearables Sensor Calibration Variance'. Scope: 'Apple hardware and software engineering teams allocated dedicated resources toward Reduce Wearables Sensor Calibration Varian...'. Rationale: 'Improves reliability without throughput loss. This technical focus accelerates core software delivery mil...'.,Reduce Wearables Sensor Calibration Variance,"Apple hardware and software engineering teams allocated dedicated resources toward Reduce Wearables Sensor Calibration Variance. Senior engineering directors aligned silicon architecture sprints, OS firmware integration milestones, and multi-tier regression test suites to guarantee thermal efficiency, on-device ML speed, and ecosystem reliability.",Minor adjust,reduce,"Improves reliability without throughput loss. This technical focus accelerates core software delivery milestones, reinforces Apple Silicon architectural leadership, and deepens user retention across the active installed base.","[{""name"": ""Wearables"", ""value"": ""-5%"", ""unit"": ""percentage"", ""observed_on"": ""2025-05-01""}]",R&D,reported,"{r&d,reduce}",Operations;Finance,"In evaluating Reduce Wearables Sensor Calibration Variance, Finance limited deeper overhaul; R&D engineering prioritized aggressive feature integration and on-device model capability milestones; Operations raised concerns regarding factory test cycle duration and thermal yields; Executive leadership approved the technical roadmap with phased milestone gating."
AAPL-2025Q2-0102,Apple Inc.,2025-05-01,quarterly_filings/2025_Q2.pdf,https://www.sec.gov/ix?doc=/Archives/edgar/data/0000320193/000032019325000058/aapl-20250329.htm,Item 2. Management's Discussion and Analysis - Research and Development,Disclosure Context (2025Q2): Trigger: 'Competitive pressure in premium segment'. Management Action: 'Improve iPhone Camera Low-Light Processing'. Scope: 'Apple hardware and software engineering teams allocated dedicated resources toward Improve iPhone Camera Low-Light Processing...'. Rationale: 'Enhances differentiation without BOM increase. This technical focus accelerates core software delivery mi...'.,Improve iPhone Camera Low-Light Processing,"Apple hardware and software engineering teams allocated dedicated resources toward Improve iPhone Camera Low-Light Processing. Senior engineering directors aligned silicon architecture sprints, OS firmware integration milestones, and multi-tier regression test suites to guarantee thermal efficiency, on-device ML speed, and ecosystem reliability.",Patch,maintain,"Enhances differentiation without BOM increase. This technical focus accelerates core software delivery milestones, reinforces Apple Silicon architectural leadership, and deepens user retention across the active installed base.","[{""name"": ""iPhone"", ""value"": ""+2%"", ""unit"": ""percentage"", ""observed_on"": ""2025-05-01""}, {""name"": ""Engagement"", ""value"": ""+3%"", ""unit"": ""percentage"", ""observed_on"": ""2025-05-01""}]",R&D,reported,"{r&d,maintain}",Finance;Operations,"In evaluating Improve iPhone Camera Low-Light Processing, Finance avoided hardware redesign; R&D engineering prioritized aggressive feature integration and on-device model capability milestones; Operations raised concerns regarding factory test cycle duration and thermal yields; Executive leadership approved the technical roadmap with phased milestone gating."
AAPL-2025Q2-0103,Apple Inc.,2025-05-01,quarterly_filings/2025_Q2.pdf,https://www.sec.gov/ix?doc=/Archives/edgar/data/0000320193/000032019325000058/aapl-20250329.htm,Item 2. Management's Discussion and Analysis - Research and Development,Disclosure Context (2025Q2): Trigger: 'Mac +7% growth'. Management Action: 'Enhance Mac Graphics Driver Stability'. Scope: 'Apple hardware and software engineering teams allocated dedicated resources toward Enhance Mac Graphics Driver Stability. Sen...'. Rationale: 'Improves reliability with minimal cost. This technical focus accelerates core software delivery milestone...'.,Enhance Mac Graphics Driver Stability,"Apple hardware and software engineering teams allocated dedicated resources toward Enhance Mac Graphics Driver Stability. Senior engineering directors aligned silicon architecture sprints, OS firmware integration milestones, and multi-tier regression test suites to guarantee thermal efficiency, on-device ML speed, and ecosystem reliability.",Patch,maintain,"Improves reliability with minimal cost. This technical focus accelerates core software delivery milestones, reinforces Apple Silicon architectural leadership, and deepens user retention across the active installed base.","[{""name"": ""Mac"", ""value"": ""+7%"", ""unit"": ""percentage"", ""observed_on"": ""2025-05-01""}, {""name"": ""Crash_Rate"", ""value"": ""-0.4%"", ""unit"": ""percentage"", ""observed_on"": ""2025-05-01""}]",R&D,reported,"{r&d,maintain}",Operations;Finance,"In evaluating Enhance Mac Graphics Driver Stability, Finance avoided recall cost; R&D engineering prioritized aggressive feature integration and on-device model capability milestones; Operations raised concerns regarding factory test cycle duration and thermal yields; Executive leadership approved the technical roadmap with phased milestone gating."
AAPL-2025Q2-0104,Apple Inc.,2025-05-01,quarterly_filings/2025_Q2.pdf,https://www.sec.gov/ix?doc=/Archives/edgar/data/0000320193/000032019325000058/aapl-20250329.htm,Item 2. Management's Discussion and Analysis - Research and Development,Disclosure Context (2025Q2): Trigger: 'Streaming traffic rising'. Management Action: 'Enhance Apple TV+ Streaming Compression'. Scope: 'Apple hardware and software engineering teams allocated dedicated resources toward Enhance Apple TV+ Streaming Compression. S...'. Rationale: 'Reduces infra cost while maintaining quality. This technical focus accelerates core software delivery mil...'.,Enhance Apple TV+ Streaming Compression,"Apple hardware and software engineering teams allocated dedicated resources toward Enhance Apple TV+ Streaming Compression. Senior engineering directors aligned silicon architecture sprints, OS firmware integration milestones, and multi-tier regression test suites to guarantee thermal efficiency, on-device ML speed, and ecosystem reliability.",Optimize,maintain,"Reduces infra cost while maintaining quality. This technical focus accelerates core software delivery milestones, reinforces Apple Silicon architectural leadership, and deepens user retention across the active installed base.","[{""name"": ""Services_GM"", ""value"": ""75.7%"", ""unit"": ""percentage"", ""observed_on"": ""2025-05-01""}]",R&D,reported,"{r&d,maintain}",Operations;Finance,"In evaluating Enhance Apple TV+ Streaming Compression, Finance supportive; R&D engineering prioritized aggressive feature integration and on-device model capability milestones; Operations raised concerns regarding factory test cycle duration and thermal yields; Executive leadership approved the technical roadmap with phased milestone gating."
AAPL-2025Q2-0105,Apple Inc.,2025-05-01,quarterly_filings/2025_Q2.pdf,https://www.sec.gov/ix?doc=/Archives/edgar/data/0000320193/000032019325000058/aapl-20250329.htm,Item 2. Management's Discussion and Analysis - Research and Development,"Disclosure Context (2025Q2): Trigger: 'Customer battery inquiries rising'. Management Action: 'Improve iPhone Battery Health Analytics'. Scope: 'Apple hardware and software engineering teams allocated dedicated resources toward Improve iPhone Battery Health Analytics. S...'. Rationale: 'Improves transparency and trust. This technical focus accelerates core software delivery milestones, rein...'.",Improve iPhone Battery Health Analytics,"Apple hardware and software engineering teams allocated dedicated resources toward Improve iPhone Battery Health Analytics. Senior engineering directors aligned silicon architecture sprints, OS firmware integration milestones, and multi-tier regression test suites to guarantee thermal efficiency, on-device ML speed, and ecosystem reliability.",Patch,maintain,"Improves transparency and trust. This technical focus accelerates core software delivery milestones, reinforces Apple Silicon architectural leadership, and deepens user retention across the active installed base.","[{""name"": ""iPhone"", ""value"": ""+2%"", ""unit"": ""percentage"", ""observed_on"": ""2025-05-01""}]",R&D,reported,"{r&d,maintain}",Operations;Finance,"In evaluating Improve iPhone Battery Health Analytics, Finance avoided hardware cost; R&D engineering prioritized aggressive feature integration and on-device model capability milestones; Operations raised concerns regarding factory test cycle duration and thermal yields; Executive leadership approved the technical roadmap with phased milestone gating."
AAPL-2025Q2-0106,Apple Inc.,2025-05-01,quarterly_filings/2025_Q2.pdf,https://www.sec.gov/ix?doc=/Archives/edgar/data/0000320193/000032019325000058/aapl-20250329.htm,Item 2. Management's Discussion and Analysis - Research and Development,"Disclosure Context (2025Q2): Trigger: 'User latency complaints'. Management Action: 'Optimize Siri Response Latency'. Scope: 'Apple hardware and software engineering teams allocated dedicated resources toward Optimize Siri Response Latency. Senior eng...'. Rationale: 'Enhances UX without cost spike. This technical focus accelerates core software delivery milestones, reinf...'.",Optimize Siri Response Latency,"Apple hardware and software engineering teams allocated dedicated resources toward Optimize Siri Response Latency. Senior engineering directors aligned silicon architecture sprints, OS firmware integration milestones, and multi-tier regression test suites to guarantee thermal efficiency, on-device ML speed, and ecosystem reliability.",Patch,revise,"Enhances UX without cost spike. This technical focus accelerates core software delivery milestones, reinforces Apple Silicon architectural leadership, and deepens user retention across the active installed base.","[{""name"": ""Latency"", ""value"": ""-120ms"", ""unit"": ""metric"", ""observed_on"": ""2025-05-01""}]",R&D,reported,"{r&d,revise}",Operations;Finance,"In evaluating Optimize Siri Response Latency, Finance supportive; R&D engineering prioritized aggressive feature integration and on-device model capability milestones; Operations raised concerns regarding factory test cycle duration and thermal yields; Executive leadership approved the technical roadmap with phased milestone gating."
AAPL-2025Q2-0107,Apple Inc.,2025-05-01,quarterly_filings/2025_Q2.pdf,https://www.sec.gov/ix?doc=/Archives/edgar/data/0000320193/000032019325000058/aapl-20250329.htm,Item 2. Management's Discussion and Analysis - Research and Development,"Disclosure Context (2025Q2): Trigger: 'Competitive pressure'. Management Action: 'Enhance FaceID Recognition Speed'. Scope: 'Apple hardware and software engineering teams allocated dedicated resources toward Enhance FaceID Recognition Speed. Senior e...'. Rationale: 'Boosts UX without hardware cost. This technical focus accelerates core software delivery milestones, rein...'.",Enhance FaceID Recognition Speed,"Apple hardware and software engineering teams allocated dedicated resources toward Enhance FaceID Recognition Speed. Senior engineering directors aligned silicon architecture sprints, OS firmware integration milestones, and multi-tier regression test suites to guarantee thermal efficiency, on-device ML speed, and ecosystem reliability.",Patch,maintain,"Boosts UX without hardware cost. This technical focus accelerates core software delivery milestones, reinforces Apple Silicon architectural leadership, and deepens user retention across the active installed base.","[{""name"": ""Recognition"", ""value"": ""+7%"", ""unit"": ""percentage"", ""observed_on"": ""2025-05-01""}]",R&D,reported,"{r&d,maintain}",Operations;Finance,"In evaluating Enhance FaceID Recognition Speed, Finance avoided redesign cost; R&D engineering prioritized aggressive feature integration and on-device model capability milestones; Operations raised concerns regarding factory test cycle duration and thermal yields; Executive leadership approved the technical roadmap with phased milestone gating."
AAPL-2025Q2-0108,Apple Inc.,2025-05-01,quarterly_filings/2025_Q2.pdf,https://www.sec.gov/ix?doc=/Archives/edgar/data/0000320193/000032019325000058/aapl-20250329.htm,Item 2. Management's Discussion and Analysis - Research and Development,"Disclosure Context (2025Q2): Trigger: 'Wearables -5%'. Management Action: 'Improve Health Data Sync Reliability'. Scope: 'Apple hardware and software engineering teams allocated dedicated resources toward Improve Health Data Sync Reliability. Seni...'. Rationale: 'Improves ecosystem stickiness. This technical focus accelerates core software delivery milestones, reinfo...'.",Improve Health Data Sync Reliability,"Apple hardware and software engineering teams allocated dedicated resources toward Improve Health Data Sync Reliability. Senior engineering directors aligned silicon architecture sprints, OS firmware integration milestones, and multi-tier regression test suites to guarantee thermal efficiency, on-device ML speed, and ecosystem reliability.",Patch,maintain,"Improves ecosystem stickiness. This technical focus accelerates core software delivery milestones, reinforces Apple Silicon architectural leadership, and deepens user retention across the active installed base.","[{""name"": ""Wearables"", ""value"": ""-5%"", ""unit"": ""percentage"", ""observed_on"": ""2025-05-01""}]",R&D,reported,"{r&d,maintain}",Operations;Finance,"In evaluating Improve Health Data Sync Reliability, Finance avoided hardware revamp; R&D engineering prioritized aggressive feature integration and on-device model capability milestones; Operations raised concerns regarding factory test cycle duration and thermal yields; Executive leadership approved the technical roadmap with phased milestone gating."
AAPL-2025Q2-0109,Apple Inc.,2025-05-01,quarterly_filings/2025_Q2.pdf,https://www.sec.gov/ix?doc=/Archives/edgar/data/0000320193/000032019325000058/aapl-20250329.htm,Item 2. Management's Discussion and Analysis - Research and Development,"Disclosure Context (2025Q2): Trigger: 'Wearables -5%'. Management Action: 'Optimize AirPods Audio Codec Efficiency'. Scope: 'Apple hardware and software engineering teams allocated dedicated resources toward Optimize AirPods Audio Codec Efficiency. S...'. Rationale: 'Enhances usability without redesign. This technical focus accelerates core software delivery milestones, ...'.",Optimize AirPods Audio Codec Efficiency,"Apple hardware and software engineering teams allocated dedicated resources toward Optimize AirPods Audio Codec Efficiency. Senior engineering directors aligned silicon architecture sprints, OS firmware integration milestones, and multi-tier regression test suites to guarantee thermal efficiency, on-device ML speed, and ecosystem reliability.",Patch,revise,"Enhances usability without redesign. This technical focus accelerates core software delivery milestones, reinforces Apple Silicon architectural leadership, and deepens user retention across the active installed base.","[{""name"": ""Battery"", ""value"": ""+6%"", ""unit"": ""percentage"", ""observed_on"": ""2025-05-01""}]",R&D,reported,"{r&d,revise}",Operations;Finance,"In evaluating Optimize AirPods Audio Codec Efficiency, Finance avoided hardware cost; R&D engineering prioritized aggressive feature integration and on-device model capability milestones; Operations raised concerns regarding factory test cycle duration and thermal yields; Executive leadership approved the technical roadmap with phased milestone gating."
AAPL-2025Q2-0110,Apple Inc.,2025-05-01,quarterly_filings/2025_Q2.pdf,https://www.sec.gov/ix?doc=/Archives/edgar/data/0000320193/000032019325000058/aapl-20250329.htm,Item 2. Management's Discussion and Analysis - Research and Development,Disclosure Context (2025Q2): Trigger: 'User sync conflicts rising'. Management Action: 'Improve iCloud Sync Conflict Resolution'. Scope: 'Apple hardware and software engineering teams allocated dedicated resources toward Improve iCloud Sync Conflict Resolution. S...'. Rationale: 'Improves reliability without infra rebuild. This technical focus accelerates core software delivery miles...'.,Improve iCloud Sync Conflict Resolution,"Apple hardware and software engineering teams allocated dedicated resources toward Improve iCloud Sync Conflict Resolution. Senior engineering directors aligned silicon architecture sprints, OS firmware integration milestones, and multi-tier regression test suites to guarantee thermal efficiency, on-device ML speed, and ecosystem reliability.",Patch,maintain,"Improves reliability without infra rebuild. This technical focus accelerates core software delivery milestones, reinforces Apple Silicon architectural leadership, and deepens user retention across the active installed base.","[{""name"": ""Services"", ""value"": ""+12%"", ""unit"": ""percentage"", ""observed_on"": ""2025-05-01""}]",R&D,reported,"{r&d,maintain}",Operations;Finance,"In evaluating Improve iCloud Sync Conflict Resolution, Finance supported low-cost fix; R&D engineering prioritized aggressive feature integration and on-device model capability milestones; Operations raised concerns regarding factory test cycle duration and thermal yields; Executive leadership approved the technical roadmap with phased milestone gating."
AAPL-2025Q2-0111,Apple Inc.,2025-05-01,quarterly_filings/2025_Q2.pdf,https://www.sec.gov/ix?doc=/Archives/edgar/data/0000320193/000032019325000058/aapl-20250329.htm,Item 2. Management's Discussion and Analysis - Research and Development,Disclosure Context (2025Q2): Trigger: 'Services engagement plateau'. Management Action: 'Enhance Apple Music Recommendation Engine'. Scope: 'Apple hardware and software engineering teams allocated dedicated resources toward Enhance Apple Music Recommendation Engine....'. Rationale: 'Drives retention in high-margin segment. This technical focus accelerates core software delivery mileston...'.,Enhance Apple Music Recommendation Engine,"Apple hardware and software engineering teams allocated dedicated resources toward Enhance Apple Music Recommendation Engine. Senior engineering directors aligned silicon architecture sprints, OS firmware integration milestones, and multi-tier regression test suites to guarantee thermal efficiency, on-device ML speed, and ecosystem reliability.",Full retrain,maintain,"Drives retention in high-margin segment. This technical focus accelerates core software delivery milestones, reinforces Apple Silicon architectural leadership, and deepens user retention across the active installed base.","[{""name"": ""Services_GM"", ""value"": ""75.7%"", ""unit"": ""percentage"", ""observed_on"": ""2025-05-01""}, {""name"": ""Engagement"", ""value"": ""+4%"", ""unit"": ""percentage"", ""observed_on"": ""2025-05-01""}]",R&D,reported,"{r&d,maintain}",Finance;Operations,"In evaluating Enhance Apple Music Recommendation Engine, Finance monitored ROI assumptions; R&D engineering prioritized aggressive feature integration and on-device model capability milestones; Operations raised concerns regarding factory test cycle duration and thermal yields; Executive leadership approved the technical roadmap with phased milestone gating."
AAPL-2025Q2-0112,Apple Inc.,2025-05-01,quarterly_filings/2025_Q2.pdf,https://www.sec.gov/ix?doc=/Archives/edgar/data/0000320193/000032019325000058/aapl-20250329.htm,Item 2. Management's Discussion and Analysis - Research and Development,Disclosure Context (2025Q2): Trigger: 'Support tickets rising post updates'. Management Action: 'Improve iOS Update Installation Reliability'. Scope: 'Apple hardware and software engineering teams allocated dedicated resources toward Improve iOS Update Installation Reliabilit...'. Rationale: 'Reduces support load without redesign. This technical focus accelerates core software delivery milestones...'.,Improve iOS Update Installation Reliability,"Apple hardware and software engineering teams allocated dedicated resources toward Improve iOS Update Installation Reliability. Senior engineering directors aligned silicon architecture sprints, OS firmware integration milestones, and multi-tier regression test suites to guarantee thermal efficiency, on-device ML speed, and ecosystem reliability.",Patch,revise,"Reduces support load without redesign. This technical focus accelerates core software delivery milestones, reinforces Apple Silicon architectural leadership, and deepens user retention across the active installed base.","[{""name"": ""Support_Tickets"", ""value"": ""+5%"", ""unit"": ""percentage"", ""observed_on"": ""2025-05-01""}]",R&D,reported,"{r&d,revise}",Operations;Finance,"In evaluating Improve iOS Update Installation Reliability, Finance supported low-cost solution; R&D engineering prioritized aggressive feature integration and on-device model capability milestones; Operations raised concerns regarding factory test cycle duration and thermal yields; Executive leadership approved the technical roadmap with phased milestone gating."
AAPL-2025Q2-0113,Apple Inc.,2025-05-01,quarterly_filings/2025_Q2.pdf,https://www.sec.gov/ix?doc=/Archives/edgar/data/0000320193/000032019325000058/aapl-20250329.htm,Item 2. Management's Discussion and Analysis - Research and Development,Disclosure Context (2025Q2): Trigger: 'Wearables -5%'. Management Action: 'Optimize AirPods Connectivity Stability'. Scope: 'Apple hardware and software engineering teams allocated dedicated resources toward Optimize AirPods Connectivity Stability. S...'. Rationale: 'Enhances usability without redesign cost. This technical focus accelerates core software delivery milesto...'.,Optimize AirPods Connectivity Stability,"Apple hardware and software engineering teams allocated dedicated resources toward Optimize AirPods Connectivity Stability. Senior engineering directors aligned silicon architecture sprints, OS firmware integration milestones, and multi-tier regression test suites to guarantee thermal efficiency, on-device ML speed, and ecosystem reliability.",Patch,revise,"Enhances usability without redesign cost. This technical focus accelerates core software delivery milestones, reinforces Apple Silicon architectural leadership, and deepens user retention across the active installed base.","[{""name"": ""Reconnect_Time"", ""value"": ""-12%"", ""unit"": ""percentage"", ""observed_on"": ""2025-05-01""}]",R&D,reported,"{r&d,revise}",Operations;Finance,"In evaluating Optimize AirPods Connectivity Stability, Finance avoided hardware changes; R&D engineering prioritized aggressive feature integration and on-device model capability milestones; Operations raised concerns regarding factory test cycle duration and thermal yields; Executive leadership approved the technical roadmap with phased milestone gating."
AAPL-2025Q2-0114,Apple Inc.,2025-05-01,quarterly_filings/2025_Q2.pdf,https://www.sec.gov/ix?doc=/Archives/edgar/data/0000320193/000032019325000058/aapl-20250329.htm,Item 2. Management's Discussion and Analysis - Research and Development,Disclosure Context (2025Q2): Trigger: 'Competitive smart speaker market'. Management Action: 'Enhance HomePod Voice Recognition Accuracy'. Scope: 'Apple hardware and software engineering teams allocated dedicated resources toward Enhance HomePod Voice Recognition Accuracy...'. Rationale: 'Improves performance without major cost. This technical focus accelerates core software delivery mileston...'.,Enhance HomePod Voice Recognition Accuracy,"Apple hardware and software engineering teams allocated dedicated resources toward Enhance HomePod Voice Recognition Accuracy. Senior engineering directors aligned silicon architecture sprints, OS firmware integration milestones, and multi-tier regression test suites to guarantee thermal efficiency, on-device ML speed, and ecosystem reliability.",Incremental,maintain,"Improves performance without major cost. This technical focus accelerates core software delivery milestones, reinforces Apple Silicon architectural leadership, and deepens user retention across the active installed base.","[{""name"": ""Accuracy"", ""value"": ""+4%"", ""unit"": ""percentage"", ""observed_on"": ""2025-05-01""}]",R&D,reported,"{r&d,maintain}",Finance;Operations,"In evaluating Enhance HomePod Voice Recognition Accuracy, Finance cautious on ROI; R&D engineering prioritized aggressive feature integration and on-device model capability milestones; Operations raised concerns regarding factory test cycle duration and thermal yields; Executive leadership approved the technical roadmap with phased milestone gating."
AAPL-2025Q2-0115,Apple Inc.,2025-05-01,quarterly_filings/2025_Q2.pdf,https://www.sec.gov/ix?doc=/Archives/edgar/data/0000320193/000032019325000058/aapl-20250329.htm,Item 2. Management's Discussion and Analysis - Research and Development,Disclosure Context (2025Q2): Trigger: 'Developer backlog increased amid growth'. Management Action: 'Accelerate AI-Based App Store Review Automation'. Scope: 'Apple hardware and software engineering teams allocated dedicated resources toward Accelerate AI-Based App Store Review Autom...'. Rationale: 'Balances speed with compliance safeguards. This technical focus accelerates core software delivery milest...'.,Accelerate AI-Based App Store Review Automation,"Apple hardware and software engineering teams allocated dedicated resources toward Accelerate AI-Based App Store Review Automation. Senior engineering directors aligned silicon architecture sprints, OS firmware integration milestones, and multi-tier regression test suites to guarantee thermal efficiency, on-device ML speed, and ecosystem reliability.",Partial automation,expand,"Balances speed with compliance safeguards. This technical focus accelerates core software delivery milestones, reinforces Apple Silicon architectural leadership, and deepens user retention across the active installed base.","[{""name"": ""Review_Backlog"", ""value"": ""+22%"", ""unit"": ""percentage"", ""observed_on"": ""2025-05-01""}, {""name"": ""Services"", ""value"": ""+12%"", ""unit"": ""percentage"", ""observed_on"": ""2025-05-01""}]",R&D,reported,"{r&d,expand}",Legal;Operations,"In evaluating Accelerate AI-Based App Store Review Automation, Legal cautious on compliance gaps; R&D engineering prioritized aggressive feature integration and on-device model capability milestones; Operations raised concerns regarding factory test cycle duration and thermal yields; Executive leadership approved the technical roadmap with phased milestone gating."
AAPL-2025Q2-0116,Apple Inc.,2025-05-01,quarterly_filings/2025_Q2.pdf,https://www.sec.gov/ix?doc=/Archives/edgar/data/0000320193/000032019325000058/aapl-20250329.htm,Item 2. Management's Discussion and Analysis - Research and Development,Disclosure Context (2025Q2): Trigger: 'iPhone growth modest +2%'. Management Action: 'Reduce iPhone Manufacturing Defect Rate via ML'. Scope: 'Apple hardware and software engineering teams allocated dedicated resources toward Reduce iPhone Manufacturing Defect Rate vi...'. Rationale: 'Improves yield without full system overhaul. This technical focus accelerates core software delivery mile...'.,Reduce iPhone Manufacturing Defect Rate via ML,"Apple hardware and software engineering teams allocated dedicated resources toward Reduce iPhone Manufacturing Defect Rate via ML. Senior engineering directors aligned silicon architecture sprints, OS firmware integration milestones, and multi-tier regression test suites to guarantee thermal efficiency, on-device ML speed, and ecosystem reliability.",ML Assist,reduce,"Improves yield without full system overhaul. This technical focus accelerates core software delivery milestones, reinforces Apple Silicon architectural leadership, and deepens user retention across the active installed base.","[{""name"": ""iPhone"", ""value"": ""+2%"", ""unit"": ""percentage"", ""observed_on"": ""2025-05-01""}, {""name"": ""Yield"", ""value"": ""+1.5%"", ""unit"": ""percentage"", ""observed_on"": ""2025-05-01""}]",R&D,reported,"{r&d,reduce}",Operations;Finance,"In evaluating Reduce iPhone Manufacturing Defect Rate via ML, Finance cautious on ROI timeline; R&D engineering prioritized aggressive feature integration and on-device model capability milestones; Operations raised concerns regarding factory test cycle duration and thermal yields; Executive leadership approved the technical roadmap with phased milestone gating."
AAPL-2025Q2-0117,Apple Inc.,2025-05-01,quarterly_filings/2025_Q2.pdf,https://www.sec.gov/ix?doc=/Archives/edgar/data/0000320193/000032019325000058/aapl-20250329.htm,Item 2. Management's Discussion and Analysis - Research and Development,Disclosure Context (2025Q2): Trigger: 'Services engagement plateauing in some regions'. Management Action: 'Improve Services Recommendation Algorithms'. Scope: 'Apple hardware and software engineering teams allocated dedicated resources toward Improve Services Recommendation Algorithms...'. Rationale: 'Enhances engagement to sustain double-digit growth. This technical focus accelerates core software delive...'.,Improve Services Recommendation Algorithms,"Apple hardware and software engineering teams allocated dedicated resources toward Improve Services Recommendation Algorithms. Senior engineering directors aligned silicon architecture sprints, OS firmware integration milestones, and multi-tier regression test suites to guarantee thermal efficiency, on-device ML speed, and ecosystem reliability.",Major update,maintain,"Enhances engagement to sustain double-digit growth. This technical focus accelerates core software delivery milestones, reinforces Apple Silicon architectural leadership, and deepens user retention across the active installed base.","[{""name"": ""Services"", ""value"": ""+12%"", ""unit"": ""percentage"", ""observed_on"": ""2025-05-01""}, {""name"": ""Engagement"", ""value"": ""+5%"", ""unit"": ""percentage"", ""observed_on"": ""2025-05-01""}]",R&D,reported,"{r&d,maintain}",Finance;Operations,"In evaluating Improve Services Recommendation Algorithms, Finance questioned ROI metrics; R&D engineering prioritized aggressive feature integration and on-device model capability milestones; Operations raised concerns regarding factory test cycle duration and thermal yields; Executive leadership approved the technical roadmap with phased milestone gating."
AAPL-2025Q2-0118,Apple Inc.,2025-05-01,quarterly_filings/2025_Q2.pdf,https://www.sec.gov/ix?doc=/Archives/edgar/data/0000320193/000032019325000058/aapl-20250329.htm,Item 2. Management's Discussion and Analysis - Research and Development,Disclosure Context (2025Q2): Trigger: 'Mac growth +7%'. Management Action: 'Optimize Mac Thermal Performance'. Scope: 'Apple hardware and software engineering teams allocated dedicated resources toward Optimize Mac Thermal Performance. Senior e...'. Rationale: 'Enhances reliability without redesign cost. This technical focus accelerates core software delivery miles...'.,Optimize Mac Thermal Performance,"Apple hardware and software engineering teams allocated dedicated resources toward Optimize Mac Thermal Performance. Senior engineering directors aligned silicon architecture sprints, OS firmware integration milestones, and multi-tier regression test suites to guarantee thermal efficiency, on-device ML speed, and ecosystem reliability.",Patch,revise,"Enhances reliability without redesign cost. This technical focus accelerates core software delivery milestones, reinforces Apple Silicon architectural leadership, and deepens user retention across the active installed base.","[{""name"": ""Mac"", ""value"": ""+7%"", ""unit"": ""percentage"", ""observed_on"": ""2025-05-01""}, {""name"": ""Thermal"", ""value"": ""+3C peak"", ""unit"": ""metric"", ""observed_on"": ""2025-05-01""}]",R&D,reported,"{r&d,revise}",Operations;Finance,"In evaluating Optimize Mac Thermal Performance, Finance avoided hardware cost spike; R&D engineering prioritized aggressive feature integration and on-device model capability milestones; Operations raised concerns regarding factory test cycle duration and thermal yields; Executive leadership approved the technical roadmap with phased milestone gating."
AAPL-2025Q2-0119,Apple Inc.,2025-05-01,quarterly_filings/2025_Q2.pdf,https://www.sec.gov/ix?doc=/Archives/edgar/data/0000320193/000032019325000058/aapl-20250329.htm,Item 2. Management's Discussion and Analysis - Research and Development,"Disclosure Context (2025Q2): Trigger: 'Wearables -5%'. Management Action: 'Enhance Wearables Health Algorithm Accuracy'. Scope: 'Apple hardware and software engineering teams allocated dedicated resources toward Enhance Wearables Health Algorithm Accurac...'. Rationale: 'Improves trust without capex. This technical focus accelerates core software delivery milestones, reinfor...'.",Enhance Wearables Health Algorithm Accuracy,"Apple hardware and software engineering teams allocated dedicated resources toward Enhance Wearables Health Algorithm Accuracy. Senior engineering directors aligned silicon architecture sprints, OS firmware integration milestones, and multi-tier regression test suites to guarantee thermal efficiency, on-device ML speed, and ecosystem reliability.",Patch,maintain,"Improves trust without capex. This technical focus accelerates core software delivery milestones, reinforces Apple Silicon architectural leadership, and deepens user retention across the active installed base.","[{""name"": ""Wearables"", ""value"": ""-5%"", ""unit"": ""percentage"", ""observed_on"": ""2025-05-01""}, {""name"": ""Accuracy"", ""value"": ""+4%"", ""unit"": ""percentage"", ""observed_on"": ""2025-05-01""}]",R&D,reported,"{r&d,maintain}",Finance;Operations,"In evaluating Enhance Wearables Health Algorithm Accuracy, Finance avoided hardware redesign; R&D engineering prioritized aggressive feature integration and on-device model capability milestones; Operations raised concerns regarding factory test cycle duration and thermal yields; Executive leadership approved the technical roadmap with phased milestone gating."
AAPL-2025Q2-0120,Apple Inc.,2025-05-01,quarterly_filings/2025_Q2.pdf,https://www.sec.gov/ix?doc=/Archives/edgar/data/0000320193/000032019325000058/aapl-20250329.htm,Item 2. Management's Discussion and Analysis - Research and Development,"Disclosure Context (2025Q2): Trigger: 'AI usage increasing'. Management Action: 'Optimize Apple Intelligence On-Device Inference'. Scope: 'Apple hardware and software engineering teams allocated dedicated resources toward Optimize Apple Intelligence On-Device Infe...'. Rationale: 'Reduces latency without new silicon. This technical focus accelerates core software delivery milestones, ...'.",Optimize Apple Intelligence On-Device Inference,"Apple hardware and software engineering teams allocated dedicated resources toward Optimize Apple Intelligence On-Device Inference. Senior engineering directors aligned silicon architecture sprints, OS firmware integration milestones, and multi-tier regression test suites to guarantee thermal efficiency, on-device ML speed, and ecosystem reliability.",Patch,revise,"Reduces latency without new silicon. This technical focus accelerates core software delivery milestones, reinforces Apple Silicon architectural leadership, and deepens user retention across the active installed base.","[{""name"": ""Latency"", ""value"": ""-90ms"", ""unit"": ""metric"", ""observed_on"": ""2025-05-01""}, {""name"": ""AI_Usage"", ""value"": ""+18%"", ""unit"": ""percentage"", ""observed_on"": ""2025-05-01""}]",R&D,reported,"{r&d,revise}",Finance;Operations,"In evaluating Optimize Apple Intelligence On-Device Inference, Finance avoided hardware spend; R&D engineering prioritized aggressive feature integration and on-device model capability milestones; Operations raised concerns regarding factory test cycle duration and thermal yields; Executive leadership approved the technical roadmap with phased milestone gating."
AAPL-2025Q2-0121,Apple Inc.,2025-05-01,quarterly_filings/2025_Q2.pdf,https://www.sec.gov/ix?doc=/Archives/edgar/data/0000320193/000032019325000058/aapl-20250329.htm,Item 2. Management's Discussion and Analysis - Research and Development,Disclosure Context (2025Q2): Trigger: 'User complaints on backup time'. Management Action: 'Improve iCloud Backup Speed'. Scope: 'Apple hardware and software engineering teams allocated dedicated resources toward Improve iCloud Backup Speed. Senior engine...'. Rationale: 'Enhances user experience cost-effectively. This technical focus accelerates core software delivery milest...'.,Improve iCloud Backup Speed,"Apple hardware and software engineering teams allocated dedicated resources toward Improve iCloud Backup Speed. Senior engineering directors aligned silicon architecture sprints, OS firmware integration milestones, and multi-tier regression test suites to guarantee thermal efficiency, on-device ML speed, and ecosystem reliability.",Patch,maintain,"Enhances user experience cost-effectively. This technical focus accelerates core software delivery milestones, reinforces Apple Silicon architectural leadership, and deepens user retention across the active installed base.","[{""name"": ""Backup_Time"", ""value"": ""-18%"", ""unit"": ""percentage"", ""observed_on"": ""2025-05-01""}]",R&D,reported,"{r&d,maintain}",Operations;Finance,"In evaluating Improve iCloud Backup Speed, Finance supported low-cost fix; R&D engineering prioritized aggressive feature integration and on-device model capability milestones; Operations raised concerns regarding factory test cycle duration and thermal yields; Executive leadership approved the technical roadmap with phased milestone gating."
AAPL-2025Q2-0122,Apple Inc.,2025-05-01,quarterly_filings/2025_Q2.pdf,https://www.sec.gov/ix?doc=/Archives/edgar/data/0000320193/000032019325000058/aapl-20250329.htm,Item 2. Management's Discussion and Analysis - Research and Development,"Disclosure Context (2025Q2): Trigger: 'Usage growth in urban markets'. Management Action: 'Enhance Apple Maps AI Routing Efficiency'. Scope: 'Apple hardware and software engineering teams allocated dedicated resources toward Enhance Apple Maps AI Routing Efficiency. ...'. Rationale: 'Improves commute accuracy. This technical focus accelerates core software delivery milestones, reinforces...'.",Enhance Apple Maps AI Routing Efficiency,"Apple hardware and software engineering teams allocated dedicated resources toward Enhance Apple Maps AI Routing Efficiency. Senior engineering directors aligned silicon architecture sprints, OS firmware integration milestones, and multi-tier regression test suites to guarantee thermal efficiency, on-device ML speed, and ecosystem reliability.",Patch,maintain,"Improves commute accuracy. This technical focus accelerates core software delivery milestones, reinforces Apple Silicon architectural leadership, and deepens user retention across the active installed base.","[{""name"": ""Routing_Accuracy"", ""value"": ""+5%"", ""unit"": ""percentage"", ""observed_on"": ""2025-05-01""}]",R&D,reported,"{r&d,maintain}",Finance;Operations,"In evaluating Enhance Apple Maps AI Routing Efficiency, Finance avoided full retrain cost; R&D engineering prioritized aggressive feature integration and on-device model capability milestones; Operations raised concerns regarding factory test cycle duration and thermal yields; Executive leadership approved the technical roadmap with phased milestone gating."
AAPL-2025Q2-0123,Apple Inc.,2025-05-01,quarterly_filings/2025_Q2.pdf,https://www.sec.gov/ix?doc=/Archives/edgar/data/0000320193/000032019325000058/aapl-20250329.htm,Item 2. Management's Discussion and Analysis - Research and Development,"Disclosure Context (2025Q2): Trigger: 'Competitive pressure'. Management Action: 'Improve AirPods Adaptive Noise Algorithm'. Scope: 'Apple hardware and software engineering teams allocated dedicated resources toward Improve AirPods Adaptive Noise Algorithm. ...'. Rationale: 'Improves differentiation. This technical focus accelerates core software delivery milestones, reinforces ...'.",Improve AirPods Adaptive Noise Algorithm,"Apple hardware and software engineering teams allocated dedicated resources toward Improve AirPods Adaptive Noise Algorithm. Senior engineering directors aligned silicon architecture sprints, OS firmware integration milestones, and multi-tier regression test suites to guarantee thermal efficiency, on-device ML speed, and ecosystem reliability.",Patch,maintain,"Improves differentiation. This technical focus accelerates core software delivery milestones, reinforces Apple Silicon architectural leadership, and deepens user retention across the active installed base.","[{""name"": ""ANC_Effectiveness"", ""value"": ""+6%"", ""unit"": ""percentage"", ""observed_on"": ""2025-05-01""}]",R&D,reported,"{r&d,maintain}",Operations;Finance,"In evaluating Improve AirPods Adaptive Noise Algorithm, Finance avoided hardware change; R&D engineering prioritized aggressive feature integration and on-device model capability milestones; Operations raised concerns regarding factory test cycle duration and thermal yields; Executive leadership approved the technical roadmap with phased milestone gating."
AAPL-2025Q2-0124,Apple Inc.,2025-05-01,quarterly_filings/2025_Q2.pdf,https://www.sec.gov/ix?doc=/Archives/edgar/data/0000320193/000032019325000058/aapl-20250329.htm,Item 2. Management's Discussion and Analysis - Research and Development,Disclosure Context (2025Q2): Trigger: 'User multitasking feedback'. Management Action: 'Optimize macOS Memory Compression'. Scope: 'Apple hardware and software engineering teams allocated dedicated resources toward Optimize macOS Memory Compression. Senior ...'. Rationale: 'Improves performance without hardware changes. This technical focus accelerates core software delivery mi...'.,Optimize macOS Memory Compression,"Apple hardware and software engineering teams allocated dedicated resources toward Optimize macOS Memory Compression. Senior engineering directors aligned silicon architecture sprints, OS firmware integration milestones, and multi-tier regression test suites to guarantee thermal efficiency, on-device ML speed, and ecosystem reliability.",Patch,revise,"Improves performance without hardware changes. This technical focus accelerates core software delivery milestones, reinforces Apple Silicon architectural leadership, and deepens user retention across the active installed base.","[{""name"": ""Memory_Usage"", ""value"": ""-8%"", ""unit"": ""percentage"", ""observed_on"": ""2025-05-01""}]",R&D,reported,"{r&d,revise}",Operations;Finance,"In evaluating Optimize macOS Memory Compression, Finance avoided redesign cost; R&D engineering prioritized aggressive feature integration and on-device model capability milestones; Operations raised concerns regarding factory test cycle duration and thermal yields; Executive leadership approved the technical roadmap with phased milestone gating."
AAPL-2025Q2-0125,Apple Inc.,2025-05-01,quarterly_filings/2025_Q2.pdf,https://www.sec.gov/ix?doc=/Archives/edgar/data/0000320193/000032019325000058/aapl-20250329.htm,Item 2. Management's Discussion and Analysis - Research and Development,Disclosure Context (2025Q2): Trigger: 'On-device inference latency budget exceeded threshold by 15ms in beta developer builds'. Management Action: 'Scale Dedicated Neural Engine Optimization Pipeline 1 for On-Device Foundation Models in 2025Q2'. Scope: 'Apple Silicon software engineering allocated dedicated compiler engineering sprints to quantize 3-billion parameter on-device...'. Rationale: 'Ensures sub-100ms response latency for Siri and Apple Intelligence system intents without causing backgro...'.,Scale Dedicated Neural Engine Optimization Pipeline 1 for On-Device Foundation Models in 2025Q2,"Apple Silicon software engineering allocated dedicated compiler engineering sprints to quantize 3-billion parameter on-device models for the A18 and M4 Neural Engine, reducing memory footprint by 20%.",Accelerate redesign,expand,Ensures sub-100ms response latency for Siri and Apple Intelligence system intents without causing background DRAM thermal throttling.,"[{""name"": ""Latency_Target"", ""value"": ""<100ms"", ""unit"": ""metric"", ""observed_on"": ""2025-05-01""}, {""name"": ""Memory_Reduction"", ""value"": ""-20%"", ""unit"": ""percentage"", ""observed_on"": ""2025-05-01""}, {""name"": ""NPU_TFLOPS"", ""value"": ""38"", ""unit"": ""metric"", ""observed_on"": ""2025-05-01""}]",R&D,reported,"{r&d,expand}",Operations;Finance,"In evaluating Scale Dedicated Neural Engine Optimization Pipeline 1 for On-Device Foundation Models in 2025Q2, R&D software teams pushed for aggressive 4-bit model quantization to fit into unified memory; Operations warned that aggressive model compression increased validation test cycles at assembly test fixtures; Executive management authorized the optimization schedule for the upcoming OS release; R&D engineering prioritized aggressive feature integration and on-device model capability milestones; Operations raised concerns regarding factory test cycle duration and thermal yields; Executive leadership approved the technical roadmap with phased milestone gating."
AAPL-2025Q2-0126,Apple Inc.,2025-05-01,quarterly_filings/2025_Q2.pdf,https://www.sec.gov/ix?doc=/Archives/edgar/data/0000320193/000032019325000058/aapl-20250329.htm,Item 2. Management's Discussion and Analysis - Research and Development,Disclosure Context (2025Q2): Trigger: 'On-device inference latency budget exceeded threshold by 20ms in beta developer builds'. Management Action: 'Scale Dedicated Neural Engine Optimization Pipeline 2 for On-Device Foundation Models in 2025Q2'. Scope: 'Apple Silicon software engineering allocated dedicated compiler engineering sprints to quantize 3-billion parameter on-device...'. Rationale: 'Ensures sub-100ms response latency for Siri and Apple Intelligence system intents without causing backgro...'.,Scale Dedicated Neural Engine Optimization Pipeline 2 for On-Device Foundation Models in 2025Q2,"Apple Silicon software engineering allocated dedicated compiler engineering sprints to quantize 3-billion parameter on-device models for the A18 and M4 Neural Engine, reducing memory footprint by 23%.",Minor,expand,Ensures sub-100ms response latency for Siri and Apple Intelligence system intents without causing background DRAM thermal throttling.,"[{""name"": ""Latency_Target"", ""value"": ""<100ms"", ""unit"": ""metric"", ""observed_on"": ""2025-05-01""}, {""name"": ""Memory_Reduction"", ""value"": ""-23%"", ""unit"": ""percentage"", ""observed_on"": ""2025-05-01""}, {""name"": ""NPU_TFLOPS"", ""value"": ""38"", ""unit"": ""metric"", ""observed_on"": ""2025-05-01""}]",R&D,reported,"{r&d,expand}",Operations;Finance,"In evaluating Scale Dedicated Neural Engine Optimization Pipeline 2 for On-Device Foundation Models in 2025Q2, R&D software teams pushed for aggressive 4-bit model quantization to fit into unified memory; Operations warned that aggressive model compression increased validation test cycles at assembly test fixtures; Executive management authorized the optimization schedule for the upcoming OS release; R&D engineering prioritized aggressive feature integration and on-device model capability milestones; Operations raised concerns regarding factory test cycle duration and thermal yields; Executive leadership approved the technical roadmap with phased milestone gating."
AAPL-2025Q2-0127,Apple Inc.,2025-05-01,quarterly_filings/2025_Q2.pdf,https://www.sec.gov/ix?doc=/Archives/edgar/data/0000320193/000032019325000058/aapl-20250329.htm,Item 2. Management's Discussion and Analysis - Research and Development,Disclosure Context (2025Q2): Trigger: 'On-device inference latency budget exceeded threshold by 25ms in beta developer builds'. Management Action: 'Scale Dedicated Neural Engine Optimization Pipeline 3 for On-Device Foundation Models in 2025Q2'. Scope: 'Apple Silicon software engineering allocated dedicated compiler engineering sprints to quantize 3-billion parameter on-device...'. Rationale: 'Ensures sub-100ms response latency for Siri and Apple Intelligence system intents without causing backgro...'.,Scale Dedicated Neural Engine Optimization Pipeline 3 for On-Device Foundation Models in 2025Q2,"Apple Silicon software engineering allocated dedicated compiler engineering sprints to quantize 3-billion parameter on-device models for the A18 and M4 Neural Engine, reducing memory footprint by 26%.",Patch,expand,Ensures sub-100ms response latency for Siri and Apple Intelligence system intents without causing background DRAM thermal throttling.,"[{""name"": ""Latency_Target"", ""value"": ""<100ms"", ""unit"": ""metric"", ""observed_on"": ""2025-05-01""}, {""name"": ""Memory_Reduction"", ""value"": ""-26%"", ""unit"": ""percentage"", ""observed_on"": ""2025-05-01""}, {""name"": ""NPU_TFLOPS"", ""value"": ""38"", ""unit"": ""metric"", ""observed_on"": ""2025-05-01""}]",R&D,reported,"{r&d,expand}",Operations;Finance,"In evaluating Scale Dedicated Neural Engine Optimization Pipeline 3 for On-Device Foundation Models in 2025Q2, R&D software teams pushed for aggressive 4-bit model quantization to fit into unified memory; Operations warned that aggressive model compression increased validation test cycles at assembly test fixtures; Executive management authorized the optimization schedule for the upcoming OS release; R&D engineering prioritized aggressive feature integration and on-device model capability milestones; Operations raised concerns regarding factory test cycle duration and thermal yields; Executive leadership approved the technical roadmap with phased milestone gating."
AAPL-2025Q2-0128,Apple Inc.,2025-05-01,quarterly_filings/2025_Q2.pdf,https://www.sec.gov/ix?doc=/Archives/edgar/data/0000320193/000032019325000058/aapl-20250329.htm,Item 2. Management's Discussion and Analysis - Research and Development,Disclosure Context (2025Q2): Trigger: 'On-device inference latency budget exceeded threshold by 30ms in beta developer builds'. Management Action: 'Scale Dedicated Neural Engine Optimization Pipeline 4 for On-Device Foundation Models in 2025Q2'. Scope: 'Apple Silicon software engineering allocated dedicated compiler engineering sprints to quantize 3-billion parameter on-device...'. Rationale: 'Ensures sub-100ms response latency for Siri and Apple Intelligence system intents without causing backgro...'.,Scale Dedicated Neural Engine Optimization Pipeline 4 for On-Device Foundation Models in 2025Q2,"Apple Silicon software engineering allocated dedicated compiler engineering sprints to quantize 3-billion parameter on-device models for the A18 and M4 Neural Engine, reducing memory footprint by 29%.",Minor tweak,expand,Ensures sub-100ms response latency for Siri and Apple Intelligence system intents without causing background DRAM thermal throttling.,"[{""name"": ""Latency_Target"", ""value"": ""<100ms"", ""unit"": ""metric"", ""observed_on"": ""2025-05-01""}, {""name"": ""Memory_Reduction"", ""value"": ""-29%"", ""unit"": ""percentage"", ""observed_on"": ""2025-05-01""}, {""name"": ""NPU_TFLOPS"", ""value"": ""38"", ""unit"": ""metric"", ""observed_on"": ""2025-05-01""}]",R&D,reported,"{r&d,expand}",Operations;Finance,"In evaluating Scale Dedicated Neural Engine Optimization Pipeline 4 for On-Device Foundation Models in 2025Q2, R&D software teams pushed for aggressive 4-bit model quantization to fit into unified memory; Operations warned that aggressive model compression increased validation test cycles at assembly test fixtures; Executive management authorized the optimization schedule for the upcoming OS release; R&D engineering prioritized aggressive feature integration and on-device model capability milestones; Operations raised concerns regarding factory test cycle duration and thermal yields; Executive leadership approved the technical roadmap with phased milestone gating."
AAPL-2025Q2-0129,Apple Inc.,2025-05-01,quarterly_filings/2025_Q2.pdf,https://www.sec.gov/ix?doc=/Archives/edgar/data/0000320193/000032019325000058/aapl-20250329.htm,Item 1. Financial Statements - Note 8. Commitments and Contingencies,"Disclosure Context (2025Q2): Trigger: 'Services expansion'. Management Action: 'Update EU Subscription Disclosure'. Scope: 'Apple legal and regulatory affairs counsel established binding compliance procedures regarding Update EU Subscription Disclos...'. Rationale: 'Prevents DMA exposure. This governance framework minimizes statutory regulatory exposure, defends core in...'.",Update EU Subscription Disclosure,"Apple legal and regulatory affairs counsel established binding compliance procedures regarding Update EU Subscription Disclosure. Compliance officers instituted mandatory auditing controls, statutory filing verifications, and external litigation risk assessments to safeguard corporate assets and ensure adherence to evolving global regulatory frameworks.",Update,revise,"Prevents DMA exposure. This governance framework minimizes statutory regulatory exposure, defends core intellectual property boundaries, and mitigates legal liabilities under international trade and antitrust statutes.","[{""name"": ""Services"", ""value"": ""+12%"", ""unit"": ""percentage"", ""observed_on"": ""2025-05-01""}]",Legal,reported,"{legal,revise}",Finance;R&D,"In deliberating Update EU Subscription Disclosure, Finance wary of friction; Legal mandated conservative platform terms and strict statutory compliance controls to mitigate regulatory fines; Operations and Product teams raised concerns regarding developer friction and user experience; Executive leadership mandated the compliance framework under ongoing regulatory review."
AAPL-2025Q2-0130,Apple Inc.,2025-05-01,quarterly_filings/2025_Q2.pdf,https://www.sec.gov/ix?doc=/Archives/edgar/data/0000320193/000032019325000058/aapl-20250329.htm,Item 1. Financial Statements - Note 8. Commitments and Contingencies,"Disclosure Context (2025Q2): Trigger: 'New US tariffs'. Management Action: 'Assess Tariff Appeal Options'. Scope: 'Apple legal and regulatory affairs counsel established binding compliance procedures regarding Assess Tariff Appeal Options. ...'. Rationale: 'Seeks mitigation without legal battle. This governance framework minimizes statutory regulatory exposure,...'.",Assess Tariff Appeal Options,"Apple legal and regulatory affairs counsel established binding compliance procedures regarding Assess Tariff Appeal Options. Compliance officers instituted mandatory auditing controls, statutory filing verifications, and external litigation risk assessments to safeguard corporate assets and ensure adherence to evolving global regulatory frameworks.",Lobby,investigate,"Seeks mitigation without legal battle. This governance framework minimizes statutory regulatory exposure, defends core intellectual property boundaries, and mitigates legal liabilities under international trade and antitrust statutes.","[{""name"": ""Tariff"", ""value"": ""High"", ""unit"": ""metric"", ""observed_on"": ""2025-05-01""}]",Legal,reported,"{legal,investigate}",Finance;Operations,"In deliberating Assess Tariff Appeal Options, Finance cautious on optics; Legal mandated conservative platform terms and strict statutory compliance controls to mitigate regulatory fines; Operations and Product teams raised concerns regarding developer friction and user experience; Executive leadership mandated the compliance framework under ongoing regulatory review."
AAPL-2025Q2-0131,Apple Inc.,2025-05-01,quarterly_filings/2025_Q2.pdf,https://www.sec.gov/ix?doc=/Archives/edgar/data/0000320193/000032019325000058/aapl-20250329.htm,Item 1. Financial Statements - Note 8. Commitments and Contingencies,Disclosure Context (2025Q2): Trigger: 'Services growth +12%'. Management Action: 'Audit App Store Commission Disclosures'. Scope: 'Apple legal and regulatory affairs counsel established binding compliance procedures regarding Audit App Store Commission Dis...'. Rationale: 'Prevents antitrust scrutiny amid expansion. This governance framework minimizes statutory regulatory expo...'.,Audit App Store Commission Disclosures,"Apple legal and regulatory affairs counsel established binding compliance procedures regarding Audit App Store Commission Disclosures. Compliance officers instituted mandatory auditing controls, statutory filing verifications, and external litigation risk assessments to safeguard corporate assets and ensure adherence to evolving global regulatory frameworks.",Full,investigate,"Prevents antitrust scrutiny amid expansion. This governance framework minimizes statutory regulatory exposure, defends core intellectual property boundaries, and mitigates legal liabilities under international trade and antitrust statutes.","[{""name"": ""Services"", ""value"": ""+12%"", ""unit"": ""percentage"", ""observed_on"": ""2025-05-01""}]",Legal,reported,"{legal,investigate}",Finance;R&D,"In deliberating Audit App Store Commission Disclosures, Finance wary of churn risk; Legal mandated conservative platform terms and strict statutory compliance controls to mitigate regulatory fines; Operations and Product teams raised concerns regarding developer friction and user experience; Executive leadership mandated the compliance framework under ongoing regulatory review."
AAPL-2025Q2-0132,Apple Inc.,2025-05-01,quarterly_filings/2025_Q2.pdf,https://www.sec.gov/ix?doc=/Archives/edgar/data/0000320193/000032019325000058/aapl-20250329.htm,Item 1. Financial Statements - Note 8. Commitments and Contingencies,"Disclosure Context (2025Q2): Trigger: 'India production rising'. Management Action: 'Review India Import Compliance'. Scope: 'Apple legal and regulatory affairs counsel established binding compliance procedures regarding Review India Import Compliance...'. Rationale: 'Mitigates exposure amid scale-up. This governance framework minimizes statutory regulatory exposure, defe...'.",Review India Import Compliance,"Apple legal and regulatory affairs counsel established binding compliance procedures regarding Review India Import Compliance. Compliance officers instituted mandatory auditing controls, statutory filing verifications, and external litigation risk assessments to safeguard corporate assets and ensure adherence to evolving global regulatory frameworks.",Full,investigate,"Mitigates exposure amid scale-up. This governance framework minimizes statutory regulatory exposure, defends core intellectual property boundaries, and mitigates legal liabilities under international trade and antitrust statutes.","[{""name"": ""India_Share"", ""value"": ""+5%"", ""unit"": ""percentage"", ""observed_on"": ""2025-05-01""}]",Legal,reported,"{legal,investigate}",Finance;Operations,"In deliberating Review India Import Compliance, Finance concerned about audit cost; Legal mandated conservative platform terms and strict statutory compliance controls to mitigate regulatory fines; Operations and Product teams raised concerns regarding developer friction and user experience; Executive leadership mandated the compliance framework under ongoing regulatory review."
AAPL-2025Q2-0133,Apple Inc.,2025-05-01,quarterly_filings/2025_Q2.pdf,https://www.sec.gov/ix?doc=/Archives/edgar/data/0000320193/000032019325000058/aapl-20250329.htm,Item 1. Financial Statements - Note 8. Commitments and Contingencies,"Disclosure Context (2025Q2): Trigger: 'Services scaling globally'. Management Action: 'Update Global Data Retention Policy'. Scope: 'Apple legal and regulatory affairs counsel established binding compliance procedures regarding Update Global Data Retention P...'. Rationale: 'Reduces fragmentation and legal risk. This governance framework minimizes statutory regulatory exposure, ...'.",Update Global Data Retention Policy,"Apple legal and regulatory affairs counsel established binding compliance procedures regarding Update Global Data Retention Policy. Compliance officers instituted mandatory auditing controls, statutory filing verifications, and external litigation risk assessments to safeguard corporate assets and ensure adherence to evolving global regulatory frameworks.",Harmonize,revise,"Reduces fragmentation and legal risk. This governance framework minimizes statutory regulatory exposure, defends core intellectual property boundaries, and mitigates legal liabilities under international trade and antitrust statutes.","[{""name"": ""Services"", ""value"": ""+12%"", ""unit"": ""percentage"", ""observed_on"": ""2025-05-01""}]",Legal,reported,"{legal,revise}",Finance;R&D,"In deliberating Update Global Data Retention Policy, Ops feared system refactor cost; Legal mandated conservative platform terms and strict statutory compliance controls to mitigate regulatory fines; Operations and Product teams raised concerns regarding developer friction and user experience; Executive leadership mandated the compliance framework under ongoing regulatory review."
AAPL-2025Q2-0134,Apple Inc.,2025-05-01,quarterly_filings/2025_Q2.pdf,https://www.sec.gov/ix?doc=/Archives/edgar/data/0000320193/000032019325000058/aapl-20250329.htm,Item 1. Financial Statements - Note 8. Commitments and Contingencies,"Disclosure Context (2025Q2): Trigger: 'Services +12% EU growth'. Management Action: 'Assess EU DMA Reporting Obligations'. Scope: 'Apple legal and regulatory affairs counsel established binding compliance procedures regarding Assess EU DMA Reporting Obliga...'. Rationale: 'Prevents enforcement risk. This governance framework minimizes statutory regulatory exposure, defends cor...'.",Assess EU DMA Reporting Obligations,"Apple legal and regulatory affairs counsel established binding compliance procedures regarding Assess EU DMA Reporting Obligations. Compliance officers instituted mandatory auditing controls, statutory filing verifications, and external litigation risk assessments to safeguard corporate assets and ensure adherence to evolving global regulatory frameworks.",Enhanced,investigate,"Prevents enforcement risk. This governance framework minimizes statutory regulatory exposure, defends core intellectual property boundaries, and mitigates legal liabilities under international trade and antitrust statutes.","[{""name"": ""EU_Services"", ""value"": ""+9%"", ""unit"": ""percentage"", ""observed_on"": ""2025-05-01""}]",Legal,reported,"{legal,investigate}",Finance;Operations,"In deliberating Assess EU DMA Reporting Obligations, Finance wary of disclosure scope; Legal mandated conservative platform terms and strict statutory compliance controls to mitigate regulatory fines; Operations and Product teams raised concerns regarding developer friction and user experience; Executive leadership mandated the compliance framework under ongoing regulatory review."
AAPL-2025Q2-0135,Apple Inc.,2025-05-01,quarterly_filings/2025_Q2.pdf,https://www.sec.gov/ix?doc=/Archives/edgar/data/0000320193/000032019325000058/aapl-20250329.htm,Item 1. Financial Statements - Note 8. Commitments and Contingencies,"Disclosure Context (2025Q2): Trigger: 'Services scale increasing scrutiny'. Management Action: 'Review US Antitrust Monitoring Framework'. Scope: 'Apple legal and regulatory affairs counsel established binding compliance procedures regarding Review US Antitrust Monitoring...'. Rationale: 'Improves governance amid growth. This governance framework minimizes statutory regulatory exposure, defen...'.",Review US Antitrust Monitoring Framework,"Apple legal and regulatory affairs counsel established binding compliance procedures regarding Review US Antitrust Monitoring Framework. Compliance officers instituted mandatory auditing controls, statutory filing verifications, and external litigation risk assessments to safeguard corporate assets and ensure adherence to evolving global regulatory frameworks.",Quarterly,investigate,"Improves governance amid growth. This governance framework minimizes statutory regulatory exposure, defends core intellectual property boundaries, and mitigates legal liabilities under international trade and antitrust statutes.","[{""name"": ""Services"", ""value"": ""+12%"", ""unit"": ""percentage"", ""observed_on"": ""2025-05-01""}]",Legal,reported,"{legal,investigate}",Finance;Operations,"In deliberating Review US Antitrust Monitoring Framework, Finance saw minimal downside; Legal mandated conservative platform terms and strict statutory compliance controls to mitigate regulatory fines; Operations and Product teams raised concerns regarding developer friction and user experience; Executive leadership mandated the compliance framework under ongoing regulatory review."
AAPL-2025Q2-0136,Apple Inc.,2025-05-01,quarterly_filings/2025_Q2.pdf,https://www.sec.gov/ix?doc=/Archives/edgar/data/0000320193/000032019325000058/aapl-20250329.htm,Item 1. Financial Statements - Note 8. Commitments and Contingencies,Disclosure Context (2025Q2): Trigger: 'Services scale increasing scrutiny'. Management Action: 'Review US Antitrust Monitoring Framework (Tranche 136)'. Scope: 'Apple legal and regulatory affairs counsel established binding compliance procedures regarding Review US Antitrust Monitoring...'. Rationale: 'Strengthens governance amid Services growth. This governance framework minimizes statutory regulatory exp...'.,Review US Antitrust Monitoring Framework (Tranche 136),"Apple legal and regulatory affairs counsel established binding compliance procedures regarding Review US Antitrust Monitoring Framework (Tranche 136). Compliance officers instituted mandatory auditing controls, statutory filing verifications, and external litigation risk assessments to safeguard corporate assets and ensure adherence to evolving global regulatory frameworks.",Quarterly,investigate,"Strengthens governance amid Services growth. This governance framework minimizes statutory regulatory exposure, defends core intellectual property boundaries, and mitigates legal liabilities under international trade and antitrust statutes.","[{""name"": ""Services"", ""value"": ""+12%"", ""unit"": ""percentage"", ""observed_on"": ""2025-05-01""}]",Legal,reported,"{legal,investigate}",Finance;Operations,"In deliberating Review US Antitrust Monitoring Framework (Tranche 136), Finance saw minimal downside; Legal mandated conservative platform terms and strict statutory compliance controls to mitigate regulatory fines; Operations and Product teams raised concerns regarding developer friction and user experience; Executive leadership mandated the compliance framework under ongoing regulatory review."
AAPL-2025Q2-0137,Apple Inc.,2025-05-01,quarterly_filings/2025_Q2.pdf,https://www.sec.gov/ix?doc=/Archives/edgar/data/0000320193/000032019325000058/aapl-20250329.htm,Item 1. Financial Statements - Note 8. Commitments and Contingencies,"Disclosure Context (2025Q2): Trigger: 'New import tariffs expanding'. Management Action: 'Assess Tariff Exemption Filings'. Scope: 'Apple legal and regulatory affairs counsel established binding compliance procedures regarding Assess Tariff Exemption Filing...'. Rationale: 'Targets highest-cost items first. This governance framework minimizes statutory regulatory exposure, defe...'.",Assess Tariff Exemption Filings,"Apple legal and regulatory affairs counsel established binding compliance procedures regarding Assess Tariff Exemption Filings. Compliance officers instituted mandatory auditing controls, statutory filing verifications, and external litigation risk assessments to safeguard corporate assets and ensure adherence to evolving global regulatory frameworks.",File limited,investigate,"Targets highest-cost items first. This governance framework minimizes statutory regulatory exposure, defends core intellectual property boundaries, and mitigates legal liabilities under international trade and antitrust statutes.","[{""name"": ""Tariff_Risk"", ""value"": ""High"", ""unit"": ""metric"", ""observed_on"": ""2025-05-01""}]",Legal,reported,"{legal,investigate}",Finance;Operations,"In deliberating Assess Tariff Exemption Filings, Finance unsure of approval odds; Legal mandated conservative platform terms and strict statutory compliance controls to mitigate regulatory fines; Operations and Product teams raised concerns regarding developer friction and user experience; Executive leadership mandated the compliance framework under ongoing regulatory review."
AAPL-2025Q2-0138,Apple Inc.,2025-05-01,quarterly_filings/2025_Q2.pdf,https://www.sec.gov/ix?doc=/Archives/edgar/data/0000320193/000032019325000058/aapl-20250329.htm,Item 1. Financial Statements - Note 8. Commitments and Contingencies,"Disclosure Context (2025Q2): Trigger: 'Subscription growth increases disputes'. Management Action: 'Revise Global Arbitration Clauses'. Scope: 'Apple legal and regulatory affairs counsel established binding compliance procedures regarding Revise Global Arbitration Clau...'. Rationale: 'Reduces fragmented legal exposure. This governance framework minimizes statutory regulatory exposure, def...'.",Revise Global Arbitration Clauses,"Apple legal and regulatory affairs counsel established binding compliance procedures regarding Revise Global Arbitration Clauses. Compliance officers instituted mandatory auditing controls, statutory filing verifications, and external litigation risk assessments to safeguard corporate assets and ensure adherence to evolving global regulatory frameworks.",Global update,revise,"Reduces fragmented legal exposure. This governance framework minimizes statutory regulatory exposure, defends core intellectual property boundaries, and mitigates legal liabilities under international trade and antitrust statutes.","[{""name"": ""Services"", ""value"": ""+12%"", ""unit"": ""percentage"", ""observed_on"": ""2025-05-01""}]",Legal,reported,"{legal,revise}",Finance;Operations,"In deliberating Revise Global Arbitration Clauses, Finance monitored potential churn effect; Legal mandated conservative platform terms and strict statutory compliance controls to mitigate regulatory fines; Operations and Product teams raised concerns regarding developer friction and user experience; Executive leadership mandated the compliance framework under ongoing regulatory review."
AAPL-2025Q2-0139,Apple Inc.,2025-05-01,quarterly_filings/2025_Q2.pdf,https://www.sec.gov/ix?doc=/Archives/edgar/data/0000320193/000032019325000058/aapl-20250329.htm,Item 1. Financial Statements - Note 8. Commitments and Contingencies,"Disclosure Context (2025Q2): Trigger: 'EU consumer scrutiny'. Management Action: 'Review Subscription Cancellation Transparency'. Scope: 'Apple legal and regulatory affairs counsel established binding compliance procedures regarding Review Subscription Cancellati...'. Rationale: 'Mitigates regulatory fines risk. This governance framework minimizes statutory regulatory exposure, defen...'.",Review Subscription Cancellation Transparency,"Apple legal and regulatory affairs counsel established binding compliance procedures regarding Review Subscription Cancellation Transparency. Compliance officers instituted mandatory auditing controls, statutory filing verifications, and external litigation risk assessments to safeguard corporate assets and ensure adherence to evolving global regulatory frameworks.",Minor edit,investigate,"Mitigates regulatory fines risk. This governance framework minimizes statutory regulatory exposure, defends core intellectual property boundaries, and mitigates legal liabilities under international trade and antitrust statutes.","[{""name"": ""EU_Risk"", ""value"": ""Moderate"", ""unit"": ""metric"", ""observed_on"": ""2025-05-01""}, {""name"": ""Services"", ""value"": ""+12%"", ""unit"": ""percentage"", ""observed_on"": ""2025-05-01""}]",Legal,reported,"{legal,investigate}",Finance;R&D,"In deliberating Review Subscription Cancellation Transparency, Finance worried about churn effect; Legal mandated conservative platform terms and strict statutory compliance controls to mitigate regulatory fines; Operations and Product teams raised concerns regarding developer friction and user experience; Executive leadership mandated the compliance framework under ongoing regulatory review."
AAPL-2025Q2-0140,Apple Inc.,2025-05-01,quarterly_filings/2025_Q2.pdf,https://www.sec.gov/ix?doc=/Archives/edgar/data/0000320193/000032019325000058/aapl-20250329.htm,Item 1. Financial Statements - Note 8. Commitments and Contingencies,"Disclosure Context (2025Q2): Trigger: 'Services scale increasing disputes'. Management Action: 'Assess Global Consumer Protection Claims'. Scope: 'Apple legal and regulatory affairs counsel established binding compliance procedures regarding Assess Global Consumer Protect...'. Rationale: 'Prevents class-action escalation. This governance framework minimizes statutory regulatory exposure, defe...'.",Assess Global Consumer Protection Claims,"Apple legal and regulatory affairs counsel established binding compliance procedures regarding Assess Global Consumer Protection Claims. Compliance officers instituted mandatory auditing controls, statutory filing verifications, and external litigation risk assessments to safeguard corporate assets and ensure adherence to evolving global regulatory frameworks.",Audit 10,investigate,"Prevents class-action escalation. This governance framework minimizes statutory regulatory exposure, defends core intellectual property boundaries, and mitigates legal liabilities under international trade and antitrust statutes.","[{""name"": ""Services"", ""value"": ""+12%"", ""unit"": ""percentage"", ""observed_on"": ""2025-05-01""}]",Legal,reported,"{legal,investigate}",Finance;Operations,"In deliberating Assess Global Consumer Protection Claims, Finance cautious on litigation reserves; Legal mandated conservative platform terms and strict statutory compliance controls to mitigate regulatory fines; Operations and Product teams raised concerns regarding developer friction and user experience; Executive leadership mandated the compliance framework under ongoing regulatory review."
AAPL-2025Q2-0141,Apple Inc.,2025-05-01,quarterly_filings/2025_Q2.pdf,https://www.sec.gov/ix?doc=/Archives/edgar/data/0000320193/000032019325000058/aapl-20250329.htm,Item 1. Financial Statements - Note 8. Commitments and Contingencies,"Disclosure Context (2025Q2): Trigger: 'Subscription disputes increasing'. Management Action: 'Update Global Refund Policy Language'. Scope: 'Apple legal and regulatory affairs counsel established binding compliance procedures regarding Update Global Refund Policy La...'. Rationale: 'Reduces legal exposure across markets. This governance framework minimizes statutory regulatory exposure,...'.",Update Global Refund Policy Language,"Apple legal and regulatory affairs counsel established binding compliance procedures regarding Update Global Refund Policy Language. Compliance officers instituted mandatory auditing controls, statutory filing verifications, and external litigation risk assessments to safeguard corporate assets and ensure adherence to evolving global regulatory frameworks.",Global update,revise,"Reduces legal exposure across markets. This governance framework minimizes statutory regulatory exposure, defends core intellectual property boundaries, and mitigates legal liabilities under international trade and antitrust statutes.","[{""name"": ""Services"", ""value"": ""+12%"", ""unit"": ""percentage"", ""observed_on"": ""2025-05-01""}]",Legal,reported,"{legal,revise}",Finance;Operations,"In deliberating Update Global Refund Policy Language, Finance monitored churn risk; Legal mandated conservative platform terms and strict statutory compliance controls to mitigate regulatory fines; Operations and Product teams raised concerns regarding developer friction and user experience; Executive leadership mandated the compliance framework under ongoing regulatory review."
AAPL-2025Q2-0142,Apple Inc.,2025-05-01,quarterly_filings/2025_Q2.pdf,https://www.sec.gov/ix?doc=/Archives/edgar/data/0000320193/000032019325000058/aapl-20250329.htm,Item 1. Financial Statements - Note 8. Commitments and Contingencies,"Disclosure Context (2025Q2): Trigger: 'India & EU scrutiny'. Management Action: 'Audit Cross-Border Data Transfers'. Scope: 'Apple legal and regulatory affairs counsel established binding compliance procedures regarding Audit Cross-Border Data Transf...'. Rationale: 'Mitigates regulatory penalties. This governance framework minimizes statutory regulatory exposure, defend...'.",Audit Cross-Border Data Transfers,"Apple legal and regulatory affairs counsel established binding compliance procedures regarding Audit Cross-Border Data Transfers. Compliance officers instituted mandatory auditing controls, statutory filing verifications, and external litigation risk assessments to safeguard corporate assets and ensure adherence to evolving global regulatory frameworks.",Full,investigate,"Mitigates regulatory penalties. This governance framework minimizes statutory regulatory exposure, defends core intellectual property boundaries, and mitigates legal liabilities under international trade and antitrust statutes.","[{""name"": ""EU_Risk"", ""value"": ""Moderate"", ""unit"": ""metric"", ""observed_on"": ""2025-05-01""}]",Legal,reported,"{legal,investigate}",Finance;Operations,"In deliberating Audit Cross-Border Data Transfers, Finance noted audit expense; Legal mandated conservative platform terms and strict statutory compliance controls to mitigate regulatory fines; Operations and Product teams raised concerns regarding developer friction and user experience; Executive leadership mandated the compliance framework under ongoing regulatory review."
AAPL-2025Q2-0143,Apple Inc.,2025-05-01,quarterly_filings/2025_Q2.pdf,https://www.sec.gov/ix?doc=/Archives/edgar/data/0000320193/000032019325000058/aapl-20250329.htm,Item 1. Financial Statements - Note 8. Commitments and Contingencies,Disclosure Context (2025Q2): Trigger: 'Services ads revenue growing'. Management Action: 'Review Advertising Transparency Standards'. Scope: 'Apple legal and regulatory affairs counsel established binding compliance procedures regarding Review Advertising Transparenc...'. Rationale: 'Prevents regulatory scrutiny escalation. This governance framework minimizes statutory regulatory exposur...'.,Review Advertising Transparency Standards,"Apple legal and regulatory affairs counsel established binding compliance procedures regarding Review Advertising Transparency Standards. Compliance officers instituted mandatory auditing controls, statutory filing verifications, and external litigation risk assessments to safeguard corporate assets and ensure adherence to evolving global regulatory frameworks.",Minor,investigate,"Prevents regulatory scrutiny escalation. This governance framework minimizes statutory regulatory exposure, defends core intellectual property boundaries, and mitigates legal liabilities under international trade and antitrust statutes.","[{""name"": ""Services"", ""value"": ""+12%"", ""unit"": ""percentage"", ""observed_on"": ""2025-05-01""}]",Legal,reported,"{legal,investigate}",Finance;R&D,"In deliberating Review Advertising Transparency Standards, Minimal resistance; Legal mandated conservative platform terms and strict statutory compliance controls to mitigate regulatory fines; Operations and Product teams raised concerns regarding developer friction and user experience; Executive leadership mandated the compliance framework under ongoing regulatory review."
AAPL-2025Q2-0144,Apple Inc.,2025-05-01,quarterly_filings/2025_Q2.pdf,https://www.sec.gov/ix?doc=/Archives/edgar/data/0000320193/000032019325000058/aapl-20250329.htm,Item 1. Financial Statements - Note 8. Commitments and Contingencies,"Disclosure Context (2025Q2): Trigger: 'Tariff & geopolitical volatility'. Management Action: 'Review Supplier Contract Force Majeure Clauses'. Scope: 'Apple legal and regulatory affairs counsel established binding compliance procedures regarding Review Supplier Contract Force...'. Rationale: 'Reduces dispute ambiguity. This governance framework minimizes statutory regulatory exposure, defends cor...'.",Review Supplier Contract Force Majeure Clauses,"Apple legal and regulatory affairs counsel established binding compliance procedures regarding Review Supplier Contract Force Majeure Clauses. Compliance officers instituted mandatory auditing controls, statutory filing verifications, and external litigation risk assessments to safeguard corporate assets and ensure adherence to evolving global regulatory frameworks.",Update,investigate,"Reduces dispute ambiguity. This governance framework minimizes statutory regulatory exposure, defends core intellectual property boundaries, and mitigates legal liabilities under international trade and antitrust statutes.","[{""name"": ""Tariff_Risk"", ""value"": ""High"", ""unit"": ""metric"", ""observed_on"": ""2025-05-01""}]",Legal,reported,"{legal,investigate}",Finance;Operations,"In deliberating Review Supplier Contract Force Majeure Clauses, Finance cautious on supplier reaction; Legal mandated conservative platform terms and strict statutory compliance controls to mitigate regulatory fines; Operations and Product teams raised concerns regarding developer friction and user experience; Executive leadership mandated the compliance framework under ongoing regulatory review."
AAPL-2025Q2-0145,Apple Inc.,2025-05-01,quarterly_filings/2025_Q2.pdf,https://www.sec.gov/ix?doc=/Archives/edgar/data/0000320193/000032019325000058/aapl-20250329.htm,Item 1. Financial Statements - Note 8. Commitments and Contingencies,"Disclosure Context (2025Q2): Trigger: 'Subscription growth'. Management Action: 'Standardize Global Terms of Service Updates'. Scope: 'Apple legal and regulatory affairs counsel established binding compliance procedures regarding Standardize Global Terms of Se...'. Rationale: 'Reduces fragmentation risk. This governance framework minimizes statutory regulatory exposure, defends co...'.",Standardize Global Terms of Service Updates,"Apple legal and regulatory affairs counsel established binding compliance procedures regarding Standardize Global Terms of Service Updates. Compliance officers instituted mandatory auditing controls, statutory filing verifications, and external litigation risk assessments to safeguard corporate assets and ensure adherence to evolving global regulatory frameworks.",Global,revise,"Reduces fragmentation risk. This governance framework minimizes statutory regulatory exposure, defends core intellectual property boundaries, and mitigates legal liabilities under international trade and antitrust statutes.","[{""name"": ""Services"", ""value"": ""+12%"", ""unit"": ""percentage"", ""observed_on"": ""2025-05-01""}]",Legal,reported,"{legal,revise}",Finance;Operations,"In deliberating Standardize Global Terms of Service Updates, Finance wary of localization cost; Legal mandated conservative platform terms and strict statutory compliance controls to mitigate regulatory fines; Operations and Product teams raised concerns regarding developer friction and user experience; Executive leadership mandated the compliance framework under ongoing regulatory review."
AAPL-2025Q2-0146,Apple Inc.,2025-05-01,quarterly_filings/2025_Q2.pdf,https://www.sec.gov/ix?doc=/Archives/edgar/data/0000320193/000032019325000058/aapl-20250329.htm,Item 1. Financial Statements - Note 8. Commitments and Contingencies,"Disclosure Context (2025Q2): Trigger: 'Ad business growing'. Management Action: 'Assess Regional Advertising Data Policies'. Scope: 'Apple legal and regulatory affairs counsel established binding compliance procedures regarding Assess Regional Advertising Da...'. Rationale: 'Prevents cross-border violations. This governance framework minimizes statutory regulatory exposure, defe...'.",Assess Regional Advertising Data Policies,"Apple legal and regulatory affairs counsel established binding compliance procedures regarding Assess Regional Advertising Data Policies. Compliance officers instituted mandatory auditing controls, statutory filing verifications, and external litigation risk assessments to safeguard corporate assets and ensure adherence to evolving global regulatory frameworks.",Update all,investigate,"Prevents cross-border violations. This governance framework minimizes statutory regulatory exposure, defends core intellectual property boundaries, and mitigates legal liabilities under international trade and antitrust statutes.","[{""name"": ""Ads"", ""value"": ""+8%"", ""unit"": ""percentage"", ""observed_on"": ""2025-05-01""}]",Legal,reported,"{legal,investigate}",Finance;R&D,"In deliberating Assess Regional Advertising Data Policies, Finance assessed revenue impact; Legal mandated conservative platform terms and strict statutory compliance controls to mitigate regulatory fines; Operations and Product teams raised concerns regarding developer friction and user experience; Executive leadership mandated the compliance framework under ongoing regulatory review."
AAPL-2025Q2-0147,Apple Inc.,2025-05-01,quarterly_filings/2025_Q2.pdf,https://www.sec.gov/ix?doc=/Archives/edgar/data/0000320193/000032019325000058/aapl-20250329.htm,Item 1. Financial Statements - Note 8. Commitments and Contingencies,Disclosure Context (2025Q2): Trigger: 'Geopolitical uncertainty'. Management Action: 'Prepare Contingency for Expanded Trade Sanctions'. Scope: 'Apple legal and regulatory affairs counsel established binding compliance procedures regarding Prepare Contingency for Expand...'. Rationale: 'Prepares organization without escalation. This governance framework minimizes statutory regulatory exposu...'.,Prepare Contingency for Expanded Trade Sanctions,"Apple legal and regulatory affairs counsel established binding compliance procedures regarding Prepare Contingency for Expanded Trade Sanctions. Compliance officers instituted mandatory auditing controls, statutory filing verifications, and external litigation risk assessments to safeguard corporate assets and ensure adherence to evolving global regulatory frameworks.",Draft,expand,"Prepares organization without escalation. This governance framework minimizes statutory regulatory exposure, defends core intellectual property boundaries, and mitigates legal liabilities under international trade and antitrust statutes.","[{""name"": ""Tariff_Risk"", ""value"": ""High"", ""unit"": ""metric"", ""observed_on"": ""2025-05-01""}]",Legal,reported,"{legal,expand}",Finance;Operations,"In deliberating Prepare Contingency for Expanded Trade Sanctions, Finance favored operational hedge only; Legal mandated conservative platform terms and strict statutory compliance controls to mitigate regulatory fines; Operations and Product teams raised concerns regarding developer friction and user experience; Executive leadership mandated the compliance framework under ongoing regulatory review."
AAPL-2025Q2-0148,Apple Inc.,2025-05-01,quarterly_filings/2025_Q2.pdf,https://www.sec.gov/ix?doc=/Archives/edgar/data/0000320193/000032019325000058/aapl-20250329.htm,Item 1. Financial Statements - Note 8. Commitments and Contingencies,"Disclosure Context (2025Q2): Trigger: 'Device growth across regions'. Management Action: 'Review Global Consumer Warranty Terms'. Scope: 'Apple legal and regulatory affairs counsel established binding compliance procedures regarding Review Global Consumer Warrant...'. Rationale: 'Reduces inconsistency risk. This governance framework minimizes statutory regulatory exposure, defends co...'.",Review Global Consumer Warranty Terms,"Apple legal and regulatory affairs counsel established binding compliance procedures regarding Review Global Consumer Warranty Terms. Compliance officers instituted mandatory auditing controls, statutory filing verifications, and external litigation risk assessments to safeguard corporate assets and ensure adherence to evolving global regulatory frameworks.",Global,investigate,"Reduces inconsistency risk. This governance framework minimizes statutory regulatory exposure, defends core intellectual property boundaries, and mitigates legal liabilities under international trade and antitrust statutes.","[{""name"": ""Mac"", ""value"": ""+7%"", ""unit"": ""percentage"", ""observed_on"": ""2025-05-01""}, {""name"": ""iPad"", ""value"": ""+15%"", ""unit"": ""percentage"", ""observed_on"": ""2025-05-01""}]",Legal,reported,"{legal,investigate}",Finance;Operations,"In deliberating Review Global Consumer Warranty Terms, Finance assessed reserve exposure; Legal mandated conservative platform terms and strict statutory compliance controls to mitigate regulatory fines; Operations and Product teams raised concerns regarding developer friction and user experience; Executive leadership mandated the compliance framework under ongoing regulatory review."
AAPL-2025Q2-0149,Apple Inc.,2025-05-01,quarterly_filings/2025_Q2.pdf,https://www.sec.gov/ix?doc=/Archives/edgar/data/0000320193/000032019325000058/aapl-20250329.htm,Item 1. Financial Statements - Note 8. Commitments and Contingencies,"Disclosure Context (2025Q2): Trigger: 'Expanded AI marketing'. Management Action: 'Audit Advertising Claims for AI Features'. Scope: 'Apple legal and regulatory affairs counsel established binding compliance procedures regarding Audit Advertising Claims for A...'. Rationale: 'Prevents false advertising penalties. This governance framework minimizes statutory regulatory exposure, ...'.",Audit Advertising Claims for AI Features,"Apple legal and regulatory affairs counsel established binding compliance procedures regarding Audit Advertising Claims for AI Features. Compliance officers instituted mandatory auditing controls, statutory filing verifications, and external litigation risk assessments to safeguard corporate assets and ensure adherence to evolving global regulatory frameworks.",Full,investigate,"Prevents false advertising penalties. This governance framework minimizes statutory regulatory exposure, defends core intellectual property boundaries, and mitigates legal liabilities under international trade and antitrust statutes.","[{""name"": ""AI_Features"", ""value"": ""+Expanded"", ""unit"": ""metric"", ""observed_on"": ""2025-05-01""}]",Legal,reported,"{legal,investigate}",Finance;R&D,"In deliberating Audit Advertising Claims for AI Features, R&D ensured claim validation; Legal mandated conservative platform terms and strict statutory compliance controls to mitigate regulatory fines; Operations and Product teams raised concerns regarding developer friction and user experience; Executive leadership mandated the compliance framework under ongoing regulatory review."
AAPL-2025Q2-0150,Apple Inc.,2025-05-01,quarterly_filings/2025_Q2.pdf,https://www.sec.gov/ix?doc=/Archives/edgar/data/0000320193/000032019325000058/aapl-20250329.htm,Item 1. Financial Statements - Note 8. Commitments and Contingencies,"Disclosure Context (2025Q2): Trigger: 'Expanded AI personalization'. Management Action: 'Update Global Privacy Notice for AI Data Usage'. Scope: 'Apple legal and regulatory affairs counsel established binding compliance procedures regarding Update Global Privacy Notice f...'. Rationale: 'Mitigates privacy scrutiny. This governance framework minimizes statutory regulatory exposure, defends co...'.",Update Global Privacy Notice for AI Data Usage,"Apple legal and regulatory affairs counsel established binding compliance procedures regarding Update Global Privacy Notice for AI Data Usage. Compliance officers instituted mandatory auditing controls, statutory filing verifications, and external litigation risk assessments to safeguard corporate assets and ensure adherence to evolving global regulatory frameworks.",Expanded,revise,"Mitigates privacy scrutiny. This governance framework minimizes statutory regulatory exposure, defends core intellectual property boundaries, and mitigates legal liabilities under international trade and antitrust statutes.","[{""name"": ""AI_Features"", ""value"": ""+Expanded"", ""unit"": ""metric"", ""observed_on"": ""2025-05-01""}]",Legal,reported,"{legal,revise}",Finance;R&D,"In deliberating Update Global Privacy Notice for AI Data Usage, Finance assessed churn risk; Legal mandated conservative platform terms and strict statutory compliance controls to mitigate regulatory fines; Operations and Product teams raised concerns regarding developer friction and user experience; Executive leadership mandated the compliance framework under ongoing regulatory review."
AAPL-2025Q2-0151,Apple Inc.,2025-05-01,quarterly_filings/2025_Q2.pdf,https://www.sec.gov/ix?doc=/Archives/edgar/data/0000320193/000032019325000058/aapl-20250329.htm,Item 1. Financial Statements - Note 8. Commitments and Contingencies,Disclosure Context (2025Q2): Trigger: 'EU AI Act enforcement approaching'. Management Action: 'Prepare EU AI Compliance Documentation'. Scope: 'Apple legal and regulatory affairs counsel established binding compliance procedures regarding Prepare EU AI Compliance Docum...'. Rationale: 'Prevents penalties and market disruption. This governance framework minimizes statutory regulatory exposu...'.,Prepare EU AI Compliance Documentation,"Apple legal and regulatory affairs counsel established binding compliance procedures regarding Prepare EU AI Compliance Documentation. Compliance officers instituted mandatory auditing controls, statutory filing verifications, and external litigation risk assessments to safeguard corporate assets and ensure adherence to evolving global regulatory frameworks.",Comprehensive,maintain,"Prevents penalties and market disruption. This governance framework minimizes statutory regulatory exposure, defends core intellectual property boundaries, and mitigates legal liabilities under international trade and antitrust statutes.","[{""name"": ""EU_AI_Risk"", ""value"": ""High"", ""unit"": ""metric"", ""observed_on"": ""2025-05-01""}]",Legal,reported,"{legal,maintain}",Finance;R&D,"In deliberating Prepare EU AI Compliance Documentation, Finance assessed documentation cost; Legal mandated conservative platform terms and strict statutory compliance controls to mitigate regulatory fines; Operations and Product teams raised concerns regarding developer friction and user experience; Executive leadership mandated the compliance framework under ongoing regulatory review."
AAPL-2025Q2-0152,Apple Inc.,2025-05-01,quarterly_filings/2025_Q2.pdf,https://www.sec.gov/ix?doc=/Archives/edgar/data/0000320193/000032019325000058/aapl-20250329.htm,Item 1. Financial Statements - Note 8. Commitments and Contingencies,Disclosure Context (2025Q2): Trigger: 'Regulatory scrutiny increasing'. Management Action: 'Review Subscription Auto-Renewal Policies in EU'. Scope: 'Apple legal and regulatory affairs counsel established binding compliance procedures regarding Review Subscription Auto-Renew...'. Rationale: 'Mitigates regulatory exposure amid Services expansion. This governance framework minimizes statutory regu...'.,Review Subscription Auto-Renewal Policies in EU,"Apple legal and regulatory affairs counsel established binding compliance procedures regarding Review Subscription Auto-Renewal Policies in EU. Compliance officers instituted mandatory auditing controls, statutory filing verifications, and external litigation risk assessments to safeguard corporate assets and ensure adherence to evolving global regulatory frameworks.",Full audit,investigate,"Mitigates regulatory exposure amid Services expansion. This governance framework minimizes statutory regulatory exposure, defends core intellectual property boundaries, and mitigates legal liabilities under international trade and antitrust statutes.","[{""name"": ""EU_Risk"", ""value"": ""Moderate"", ""unit"": ""metric"", ""observed_on"": ""2025-05-01""}, {""name"": ""Services"", ""value"": ""+12%"", ""unit"": ""percentage"", ""observed_on"": ""2025-05-01""}]",Legal,reported,"{legal,investigate}",Finance;R&D,"In deliberating Review Subscription Auto-Renewal Policies in EU, Finance concerned about churn risk; Legal mandated conservative platform terms and strict statutory compliance controls to mitigate regulatory fines; Operations and Product teams raised concerns regarding developer friction and user experience; Executive leadership mandated the compliance framework under ongoing regulatory review."
AAPL-2025Q2-0153,Apple Inc.,2025-05-01,quarterly_filings/2025_Q2.pdf,https://www.sec.gov/ix?doc=/Archives/edgar/data/0000320193/000032019325000058/aapl-20250329.htm,Item 1. Financial Statements - Note 8. Commitments and Contingencies,Disclosure Context (2025Q2): Trigger: 'India production scaling and market growth'. Management Action: 'Assess Data Localization Requirements in India'. Scope: 'Apple legal and regulatory affairs counsel established binding compliance procedures regarding Assess Data Localization Requi...'. Rationale: 'Balances compliance with infrastructure cost. This governance framework minimizes statutory regulatory ex...'.,Assess Data Localization Requirements in India,"Apple legal and regulatory affairs counsel established binding compliance procedures regarding Assess Data Localization Requirements in India. Compliance officers instituted mandatory auditing controls, statutory filing verifications, and external litigation risk assessments to safeguard corporate assets and ensure adherence to evolving global regulatory frameworks.",Partial compliance,investigate,"Balances compliance with infrastructure cost. This governance framework minimizes statutory regulatory exposure, defends core intellectual property boundaries, and mitigates legal liabilities under international trade and antitrust statutes.","[{""name"": ""India_Growth"", ""value"": ""High"", ""unit"": ""metric"", ""observed_on"": ""2025-05-01""}, {""name"": ""Tariff_Shift"", ""value"": ""+10%"", ""unit"": ""percentage"", ""observed_on"": ""2025-05-01""}]",Legal,reported,"{legal,investigate}",Finance;Operations,"In deliberating Assess Data Localization Requirements in India, Finance flagged infra cost impact; Legal mandated conservative platform terms and strict statutory compliance controls to mitigate regulatory fines; Operations and Product teams raised concerns regarding developer friction and user experience; Executive leadership mandated the compliance framework under ongoing regulatory review."
AAPL-2025Q2-0154,Apple Inc.,2025-05-01,quarterly_filings/2025_Q2.pdf,https://www.sec.gov/ix?doc=/Archives/edgar/data/0000320193/000032019325000058/aapl-20250329.htm,Item 1. Financial Statements - Note 8. Commitments and Contingencies,Disclosure Context (2025Q2): Trigger: 'China revenue softness and regulatory shifts'. Management Action: 'Update China Data Transfer Agreements'. Scope: 'Apple legal and regulatory affairs counsel established binding compliance procedures regarding Update China Data Transfer Agr...'. Rationale: 'Ensures compliance without service disruption. This governance framework minimizes statutory regulatory e...'.,Update China Data Transfer Agreements,"Apple legal and regulatory affairs counsel established binding compliance procedures regarding Update China Data Transfer Agreements. Compliance officers instituted mandatory auditing controls, statutory filing verifications, and external litigation risk assessments to safeguard corporate assets and ensure adherence to evolving global regulatory frameworks.",Update contracts,revise,"Ensures compliance without service disruption. This governance framework minimizes statutory regulatory exposure, defends core intellectual property boundaries, and mitigates legal liabilities under international trade and antitrust statutes.","[{""name"": ""China"", ""value"": ""-2%"", ""unit"": ""percentage"", ""observed_on"": ""2025-05-01""}, {""name"": ""Regulatory_Risk"", ""value"": ""Moderate"", ""unit"": ""metric"", ""observed_on"": ""2025-05-01""}]",Legal,reported,"{legal,revise}",Finance;Operations,"In deliberating Update China Data Transfer Agreements, Finance worried about added complexity; Legal mandated conservative platform terms and strict statutory compliance controls to mitigate regulatory fines; Operations and Product teams raised concerns regarding developer friction and user experience; Executive leadership mandated the compliance framework under ongoing regulatory review."
AAPL-2025Q2-0155,Apple Inc.,2025-05-01,quarterly_filings/2025_Q2.pdf,https://www.sec.gov/ix?doc=/Archives/edgar/data/0000320193/000032019325000058/aapl-20250329.htm,Item 1. Financial Statements - Note 8. Commitments and Contingencies,Disclosure Context (2025Q2): Trigger: 'Global revenue growth +5%'. Management Action: 'Review Global Tax Exposure Strategy'. Scope: 'Apple legal and regulatory affairs counsel established binding compliance procedures regarding Review Global Tax Exposure Str...'. Rationale: 'Reduces exposure amid geopolitical shifts. This governance framework minimizes statutory regulatory expos...'.,Review Global Tax Exposure Strategy,"Apple legal and regulatory affairs counsel established binding compliance procedures regarding Review Global Tax Exposure Strategy. Compliance officers instituted mandatory auditing controls, statutory filing verifications, and external litigation risk assessments to safeguard corporate assets and ensure adherence to evolving global regulatory frameworks.",Adjust structure,investigate,"Reduces exposure amid geopolitical shifts. This governance framework minimizes statutory regulatory exposure, defends core intellectual property boundaries, and mitigates legal liabilities under international trade and antitrust statutes.","[{""name"": ""Revenue"", ""value"": ""+5%"", ""unit"": ""percentage"", ""observed_on"": ""2025-05-01""}, {""name"": ""Tax_Risk"", ""value"": ""Moderate"", ""unit"": ""metric"", ""observed_on"": ""2025-05-01""}]",Legal,reported,"{legal,investigate}",Finance,"In deliberating Review Global Tax Exposure Strategy, Finance balancing optics; Legal mandated conservative platform terms and strict statutory compliance controls to mitigate regulatory fines; Operations and Product teams raised concerns regarding developer friction and user experience; Executive leadership mandated the compliance framework under ongoing regulatory review."
AAPL-2025Q2-0156,Apple Inc.,2025-05-01,quarterly_filings/2025_Q2.pdf,https://www.sec.gov/ix?doc=/Archives/edgar/data/0000320193/000032019325000058/aapl-20250329.htm,Item 1. Financial Statements - Note 8. Commitments and Contingencies,Disclosure Context (2025Q2): Trigger: 'Ongoing tariff expansion risk'. Management Action: 'Prepare Contingency for Escalating Trade Restrictions'. Scope: 'Apple legal and regulatory affairs counsel established binding compliance procedures regarding Prepare Contingency for Escala...'. Rationale: 'Prepares company for policy shifts without escalation. This governance framework minimizes statutory regu...'.,Prepare Contingency for Escalating Trade Restrictions,"Apple legal and regulatory affairs counsel established binding compliance procedures regarding Prepare Contingency for Escalating Trade Restrictions. Compliance officers instituted mandatory auditing controls, statutory filing verifications, and external litigation risk assessments to safeguard corporate assets and ensure adherence to evolving global regulatory frameworks.",Draft plan,maintain,"Prepares company for policy shifts without escalation. This governance framework minimizes statutory regulatory exposure, defends core intellectual property boundaries, and mitigates legal liabilities under international trade and antitrust statutes.","[{""name"": ""Tariff_Risk"", ""value"": ""High"", ""unit"": ""metric"", ""observed_on"": ""2025-05-01""}]",Legal,reported,"{legal,maintain}",Finance;Operations,"In deliberating Prepare Contingency for Escalating Trade Restrictions, Finance preferred operational hedging only; Legal mandated conservative platform terms and strict statutory compliance controls to mitigate regulatory fines; Operations and Product teams raised concerns regarding developer friction and user experience; Executive leadership mandated the compliance framework under ongoing regulatory review."
AAPL-2025Q2-0157,Apple Inc.,2025-05-01,quarterly_filings/2025_Q2.pdf,https://www.sec.gov/ix?doc=/Archives/edgar/data/0000320193/000032019325000058/aapl-20250329.htm,Item 1. Financial Statements - Note 8. Commitments and Contingencies,Disclosure Context (2025Q2): Trigger: 'Streaming hours rising'. Management Action: 'Update Global Digital Content Licensing Terms'. Scope: 'Apple legal and regulatory affairs counsel established binding compliance procedures regarding Update Global Digital Content ...'. Rationale: 'Balances cost control with flexibility. This governance framework minimizes statutory regulatory exposure...'.,Update Global Digital Content Licensing Terms,"Apple legal and regulatory affairs counsel established binding compliance procedures regarding Update Global Digital Content Licensing Terms. Compliance officers instituted mandatory auditing controls, statutory filing verifications, and external litigation risk assessments to safeguard corporate assets and ensure adherence to evolving global regulatory frameworks.",Regional revise,revise,"Balances cost control with flexibility. This governance framework minimizes statutory regulatory exposure, defends core intellectual property boundaries, and mitigates legal liabilities under international trade and antitrust statutes.","[{""name"": ""Streaming"", ""value"": ""+9%"", ""unit"": ""percentage"", ""observed_on"": ""2025-05-01""}]",Legal,reported,"{legal,revise}",Finance;R&D,"In deliberating Update Global Digital Content Licensing Terms, Finance wary of higher royalty rates; Legal mandated conservative platform terms and strict statutory compliance controls to mitigate regulatory fines; Operations and Product teams raised concerns regarding developer friction and user experience; Executive leadership mandated the compliance framework under ongoing regulatory review."
AAPL-2025Q2-0158,Apple Inc.,2025-05-01,quarterly_filings/2025_Q2.pdf,https://www.sec.gov/ix?doc=/Archives/edgar/data/0000320193/000032019325000058/aapl-20250329.htm,Item 1. Financial Statements - Note 8. Commitments and Contingencies,"Disclosure Context (2025Q2): Trigger: 'ESG disclosures increasing'. Management Action: 'Standardize Global E-Waste Compliance Filings'. Scope: 'Apple legal and regulatory affairs counsel established binding compliance procedures regarding Standardize Global E-Waste Com...'. Rationale: 'Reduces ESG reporting risk. This governance framework minimizes statutory regulatory exposure, defends co...'.",Standardize Global E-Waste Compliance Filings,"Apple legal and regulatory affairs counsel established binding compliance procedures regarding Standardize Global E-Waste Compliance Filings. Compliance officers instituted mandatory auditing controls, statutory filing verifications, and external litigation risk assessments to safeguard corporate assets and ensure adherence to evolving global regulatory frameworks.",Full align,maintain,"Reduces ESG reporting risk. This governance framework minimizes statutory regulatory exposure, defends core intellectual property boundaries, and mitigates legal liabilities under international trade and antitrust statutes.","[{""name"": ""ESG_Score"", ""value"": ""Improved"", ""unit"": ""metric"", ""observed_on"": ""2025-05-01""}]",Legal,reported,"{legal,maintain}",Operations;Finance,"In deliberating Standardize Global E-Waste Compliance Filings, Finance assessed reporting cost; Legal mandated conservative platform terms and strict statutory compliance controls to mitigate regulatory fines; Operations and Product teams raised concerns regarding developer friction and user experience; Executive leadership mandated the compliance framework under ongoing regulatory review."
AAPL-2025Q2-0159,Apple Inc.,2025-05-01,quarterly_filings/2025_Q2.pdf,https://www.sec.gov/ix?doc=/Archives/edgar/data/0000320193/000032019325000058/aapl-20250329.htm,Item 1. Financial Statements - Note 8. Commitments and Contingencies,"Disclosure Context (2025Q2): Trigger: 'Developer feedback increasing'. Management Action: 'Review App Store Developer Fee Transparency'. Scope: 'Apple legal and regulatory affairs counsel established binding compliance procedures regarding Review App Store Developer Fee...'. Rationale: 'Reduces dispute risk. This governance framework minimizes statutory regulatory exposure, defends core int...'.",Review App Store Developer Fee Transparency,"Apple legal and regulatory affairs counsel established binding compliance procedures regarding Review App Store Developer Fee Transparency. Compliance officers instituted mandatory auditing controls, statutory filing verifications, and external litigation risk assessments to safeguard corporate assets and ensure adherence to evolving global regulatory frameworks.",Minor,investigate,"Reduces dispute risk. This governance framework minimizes statutory regulatory exposure, defends core intellectual property boundaries, and mitigates legal liabilities under international trade and antitrust statutes.","[{""name"": ""Developer_Complaints"", ""value"": ""+6%"", ""unit"": ""percentage"", ""observed_on"": ""2025-05-01""}]",Legal,reported,"{legal,investigate}",Finance;R&D,"In deliberating Review App Store Developer Fee Transparency, R&D cautious on ecosystem friction; Legal mandated conservative platform terms and strict statutory compliance controls to mitigate regulatory fines; Operations and Product teams raised concerns regarding developer friction and user experience; Executive leadership mandated the compliance framework under ongoing regulatory review."
AAPL-2025Q2-0160,Apple Inc.,2025-05-01,quarterly_filings/2025_Q2.pdf,https://www.sec.gov/ix?doc=/Archives/edgar/data/0000320193/000032019325000058/aapl-20250329.htm,Item 1. Financial Statements - Note 8. Commitments and Contingencies,"Disclosure Context (2025Q2): Trigger: 'Expanded AI models'. Management Action: 'Audit AI Training Data Consent Records'. Scope: 'Apple legal and regulatory affairs counsel established binding compliance procedures regarding Audit AI Training Data Consent...'. Rationale: 'Mitigates privacy litigation risk. This governance framework minimizes statutory regulatory exposure, def...'.",Audit AI Training Data Consent Records,"Apple legal and regulatory affairs counsel established binding compliance procedures regarding Audit AI Training Data Consent Records. Compliance officers instituted mandatory auditing controls, statutory filing verifications, and external litigation risk assessments to safeguard corporate assets and ensure adherence to evolving global regulatory frameworks.",Full,investigate,"Mitigates privacy litigation risk. This governance framework minimizes statutory regulatory exposure, defends core intellectual property boundaries, and mitigates legal liabilities under international trade and antitrust statutes.","[{""name"": ""AI_Data_Usage"", ""value"": ""+Expanded"", ""unit"": ""metric"", ""observed_on"": ""2025-05-01""}]",Legal,reported,"{legal,investigate}",Finance;R&D,"In deliberating Audit AI Training Data Consent Records, Finance flagged audit cost; Legal mandated conservative platform terms and strict statutory compliance controls to mitigate regulatory fines; Operations and Product teams raised concerns regarding developer friction and user experience; Executive leadership mandated the compliance framework under ongoing regulatory review."
