case_id,company_name,decision_date,source_document_id,source_url,source_page_or_section,source_excerpt,decision_title,decision_description,documented_action,action_type,decision_rationale,quantitative_signals,department,department_basis,tags,cross_dept_impact,conflicting_perspectives
AAPL-2024Q3-0001,Apple Inc.,2024-08-01,quarterly_filings/2024_Q3.pdf,https://www.sec.gov/ix?doc=/Archives/edgar/data/0000320193/000032019324000073/aapl-20240629.htm,Item 2. MD&A - Operations,"Disclosure Context (2024_Q3): Trigger: 'Apple Q3 FY2024 10-Q (filed August 1, 2024) discloses operational, financial, and regulatory context for Operations management decisions'. Management Action: 'Authorize Foxconn Zhengzhou iPhone 16 Mass Production Assembly Lines'. Scope: 'Authorized and documented in Item 2. MD&A - Operations'. Rationale: 'Secures dedicated final assembly capacity and certified manufacturing personnel ahead of the September 2024 global retail launch, preventing launch-wi'.",Authorize Foxconn Zhengzhou iPhone 16 Mass Production Assembly Lines,"Authorize the commissioning of 28 high-speed automated final assembly lines across Foxconn's Zhengzhou mega-campus in Henan, establishing an initial manufacturing run target of 85 million iPhone 16 and iPhone 16 Pro units for the fall 2024 launch window, incorporating automated optical alignment fixtures for the new capacitive Camera Control button.",Commission iPhone 16 assembly lines,expand,"Secures dedicated final assembly capacity and certified manufacturing personnel ahead of the September 2024 global retail launch, preventing launch-window supply shortages on high-demand Pro configurations.","[{""name"": ""Initial iPhone 16 Production Target"", ""value"": ""85,000,000"", ""unit"": ""units"", ""observed_on"": ""2024-08-01""}, {""name"": ""Active Assembly Lines"", ""value"": ""28"", ""unit"": ""lines"", ""observed_on"": ""2024-08-01""}]",Operations,reported,"{operations,expand}",Finance;R&D,Operations demanded early capacity commitments to lock in Foxconn tooling priority; Finance warned that Greater China revenue contractions (-7% YoY in Q3) suggested consumer caution and urged an 80M unit initial ceiling; R&D insisted that capacitive Camera Control calibration tolerances required an extra 12 seconds per device; Executive management approved the 85M target with bi-weekly sell-through re-indexing.
AAPL-2024Q3-0002,Apple Inc.,2024-08-01,quarterly_filings/2024_Q3.pdf,https://www.sec.gov/ix?doc=/Archives/edgar/data/0000320193/000032019324000073/aapl-20240629.htm,Item 2. MD&A - Operations,"Disclosure Context (2024_Q3): Trigger: 'Apple Q3 FY2024 10-Q (filed August 1, 2024) discloses operational, financial, and regulatory context for Operations management decisions'. Management Action: 'Transition First-Wave iPhone 16 Base Model Assembly to Tata Electronics Hosur'. Scope: 'Authorized and documented in Item 2. MD&A - Operations'. Rationale: 'Accelerates supply chain geographic diversification away from mainland China while taking maximum advantage of the Indian government's Production Link'.",Transition First-Wave iPhone 16 Base Model Assembly to Tata Electronics Hosur,"Authorize Tata Electronics to assemble initial commercial production batches of the standard iPhone 16 at its Hosur campus in Tamil Nadu, targeting day-and-date global shipping parity with Chinese assembly facilities for the first time in Apple's supply chain history.",Authorize India day-one iPhone assembly,expand,Accelerates supply chain geographic diversification away from mainland China while taking maximum advantage of the Indian government's Production Linked Incentive (PLI) tariff rebates.,"[{""name"": ""India Assembly Allocation"", ""value"": ""14"", ""unit"": ""percent of global base units"", ""observed_on"": ""2024-08-01""}]",Operations,reported,"{operations,expand}",Finance;Legal,Operations pushed for simultaneous India-China launch parity to satisfy international risk mitigation goals; Finance modeled $45M in net tariff savings under the PLI scheme; Legal reviewed local labor compliance and export certifications under Indian customs regulations; Quality assurance flagged higher early scrap rates on mechanical enclosures.
AAPL-2024Q3-0003,Apple Inc.,2024-08-01,quarterly_filings/2024_Q3.pdf,https://www.sec.gov/ix?doc=/Archives/edgar/data/0000320193/000032019324000073/aapl-20240629.htm,Item 2. MD&A - Products Performance,"Disclosure Context (2024_Q3): Trigger: 'Apple Q3 FY2024 10-Q (filed August 1, 2024) discloses operational, financial, and regulatory context for Operations management decisions'. Management Action: 'Contract Secondary Titanium Enclosure CNC Machining with Pegatron Kunshan'. Scope: 'Authorized and documented in Item 2. MD&A - Products Performance'. Rationale: 'Eliminates single-source reliance on Foxconn for Grade 5 titanium structural band milling, securing finished enclosure supply against surface scratch '.",Contract Secondary Titanium Enclosure CNC Machining with Pegatron Kunshan,"Execute an emergency secondary CNC machining and precision titanium frame polishing contract with Pegatron at its Kunshan facility, transferring 18% of iPhone 16 Pro titanium enclosure tooling from Foxconn to mitigate thermal warping bottlenecks.",Contract secondary titanium machining,expand,"Eliminates single-source reliance on Foxconn for Grade 5 titanium structural band milling, securing finished enclosure supply against surface scratch defect spikes.","[{""name"": ""Secondary Titanium Allocation"", ""value"": ""18"", ""unit"": ""percent"", ""observed_on"": ""2024-08-01""}]",Operations,reported,"{operations,expand}",Finance;Operations,Operations identified thermal warping during high-speed CNC milling at Foxconn as a risk to launch yields; Finance resisted paying an 8% tooling setup premium to Pegatron for duplicate CNC fixtures; Operations prevailed due to strict launch volume schedules.
AAPL-2024Q3-0004,Apple Inc.,2024-08-01,quarterly_filings/2024_Q3.pdf,https://www.sec.gov/ix?doc=/Archives/edgar/data/0000320193/000032019324000073/aapl-20240629.htm,Item 2. MD&A - Products Performance,"Disclosure Context (2024_Q3): Trigger: 'Apple Q3 FY2024 10-Q (filed August 1, 2024) discloses operational, financial, and regulatory context for Operations management decisions'. Management Action: 'Accelerate LG Innotek Tetraprism Periscope Camera Module Yield Ramp'. Scope: 'Authorized and documented in Item 2. MD&A - Products Performance'. Rationale: 'Overcomes tight sub-micron optical lens alignment tolerances on the miniaturized periscope actuator, protecting gross margin from high scrap costs on '.",Accelerate LG Innotek Tetraprism Periscope Camera Module Yield Ramp,Station 24 resident Apple manufacturing process engineers at LG Innotek's Gumi facility in South Korea to co-optimize robotic active alignment fixtures for the 5x folded tetraprism optical telephoto camera module being deployed across both iPhone 16 Pro and Pro Max.,Co-optimize camera optical alignment,revise,"Overcomes tight sub-micron optical lens alignment tolerances on the miniaturized periscope actuator, protecting gross margin from high scrap costs on folded optical glass.","[{""name"": ""Module Optical Tolerance"", ""value"": ""0.5"", ""unit"": ""microns"", ""observed_on"": ""2024-08-01""}]",Operations,reported,"{operations,revise}",R&D;Finance,R&D insisted that optical centering could not be loosened without causing peripheral image softness on 120mm equivalent focal length shots; Finance flagged that early tetraprism camera module unit costs were running 25% over budget; Operations deployed automated laser interferometer inspection to boost line yields.
AAPL-2024Q3-0005,Apple Inc.,2024-08-01,quarterly_filings/2024_Q3.pdf,https://www.sec.gov/ix?doc=/Archives/edgar/data/0000320193/000032019324000073/aapl-20240629.htm,Item 2. MD&A - Cost of Sales,"Disclosure Context (2024_Q3): Trigger: 'Apple Q3 FY2024 10-Q (filed August 1, 2024) discloses operational, financial, and regulatory context for Operations management decisions'. Management Action: 'Pre-Position Air Cargo Charters from Zhengzhou to North American Hubs'. Scope: 'Authorized and documented in Item 2. MD&A - Cost of Sales'. Rationale: 'Guarantees delivery velocity for launch weekend customer pre-orders across the United States, circumventing commercial trans-Pacific belly-cargo capac'.",Pre-Position Air Cargo Charters from Zhengzhou to North American Hubs,"Contract 48 dedicated Boeing 777-200F cargo charter flights via Atlas Air and Cargolux operating between Zhengzhou Xinzheng International Airport and Chicago O'Hare / Anchorage hubs between September 8 and September 28, 2024 to support pre-order fulfillment.",Contract dedicated air cargo charters,expand,"Guarantees delivery velocity for launch weekend customer pre-orders across the United States, circumventing commercial trans-Pacific belly-cargo capacity crunches.","[{""name"": ""Dedicated Charter Flights"", ""value"": ""48"", ""unit"": ""flights"", ""observed_on"": ""2024-08-01""}, {""name"": ""Launch Pre-Order Freight"", ""value"": ""4,200"", ""unit"": ""metric tons"", ""observed_on"": ""2024-08-01""}]",Operations,reported,"{operations,expand}",Finance;Operations,Operations argued that spot freight rates would spike 30% by mid-September; Finance objected to locking in jet-A fuel surcharges when commercial rates appeared stable; Logistics directors successfully proved that commercial airlines lacked wide-body cargo capacity for launch volumes.
AAPL-2024Q3-0006,Apple Inc.,2024-08-01,quarterly_filings/2024_Q3.pdf,https://www.sec.gov/ix?doc=/Archives/edgar/data/0000320193/000032019324000073/aapl-20240629.htm,Item 2. MD&A - Products Performance,"Disclosure Context (2024_Q3): Trigger: 'Apple Q3 FY2024 10-Q (filed August 1, 2024) discloses operational, financial, and regulatory context for Operations management decisions'. Management Action: 'Initiate Vision Pro International Retail Rollout Logistics for Europe and Asia'. Scope: 'Authorized and documented in Item 2. MD&A - Products Performance'. Rationale: 'Extends the commercial availability of Apple's spatial computing platform to key international tier-1 wealth centers, revitalizing product momentum fo'.",Initiate Vision Pro International Retail Rollout Logistics for Europe and Asia,"Establish regional retail replenishment and optical fitting staging hubs in London, Paris, Tokyo, and Singapore to support the international commercial launch of Apple Vision Pro across eight countries outside the United States scheduled between late June and mid-July 2024.",Deploy international Vision Pro logistics,expand,"Extends the commercial availability of Apple's spatial computing platform to key international tier-1 wealth centers, revitalizing product momentum following softening North American retail traffic.","[{""name"": ""International Markets Added"", ""value"": ""8"", ""unit"": ""countries"", ""observed_on"": ""2024-08-01""}]",Operations,reported,"{operations,expand}",Marketing;Finance,"Marketing forecasted strong pent-up spatial computing demand in the UK, Japan, and France; Finance cautioned that international VAT and import duties would push consumer retail pricing above equivalent $4,000 USD, severely damping unit elasticity; Operations pre-positioned 45,000 international units."
AAPL-2024Q3-0007,Apple Inc.,2024-08-01,quarterly_filings/2024_Q3.pdf,https://www.sec.gov/ix?doc=/Archives/edgar/data/0000320193/000032019324000073/aapl-20240629.htm,Item 2. MD&A - Operations,"Disclosure Context (2024_Q3): Trigger: 'Apple Q3 FY2024 10-Q (filed August 1, 2024) discloses operational, financial, and regulatory context for Operations management decisions'. Management Action: 'Cap Luxshare Vision Pro Commercial Assembly at Single Kunshan Facility Line'. Scope: 'Authorized and documented in Item 2. MD&A - Operations'. Rationale: 'Aligns assembly output with depressed global retail run rates, stemming finished goods inventory accumulation and limiting component obsolescence liab'.",Cap Luxshare Vision Pro Commercial Assembly at Single Kunshan Facility Line,"Formally amend the manufacturing assembly schedule with Luxshare Precision, decommissioning the secondary Kunshan cleanroom assembly line and reducing monthly Vision Pro output to under 15,000 units for the second half of calendar year 2024.",Decommission secondary assembly line,reduce,"Aligns assembly output with depressed global retail run rates, stemming finished goods inventory accumulation and limiting component obsolescence liabilities.","[{""name"": ""Decommissioned Lines"", ""value"": ""1"", ""unit"": ""cleanroom line"", ""observed_on"": ""2024-08-01""}, {""name"": ""Revised Monthly Run Rate"", ""value"": ""15,000"", ""unit"": ""units"", ""observed_on"": ""2024-08-01""}]",Operations,reported,"{operations,reduce}",Finance;R&D,Finance demanded an immediate contraction in manufacturing overhead to prevent an additional $40M in idle capacity absorption charges; R&D expressed concern that mothballing tooling would disrupt skilled cleanroom optical alignment personnel; Operations negotiated a redeployment of Luxshare technicians to Apple Watch lines.
AAPL-2024Q3-0008,Apple Inc.,2024-08-01,quarterly_filings/2024_Q3.pdf,https://www.sec.gov/ix?doc=/Archives/edgar/data/0000320193/000032019324000073/aapl-20240629.htm,Item 2. MD&A - Products Performance,"Disclosure Context (2024_Q3): Trigger: 'Apple Q3 FY2024 10-Q (filed August 1, 2024) discloses operational, financial, and regulatory context for Operations management decisions'. Management Action: 'Restructure ZEISS Prescription Lens In-Country Edging Hubs for Europe'. Scope: 'Authorized and documented in Item 2. MD&A - Products Performance'. Rationale: 'Eliminates cross-border transatlantic air shipping delays for customized vision-correction inserts, reducing fulfillment transit times from 9 business'.",Restructure ZEISS Prescription Lens In-Country Edging Hubs for Europe,"Partner with Carl Zeiss AG to establish an automated optical lens edging and laser etching facility in Aalen, Germany, servicing personalized magnetic prescription inserts for Vision Pro users across Germany, France, and the UK within 72 hours of optometrist prescription upload.",Establish European lens edging hub,expand,"Eliminates cross-border transatlantic air shipping delays for customized vision-correction inserts, reducing fulfillment transit times from 9 business days to under 3 days across Western Europe.","[{""name"": ""Fulfillment SLA"", ""value"": ""72"", ""unit"": ""hours"", ""observed_on"": ""2024-08-01""}]",Operations,reported,"{operations,expand}",Legal;Operations,Operations prioritized customer turnaround time; Legal required strict verification that optical prescription data transfers adhered to EU GDPR health telemetry processing rules; ZEISS engineers deployed certified encrypted EDI communication nodes.
AAPL-2024Q3-0009,Apple Inc.,2024-08-01,quarterly_filings/2024_Q3.pdf,https://www.sec.gov/ix?doc=/Archives/edgar/data/0000320193/000032019324000073/aapl-20240629.htm,Note 3 – Inventory,"Disclosure Context (2024_Q3): Trigger: 'Apple Q3 FY2024 10-Q (filed August 1, 2024) discloses operational, financial, and regulatory context for Operations management decisions'. Management Action: 'Repurpose Surplus Vision Pro Micro-OLED Inventory into Extended Engineering Lots'. Scope: 'Authorized and documented in Note 3 – Inventory'. Rationale: 'Avoids a sudden $45M inventory scrap charge on custom Sony micro-OLED silicon wafers while providing engineering teams with ample hardware lots for li'.",Repurpose Surplus Vision Pro Micro-OLED Inventory into Extended Engineering Lots,"Reassign 65,000 surplus 1.42-inch 4K micro-OLED display modules from canceled commercial 2024 production runs into long-term engineering development inventory for next-generation spatial headset prototypes and enterprise developer test units.",Reassign display inventory to R&D,revise,Avoids a sudden $45M inventory scrap charge on custom Sony micro-OLED silicon wafers while providing engineering teams with ample hardware lots for lightweight spatial display experiments.,"[{""name"": ""Reassigned Modules"", ""value"": ""65,000"", ""unit"": ""display modules"", ""observed_on"": ""2024-08-01""}, {""name"": ""Mitigated Inventory Charge"", ""value"": ""45"", ""unit"": ""million USD"", ""observed_on"": ""2024-08-01""}]",Operations,reported,"{operations,revise}",Finance;R&D,Finance advocated for selling raw display stock back to Sony or writing off the scrap immediately; R&D requested the units to accelerate binocular calibration research for future consumer-tier headsets; Operations brokered a transfer of inventory carrying value from Cost of Sales to R&D capital projects.
AAPL-2024Q3-0010,Apple Inc.,2024-08-01,quarterly_filings/2024_Q3.pdf,https://www.sec.gov/ix?doc=/Archives/edgar/data/0000320193/000032019324000073/aapl-20240629.htm,Item 2. MD&A - Products Performance,"Disclosure Context (2024_Q3): Trigger: 'Apple Q3 FY2024 10-Q (filed August 1, 2024) discloses operational, financial, and regulatory context for Operations management decisions'. Management Action: 'Audit Vision Pro Spatial Audio Band Elasticity and Mechanical Wear Degradation'. Scope: 'Authorized and documented in Item 2. MD&A - Products Performance'. Rationale: 'Identifies potential failure rates on the internal micro-coaxial audio wiring harness before widespread field degradation triggers costly warranty rep'.",Audit Vision Pro Spatial Audio Band Elasticity and Mechanical Wear Degradation,"Commission an accelerated environmental stress audit on the dual-strap and knitted solo audio headbands across 1,000 retail demonstration headsets, testing acoustic wire ribbon flex fatigue and thermal sweat degradation over 500 hours of continuous customer wear.",Audit audio headband durability,investigate,Identifies potential failure rates on the internal micro-coaxial audio wiring harness before widespread field degradation triggers costly warranty replacements.,"[{""name"": ""Tested Demonstration Units"", ""value"": ""1,000"", ""unit"": ""headsets"", ""observed_on"": ""2024-08-01""}]",Operations,reported,"{operations,investigate}",R&D;Finance,Operations noticed a modest rise in retail store audio distortion service logs; R&D suspected micro-fractures in the embedded speaker flex circuit caused by aggressive customer strap adjustment; Finance warned that a mandatory service recall would devastate spatial computing brand equity.
AAPL-2024Q3-0011,Apple Inc.,2024-08-01,quarterly_filings/2024_Q3.pdf,https://www.sec.gov/ix?doc=/Archives/edgar/data/0000320193/000032019324000073/aapl-20240629.htm,Item 2. MD&A - Greater China,"Disclosure Context (2024_Q3): Trigger: 'Apple Q3 FY2024 10-Q (filed August 1, 2024) discloses operational, financial, and regulatory context for Operations management decisions'. Management Action: 'Reorganize Tier-1 Greater China Authorized Retail Channel Trade-In Subsidies'. Scope: 'Authorized and documented in Item 2. MD&A - Greater China'. Rationale: 'Counters aggressive competitive encroachment by Huawei's Mate 60 Pro and Pura 70 series in mainland China, aiming to reverse a 7% year-over-year reven'.",Reorganize Tier-1 Greater China Authorized Retail Channel Trade-In Subsidies,"Authorize an additional $180M in direct carrier channel trade-in price-support funds across China Mobile, China Telecom, and retail partners (Suning, JD.com) to provide up to 800 RMB ($110 USD) in instant trade-in credits for iPhone 13 and 14 users upgrading to iPhone 15 Pro and 16 Series.",Expand Chinese trade-in subsidies,expand,"Counters aggressive competitive encroachment by Huawei's Mate 60 Pro and Pura 70 series in mainland China, aiming to reverse a 7% year-over-year revenue decline in the Greater China segment.","[{""name"": ""Subsidies Budget"", ""value"": ""180"", ""unit"": ""million USD"", ""observed_on"": ""2024-08-01""}, {""name"": ""Target Trade-In Credit"", ""value"": ""800"", ""unit"": ""RMB"", ""observed_on"": ""2024-08-01""}]",Operations,reported,"{operations,expand}",Finance;Marketing,Finance objected to subsidizing trade-ins when gross margin on iPhones was already pressured by component costs; Operations argued that channel inventory velocity in tier-2 cities had dropped 15% and required immediate liquidity incentives; Marketing emphasized that high switching costs on iOS required defending the install base.
AAPL-2024Q3-0012,Apple Inc.,2024-08-01,quarterly_filings/2024_Q3.pdf,https://www.sec.gov/ix?doc=/Archives/edgar/data/0000320193/000032019324000073/aapl-20240629.htm,Item 2. MD&A - Operations,"Disclosure Context (2024_Q3): Trigger: 'Apple Q3 FY2024 10-Q (filed August 1, 2024) discloses operational, financial, and regulatory context for Operations management decisions'. Management Action: 'Establish Direct Online Retail Logistics Center in Shenzhen Qianhai Free Trade Zone'. Scope: 'Authorized and documented in Item 2. MD&A - Operations'. Rationale: 'Reduces domestic online order delivery transit times from 48 hours to same-day or next-morning across the Greater Bay Area, improving customer satisfa'.",Establish Direct Online Retail Logistics Center in Shenzhen Qianhai Free Trade Zone,"Lease and equip a 22,000-square-meter temperature-controlled automated logistics center within the Shenzhen Qianhai Comprehensive Bonded Zone to centralize direct-to-consumer online order fulfillment and custom engraving for South China and Hong Kong.",Establish Qianhai logistics center,expand,"Reduces domestic online order delivery transit times from 48 hours to same-day or next-morning across the Greater Bay Area, improving customer satisfaction and matching competitor fulfillment benchmarks.","[{""name"": ""Facility Footprint"", ""value"": ""22,000"", ""unit"": ""square meters"", ""observed_on"": ""2024-08-01""}]",Operations,reported,"{operations,expand}",Legal;Finance,Operations proved the hub would save $14M annually in trans-shipment customs handling fees; Legal cleared bonded warehouse tax exemption filings with Shenzhen customs authorities; Finance approved the multi-year lease arrangement.
AAPL-2024Q3-0013,Apple Inc.,2024-08-01,quarterly_filings/2024_Q3.pdf,https://www.sec.gov/ix?doc=/Archives/edgar/data/0000320193/000032019324000073/aapl-20240629.htm,Item 2. MD&A - Products Performance,"Disclosure Context (2024_Q3): Trigger: 'Apple Q3 FY2024 10-Q (filed August 1, 2024) discloses operational, financial, and regulatory context for Operations management decisions'. Management Action: 'Consolidate Legacy iPhone 13 and 14 Channel Buffer Stock in Asia Pacific'. Scope: 'Authorized and documented in Item 2. MD&A - Products Performance'. Rationale: 'Eliminates distributor inventory overhang ahead of the iPhone 16 launch, preventing unauthorized secondary market discounting from cannibalizing retai'.",Consolidate Legacy iPhone 13 and 14 Channel Buffer Stock in Asia Pacific,"Conduct an inventory reclamation and clearance sweep across wholesale distributor channels in Taiwan, Hong Kong, and Southeast Asia, reclaiming 420,000 unsold iPhone 13 and iPhone 14 units to redistribute through online certified refurbished stores and institutional enterprise leasing fleets.",Reclaim legacy channel inventory,reduce,"Eliminates distributor inventory overhang ahead of the iPhone 16 launch, preventing unauthorized secondary market discounting from cannibalizing retail ASPs.","[{""name"": ""Reclaimed Units"", ""value"": ""420,000"", ""unit"": ""units"", ""observed_on"": ""2024-08-01""}]",Operations,reported,"{operations,reduce}",Finance;Operations,Finance supported clearing channel balance sheets to protect wholesale receivables; Distributors pushed back on reclamation return restocking fees; Operations offered promotional allowances on incoming iPhone 16 wholesale quotas to secure compliance.
AAPL-2024Q3-0014,Apple Inc.,2024-08-01,quarterly_filings/2024_Q3.pdf,https://www.sec.gov/ix?doc=/Archives/edgar/data/0000320193/000032019324000073/aapl-20240629.htm,Item 2. MD&A - Operations,"Disclosure Context (2024_Q3): Trigger: 'Apple Q3 FY2024 10-Q (filed August 1, 2024) discloses operational, financial, and regulatory context for Operations management decisions'. Management Action: 'Diversify Chinese Retail Packaging Supply to Yuto Packaging and Stora Enso'. Scope: 'Authorized and documented in Item 2. MD&A - Operations'. Rationale: 'Guarantees packaging production capacity during fall launch volume surges while eliminating virgin plastic wrapping across tens of millions of retail '.",Diversify Chinese Retail Packaging Supply to Yuto Packaging and Stora Enso,"Contract secondary paperboard retail packaging volumes for iPhone 16 with Yuto Packaging Technology in Dongguan and Stora Enso, requiring 100% fiber-based plastic-free outer boxes compliant with Apple's 2025 packaging environmental roadmap.",Contract secondary retail packaging,expand,Guarantees packaging production capacity during fall launch volume surges while eliminating virgin plastic wrapping across tens of millions of retail boxes.,"[{""name"": ""Fiber-Based Content"", ""value"": ""100"", ""unit"": ""percent"", ""observed_on"": ""2024-08-01""}]",Operations,reported,"{operations,expand}",Operations;Finance,Operations required structural crush-resistance certification across automated box-gluing lines; Finance confirmed fiber-based boxes reduced per-unit shipping weight and saved $0.18 per carton; Quality teams validated drop-test performance.
AAPL-2024Q3-0015,Apple Inc.,2024-08-01,quarterly_filings/2024_Q3.pdf,https://www.sec.gov/ix?doc=/Archives/edgar/data/0000320193/000032019324000073/aapl-20240629.htm,Item 2. MD&A - Operating Expenses,"Disclosure Context (2024_Q3): Trigger: 'Apple Q3 FY2024 10-Q (filed August 1, 2024) discloses operational, financial, and regulatory context for Operations management decisions'. Management Action: 'Audit Greater China In-Store Retail Staffing Retention Amid Headcount Reductions'. Scope: 'Authorized and documented in Item 2. MD&A - Operating Expenses'. Rationale: 'Assesses whether retail compensation caps and reduced quarterly overtime authorizations are impacting customer experience metrics and Net Promoter Sco'.",Audit Greater China In-Store Retail Staffing Retention Amid Headcount Reductions,"Execute a human capital retention audit across Apple's 47 corporate retail stores in Greater China, reviewing turnover rates among multilingual retail specialists and enterprise sales advisors following store-level operating budget adjustments.",Audit retail specialist turnover,investigate,Assesses whether retail compensation caps and reduced quarterly overtime authorizations are impacting customer experience metrics and Net Promoter Scores across top flagship stores in Beijing and Shanghai.,"[{""name"": ""Audited Retail Stores"", ""value"": ""47"", ""unit"": ""stores"", ""observed_on"": ""2024-08-01""}]",Operations,reported,"{operations,investigate}",Operations;Finance,"Store managers reported a 22% annualized turnover spike among top technical advisors who were recruited by domestic EV and consumer tech competitors (Xiaomi, Nio); Finance resisted expanding store compensation budgets; Operations recommended enhanced retention stock grants for senior Genius Bar personnel."
AAPL-2024Q3-0016,Apple Inc.,2024-08-01,quarterly_filings/2024_Q3.pdf,https://www.sec.gov/ix?doc=/Archives/edgar/data/0000320193/000032019324000073/aapl-20240629.htm,Item 2. MD&A - Products Performance,"Disclosure Context (2024_Q3): Trigger: 'Apple Q3 FY2024 10-Q (filed August 1, 2024) discloses operational, financial, and regulatory context for Operations management decisions'. Management Action: 'Stabilize Tandem OLED Display Production Lines with LG Display and Samsung'. Scope: 'Authorized and documented in Item 2. MD&A - Products Performance'. Rationale: 'Boosts fabrication yields on the complex dual-layer OLED structure from 68% toward the 85% target benchmark, securing component supply for sustained e'.",Stabilize Tandem OLED Display Production Lines with LG Display and Samsung,Deploy dedicated yield-enhancement engineering squads to LG Display's Paju plant and Samsung Display's Asan fab to resolve thin-film encapsulation micro-bubble defects on the 11-inch and 13-inch dual-stack tandem OLED panels used in the new iPad Pro M4.,Stabilize tandem OLED panel yields,revise,"Boosts fabrication yields on the complex dual-layer OLED structure from 68% toward the 85% target benchmark, securing component supply for sustained enterprise and education tablet demand.","[{""name"": ""Tandem OLED Fab Yield Target"", ""value"": ""85"", ""unit"": ""percent"", ""observed_on"": ""2024-08-01""}]",Operations,reported,"{operations,revise}",Finance;R&D,"Operations noted that strong Q3 iPad sales ($7.16B, +24% YoY) had depleted panel buffer stock; Finance was eager to reduce high per-panel component scrap costs; R&D refused to accept panels with minor luminance variances across the two emissive layers."
AAPL-2024Q3-0017,Apple Inc.,2024-08-01,quarterly_filings/2024_Q3.pdf,https://www.sec.gov/ix?doc=/Archives/edgar/data/0000320193/000032019324000073/aapl-20240629.htm,Item 2. MD&A - Operations,"Disclosure Context (2024_Q3): Trigger: 'Apple Q3 FY2024 10-Q (filed August 1, 2024) discloses operational, financial, and regulatory context for Operations management decisions'. Management Action: 'Ramp M4 iPad Air 11-inch and 13-inch Assembly at Compal Electronics Vietnam'. Scope: 'Authorized and documented in Item 2. MD&A - Operations'. Rationale: 'Enhances Southeast Asian tablet manufacturing redundancy and reduces exposure to potential trade friction or localized industrial disruptions in mainl'.",Ramp M4 iPad Air 11-inch and 13-inch Assembly at Compal Electronics Vietnam,"Expand production capacity at Compal Electronics' Vinh Phuc facility in Vietnam, shifting an additional 25% of baseline 11-inch and 13-inch iPad Air M2 assembly volume away from mainland China.",Shift iPad Air assembly to Vietnam,expand,Enhances Southeast Asian tablet manufacturing redundancy and reduces exposure to potential trade friction or localized industrial disruptions in mainland Chinese manufacturing hubs.,"[{""name"": ""Vietnam Assembly Share"", ""value"": ""25"", ""unit"": ""percent increase"", ""observed_on"": ""2024-08-01""}]",Operations,reported,"{operations,expand}",Finance;Legal,"Operations pushed for geographic resilience; Finance calculated that Vietnamese labor costs were 18% lower than coastal China, offsetting initial tooling capital outlays; Legal ensured local Vietnamese factory environmental and labor standards met Apple Supplier Code of Conduct rules."
AAPL-2024Q3-0018,Apple Inc.,2024-08-01,quarterly_filings/2024_Q3.pdf,https://www.sec.gov/ix?doc=/Archives/edgar/data/0000320193/000032019324000073/aapl-20240629.htm,Item 2. MD&A - Products and Services,"Disclosure Context (2024_Q3): Trigger: 'Apple Q3 FY2024 10-Q (filed August 1, 2024) discloses operational, financial, and regulatory context for Operations management decisions'. Management Action: 'Contract Secondary Inductive Stylus Charging Coil Tooling with Luxshare'. Scope: 'Authorized and documented in Item 2. MD&A - Products and Services'. Rationale: 'Protects the Apple Pencil Pro supply chain from single-source manufacturing halts as attach rates on the newly launched iPad Pro and iPad Air M2 excee'.",Contract Secondary Inductive Stylus Charging Coil Tooling with Luxshare,"Commission Luxshare Precision to manufacture high-frequency inductive charging coil assemblies for the Apple Pencil Pro, establishing a secondary supply node alongside primary vendor Sunwoda Electronic to prevent magnetic attachment charging bottlenecks.",Contract secondary stylus charging coils,expand,Protects the Apple Pencil Pro supply chain from single-source manufacturing halts as attach rates on the newly launched iPad Pro and iPad Air M2 exceed 55%.,"[{""name"": ""Apple Pencil Pro Attach Rate"", ""value"": ""55"", ""unit"": ""percent"", ""observed_on"": ""2024-08-01""}]",Operations,reported,"{operations,expand}",Finance;R&D,R&D required precise magnetic flux alignment to ensure thermal dissipation stayed below 38°C during fast-charging; Finance approved duplicate tooling investment; Operations accelerated qualification testing.
AAPL-2024Q3-0019,Apple Inc.,2024-08-01,quarterly_filings/2024_Q3.pdf,https://www.sec.gov/ix?doc=/Archives/edgar/data/0000320193/000032019324000073/aapl-20240629.htm,Item 2. MD&A - Research and Development,"Disclosure Context (2024_Q3): Trigger: 'Apple Q3 FY2024 10-Q (filed August 1, 2024) discloses operational, financial, and regulatory context for Operations management decisions'. Management Action: 'Authorize M4 Chip Packaging Allocation at Amkor Technology Vietnam'. Scope: 'Authorized and documented in Item 2. MD&A - Research and Development'. Rationale: 'Diversifies advanced semiconductor backend packaging operations outside Taiwan, reducing geographic concentration risk on Apple's flagship M4 processo'.",Authorize M4 Chip Packaging Allocation at Amkor Technology Vietnam,"Authorize Amkor Technology to commission advanced system-level substrate test and wafer-level packaging lines at its Bac Ninh facility in Vietnam, allocating 15% of TSMC-fabricated M4 chip wafer final packaging to Southeast Asia.",Allocate M4 packaging to Vietnam,expand,"Diversifies advanced semiconductor backend packaging operations outside Taiwan, reducing geographic concentration risk on Apple's flagship M4 processor.","[{""name"": ""Backend Packaging Allocation"", ""value"": ""15"", ""unit"": ""percent"", ""observed_on"": ""2024-08-01""}]",Operations,reported,"{operations,expand}",R&D;Finance,Operations emphasized geopolitical diversification for advanced silicon; R&D expressed concern over substrate thermal conductivity variances during initial qualification; Finance supported regional diversification to lower long-term logistics transit costs.
AAPL-2024Q3-0020,Apple Inc.,2024-08-01,quarterly_filings/2024_Q3.pdf,https://www.sec.gov/ix?doc=/Archives/edgar/data/0000320193/000032019324000073/aapl-20240629.htm,Item 2. MD&A - Operations,"Disclosure Context (2024_Q3): Trigger: 'Apple Q3 FY2024 10-Q (filed August 1, 2024) discloses operational, financial, and regulatory context for Operations management decisions'. Management Action: 'Optimize Magic Keyboard Aluminum Palm Rest CNC Milling Cycle Time'. Scope: 'Authorized and documented in Item 2. MD&A - Operations'. Rationale: 'Increases factory throughput by 33% without adding expensive new CNC milling machines, clearing backlogged customer delivery waitlists on the premium '.",Optimize Magic Keyboard Aluminum Palm Rest CNC Milling Cycle Time,"Deploy optimized 5-axis high-speed milling spindle toolpaths across Foxconn's Chengdu facility for the redesigned aluminum Magic Keyboard for iPad Pro M4, cutting per-unit CNC milling duration from 24 minutes to 16 minutes.",Optimize keyboard CNC milling duration,revise,"Increases factory throughput by 33% without adding expensive new CNC milling machines, clearing backlogged customer delivery waitlists on the premium $299–$349 keyboard accessory.","[{""name"": ""Cycle Time Reduction"", ""value"": ""33"", ""unit"": ""percent"", ""observed_on"": ""2024-08-01""}]",Operations,reported,"{operations,revise}",Operations;Finance,Finance demanded unit cost reductions to offset the higher bill-of-materials of the aluminum unibody; Operations worked with robotic machining engineers to accelerate cutter feeds; Quality teams verified that surface bead-blast anodization was unaffected.
AAPL-2024Q3-0021,Apple Inc.,2024-08-01,quarterly_filings/2024_Q3.pdf,https://www.sec.gov/ix?doc=/Archives/edgar/data/0000320193/000032019324000073/aapl-20240629.htm,Item 2. MD&A - Products Performance,"Disclosure Context (2024_Q3): Trigger: 'Apple Q3 FY2024 10-Q (filed August 1, 2024) discloses operational, financial, and regulatory context for Operations management decisions'. Management Action: 'Rationalize Quanta Computer Chongqing M3 MacBook Pro Assembly Allocation'. Scope: 'Authorized and documented in Item 2. MD&A - Products Performance'. Rationale: 'Prevents finished goods inventory build-up of M3 Pro MacBook models ahead of the scheduled October/November 2024 M4 professional laptop product refres'.",Rationalize Quanta Computer Chongqing M3 MacBook Pro Assembly Allocation,"Rebalance production quotas at Quanta Computer's Chongqing campus, dialing back M3 MacBook Pro assembly lines by 15% to prepare cleanroom space and workforce allocations for the fourth-quarter transition to M4 Pro and M4 Max silicon architectures.",Rebalance MacBook Pro assembly quotas,reduce,Prevents finished goods inventory build-up of M3 Pro MacBook models ahead of the scheduled October/November 2024 M4 professional laptop product refresh.,"[{""name"": ""Production Quota Reduction"", ""value"": ""15"", ""unit"": ""percent"", ""observed_on"": ""2024-08-01""}]",Operations,reported,"{operations,reduce}",Finance;R&D,Finance supported aggressive inventory controls to preserve Mac product gross margins; Operations worked with Quanta to retool assembly stations for updated internal thermal heat pipes; Sales teams planned minor educational discounts to clear remaining channel units.
AAPL-2024Q3-0022,Apple Inc.,2024-08-01,quarterly_filings/2024_Q3.pdf,https://www.sec.gov/ix?doc=/Archives/edgar/data/0000320193/000032019324000073/aapl-20240629.htm,Item 2. MD&A - Products Performance,"Disclosure Context (2024_Q3): Trigger: 'Apple Q3 FY2024 10-Q (filed August 1, 2024) discloses operational, financial, and regulatory context for Operations management decisions'. Management Action: 'Commission BOE Display for Baseline M3 MacBook Air 15-inch Production'. Scope: 'Authorized and documented in Item 2. MD&A - Products Performance'. Rationale: 'Introduces competitive third-source bidding on 15-inch display glass, cutting component procurement costs by an estimated 7% while securing backup vol'.",Commission BOE Display for Baseline M3 MacBook Air 15-inch Production,"Qualify BOE Technology Group's B11 Gen-6 LCD production line in Mianyang to supply 15.3-inch Liquid Retina display panels for the M3 MacBook Air, augmenting existing supply from Sharp and LG Display.",Qualify BOE for 15-inch MacBook Air,expand,"Introduces competitive third-source bidding on 15-inch display glass, cutting component procurement costs by an estimated 7% while securing backup volume against panel glass factory disruptions.","[{""name"": ""Target Component Cost Reduction"", ""value"": ""7"", ""unit"": ""percent"", ""observed_on"": ""2024-08-01""}]",Operations,reported,"{operations,expand}",R&D;Finance,"Finance championed multi-sourcing to drive down Mac bills of material; R&D conducted rigorous optical color gamut uniformity testing, rejecting early BOE samples due to edge backlight bleed; BOE modified its edge-LED light guide assembly to meet Apple's standard."
AAPL-2024Q3-0023,Apple Inc.,2024-08-01,quarterly_filings/2024_Q3.pdf,https://www.sec.gov/ix?doc=/Archives/edgar/data/0000320193/000032019324000073/aapl-20240629.htm,Item 2. MD&A - Operations,"Disclosure Context (2024_Q3): Trigger: 'Apple Q3 FY2024 10-Q (filed August 1, 2024) discloses operational, financial, and regulatory context for Operations management decisions'. Management Action: 'Consolidate Mac mini Final Assembly Lines Ahead of Major Redesign'. Scope: 'Authorized and documented in Item 2. MD&A - Operations'. Rationale: 'Prepares factory footprint and robotic pick-and-place fixtures for the most substantial physical redesign of the Mac mini in over a decade, which cuts'.",Consolidate Mac mini Final Assembly Lines Ahead of Major Redesign,"Begin phased consolidation and tooling teardown of legacy Mac mini assembly lines at Foxconn Shenzhen, preparing to transfer production of the drastically miniaturized M4 Mac mini chassis to Foxconn's automated electronics assembly facility in Chengdu.",Consolidate Mac mini assembly lines,revise,"Prepares factory footprint and robotic pick-and-place fixtures for the most substantial physical redesign of the Mac mini in over a decade, which cuts device volume by more than half.","[{""name"": ""Chassis Footprint Reduction"", ""value"": ""50"", ""unit"": ""percent volume reduction"", ""observed_on"": ""2024-08-01""}]",Operations,reported,"{operations,revise}",Operations;Finance,Operations prioritized setting up new micro-architecture tooling in Chengdu; Finance closely monitored line changeover costs; Engineering verified that internal power supply miniaturization met strict thermal dissipation tolerances.
AAPL-2024Q3-0024,Apple Inc.,2024-08-01,quarterly_filings/2024_Q3.pdf,https://www.sec.gov/ix?doc=/Archives/edgar/data/0000320193/000032019324000073/aapl-20240629.htm,Item 2. MD&A - Products Performance,"Disclosure Context (2024_Q3): Trigger: 'Apple Q3 FY2024 10-Q (filed August 1, 2024) discloses operational, financial, and regulatory context for Operations management decisions'. Management Action: 'Audit European MacBook Air Indirect Channel Stock Following Summer Sales'. Scope: 'Authorized and documented in Item 2. MD&A - Products Performance'. Rationale: 'Validates that channel inventory levels remain balanced and determines whether promotional allowances on legacy M2 MacBook Air models are cannibalizin'.",Audit European MacBook Air Indirect Channel Stock Following Summer Sales,"Direct an operational audit across indirect retail channels (Currys, MediaMarkt, Fnac) in the UK, Germany, and France to assess sell-through velocity of M2 vs. M3 MacBook Air units following Back-to-School promotional campaigns.",Audit European laptop channel stock,investigate,Validates that channel inventory levels remain balanced and determines whether promotional allowances on legacy M2 MacBook Air models are cannibalizing M3 laptop margin realization.,"[{""name"": ""European Net Sales Growth"", ""value"": ""8"", ""unit"": ""percent YoY in Q3"", ""observed_on"": ""2024-08-01""}]",Operations,reported,"{operations,investigate}",Finance;Operations,Finance wanted to ensure promotional discounts were not diluting European segment operating margins; Operations tracked distributor stock aging; European sales directors argued promotional bundling was essential to defend market share against Qualcomm Snapdragon X Elite PC laptops.
AAPL-2024Q3-0025,Apple Inc.,2024-08-01,quarterly_filings/2024_Q3.pdf,https://www.sec.gov/ix?doc=/Archives/edgar/data/0000320193/000032019324000073/aapl-20240629.htm,Item 2. MD&A - Operations,"Disclosure Context (2024_Q3): Trigger: 'Apple Q3 FY2024 10-Q (filed August 1, 2024) discloses operational, financial, and regulatory context for Operations management decisions'. Management Action: 'Contract Dedicated Ocean Container Capacity for European Mac Distribution'. Scope: 'Authorized and documented in Item 2. MD&A - Operations'. Rationale: 'Protects Apple from volatile spot freight rates and guarantees vessel space despite continuous geopolitical detours around the southern tip of Africa '.",Contract Dedicated Ocean Container Capacity for European Mac Distribution,"Execute 6-month fixed-allocation ocean shipping agreements with Hapag-Lloyd and Maersk for 1,200 TEU container slots originating from Shanghai and transiting around the Cape of Good Hope to Rotterdam, securing sea-freight capacity for pre-holiday Mac and iPad inventory fill.",Contract fixed ocean freight capacity,expand,Protects Apple from volatile spot freight rates and guarantees vessel space despite continuous geopolitical detours around the southern tip of Africa due to Red Sea shipping conflicts.,"[{""name"": ""Contracted Ocean Capacity"", ""value"": ""1,200"", ""unit"": ""TEU slots"", ""observed_on"": ""2024-08-01""}, {""name"": ""Transit Buffer Days Added"", ""value"": ""12"", ""unit"": ""days"", ""observed_on"": ""2024-08-01""}]",Operations,reported,"{operations,expand}",Finance;Operations,"Operations proved that spot ocean freight rates had surged 120% due to the Red Sea crisis; Finance agreed that locking in carrier rates provided budget certainty, though transit times would be 12 days longer; Inventory managers adjusted European warehouse order points."
AAPL-2024Q3-0026,Apple Inc.,2024-08-01,quarterly_filings/2024_Q3.pdf,https://www.sec.gov/ix?doc=/Archives/edgar/data/0000320193/000032019324000073/aapl-20240629.htm,Item 2. MD&A - Products Performance,"Disclosure Context (2024_Q3): Trigger: 'Apple Q3 FY2024 10-Q (filed August 1, 2024) discloses operational, financial, and regulatory context for Operations management decisions'. Management Action: 'Initiate Apple Watch Series 10 Titanium Enclosure High-Precision Machining'. Scope: 'Authorized and documented in Item 2. MD&A - Products Performance'. Rationale: 'Establishes mass production for the thinnest Apple Watch ever manufactured, achieving the critical industrial design milestone for the product's 10th '.",Initiate Apple Watch Series 10 Titanium Enclosure High-Precision Machining,"Commission Biel Crystal and Lens Technology to ramp precision titanium and aluminum machining lines for the ultra-thin Apple Watch Series 10 chassis, utilizing high-precision CNC routers capable of maintaining 9.7mm overall thickness with integrated wide-angle OLED display seals.",Commission Series 10 chassis machining,expand,"Establishes mass production for the thinnest Apple Watch ever manufactured, achieving the critical industrial design milestone for the product's 10th anniversary launch.","[{""name"": ""Watch Chassis Thickness"", ""value"": ""9.7"", ""unit"": ""mm"", ""observed_on"": ""2024-08-01""}]",Operations,reported,"{operations,expand}",R&D;Finance,R&D mandated ultra-tight acoustic cavity tolerances for the newly designed direct-to-case micro-speaker port; Finance reviewed high CNC fixture depreciation costs; Operations deployed automated vision inspection to monitor casing perimeter yield.
AAPL-2024Q3-0027,Apple Inc.,2024-08-01,quarterly_filings/2024_Q3.pdf,https://www.sec.gov/ix?doc=/Archives/edgar/data/0000320193/000032019324000073/aapl-20240629.htm,Item 2. MD&A - Operations,"Disclosure Context (2024_Q3): Trigger: 'Apple Q3 FY2024 10-Q (filed August 1, 2024) discloses operational, financial, and regulatory context for Operations management decisions'. Management Action: 'Ramp Non-Pulse-Oximetry Sensor Modules for U.S. Apple Watch Series 10'. Scope: 'Authorized and documented in Item 2. MD&A - Operations'. Rationale: 'Maintains uninterrupted U.S. retail import and sales eligibility for the upcoming Series 10 and Ultra 2 hardware releases, fully adhering to the activ'.",Ramp Non-Pulse-Oximetry Sensor Modules for U.S. Apple Watch Series 10,"Authorize Foxconn and Compal to commission dedicated sensor subassembly lines producing optical heart rate sensor packages with permanently disabled pulse oximetry code on all units allocated for the United States commercial market, complying with CBP ruling HQ H336040.",Ramp compliant U.S. watch sensor modules,maintain,"Maintains uninterrupted U.S. retail import and sales eligibility for the upcoming Series 10 and Ultra 2 hardware releases, fully adhering to the active International Trade Commission exclusion order.","[{""name"": ""CBP Ruling Compliance"", ""value"": ""HQ H336040"", ""unit"": ""ruling"", ""observed_on"": ""2024-08-01""}]",Operations,reported,"{operations,maintain}",Legal;R&D,Legal affirmed that any hardware shipped to the U.S. containing active pulse oximetry code risked immediate customs seizure; Operations created dual-SKU inventory tracking systems to separate U.S. stock from international units containing full sensor functionality; Marketing managed retail messaging.
AAPL-2024Q3-0028,Apple Inc.,2024-08-01,quarterly_filings/2024_Q3.pdf,https://www.sec.gov/ix?doc=/Archives/edgar/data/0000320193/000032019324000073/aapl-20240629.htm,Item 2. MD&A - Operations,"Disclosure Context (2024_Q3): Trigger: 'Apple Q3 FY2024 10-Q (filed August 1, 2024) discloses operational, financial, and regulatory context for Operations management decisions'. Management Action: 'Transition AirPods 4 Acoustic Enclosure Tooling to Luxshare Vietnam'. Scope: 'Authorized and documented in Item 2. MD&A - Operations'. Rationale: 'Expands Vietnamese manufacturing capability for high-volume audio accessories while establishing dedicated cleanroom assembly capacity for the first o'.",Transition AirPods 4 Acoustic Enclosure Tooling to Luxshare Vietnam,Transfer 40% of high-precision acoustic driver and enclosure tooling for the dual-model AirPods 4 lineup (standard and Active Noise Cancellation variants) to Luxshare Precision's Nghe An manufacturing campus in Vietnam.,Transfer AirPods 4 tooling to Vietnam,expand,Expands Vietnamese manufacturing capability for high-volume audio accessories while establishing dedicated cleanroom assembly capacity for the first open-ear Active Noise Cancellation AirPods design.,"[{""name"": ""Vietnam Tooling Share"", ""value"": ""40"", ""unit"": ""percent"", ""observed_on"": ""2024-08-01""}]",Operations,reported,"{operations,expand}",Finance;Operations,Operations pushed for geographical redundancy in accessory assembly; Finance welcomed lower operational labor costs in central Vietnam; R&D acoustic engineers conducted laser vibrometry testing to ensure Vietnamese-assembled acoustic drivers matched Chinese benchmark curves.
AAPL-2024Q3-0029,Apple Inc.,2024-08-01,quarterly_filings/2024_Q3.pdf,https://www.sec.gov/ix?doc=/Archives/edgar/data/0000320193/000032019324000073/aapl-20240629.htm,Item 2. MD&A - Products Performance,"Disclosure Context (2024_Q3): Trigger: 'Apple Q3 FY2024 10-Q (filed August 1, 2024) discloses operational, financial, and regulatory context for Operations management decisions'. Management Action: 'Audit Apple Watch Ultra 2 Black Titanium Anodization Micro-Scratch Durability'. Scope: 'Authorized and documented in Item 2. MD&A - Products Performance'. Rationale: 'Evaluates whether the diamond-like carbon PVD surface treatment withstands outdoor athletic abrasion without chipping or flaking along chamfered bezel'.",Audit Apple Watch Ultra 2 Black Titanium Anodization Micro-Scratch Durability,Conduct an accelerated abrasion and salt-fog corrosion durability audit on newly introduced satin black physical vapor deposition (PVD) titanium coatings for the Apple Watch Ultra 2 across manufacturing lines in Shenzhen.,Audit black titanium PVD coating,investigate,"Evaluates whether the diamond-like carbon PVD surface treatment withstands outdoor athletic abrasion without chipping or flaking along chamfered bezel edges, preventing customer returns.","[{""name"": ""Abrasion Cycles Tested"", ""value"": ""10,000"", ""unit"": ""tumble cycles"", ""observed_on"": ""2024-08-01""}]",Operations,reported,"{operations,investigate}",R&D;Operations,Operations wanted to confirm that high-volume PVD chamber cycling did not induce coating thickness non-uniformities; R&D specified a minimum 5-micron coating thickness; Finance modeled warranty return reserves for the $799 premium adventure watch.
AAPL-2024Q3-0030,Apple Inc.,2024-08-01,quarterly_filings/2024_Q3.pdf,https://www.sec.gov/ix?doc=/Archives/edgar/data/0000320193/000032019324000073/aapl-20240629.htm,Item 2. MD&A - Products and Services,"Disclosure Context (2024_Q3): Trigger: 'Apple Q3 FY2024 10-Q (filed August 1, 2024) discloses operational, financial, and regulatory context for Operations management decisions'. Management Action: 'Consolidate FineWoven Watch Band Inventory Reclamation Across Retail Channels'. Scope: 'Authorized and documented in Item 2. MD&A - Products and Services'. Rationale: 'Permanently terminates retail distribution of the troubled micro-twill textile material following sustained consumer complaints regarding wear durabil'.",Consolidate FineWoven Watch Band Inventory Reclamation Across Retail Channels,"Execute a mandatory reverse-logistics inventory recall across all 560 Apple retail stores and authorized channel distributors, pulling all remaining iPhone 15 FineWoven cases and Apple Watch FineWoven magnetic link bands to prepare store displays for updated silicone and fluoroelastomer accessories.",Recall FineWoven accessory inventory,reduce,"Permanently terminates retail distribution of the troubled micro-twill textile material following sustained consumer complaints regarding wear durability, liquid staining, and surface fraying.","[{""name"": ""Reclaimed Accessory SKUs"", ""value"": ""24"", ""unit"": ""SKUs"", ""observed_on"": ""2024-08-01""}]",Operations,reported,"{operations,reduce}",Marketing;Finance,Marketing urged an immediate storewide purge of FineWoven accessories before the fall iPhone 16 announcement; Finance absorbed a $34M inventory reclamation and scrap write-down in Q4 FY2024; Operations coordinated material recycling workflows.
AAPL-2024Q3-0031,Apple Inc.,2024-08-01,quarterly_filings/2024_Q3.pdf,https://www.sec.gov/ix?doc=/Archives/edgar/data/0000320193/000032019324000073/aapl-20240629.htm,Item 2. MD&A - R&D and Services,"Disclosure Context (2024_Q3): Trigger: 'Apple Q3 FY2024 10-Q (filed August 1, 2024) discloses operational, financial, and regulatory context for Operations management decisions'. Management Action: 'Deploy Custom M2 Ultra Server Racks for Private Cloud Compute Data Centers'. Scope: 'Authorized and documented in Item 2. MD&A - R&D and Services'. Rationale: 'Establishes a cryptographically attested, privacy-preserving cloud computing infrastructure capable of processing complex Apple Intelligence generativ'.",Deploy Custom M2 Ultra Server Racks for Private Cloud Compute Data Centers,"Commission and deploy 2,400 custom Apple-designed server nodes powered by dual M2 Ultra system-on-chip packages across Apple-owned data centers in Maiden, North Carolina and Mesa, Arizona to form the initial Private Cloud Compute (PCC) inference cluster.",Deploy Private Cloud Compute server racks,expand,"Establishes a cryptographically attested, privacy-preserving cloud computing infrastructure capable of processing complex Apple Intelligence generative AI workloads beyond on-device Neural Engine capacities.","[{""name"": ""PCC Server Nodes Deployed"", ""value"": ""2,400"", ""unit"": ""nodes"", ""observed_on"": ""2024-08-01""}, {""name"": ""Server Silicon Architecture"", ""value"": ""Dual M2 Ultra"", ""unit"": ""SoC"", ""observed_on"": ""2024-08-01""}]",Operations,reported,"{operations,expand}",Finance;R&D,R&D required custom hardware-rooted secure enclaves on every server blade to satisfy independent cryptographic auditing; Finance budgeted $420M in custom data center CapEx; Infrastructure teams coordinated liquid cooling and power distribution upgrades.
AAPL-2024Q3-0032,Apple Inc.,2024-08-01,quarterly_filings/2024_Q3.pdf,https://www.sec.gov/ix?doc=/Archives/edgar/data/0000320193/000032019324000073/aapl-20240629.htm,Item 1. Business - Environment,"Disclosure Context (2024_Q3): Trigger: 'Apple Q3 FY2024 10-Q (filed August 1, 2024) discloses operational, financial, and regulatory context for Operations management decisions'. Management Action: 'Contract Renewable Solar and Wind Power PPAs for North Carolina AI Data Center'. Scope: 'Authorized and documented in Item 1. Business - Environment'. Rationale: 'Ensures expanding cloud AI compute infrastructure does not increase corporate carbon footprint, fulfilling ESG milestones and meeting strict corporate'.",Contract Renewable Solar and Wind Power PPAs for North Carolina AI Data Center,Execute long-term power purchase agreements (PPAs) for 320 megawatts of newly constructed utility-scale solar and battery storage projects in North Carolina to power expanding AI inference server installations while preserving Apple's 100% renewable corporate energy commitment.,Execute renewable energy PPAs for AI,expand,"Ensures expanding cloud AI compute infrastructure does not increase corporate carbon footprint, fulfilling ESG milestones and meeting strict corporate sustainability benchmarks.","[{""name"": ""Contracted Clean Power"", ""value"": ""320"", ""unit"": ""megawatts"", ""observed_on"": ""2024-08-01""}]",Operations,reported,"{operations,expand}",Finance;Legal,Legal structured 15-year virtual PPA contracts with Duke Energy Renewables; Finance evaluated power pricing collars to insulate operational budgets from grid peak-demand rate spikes; Environmental teams verified clean energy additionality criteria.
AAPL-2024Q3-0033,Apple Inc.,2024-08-01,quarterly_filings/2024_Q3.pdf,https://www.sec.gov/ix?doc=/Archives/edgar/data/0000320193/000032019324000073/aapl-20240629.htm,Item 2. MD&A - Services,"Disclosure Context (2024_Q3): Trigger: 'Apple Q3 FY2024 10-Q (filed August 1, 2024) discloses operational, financial, and regulatory context for Operations management decisions'. Management Action: 'Upgrade Global Akamai and Cloudflare Edge Caching for iOS 18 OTA Deliveries'. Scope: 'Authorized and documented in Item 2. MD&A - Services'. Rationale: 'Prevents global CDN throttling, server timeouts, and slow download experiences across an installed base of over 2.2 billion active Apple devices durin'.",Upgrade Global Akamai and Cloudflare Edge Caching for iOS 18 OTA Deliveries,"Commission a 45% expansion in multi-CDN edge transit bandwidth with Akamai Technologies and Cloudflare, reserving 180 Terabits per second of burstable edge caching capacity to support the worldwide over-the-air rollout of iOS 18 and macOS Sequoia.",Expand CDN edge transit capacity,expand,"Prevents global CDN throttling, server timeouts, and slow download experiences across an installed base of over 2.2 billion active Apple devices during peak launch week update requests.","[{""name"": ""Burstable CDN Bandwidth"", ""value"": ""180"", ""unit"": ""Tbps"", ""observed_on"": ""2024-08-01""}, {""name"": ""Active Device Base"", ""value"": ""2.2"", ""unit"": ""billion devices"", ""observed_on"": ""2024-08-01""}]",Operations,reported,"{operations,expand}",Finance;Operations,"Finance approved a $38M seasonal transit surge budget; Operations conducted simulated regional download stress tests; Technical teams pre-positioned delta update packages across 1,800 edge points of presence."
AAPL-2024Q3-0034,Apple Inc.,2024-08-01,quarterly_filings/2024_Q3.pdf,https://www.sec.gov/ix?doc=/Archives/edgar/data/0000320193/000032019324000073/aapl-20240629.htm,Item 2. MD&A - Services,"Disclosure Context (2024_Q3): Trigger: 'Apple Q3 FY2024 10-Q (filed August 1, 2024) discloses operational, financial, and regulatory context for Operations management decisions'. Management Action: 'Scale Cloud Infrastructure for MLS Season Pass and Friday Night Baseball'. Scope: 'Authorized and documented in Item 2. MD&A - Services'. Rationale: 'Eliminates streaming latency gaps and buffering disruptions during high-concurrency sporting events, driving subscriber retention for Apple TV+ sports'.",Scale Cloud Infrastructure for MLS Season Pass and Friday Night Baseball,Deploy upgraded low-latency adaptive video transcoders and dynamic ad-insertion servers across AWS and Apple edge infrastructure to support 4K HDR live sports streaming for Major League Soccer playoff races and MLB Friday Night Baseball broadcasts.,Scale live sports streaming infrastructure,expand,"Eliminates streaming latency gaps and buffering disruptions during high-concurrency sporting events, driving subscriber retention for Apple TV+ sports offerings.","[{""name"": ""Peak Concurrent Live Viewers Target"", ""value"": ""650,000"", ""unit"": ""simultaneous streams"", ""observed_on"": ""2024-08-01""}]",Operations,reported,"{operations,expand}",Finance;R&D,Finance analyzed operating margins on MLS infrastructure; R&D deployed proprietary frame-rate synchronization protocols to match broadcast television latency; Operations managed dynamic load balancing across regional cloud partners.
AAPL-2024Q3-0035,Apple Inc.,2024-08-01,quarterly_filings/2024_Q3.pdf,https://www.sec.gov/ix?doc=/Archives/edgar/data/0000320193/000032019324000073/aapl-20240629.htm,Item 2. MD&A - Services,"Disclosure Context (2024_Q3): Trigger: 'Apple Q3 FY2024 10-Q (filed August 1, 2024) discloses operational, financial, and regulatory context for Operations management decisions'. Management Action: 'Audit Apple Pay Server Latency and European Host Card Emulation (HCE) Architecture'. Scope: 'Authorized and documented in Item 2. MD&A - Services'. Rationale: 'Validates that external third-party digital wallets utilizing Apple's newly unbundled Host Card Emulation APIs execute contactless POS transactions wi'.",Audit Apple Pay Server Latency and European Host Card Emulation (HCE) Architecture,Execute end-to-end transaction latency and cryptographic security stress tests on European Apple Pay payment gateway servers following regulatory commitments to open the iPhone Near Field Communication (NFC) chip to third-party mobile banking apps under DMA agreements.,Audit HCE payment server performance,investigate,Validates that external third-party digital wallets utilizing Apple's newly unbundled Host Card Emulation APIs execute contactless POS transactions within strict 150-millisecond contactless payment terminal time-out limits.,"[{""name"": ""Maximum POS Latency Limit"", ""value"": ""150"", ""unit"": ""milliseconds"", ""observed_on"": ""2024-08-01""}]",Operations,reported,"{operations,investigate}",Legal;R&D,Legal confirmed that maintaining strict transaction reliability was essential to demonstrate good-faith execution of European Commission antitrust commitments; R&D identified software sandbox queuing bottlenecks when third-party banking apps initiated HCE calls; Operations reviewed server cluster capacity.
AAPL-2024Q3-0036,Apple Inc.,2024-08-01,quarterly_filings/2024_Q3.pdf,https://www.sec.gov/ix?doc=/Archives/edgar/data/0000320193/000032019324000073/aapl-20240629.htm,Item 2. MD&A - Operations,"Disclosure Context (2024_Q3): Trigger: 'Apple Q3 FY2024 10-Q (filed August 1, 2024) discloses operational, financial, and regulatory context for Operations management decisions'. Management Action: 'Establish Regional Supply Chain Redundancy Hub in Penang, Malaysia'. Scope: 'Authorized and documented in Item 2. MD&A - Operations'. Rationale: 'Creates a centralized Southeast Asian logistics sorting node that bypasses southern Chinese trans-shipment bottlenecks and shortens component transit '.","Establish Regional Supply Chain Redundancy Hub in Penang, Malaysia","Authorize the construction and leasing of an advanced semiconductor component staging and subassembly inspection hub in Penang, Malaysia, routing passive components, camera voice-coil motors, and PCB interconnects destined for assembly plants in Vietnam and India.",Establish Penang logistics hub,expand,Creates a centralized Southeast Asian logistics sorting node that bypasses southern Chinese trans-shipment bottlenecks and shortens component transit lead times to Vietnamese and Indian assembly lines.,"[{""name"": ""Transit Lead Time Reduction"", ""value"": ""4"", ""unit"": ""days"", ""observed_on"": ""2024-08-01""}]",Operations,reported,"{operations,expand}",Finance;Operations,Operations highlighted Penang's mature semiconductor ecosystem; Finance approved a $45M multi-year infrastructure investment; Logistics planners integrated automated customs documentation systems with Malaysian export agencies.
AAPL-2024Q3-0037,Apple Inc.,2024-08-01,quarterly_filings/2024_Q3.pdf,https://www.sec.gov/ix?doc=/Archives/edgar/data/0000320193/000032019324000073/aapl-20240629.htm,Item 1. Business - Supply Chain,"Disclosure Context (2024_Q3): Trigger: 'Apple Q3 FY2024 10-Q (filed August 1, 2024) discloses operational, financial, and regulatory context for Operations management decisions'. Management Action: 'Audit Critical Rare Earth and Cobalt Supply Chains Under OECD Due Diligence Standards'. Scope: 'Authorized and documented in Item 1. Business - Supply Chain'. Rationale: 'Ensures total corporate compliance with international responsible mineral sourcing standards, preventing regulatory sanctions and brand damage associa'.",Audit Critical Rare Earth and Cobalt Supply Chains Under OECD Due Diligence Standards,"Commission third-party forensic environmental and human rights audits across 48 cobalt, lithium, and 100% recycled rare earth element refiners and magnet processors in the Democratic Republic of Congo, Australia, and China supplying Apple Watch and Taptic Engine magnet assemblies.",Audit critical mineral supply chains,maintain,"Ensures total corporate compliance with international responsible mineral sourcing standards, preventing regulatory sanctions and brand damage associated with artisanal mining labor abuses.","[{""name"": ""Refiners and Smelters Audited"", ""value"": ""48"", ""unit"": ""facilities"", ""observed_on"": ""2024-08-01""}]",Operations,reported,"{operations,maintain}",Legal;Operations,Legal required clean chain-of-custody documentation for SEC Form SD conflict mineral filings; Operations conducted on-site chemical isotopic fingerprinting on incoming neodymium magnet batches; Refiners failing traceability checks faced immediate contract de-certification.
AAPL-2024Q3-0038,Apple Inc.,2024-08-01,quarterly_filings/2024_Q3.pdf,https://www.sec.gov/ix?doc=/Archives/edgar/data/0000320193/000032019324000073/aapl-20240629.htm,Item 2. MD&A - Operations,"Disclosure Context (2024_Q3): Trigger: 'Apple Q3 FY2024 10-Q (filed August 1, 2024) discloses operational, financial, and regulatory context for Operations management decisions'. Management Action: 'Optimize Automated Pallet Wrapping and Robotic Depalletization at Elk Grove'. Scope: 'Authorized and documented in Item 2. MD&A - Operations'. Rationale: 'Increases distribution center inbound receiving capacity from 4,000 cartons per hour to over 11,000 cartons per hour, eliminating warehouse dwell bott'.",Optimize Automated Pallet Wrapping and Robotic Depalletization at Elk Grove,"Deploy 16 heavy-duty automated depalletizing robots equipped with 3D laser vision guidance at the Elk Grove distribution campus in California, automating carton unloading of inbound trans-Pacific air-freight pallets containing finished iPhone and Mac hardware.",Deploy automated depalletizing robotics,expand,"Increases distribution center inbound receiving capacity from 4,000 cartons per hour to over 11,000 cartons per hour, eliminating warehouse dwell bottlenecks during the autumn launch peak.","[{""name"": ""Robotic Depalletizing Units"", ""value"": ""16"", ""unit"": ""robots"", ""observed_on"": ""2024-08-01""}, {""name"": ""Carton Throughput Target"", ""value"": ""11,000"", ""unit"": ""cartons/hour"", ""observed_on"": ""2024-08-01""}]",Operations,reported,"{operations,expand}",Operations;Finance,Operations argued robotics were vital to handle launch-window pallet surges without paying excessive third-party temporary overtime; Finance evaluated a 20-month capital payback cycle; Safety committees verified OSHA human-robot collaboration clearances.
AAPL-2024Q3-0039,Apple Inc.,2024-08-01,quarterly_filings/2024_Q3.pdf,https://www.sec.gov/ix?doc=/Archives/edgar/data/0000320193/000032019324000073/aapl-20240629.htm,Item 2. MD&A - Operations,"Disclosure Context (2024_Q3): Trigger: 'Apple Q3 FY2024 10-Q (filed August 1, 2024) discloses operational, financial, and regulatory context for Operations management decisions'. Management Action: 'Audit Northern Vietnam Monsoon Drainage and Flood Preparedness at Bac Giang Plants'. Scope: 'Authorized and documented in Item 2. MD&A - Operations'. Rationale: 'Protects manufacturing assets, sensitive semiconductor inventories, and finished iPad/AirPods assembly lines from catastrophic monsoon flooding and re'.",Audit Northern Vietnam Monsoon Drainage and Flood Preparedness at Bac Giang Plants,"Mandate an emergency structural engineering audit of perimeter stormwater drainage, redundant diesel backup generators, and elevated component warehouse storage across Foxconn and Luxshare campuses in Bac Giang following severe Typhoon Yagi tropical storm forecasts.",Audit typhoon and flood preparedness,investigate,"Protects manufacturing assets, sensitive semiconductor inventories, and finished iPad/AirPods assembly lines from catastrophic monsoon flooding and regional electrical power grid failures in northern Vietnam.","[{""name"": ""Monitored Industrial Campuses"", ""value"": ""4"", ""unit"": ""major campuses"", ""observed_on"": ""2024-08-01""}]",Operations,reported,"{operations,investigate}",Operations;Finance,Operations urged immediate installation of industrial submersible pumps and sandbag perimeters; Factory managers resisted allocating capital for structural retention walls during peak production ramp; Finance authorized emergency risk mitigation grants.
AAPL-2024Q3-0040,Apple Inc.,2024-08-01,quarterly_filings/2024_Q3.pdf,https://www.sec.gov/ix?doc=/Archives/edgar/data/0000320193/000032019324000073/aapl-20240629.htm,Item 2. MD&A - Operations,"Disclosure Context (2024_Q3): Trigger: 'Apple Q3 FY2024 10-Q (filed August 1, 2024) discloses operational, financial, and regulatory context for Operations management decisions'. Management Action: 'Contract Strategic Silicon Wafer Buffer Inventory at TSMC Fab 18 in Tainan'. Scope: 'Authorized and documented in Item 2. MD&A - Operations'. Rationale: 'Insulates Apple's A18, M4, and upcoming A19 chip production pipelines from production interruptions caused by potential earthquakes, utility outages, '.",Contract Strategic Silicon Wafer Buffer Inventory at TSMC Fab 18 in Tainan,"Execute a binding commercial reservation with TSMC for dedicated cleanroom storage and nitrogen wafer pods housing a strategic safety stock of 18,000 processed 3nm N3B and N3E wafers at Fab 18 in Tainan, insuring against localized seismic disruptions.",Reserve strategic silicon wafer buffer,maintain,"Insulates Apple's A18, M4, and upcoming A19 chip production pipelines from production interruptions caused by potential earthquakes, utility outages, or regional geopolitical tensions in the Taiwan Strait.","[{""name"": ""Buffer Wafer Stock"", ""value"": ""18,000"", ""unit"": ""wafers"", ""observed_on"": ""2024-08-01""}]",Operations,reported,"{operations,maintain}",Finance;Operations,Finance questioned carrying over $300M in un-diced semiconductor wafer inventory on the balance sheet; Operations pointed to recent earthquake activity in Hualien as proof of Taiwan's geographic vulnerability; TSMC agreed to absorb half the cleanroom storage costs.
AAPL-2024Q3-0041,Apple Inc.,2024-08-01,quarterly_filings/2024_Q3.pdf,https://www.sec.gov/ix?doc=/Archives/edgar/data/0000320193/000032019324000073/aapl-20240629.htm,Item 2. MD&A - Retail Operations,"Disclosure Context (2024_Q3): Trigger: 'Apple Q3 FY2024 10-Q (filed August 1, 2024) discloses operational, financial, and regulatory context for Operations management decisions'. Management Action: 'Deploy Automated iPhone Trade-In Value Diagnostic Kiosks Across U.S. Stores'. Scope: 'Authorized and documented in Item 2. MD&A - Retail Operations'. Rationale: 'Speeds up the in-store trade-in valuation process by 70%, reducing retail queue congestion during the peak iPhone 16 launch season and encouraging har'.",Deploy Automated iPhone Trade-In Value Diagnostic Kiosks Across U.S. Stores,"Install 350 automated self-service trade-in diagnostic kiosks (Apple Trade In Express) in high-traffic U.S. Apple retail stores, utilizing optical computer vision and automated display scratch scoring to evaluate device trade-in value within two minutes.",Deploy automated trade-in kiosks,expand,"Speeds up the in-store trade-in valuation process by 70%, reducing retail queue congestion during the peak iPhone 16 launch season and encouraging hardware trade-in upgrades.","[{""name"": ""Kiosks Deployed"", ""value"": ""350"", ""unit"": ""kiosks"", ""observed_on"": ""2024-08-01""}, {""name"": ""Assessment Duration"", ""value"": ""2"", ""unit"": ""minutes"", ""observed_on"": ""2024-08-01""}]",Operations,reported,"{operations,expand}",Finance;Marketing,Marketing supported self-service kiosks to eliminate friction for upgrading customers; Finance worried that automated optical grading might overlook micro-dents and over-value damaged trade-in hardware; Retail operations validated the machine vision grading algorithms.
AAPL-2024Q3-0042,Apple Inc.,2024-08-01,quarterly_filings/2024_Q3.pdf,https://www.sec.gov/ix?doc=/Archives/edgar/data/0000320193/000032019324000073/aapl-20240629.htm,Item 2. MD&A - Operating Expenses,"Disclosure Context (2024_Q3): Trigger: 'Apple Q3 FY2024 10-Q (filed August 1, 2024) discloses operational, financial, and regulatory context for Operations management decisions'. Management Action: 'Authorize Retail Workforce Seasonal Overtime Expansion for Fall Launch Wave'. Scope: 'Authorized and documented in Item 2. MD&A - Operating Expenses'. Rationale: 'Ensures adequate retail specialist floor staffing to manage customer traffic, product demonstrations, and walk-in purchases during the launch of iPhon'.",Authorize Retail Workforce Seasonal Overtime Expansion for Fall Launch Wave,"Approve a temporary 35% expansion in authorized weekly overtime hours and hire 4,500 seasonal retail specialists across Apple's 272 retail stores in the United States and Canada from September 15 through October 31, 2024.",Authorize retail seasonal overtime,expand,"Ensures adequate retail specialist floor staffing to manage customer traffic, product demonstrations, and walk-in purchases during the launch of iPhone 16, Apple Watch Series 10, and AirPods 4.","[{""name"": ""Seasonal Specialists Hired"", ""value"": ""4,500"", ""unit"": ""employees"", ""observed_on"": ""2024-08-01""}, {""name"": ""Overtime Cap Increase"", ""value"": ""35"", ""unit"": ""percent"", ""observed_on"": ""2024-08-01""}]",Operations,reported,"{operations,expand}",Finance;Operations,Finance scrutinized the $42M retail labor budget expansion in light of overall corporate operating expense discipline; Retail leadership presented historical foot-traffic data proving that understaffed stores suffered lower accessory attach rates; Executive management ratified the staffing plan.
AAPL-2024Q3-0043,Apple Inc.,2024-08-01,quarterly_filings/2024_Q3.pdf,https://www.sec.gov/ix?doc=/Archives/edgar/data/0000320193/000032019324000073/aapl-20240629.htm,Item 2. MD&A - Products Performance,"Disclosure Context (2024_Q3): Trigger: 'Apple Q3 FY2024 10-Q (filed August 1, 2024) discloses operational, financial, and regulatory context for Operations management decisions'. Management Action: 'Audit Retail Store Acoustic Calibration for AirPods 4 ANC Demonstrations'. Scope: 'Authorized and documented in Item 2. MD&A - Products Performance'. Rationale: 'Ensures retail customers can clearly perceive the technical effectiveness of open-ear ANC technology in noisy retail environments, driving upsell from'.",Audit Retail Store Acoustic Calibration for AirPods 4 ANC Demonstrations,"Deploy sound-level monitoring meters and acoustic calibration baffles across 150 flagship Apple store listening tables to establish controlled ambient noise zones (65–75 dB), allowing customers to audition the Active Noise Cancellation performance of the new open-ear AirPods 4.",Calibrate in-store headphone listening zones,revise,"Ensures retail customers can clearly perceive the technical effectiveness of open-ear ANC technology in noisy retail environments, driving upsell from the $129 standard model to the $179 ANC tier.","[{""name"": ""Listening Tables Calibrated"", ""value"": ""150"", ""unit"": ""tables"", ""observed_on"": ""2024-08-01""}]",Operations,reported,"{operations,revise}",Marketing;Operations,Marketing emphasized that demonstrating open-ear ANC was critical to justifying the $50 price premium; Operations struggled to manage acoustic interference from nearby Today at Apple speaker sessions; Retail architects deployed directional overhead acoustic dampening domes.
AAPL-2024Q3-0044,Apple Inc.,2024-08-01,quarterly_filings/2024_Q3.pdf,https://www.sec.gov/ix?doc=/Archives/edgar/data/0000320193/000032019324000073/aapl-20240629.htm,Item 2. MD&A - Operations,"Disclosure Context (2024_Q3): Trigger: 'Apple Q3 FY2024 10-Q (filed August 1, 2024) discloses operational, financial, and regulatory context for Operations management decisions'. Management Action: 'Transition European Retail Store Display Lighting to Adaptive Micro-LED Tracks'. Scope: 'Authorized and documented in Item 2. MD&A - Operations'. Rationale: 'Advances Apple's commitment to 100% carbon-neutral operations by 2030 while lowering commercial utility expenses across high-tariff European municipal'.",Transition European Retail Store Display Lighting to Adaptive Micro-LED Tracks,"Initiate a multi-store retrofitting program across 35 European flagship retail stores, replacing conventional track spotlights with dynamic micro-LED ambient lighting arrays synchronized with store natural daylight cycles, targeting a 28% reduction in retail lighting energy draw.",Retrofit retail stores with micro-LED lighting,expand,Advances Apple's commitment to 100% carbon-neutral operations by 2030 while lowering commercial utility expenses across high-tariff European municipal energy grids.,"[{""name"": ""Stores Retrofitted"", ""value"": ""35"", ""unit"": ""flagship stores"", ""observed_on"": ""2024-08-01""}, {""name"": ""Lighting Energy Reduction"", ""value"": ""28"", ""unit"": ""percent"", ""observed_on"": ""2024-08-01""}]",Operations,reported,"{operations,expand}",Finance;Operations,Operations prioritized corporate environmental targets; Finance questioned the capital payback period of specialized architectural micro-LED fixtures given high initial installation costs; Energy auditing teams verified compliance with strict EU building efficiency directives.
AAPL-2024Q3-0045,Apple Inc.,2024-08-01,quarterly_filings/2024_Q3.pdf,https://www.sec.gov/ix?doc=/Archives/edgar/data/0000320193/000032019324000073/aapl-20240629.htm,Item 2. MD&A - Services,"Disclosure Context (2024_Q3): Trigger: 'Apple Q3 FY2024 10-Q (filed August 1, 2024) discloses operational, financial, and regulatory context for Operations management decisions'. Management Action: 'Audit Genius Bar Appointment Backlogs and Component Swapping Turnaround Times'. Scope: 'Authorized and documented in Item 2. MD&A - Services'. Rationale: 'Assesses whether customer adoption of Self Service Repair tools has alleviated in-store service backlogs, identifying staffing and parts allocation ad'.",Audit Genius Bar Appointment Backlogs and Component Swapping Turnaround Times,"Conduct an operational performance audit of Genius Bar repair turnaround times across top 50 metropolitan Apple stores in North America, evaluating iPhone battery, display, and TrueDepth camera replacement queues following expanded customer Self Service Repair options.",Audit Genius Bar repair turnaround,investigate,"Assesses whether customer adoption of Self Service Repair tools has alleviated in-store service backlogs, identifying staffing and parts allocation adjustments needed ahead of the autumn launch wave.","[{""name"": ""Audited Metropolitan Stores"", ""value"": ""50"", ""unit"": ""stores"", ""observed_on"": ""2024-08-01""}]",Operations,reported,"{operations,investigate}",Operations;Finance,Operations sought to reduce average same-day repair wait times below 75 minutes; Store managers reported component inventory shortages for older iPhone 11 and 12 battery replacements; Finance tracked service warranty reimbursement expenses.
AAPL-2024Q3-0046,Apple Inc.,2024-08-01,quarterly_filings/2024_Q3.pdf,https://www.sec.gov/ix?doc=/Archives/edgar/data/0000320193/000032019324000073/aapl-20240629.htm,Note 7 – Shareholders' Equity,"Disclosure Context (2024_Q3): Trigger: 'Apple Q3 FY2024 10-Q (filed August 1, 2024) discloses operational, financial, and regulatory context for Finance management decisions'. Management Action: 'Execute $26B Open-Market Share Repurchases Under Rule 10b5-1 Grids'. Scope: 'Authorized and documented in Note 7 – Shareholders' Equity'. Rationale: 'Maintains Apple's aggressive pace toward net cash neutrality while offsetting share dilution from employee stock plans and driving diluted earnings pe'.",Execute $26B Open-Market Share Repurchases Under Rule 10b5-1 Grids,"Authorize the programmatic execution of $26.0 billion in accelerated open-market share repurchases during Q3 FY2024 pursuant to the Board's May 2024 $110B authorization, utilizing structured daily algorithmic trading grids across five primary broker-dealers to retire approximately 139 million shares of common stock at volume-weighted average prices.",Execute programmatic share repurchases,expand,Maintains Apple's aggressive pace toward net cash neutrality while offsetting share dilution from employee stock plans and driving diluted earnings per share accretion during a quarter of moderate hardware product growth.,"[{""name"": ""Quarterly Share Repurchase Outlay"", ""value"": ""26.0"", ""unit"": ""billion USD"", ""observed_on"": ""2024-08-01""}, {""name"": ""Operating Cash Flow"", ""value"": ""28.9"", ""unit"": ""billion USD"", ""observed_on"": ""2024-08-01""}]",Finance,reported,"{finance,expand}",Legal;Corporate Governance,Finance advocated for aggressive repurchase pacing given $28.9B in quarterly operating cash flow; Legal verified strict compliance with updated SEC Item 408 cooling-off guidelines and pre-cleared trading blackout windows; Capital allocation teams evaluated debt-to-equity ratios.
AAPL-2024Q3-0047,Apple Inc.,2024-08-01,quarterly_filings/2024_Q3.pdf,https://www.sec.gov/ix?doc=/Archives/edgar/data/0000320193/000032019324000073/aapl-20240629.htm,Item 5. Market for Registrant's Common Equity,"Disclosure Context (2024_Q3): Trigger: 'Apple Q3 FY2024 10-Q (filed August 1, 2024) discloses operational, financial, and regulatory context for Finance management decisions'. Management Action: 'Declare Quarterly Common Stock Dividend of $0.25 Per Share'. Scope: 'Authorized and documented in Item 5. Market for Registrant's Common Equity'. Rationale: 'Reinforces Apple's commitment to returning excess free cash flow to institutional income funds and retail dividend investors for the twelfth consecuti'.",Declare Quarterly Common Stock Dividend of $0.25 Per Share,"Declare a regular quarterly cash dividend of $0.25 per share of common stock, payable August 15, 2024 to shareholders of record as of the close of business on August 12, 2024, resulting in a total quarterly cash distribution of approximately $3.8 billion.",Declare quarterly cash dividend,maintain,Reinforces Apple's commitment to returning excess free cash flow to institutional income funds and retail dividend investors for the twelfth consecutive year of annual dividend growth.,"[{""name"": ""Dividend Per Share"", ""value"": ""0.25"", ""unit"": ""USD"", ""observed_on"": ""2024-08-01""}, {""name"": ""Total Dividend Cash Outlay"", ""value"": ""3.8"", ""unit"": ""billion USD"", ""observed_on"": ""2024-08-01""}]",Finance,reported,"{finance,maintain}",Finance;Legal,Finance confirmed cash flow coverage exceeding 7.5x quarterly dividend obligations; Legal drafted the formal Board resolution and prepared SEC Form 8-K filings; Investor Relations confirmed market dividend expectations were satisfied.
AAPL-2024Q3-0048,Apple Inc.,2024-08-01,quarterly_filings/2024_Q3.pdf,https://www.sec.gov/ix?doc=/Archives/edgar/data/0000320193/000032019324000073/aapl-20240629.htm,Note 7 – Shareholders' Equity,"Disclosure Context (2024_Q3): Trigger: 'Apple Q3 FY2024 10-Q (filed August 1, 2024) discloses operational, financial, and regulatory context for Finance management decisions'. Management Action: 'Structure Accelerated Share Repurchase (ASR) Tranche with Morgan Stanley'. Scope: 'Authorized and documented in Note 7 – Shareholders' Equity'. Rationale: 'Locks in rapid share count reduction ahead of seasonal autumn product launch cycles, dampening short-term share price volatility while achieving whole'.",Structure Accelerated Share Repurchase (ASR) Tranche with Morgan Stanley,"Execute a definitive $6.0 billion accelerated share repurchase (ASR) contract with Morgan Stanley & Co. LLC, securing an immediate upfront delivery of approximately 25 million shares of common stock with final pricing tied to the volume-weighted average price over a 45-day calculation window.",Execute ASR contract with Morgan Stanley,expand,"Locks in rapid share count reduction ahead of seasonal autumn product launch cycles, dampening short-term share price volatility while achieving wholesale execution discounts relative to daily open-market orders.","[{""name"": ""ASR Tranche Value"", ""value"": ""6.0"", ""unit"": ""billion USD"", ""observed_on"": ""2024-08-01""}, {""name"": ""Upfront Share Delivery"", ""value"": ""25,000,000"", ""unit"": ""shares"", ""observed_on"": ""2024-08-01""}]",Finance,reported,"{finance,expand}",Finance;Legal,Treasury argued ASR structures locked in favorable summer VWAP spreads; Legal reviewed derivative settlement covenants under ASC 815; Finance modeled potential collateral adjustment liabilities if equity markets rallied sharply post-WWDC.
AAPL-2024Q3-0049,Apple Inc.,2024-08-01,quarterly_filings/2024_Q3.pdf,https://www.sec.gov/ix?doc=/Archives/edgar/data/0000320193/000032019324000073/aapl-20240629.htm,Item 7. MD&A - Capital Resources,"Disclosure Context (2024_Q3): Trigger: 'Apple Q3 FY2024 10-Q (filed August 1, 2024) discloses operational, financial, and regulatory context for Finance management decisions'. Management Action: 'Establish Multi-Year Capital Pacing Model for Remaining $84B Buyback Authorization'. Scope: 'Authorized and documented in Item 7. MD&A - Capital Resources'. Rationale: 'Provides the Board of Directors with empirical capital planning scenarios, balancing steady share retirement against unpredictable macroeconomic tax r'.",Establish Multi-Year Capital Pacing Model for Remaining $84B Buyback Authorization,"Formulate a quantitative multi-year capital pacing model to allocate the remaining $84 billion Board share repurchase authorization across fiscal 2025 and 2026, establishing dynamic quarterly purchase brackets based on prevailing price-to-earnings multiples and free cash flow generation.",Model long-term share buyback pacing,investigate,"Provides the Board of Directors with empirical capital planning scenarios, balancing steady share retirement against unpredictable macroeconomic tax risks or potential regulatory antitrust fines.","[{""name"": ""Remaining Buyback Capacity"", ""value"": ""84.0"", ""unit"": ""billion USD"", ""observed_on"": ""2024-08-01""}]",Finance,reported,"{finance,investigate}",Corporate Governance;Finance,Finance recommended a fixed $25B quarterly run rate; Corporate strategy warned that impending European Commission tax and antitrust rulings could demand multi-billion dollar cash reserves; The Audit Committee approved an adaptive grid with quarterly discretionary pause triggers.
AAPL-2024Q3-0050,Apple Inc.,2024-08-01,quarterly_filings/2024_Q3.pdf,https://www.sec.gov/ix?doc=/Archives/edgar/data/0000320193/000032019324000073/aapl-20240629.htm,Note 6 – Debt,"Disclosure Context (2024_Q3): Trigger: 'Apple Q3 FY2024 10-Q (filed August 1, 2024) discloses operational, financial, and regulatory context for Finance management decisions'. Management Action: 'Evaluate Commercial Paper Rollover Pricing vs. Cash Repurchase Financing'. Scope: 'Authorized and documented in Note 6 – Debt'. Rationale: 'Determines the lowest-net-cost treasury funding mechanism for $2B weekly buyback settlements during a period of inverted yield curves and peak Federal'.",Evaluate Commercial Paper Rollover Pricing vs. Cash Repurchase Financing,Conduct an empirical interest-rate comparative analysis between issuing new 30-day commercial paper tranches at 5.25% versus liquidating maturing prime money market fund assets yielding 5.35% to finance weekly share repurchase disbursements.,Analyze commercial paper vs cash funding,investigate,Determines the lowest-net-cost treasury funding mechanism for $2B weekly buyback settlements during a period of inverted yield curves and peak Federal Reserve interest rates.,"[{""name"": ""Commercial Paper Yield"", ""value"": ""5.25"", ""unit"": ""percent"", ""observed_on"": ""2024-08-01""}, {""name"": ""Money Market Cash Yield"", ""value"": ""5.35"", ""unit"": ""percent"", ""observed_on"": ""2024-08-01""}]",Finance,reported,"{finance,investigate}",Finance;Operations,Treasury noted that holding cash assets and rolling over CP incurred a negative 10 bps carry; Finance preferred maintaining cash balances above $60B for rating agency liquidity ratios; Accounting confirmed paying down CP avoided gross debt expansion.
AAPL-2024Q3-0051,Apple Inc.,2024-08-01,quarterly_filings/2024_Q3.pdf,https://www.sec.gov/ix?doc=/Archives/edgar/data/0000320193/000032019324000073/aapl-20240629.htm,Item 1A. Risk Factors,"Disclosure Context (2024_Q3): Trigger: 'Apple Q3 FY2024 10-Q (filed August 1, 2024) discloses operational, financial, and regulatory context for Finance management decisions'. Management Action: 'Stress Test Services Segment Gross Margin Against Google Search TAC Loss'. Scope: 'Authorized and documented in Item 1A. Risk Factors'. Rationale: 'Quantifies the enterprise financial exposure of a potential adverse antitrust ruling against Google, evaluating how Apple could restructure its 74.0% '.",Stress Test Services Segment Gross Margin Against Google Search TAC Loss,"Model multi-scenario Services segment gross margin and diluted earnings per share sensitivity assuming the complete loss or renegotiation of the estimated $20 billion annual Google Information Services Agreement default search revenue, following the conclusion of trial arguments in United States v. Google.",Stress test Google search licensing loss,investigate,"Quantifies the enterprise financial exposure of a potential adverse antitrust ruling against Google, evaluating how Apple could restructure its 74.0% Services gross margin profile without high-margin search default licensing revenue.","[{""name"": ""Google Search Licensing Revenue"", ""value"": ""20.0"", ""unit"": ""billion USD annual estimate"", ""observed_on"": ""2024-08-01""}, {""name"": ""Services Gross Margin Q3"", ""value"": ""74.0"", ""unit"": ""percent"", ""observed_on"": ""2024-08-01""}]",Finance,reported,"{finance,investigate}",Legal;Finance,Finance calculated that an outright loss of Google search payments would shave approximately 800 basis points off consolidated Services gross margin and reduce EPS by $1.35; Legal monitored Judge Amit Mehta's docket; Strategy teams evaluated whether Apple could launch an independent search engine.
AAPL-2024Q3-0052,Apple Inc.,2024-08-01,quarterly_filings/2024_Q3.pdf,https://www.sec.gov/ix?doc=/Archives/edgar/data/0000320193/000032019324000073/aapl-20240629.htm,Item 2. MD&A - Services,"Disclosure Context (2024_Q3): Trigger: 'Apple Q3 FY2024 10-Q (filed August 1, 2024) discloses operational, financial, and regulatory context for Finance management decisions'. Management Action: 'Evaluate Commercial Feasibility of Tiered Alternative Search Engine Auctions'. Scope: 'Authorized and documented in Item 2. MD&A - Services'. Rationale: 'Assesses whether competitive bidding among rival search engines could recover at least 40% of historical Google search licensing revenue if exclusive '.",Evaluate Commercial Feasibility of Tiered Alternative Search Engine Auctions,"Commission an economic valuation model examining the feasibility of replacing the single exclusive Google Safari default search contract with a multi-provider competitive auction mechanism or user choice screen across North America, modeling potential revenue recovery from Microsoft Bing, DuckDuckGo, and Yahoo.",Model alternative search auction revenues,investigate,Assesses whether competitive bidding among rival search engines could recover at least 40% of historical Google search licensing revenue if exclusive default agreements are legally enjoined.,"[{""name"": ""Projected Revenue Recovery Target"", ""value"": ""40"", ""unit"": ""percent of historical TAC"", ""observed_on"": ""2024-08-01""}]",Finance,reported,"{finance,investigate}",Legal;R&D,Finance determined that Microsoft Bing lacked the advertiser monetization density to bid more than $6B annually for Safari default placement; R&D analyzed user friction from search choice prompts; Legal warned that mandatory choice screens in Europe had drastically depressed search licensing revenue.
AAPL-2024Q3-0053,Apple Inc.,2024-08-01,quarterly_filings/2024_Q3.pdf,https://www.sec.gov/ix?doc=/Archives/edgar/data/0000320193/000032019324000073/aapl-20240629.htm,Item 2. MD&A - Services,"Disclosure Context (2024_Q3): Trigger: 'Apple Q3 FY2024 10-Q (filed August 1, 2024) discloses operational, financial, and regulatory context for Finance management decisions'. Management Action: 'Assess Private Cloud Compute Enterprise Subscription Monetization Roadmap'. Scope: 'Authorized and documented in Item 2. MD&A - Services'. Rationale: 'Explores high-margin enterprise recurring subscription software revenue streams to diversify Services income away from vulnerable ad-search licensing '.",Assess Private Cloud Compute Enterprise Subscription Monetization Roadmap,"Structure preliminary financial models for an enterprise tier of Apple Intelligence and Private Cloud Compute (PCC), evaluating recurring corporate seat licensing pricing models ($10–$25 per user/month) for advanced spatial computing and generative AI productivity APIs.",Model enterprise AI subscription pricing,investigate,Explores high-margin enterprise recurring subscription software revenue streams to diversify Services income away from vulnerable ad-search licensing and App Store transaction fees.,"[{""name"": ""Target Enterprise Tier Price"", ""value"": ""15.00"", ""unit"": ""USD per seat/month"", ""observed_on"": ""2024-08-01""}]",Finance,reported,"{finance,investigate}",R&D;Finance,Finance advocated establishing a clear monetization timetable for Apple Intelligence given $400M+ in custom data center CapEx; R&D argued that gating AI features behind paid corporate paywalls would stifle enterprise adoption; Marketing urged keeping base consumer features 100% free.
AAPL-2024Q3-0054,Apple Inc.,2024-08-01,quarterly_filings/2024_Q3.pdf,https://www.sec.gov/ix?doc=/Archives/edgar/data/0000320193/000032019324000073/aapl-20240629.htm,Note 2 – Revenue Recognition,"Disclosure Context (2024_Q3): Trigger: 'Apple Q3 FY2024 10-Q (filed August 1, 2024) discloses operational, financial, and regulatory context for Finance management decisions'. Management Action: 'Model ASC 606 Advertising Revenue Deferrals for Apple Search Ads Expansion'. Scope: 'Authorized and documented in Note 2 – Revenue Recognition'. Rationale: 'Ensures revenue recognition practices on rapidly expanding proprietary advertising platforms adhere strictly to GAAP standards without triggering SEC '.",Model ASC 606 Advertising Revenue Deferrals for Apple Search Ads Expansion,"Establish accounting guidelines under ASC 606 for newly deployed Apple Search Ads placement slots across the App Store, Apple News, and Stocks apps, evaluating multi-element performance obligations and automated click-through billing recognition schedules.",Audit Search Ads revenue recognition,maintain,Ensures revenue recognition practices on rapidly expanding proprietary advertising platforms adhere strictly to GAAP standards without triggering SEC revenue recognition comment letters.,"[{""name"": ""Services Net Sales Q3"", ""value"": ""24,213"", ""unit"": ""million USD"", ""observed_on"": ""2024-08-01""}]",Finance,reported,"{finance,maintain}",Legal;Finance,Finance's revenue recognition desk worked with external auditors Deloitte LLP to verify principal-versus-agent presentation; Legal reviewed advertiser dispute settlement terms; Accounting confirmed that Search Ads revenue is recognized gross upon ad delivery.
AAPL-2024Q3-0055,Apple Inc.,2024-08-01,quarterly_filings/2024_Q3.pdf,https://www.sec.gov/ix?doc=/Archives/edgar/data/0000320193/000032019324000073/aapl-20240629.htm,Item 2. MD&A - Services,"Disclosure Context (2024_Q3): Trigger: 'Apple Q3 FY2024 10-Q (filed August 1, 2024) discloses operational, financial, and regulatory context for Finance management decisions'. Management Action: 'Evaluate Third-Party Commercial AI Revenue-Share Terms for Siri ChatGPT Integration'. Scope: 'Authorized and documented in Item 2. MD&A - Services'. Rationale: 'Monetizes user conversions to premium AI subscriptions while ensuring Apple does not subsidize third-party cloud inference processing costs for free-t'.",Evaluate Third-Party Commercial AI Revenue-Share Terms for Siri ChatGPT Integration,"Structure financial revenue-sharing and compute cost allocation frameworks with OpenAI for ChatGPT integration in iOS 18, determining referral commissions on ChatGPT Plus subscription conversions initiated via Apple Intelligence settings.",Structure ChatGPT subscription revenue share,revise,Monetizes user conversions to premium AI subscriptions while ensuring Apple does not subsidize third-party cloud inference processing costs for free-tier queries.,"[{""name"": ""ChatGPT Plus Referral Commission"", ""value"": ""15"", ""unit"": ""percent standard App Store fee"", ""observed_on"": ""2024-08-01""}]",Finance,reported,"{finance,revise}",Legal;R&D,Finance demanded standard in-app purchase commission parity; OpenAI sought reduced fee structures given immense user volume; Legal ensured data handling contracts stipulated zero user query logging; Executive management approved the partnership structure.
AAPL-2024Q3-0056,Apple Inc.,2024-08-01,quarterly_filings/2024_Q3.pdf,https://www.sec.gov/ix?doc=/Archives/edgar/data/0000320193/000032019324000073/aapl-20240629.htm,Note 6 – Income Taxes,"Disclosure Context (2024_Q3): Trigger: 'Apple Q3 FY2024 10-Q (filed August 1, 2024) discloses operational, financial, and regulatory context for Finance management decisions'. Management Action: 'Evaluate Balance Sheet Loss Contingency Reserves for EC Ireland State Aid Decision'. Scope: 'Authorized and documented in Note 6 – Income Taxes'. Rationale: 'Determines whether an adverse ECJ ruling is 'probable' and 'estimable' under GAAP, preparing Apple's financial statements for the potential unfreezing'.",Evaluate Balance Sheet Loss Contingency Reserves for EC Ireland State Aid Decision,Conduct an urgent accounting and legal review under ASC 450 (Contingencies) and ASC 740 (Income Taxes) to assess whether the impending Court of Justice of the European Union (ECJ) ruling regarding the European Commission's €13B Irish tax recovery order requires establishing an immediate balance-sheet tax liability accrual.,Evaluate Irish tax contingency accrual,investigate,"Determines whether an adverse ECJ ruling is 'probable' and 'estimable' under GAAP, preparing Apple's financial statements for the potential unfreezing of €13 billion ($14.4 billion USD) held in Irish escrow accounts.","[{""name"": ""Escrow Tax Liability Exposure"", ""value"": ""14.4"", ""unit"": ""billion USD"", ""observed_on"": ""2024-08-01""}, {""name"": ""Effective Tax Rate Q3"", ""value"": ""15.9"", ""unit"": ""percent"", ""observed_on"": ""2024-08-01""}]",Finance,reported,"{finance,investigate}",Legal;Corporate Governance,Legal maintained that the General Court's 2020 annulment rested on solid legal ground and advised that loss was not yet 'probable' prior to the final ECJ verdict; Finance warned that a sudden €13B tax charge in Q4 would decimate reported net income; The Board Audit Committee concurred to maintain footnote disclosure in Note 6 without accrual.
AAPL-2024Q3-0057,Apple Inc.,2024-08-01,quarterly_filings/2024_Q3.pdf,https://www.sec.gov/ix?doc=/Archives/edgar/data/0000320193/000032019324000073/aapl-20240629.htm,Note 6 – Income Taxes,"Disclosure Context (2024_Q3): Trigger: 'Apple Q3 FY2024 10-Q (filed August 1, 2024) discloses operational, financial, and regulatory context for Finance management decisions'. Management Action: 'Model U.S. Foreign Tax Credit Offsets for Potential Irish State Aid Clawback'. Scope: 'Authorized and documented in Note 6 – Income Taxes'. Rationale: 'Mitigates corporate cash flow damage by determining how much of an eventual €13B Irish tax recovery payment can be offset against past or future U.S. '.",Model U.S. Foreign Tax Credit Offsets for Potential Irish State Aid Clawback,Execute quantitative tax models evaluating Apple's statutory eligibility under U.S. Internal Revenue Code Section 901 to claim foreign tax credits against federal tax liabilities in the event of an adverse European Court of Justice ruling upholding the Irish state aid recovery order.,Model U.S. foreign tax credit offsets,investigate,Mitigates corporate cash flow damage by determining how much of an eventual €13B Irish tax recovery payment can be offset against past or future U.S. corporate income tax obligations.,"[{""name"": ""Potential Tax Credit Offset Ratio"", ""value"": ""30"", ""unit"": ""percent estimated recovery"", ""observed_on"": ""2024-08-01""}]",Finance,reported,"{finance,investigate}",Legal;Corporate Governance,Tax counsel evaluated complex post-TCJA transition tax foreign credit limitations; Finance projected potential cash tax recoveries of $3B–$4.5B spread across future fiscal tax returns; Independent tax auditors scrutinized the creditability analysis.
AAPL-2024Q3-0058,Apple Inc.,2024-08-01,quarterly_filings/2024_Q3.pdf,https://www.sec.gov/ix?doc=/Archives/edgar/data/0000320193/000032019324000073/aapl-20240629.htm,Note 6 – Income Taxes,"Disclosure Context (2024_Q3): Trigger: 'Apple Q3 FY2024 10-Q (filed August 1, 2024) discloses operational, financial, and regulatory context for Finance management decisions'. Management Action: 'Stress Test Consolidated Cash Liquidity Against €13B Escrow Fund Disgorgement'. Scope: 'Authorized and documented in Note 6 – Income Taxes'. Rationale: 'Confirms that because the €13B had been funded into restricted escrow accounts since 2018, releasing the funds directly to the Irish government would '.",Stress Test Consolidated Cash Liquidity Against €13B Escrow Fund Disgorgement,Execute treasury liquidity stress simulations verifying that the legal disgorgement of €13 billion held in the Irish escrow fund would have zero impact on Apple's daily operational cash flows or domestic commercial paper liquidity buffers.,Stress test Irish escrow liquidity impact,investigate,"Confirms that because the €13B had been funded into restricted escrow accounts since 2018, releasing the funds directly to the Irish government would not require liquidating marketable securities or curtailing the $110B buyback.","[{""name"": ""Restricted Escrow Funds"", ""value"": ""13.0"", ""unit"": ""billion EUR"", ""observed_on"": ""2024-08-01""}]",Finance,reported,"{finance,investigate}",Legal;Finance,Treasury proved that the cash was already classified as restricted non-current assets and isolated from operational working capital; Finance confirmed no new debt issuance would be required; Legal reviewed the escrow release mechanics governed by the Minister for Finance of Ireland.
AAPL-2024Q3-0059,Apple Inc.,2024-08-01,quarterly_filings/2024_Q3.pdf,https://www.sec.gov/ix?doc=/Archives/edgar/data/0000320193/000032019324000073/aapl-20240629.htm,Note 9 – Contingencies,"Disclosure Context (2024_Q3): Trigger: 'Apple Q3 FY2024 10-Q (filed August 1, 2024) discloses operational, financial, and regulatory context for Finance management decisions'. Management Action: 'Evaluate Bank Guarantee Facilities for European Regulatory Antitrust Appeals'. Scope: 'Authorized and documented in Note 9 – Contingencies'. Rationale: 'Prevents immediate cash outflows to the European Commission while Apple's legal challenge proceeds through the European General Court, preserving inte'.",Evaluate Bank Guarantee Facilities for European Regulatory Antitrust Appeals,Structure and maintain €2.1 billion in syndicated bank guarantee letters of credit with BNP Paribas and Deutsche Bank to suspend immediate payment of the European Commission's €1.84B music streaming fine and associated regulatory penalty bonds during the pendency of CJEU appeals.,Maintain bank guarantee facilities for fines,maintain,"Prevents immediate cash outflows to the European Commission while Apple's legal challenge proceeds through the European General Court, preserving interest-bearing cash reserves in high-yield short-term paper.","[{""name"": ""Bank Guarantee Value"", ""value"": ""2.1"", ""unit"": ""billion EUR"", ""observed_on"": ""2024-08-01""}]",Finance,reported,"{finance,maintain}",Legal;Finance,Finance preferred paying a 0.25% annual guarantee fee over surrendering €1.84B in cash yielding 3.75% in European money market assets; Legal confirmed the guarantee satisfied EU Directorate-General for Budget requirements; Treasury reviewed counterparty risk.
AAPL-2024Q3-0060,Apple Inc.,2024-08-01,quarterly_filings/2024_Q3.pdf,https://www.sec.gov/ix?doc=/Archives/edgar/data/0000320193/000032019324000073/aapl-20240629.htm,Item 1A. Risk Factors,"Disclosure Context (2024_Q3): Trigger: 'Apple Q3 FY2024 10-Q (filed August 1, 2024) discloses operational, financial, and regulatory context for Finance management decisions'. Management Action: 'Assess Impact of European DMA Non-Compliance Fines on Full-Year Guidance'. Scope: 'Authorized and documented in Item 1A. Risk Factors'. Rationale: 'Quantifies the corporate balance-sheet exposure of escalating European Commission regulatory actions, establishing capital adequacy buffers for potent'.",Assess Impact of European DMA Non-Compliance Fines on Full-Year Guidance,Formulate worst-case corporate financial contingency reserves analyzing potential statutory administrative fines of up to 5% to 10% of global daily turnover under Article 30 of the Digital Markets Act following the European Commission's June 2024 preliminary findings against the App Store.,Model statutory DMA fine scenarios,investigate,"Quantifies the corporate balance-sheet exposure of escalating European Commission regulatory actions, establishing capital adequacy buffers for potential punitive sanctions in early fiscal 2025.","[{""name"": ""Maximum Statutory Fine Rate"", ""value"": ""10"", ""unit"": ""percent of global annual turnover"", ""observed_on"": ""2024-08-01""}]",Finance,reported,"{finance,investigate}",Legal;Finance,"Finance noted that a 10% fine on Apple's $385B revenue would exceed $38B, representing an unprecedented catastrophic corporate penalty; Legal advised that initial enforcement decisions typically impose fractions of statutory ceilings; Executive management demanded comprehensive technical compliance proposals to avert formal penalties."
AAPL-2024Q3-0061,Apple Inc.,2024-08-01,quarterly_filings/2024_Q3.pdf,https://www.sec.gov/ix?doc=/Archives/edgar/data/0000320193/000032019324000073/aapl-20240629.htm,Note 4 – Financial Instruments,"Disclosure Context (2024_Q3): Trigger: 'Apple Q3 FY2024 10-Q (filed August 1, 2024) discloses operational, financial, and regulatory context for Finance management decisions'. Management Action: 'Manage JPY Option Collars Following Historic Bank of Japan Rate Hike'. Scope: 'Authorized and documented in Note 4 – Financial Instruments'. Rationale: 'Protects Apple's Japanese revenue and operating margins ($5.1B net sales in Q3) from massive translation volatility during the historic unwinding of t'.",Manage JPY Option Collars Following Historic Bank of Japan Rate Hike,"Restructure $5.0 billion in Japanese Yen foreign currency derivative collars with Tokyo-based banking counterparties following the Bank of Japan's surprise interest rate hike on July 31, 2024, resetting protective put floors from 155 JPY/USD to 142 JPY/USD amid violent global currency unwinding.",Reset JPY currency collar floors,revise,Protects Apple's Japanese revenue and operating margins ($5.1B net sales in Q3) from massive translation volatility during the historic unwinding of the global yen carry trade.,"[{""name"": ""Japan Q3 Net Sales"", ""value"": ""5,097"", ""unit"": ""million USD"", ""observed_on"": ""2024-08-01""}, {""name"": ""Reset Collar Floor"", ""value"": ""142"", ""unit"": ""JPY per USD"", ""observed_on"": ""2024-08-01""}]",Finance,reported,"{finance,revise}",Finance;Operations,Treasury FX dealers faced unprecedented bid-ask spreads during the early August yen surge; Finance acted quickly to avoid being locked into unfavorable out-of-the-money collars; Accounting confirmed cash flow hedge qualification under ASC 815 was preserved.
AAPL-2024Q3-0062,Apple Inc.,2024-08-01,quarterly_filings/2024_Q3.pdf,https://www.sec.gov/ix?doc=/Archives/edgar/data/0000320193/000032019324000073/aapl-20240629.htm,Note 4 – Financial Instruments,"Disclosure Context (2024_Q3): Trigger: 'Apple Q3 FY2024 10-Q (filed August 1, 2024) discloses operational, financial, and regulatory context for Finance management decisions'. Management Action: 'Layer CNH/USD Forward Contracts to Hedge Greater China Revenue Contraction'. Scope: 'Authorized and documented in Note 4 – Financial Instruments'. Rationale: 'Shields reported U.S. dollar revenues in Greater China ($14.7B in Q3, down 7% YoY) from adverse currency translation shocks, preventing currency headw'.",Layer CNH/USD Forward Contracts to Hedge Greater China Revenue Contraction,"Execute $8.5 billion in offshore Chinese Renminbi (CNH) forward contracts across 3-month and 6-month tenors, locking in conversion rates between 7.22 and 7.26 CNH/USD to insulate expected fourth-quarter Greater China product sales from further yuan devaluation.",Hedge Greater China currency exposure,expand,"Shields reported U.S. dollar revenues in Greater China ($14.7B in Q3, down 7% YoY) from adverse currency translation shocks, preventing currency headwinds from worsening reported hardware sales declines.","[{""name"": ""Greater China Q3 Revenue"", ""value"": ""14,728"", ""unit"": ""million USD"", ""observed_on"": ""2024-08-01""}, {""name"": ""Hedged Notional Amount"", ""value"": ""8.5"", ""unit"": ""billion USD"", ""observed_on"": ""2024-08-01""}]",Finance,reported,"{finance,expand}",Finance;Operations,Finance prioritized preserving consolidated gross margins; Operations provided updated weekly iPhone 16 channel inventory shipment forecasts to ensure derivative hedge effectiveness under ASC 815; Macro analysts warned of Chinese central bank stimulus interventions.
AAPL-2024Q3-0063,Apple Inc.,2024-08-01,quarterly_filings/2024_Q3.pdf,https://www.sec.gov/ix?doc=/Archives/edgar/data/0000320193/000032019324000073/aapl-20240629.htm,Note 4 – Financial Instruments,"Disclosure Context (2024_Q3): Trigger: 'Apple Q3 FY2024 10-Q (filed August 1, 2024) discloses operational, financial, and regulatory context for Finance management decisions'. Management Action: 'Designate 12-Month EUR Cash Flow Hedges on $22B European Revenue Run-Rate'. Scope: 'Authorized and documented in Note 4 – Financial Instruments'. Rationale: 'Secures revenue predictability across European operating segments ($21.9B net sales in Q3, up 8% YoY), immunizing consolidated gross margins from Euro'.",Designate 12-Month EUR Cash Flow Hedges on $22B European Revenue Run-Rate,Designate $16.0 billion notional value in forward foreign currency exchange contracts and zero-cost collars covering forecasted euro-denominated hardware shipments and Services billings through fiscal 2025 at an average effective rate of 1.085 EUR/USD.,Designate EUR cash flow hedge portfolio,expand,"Secures revenue predictability across European operating segments ($21.9B net sales in Q3, up 8% YoY), immunizing consolidated gross margins from European Central Bank rate-cut cycle fluctuations.","[{""name"": ""Europe Q3 Net Sales"", ""value"": ""21,884"", ""unit"": ""million USD"", ""observed_on"": ""2024-08-01""}, {""name"": ""Hedged EUR Notional"", ""value"": ""16.0"", ""unit"": ""billion USD"", ""observed_on"": ""2024-08-01""}]",Finance,reported,"{finance,expand}",Finance;Operations,Treasury structured the portfolio with staggered quarterly expirations; Finance confirmed high correlation between euro spot rates and hedged cash flows; Operations verified European warehouse dispatch volumes matched hedging schedules.
AAPL-2024Q3-0064,Apple Inc.,2024-08-01,quarterly_filings/2024_Q3.pdf,https://www.sec.gov/ix?doc=/Archives/edgar/data/0000320193/000032019324000073/aapl-20240629.htm,Item 3. Market Risk,"Disclosure Context (2024_Q3): Trigger: 'Apple Q3 FY2024 10-Q (filed August 1, 2024) discloses operational, financial, and regulatory context for Finance management decisions'. Management Action: 'Audit Emerging Market Currency Volatility in India, Brazil, and Turkey'. Scope: 'Authorized and documented in Item 3. Market Risk'. Rationale: 'Protects hardware margins in high-growth developing markets from catastrophic local currency devaluations that erode U.S. dollar-denominated gross pro'.","Audit Emerging Market Currency Volatility in India, Brazil, and Turkey","Conduct a comprehensive quarterly risk assessment on unhedged emerging market currency exposure across Turkey (TRY), Brazil (BRL), and India (INR), evaluating the necessity of expanding local retail price indexing algorithms to neutralize hyperinflationary currency depreciation.",Audit unhedged emerging market FX risk,investigate,Protects hardware margins in high-growth developing markets from catastrophic local currency devaluations that erode U.S. dollar-denominated gross profit margins.,"[{""name"": ""Rest of Asia Pacific Q3 Sales"", ""value"": ""6,390"", ""unit"": ""million USD"", ""observed_on"": ""2024-08-01""}]",Finance,reported,"{finance,investigate}",Finance;Operations,Operations noted that local retail price increases in Turkey had dampened unit sales elasticity by 22%; Finance proved that derivative hedging in illiquid currencies like TRY carried prohibitive 40%+ annualized forward point costs; Executive management approved dynamic weekly pricing adjustments.
AAPL-2024Q3-0065,Apple Inc.,2024-08-01,quarterly_filings/2024_Q3.pdf,https://www.sec.gov/ix?doc=/Archives/edgar/data/0000320193/000032019324000073/aapl-20240629.htm,Note 4 – Financial Instruments,"Disclosure Context (2024_Q3): Trigger: 'Apple Q3 FY2024 10-Q (filed August 1, 2024) discloses operational, financial, and regulatory context for Finance management decisions'. Management Action: 'Stress Test Term Debt Interest Rate Swaps Against Rapid Fed Easing Cycle'. Scope: 'Authorized and documented in Note 4 – Financial Instruments'. Rationale: 'Evaluates the impact of shifting benchmark SOFR rates on Apple's net interest expense and debt carrying values, ensuring fair value hedge accounting r'.",Stress Test Term Debt Interest Rate Swaps Against Rapid Fed Easing Cycle,Execute duration stress testing on Apple's $16.8 billion interest rate swap portfolio (fixed-to-floating swaps designated as fair value hedges against long-term debt) under aggressive Federal Reserve rate-cutting scenarios (150–200 bps easing over 12 months).,Stress test interest rate swap hedges,investigate,"Evaluates the impact of shifting benchmark SOFR rates on Apple's net interest expense and debt carrying values, ensuring fair value hedge accounting remains robust as the monetary policy cycle pivots.","[{""name"": ""Hedged Term Debt Notional"", ""value"": ""16,817"", ""unit"": ""million USD"", ""observed_on"": ""2024-08-01""}]",Finance,reported,"{finance,investigate}",Finance;Legal,Treasury modeled that a 150 bps rate cut would lower floating interest payments by approximately $250M annually; Finance validated that interest rate fair value hedges satisfied prospective regression testing under ASC 815; Risk managers confirmed counterparty collateral credit thresholds.
AAPL-2024Q3-0066,Apple Inc.,2024-08-01,quarterly_filings/2024_Q3.pdf,https://www.sec.gov/ix?doc=/Archives/edgar/data/0000320193/000032019324000073/aapl-20240629.htm,Note 6 – Debt,"Disclosure Context (2024_Q3): Trigger: 'Apple Q3 FY2024 10-Q (filed August 1, 2024) discloses operational, financial, and regulatory context for Finance management decisions'. Management Action: 'Refinance Maturing 2025 Senior Notes via Public Debt Offering'. Scope: 'Authorized and documented in Note 6 – Debt'. Rationale: 'Locks in long-term fixed financing costs at favorable credit spreads, extending Apple's weighted-average debt maturity profile while preserving cash l'.",Refinance Maturing 2025 Senior Notes via Public Debt Offering,"Evaluate market conditions across U.S. and European debt capital markets to structure a multi-tranche fixed-rate senior notes offering of up to $5.0 billion, preparing to refinance upcoming 2025 note maturities (including the 0.000% EUR notes and 0.875% USD notes) at attractive investment-grade spreads.",Plan senior notes refinancing issuance,investigate,"Locks in long-term fixed financing costs at favorable credit spreads, extending Apple's weighted-average debt maturity profile while preserving cash liquidity for share repurchases.","[{""name"": ""Refinancing Target"", ""value"": ""5.0"", ""unit"": ""billion USD"", ""observed_on"": ""2024-08-01""}, {""name"": ""Total Term Debt Carrying Value"", ""value"": ""102.6"", ""unit"": ""billion USD"", ""observed_on"": ""2024-08-01""}]",Finance,reported,"{finance,investigate}",Legal;Finance,Finance recommended issuing in late summer before expected pre-election market volatility; Debt syndication desks indicated high institutional demand for Apple AAA-equivalent paper; Legal prepared shelf registration statement supplements under SEC Rule 424(b).
AAPL-2024Q3-0067,Apple Inc.,2024-08-01,quarterly_filings/2024_Q3.pdf,https://www.sec.gov/ix?doc=/Archives/edgar/data/0000320193/000032019324000073/aapl-20240629.htm,Note 6 – Debt,"Disclosure Context (2024_Q3): Trigger: 'Apple Q3 FY2024 10-Q (filed August 1, 2024) discloses operational, financial, and regulatory context for Finance management decisions'. Management Action: 'Maintain Commercial Paper Issuance Cap at $2.0B Amid Plentiful Operating Cash'. Scope: 'Authorized and documented in Note 6 – Debt'. Rationale: 'Limits corporate exposure to overnight money-market refinancing volatility and reduces short-term interest expense during peak Federal Reserve rate pl'.",Maintain Commercial Paper Issuance Cap at $2.0B Amid Plentiful Operating Cash,"Formally maintain a conservative $2.0 billion outstanding ceiling on Apple's commercial paper program through the end of fiscal 2024, utilizing robust quarterly operating cash inflows ($28.9B) rather than short-term unsecured debt to fund day-to-day corporate working capital.",Maintain commercial paper ceiling,maintain,Limits corporate exposure to overnight money-market refinancing volatility and reduces short-term interest expense during peak Federal Reserve rate plateaus.,"[{""name"": ""Commercial Paper Outstanding"", ""value"": ""2.0"", ""unit"": ""billion USD"", ""observed_on"": ""2024-08-01""}]",Finance,reported,"{finance,maintain}",Finance;Operations,Treasury confirmed that intra-quarter cash generation was more than sufficient to meet vendor non-trade receivables and supplier payables; Finance supported keeping gross leverage low; Banking partners affirmed full backup credit line availability.
AAPL-2024Q3-0068,Apple Inc.,2024-08-01,quarterly_filings/2024_Q3.pdf,https://www.sec.gov/ix?doc=/Archives/edgar/data/0000320193/000032019324000073/aapl-20240629.htm,Note 4 – Financial Instruments,"Disclosure Context (2024_Q3): Trigger: 'Apple Q3 FY2024 10-Q (filed August 1, 2024) discloses operational, financial, and regulatory context for Finance management decisions'. Management Action: 'Reallocate Maturing Treasury Bills into Institutional Prime Money Market Funds'. Scope: 'Authorized and documented in Note 4 – Financial Instruments'. Rationale: 'Captures premium money-market yields ahead of anticipated autumn Federal Reserve interest rate cuts, generating an estimated $80M in incremental quart'.",Reallocate Maturing Treasury Bills into Institutional Prime Money Market Funds,"Reallocate $15.0 billion in maturing short-duration U.S. Treasury bills into institutional prime money market funds and AAA-rated asset-backed commercial paper yielding 5.35% to 5.45%, maximizing interest income return on Apple's $153 billion total cash and marketable securities portfolio.",Reallocate cash into prime money market funds,expand,"Captures premium money-market yields ahead of anticipated autumn Federal Reserve interest rate cuts, generating an estimated $80M in incremental quarterly interest income.","[{""name"": ""Reallocated Liquidity"", ""value"": ""15.0"", ""unit"": ""billion USD"", ""observed_on"": ""2024-08-01""}, {""name"": ""Target Annualized Yield"", ""value"": ""5.40"", ""unit"": ""percent"", ""observed_on"": ""2024-08-01""}]",Finance,reported,"{finance,expand}",Finance;Corporate Governance,Treasury highlighted the yield premium of prime funds over direct government paper; Risk committees verified that underlying credit assets met strict Tier-1 investment guidelines; Finance incorporated the enhanced yield into other income projections.
AAPL-2024Q3-0069,Apple Inc.,2024-08-01,quarterly_filings/2024_Q3.pdf,https://www.sec.gov/ix?doc=/Archives/edgar/data/0000320193/000032019324000073/aapl-20240629.htm,Note 1 – Summary of Significant Accounting Policies,"Disclosure Context (2024_Q3): Trigger: 'Apple Q3 FY2024 10-Q (filed August 1, 2024) discloses operational, financial, and regulatory context for Finance management decisions'. Management Action: 'Audit Vendor Non-Trade Receivables Credit Risk with Foxconn and Luxshare'. Scope: 'Authorized and documented in Note 1 – Summary of Significant Accounting Policies'. Rationale: 'Ensures that massive component receivables from manufacturing partners are fully secured against finished goods deliveries, eliminating commercial def'.",Audit Vendor Non-Trade Receivables Credit Risk with Foxconn and Luxshare,Conduct a credit risk and collateralization audit on $28.4 billion in vendor non-trade receivables arising from the advanced sale of Apple-purchased components to assembly manufacturing partners (primarily Hon Hai Precision / Foxconn and Luxshare Precision).,Audit vendor non-trade receivables credit,maintain,"Ensures that massive component receivables from manufacturing partners are fully secured against finished goods deliveries, eliminating commercial default exposure under ASC 310.","[{""name"": ""Vendor Non-Trade Receivables"", ""value"": ""28.4"", ""unit"": ""billion USD"", ""observed_on"": ""2024-08-01""}]",Finance,reported,"{finance,maintain}",Operations;Finance,Finance verified that two primary manufacturing vendors each accounted for more than 10% of total vendor receivables; Operations confirmed that component shipments directly aligned with audited iPhone 16 production schedules; Legal reviewed contractual offset and master netting agreements.
AAPL-2024Q3-0070,Apple Inc.,2024-08-01,quarterly_filings/2024_Q3.pdf,https://www.sec.gov/ix?doc=/Archives/edgar/data/0000320193/000032019324000073/aapl-20240629.htm,Note 1 – Summary of Significant Accounting Policies,"Disclosure Context (2024_Q3): Trigger: 'Apple Q3 FY2024 10-Q (filed August 1, 2024) discloses operational, financial, and regulatory context for Finance management decisions'. Management Action: 'Assess Early Adoption Timing for FASB ASU 2023-07 Segment Expense Disclosures'. Scope: 'Authorized and documented in Note 1 – Summary of Significant Accounting Policies'. Rationale: 'Ensures financial reporting architectures are engineered to track and disclose granular segment-level operating expenses regularly provided to CEO Tim'.",Assess Early Adoption Timing for FASB ASU 2023-07 Segment Expense Disclosures,"Review accounting systems and chief operating decision maker (CODM) reporting workflows to plan the retrospective implementation of FASB Accounting Standards Update No. 2023-07 (Segment Reporting Topic 280), preparing for detailed disclosures of significant segment expenses.",Prepare ASU 2023-07 segment reporting adoption,investigate,Ensures financial reporting architectures are engineered to track and disclose granular segment-level operating expenses regularly provided to CEO Tim Cook and the executive team prior to mandatory fiscal 2025 adoption.,"[{""name"": ""Mandatory Adoption Quarter"", ""value"": ""Q4 FY2025"", ""unit"": ""quarter"", ""observed_on"": ""2024-08-01""}]",Finance,reported,"{finance,investigate}",Corporate Governance;Finance,Accounting policy teams consulted with external auditors to map CODM reporting packages; Finance reviewed whether segment operating expense breakdowns would disclose sensitive product-line R&D allocations to competitors; Corporate controllers established an internal parallel tracking schedule.
AAPL-2024Q3-0071,Apple Inc.,2024-08-01,quarterly_filings/2024_Q3.pdf,https://www.sec.gov/ix?doc=/Archives/edgar/data/0000320193/000032019324000073/aapl-20240629.htm,Note 2 – Revenue Recognition,"Disclosure Context (2024_Q3): Trigger: 'Apple Q3 FY2024 10-Q (filed August 1, 2024) discloses operational, financial, and regulatory context for Finance management decisions'. Management Action: 'Audit AppleCare+ Monthly Subscription Churn and Deferred Revenue Mechanics'. Scope: 'Authorized and documented in Note 2 – Revenue Recognition'. Rationale: 'Aligns subscription service revenue recognition with real-world customer hardware breakage and claims frequency, ensuring balance sheet deferred reven'.",Audit AppleCare+ Monthly Subscription Churn and Deferred Revenue Mechanics,"Conduct an actuarial and accounting review of customer cancellation patterns across 45 million active AppleCare+ monthly subscription agreements under ASC 606, evaluating whether historical repair incident probabilities justify accelerating or extending deferred revenue recognition schedules.",Audit AppleCare subscription revenue deferrals,maintain,"Aligns subscription service revenue recognition with real-world customer hardware breakage and claims frequency, ensuring balance sheet deferred revenue liabilities accurately match remaining performance obligations.","[{""name"": ""Active Monthly AppleCare Subscriptions"", ""value"": ""45,000,000"", ""unit"": ""agreements"", ""observed_on"": ""2024-08-01""}]",Finance,reported,"{finance,maintain}",Finance;Operations,Finance noted that the shift from upfront 2-year plans to recurring monthly subscriptions increased customer churn variability; Operations provided granular service incident repair cost logs; External auditors tested the actuarial curve.
AAPL-2024Q3-0072,Apple Inc.,2024-08-01,quarterly_filings/2024_Q3.pdf,https://www.sec.gov/ix?doc=/Archives/edgar/data/0000320193/000032019324000073/aapl-20240629.htm,Note 2 – Revenue Recognition,"Disclosure Context (2024_Q3): Trigger: 'Apple Q3 FY2024 10-Q (filed August 1, 2024) discloses operational, financial, and regulatory context for Finance management decisions'. Management Action: 'Evaluate EU Alternative Marketplace Net Revenue Accounting Under ASC 606'. Scope: 'Authorized and documented in Note 2 – Revenue Recognition'. Rationale: 'Provides clear GAAP accounting compliance for new DMA commercial fee structures, preventing revenue overstatement that could occur if gross alternativ'.",Evaluate EU Alternative Marketplace Net Revenue Accounting Under ASC 606,"Formalize accounting policies for recording developer fees originating from alternative European app marketplaces and the 0.50 EUR Core Technology Fee (CTF), establishing that Apple acts as an agent rather than a principal under ASC 606-10-55-37 and must report revenues on a net basis.",Determine net revenue accounting for EU CTF,revise,"Provides clear GAAP accounting compliance for new DMA commercial fee structures, preventing revenue overstatement that could occur if gross alternative app commerce were recorded as platform revenue.","[{""name"": ""Core Technology Fee Rate"", ""value"": ""0.50"", ""unit"": ""EUR per install"", ""observed_on"": ""2024-08-01""}]",Finance,reported,"{finance,revise}",Legal;Finance,"Finance confirmed that because Apple does not set end-user app prices or control app content in third-party marketplaces, net agent presentation is legally mandatory under GAAP; Legal reviewed the contractual terms; The Audit Committee approved the net revenue reporting framework."
AAPL-2024Q3-0073,Apple Inc.,2024-08-01,quarterly_filings/2024_Q3.pdf,https://www.sec.gov/ix?doc=/Archives/edgar/data/0000320193/000032019324000073/aapl-20240629.htm,Item 2. MD&A - Services,"Disclosure Context (2024_Q3): Trigger: 'Apple Q3 FY2024 10-Q (filed August 1, 2024) discloses operational, financial, and regulatory context for Finance management decisions'. Management Action: 'Model Paid iCloud+ Storage Tier Conversion Pacing Across 2.2B Active Devices'. Scope: 'Authorized and documented in Item 2. MD&A - Services'. Rationale: 'Informs Services multi-year revenue projections and assists infrastructure planners in forecasting high-margin recurring cloud software cash flows.'.",Model Paid iCloud+ Storage Tier Conversion Pacing Across 2.2B Active Devices,"Construct an empirical monetization growth model projecting iCloud+ 50GB, 200GB, and 2TB paid subscription conversion curves as device storage saturation and High-Efficiency Video Coding (HEVC) photo libraries expand across Apple's 2.2 billion active device install base.",Model iCloud+ subscription conversion curves,investigate,Informs Services multi-year revenue projections and assists infrastructure planners in forecasting high-margin recurring cloud software cash flows.,"[{""name"": ""Active Device Install Base"", ""value"": ""2.2"", ""unit"": ""billion devices"", ""observed_on"": ""2024-08-01""}]",Finance,reported,"{finance,investigate}",R&D;Finance,Finance emphasized that iCloud storage subscriptions represented one of Apple's highest gross-margin businesses (85%+ incremental margin); R&D provided device storage usage telemetry; Marketing debated whether introducing a 100GB intermediate tier would accelerate conversions.
AAPL-2024Q3-0074,Apple Inc.,2024-08-01,quarterly_filings/2024_Q3.pdf,https://www.sec.gov/ix?doc=/Archives/edgar/data/0000320193/000032019324000073/aapl-20240629.htm,Item 2. MD&A - Services,"Disclosure Context (2024_Q3): Trigger: 'Apple Q3 FY2024 10-Q (filed August 1, 2024) discloses operational, financial, and regulatory context for Finance management decisions'. Management Action: 'Assess Balance Sheet Valuation of Long-Term Apple TV+ Content Assets'. Scope: 'Authorized and documented in Item 2. MD&A - Services'. Rationale: 'Validates that capitalized original content production costs remain recoverable through ongoing subscriber acquisition and licensing, preventing unexp'.",Assess Balance Sheet Valuation of Long-Term Apple TV+ Content Assets,"Execute a comprehensive impairment test under ASC 920 on Apple's $18.5 billion library of capitalized original film and television content assets, assessing viewer completion rates and box office performance for major summer theatrical releases (including 'Fly Me to the Moon').",Assess Apple TV+ original content impairment,investigate,"Validates that capitalized original content production costs remain recoverable through ongoing subscriber acquisition and licensing, preventing unexpected multi-million dollar asset write-downs.","[{""name"": ""Capitalized Content Asset Library"", ""value"": ""18.5"", ""unit"": ""billion USD"", ""observed_on"": ""2024-08-01""}]",Finance,reported,"{finance,investigate}",Finance;Marketing,Finance scrutinized theatrical box office underperformance on major feature films that cost over $100M to produce; Marketing argued that original prestige films drive brand halo and ecosystem stickiness; Accounting tested discounted future cash flow streams.
AAPL-2024Q3-0075,Apple Inc.,2024-08-01,quarterly_filings/2024_Q3.pdf,https://www.sec.gov/ix?doc=/Archives/edgar/data/0000320193/000032019324000073/aapl-20240629.htm,Item 2. MD&A - Services,"Disclosure Context (2024_Q3): Trigger: 'Apple Q3 FY2024 10-Q (filed August 1, 2024) discloses operational, financial, and regulatory context for Finance management decisions'. Management Action: 'Audit In-App Purchase Refund Rates on High-Frequency Mobile Gaming Apps'. Scope: 'Authorized and documented in Item 2. MD&A - Services'. Rationale: 'Protects Apple Services commission revenues and prevents chargeback dispute losses from organized third-party refund exploitation networks targeting d'.",Audit In-App Purchase Refund Rates on High-Frequency Mobile Gaming Apps,Deploy automated forensic transaction monitoring across App Store developer accounts in China and Southeast Asia to detect algorithmic refund abuse and friendly-fraud schemes on top-grossing free-to-play mobile games.,Audit App Store mobile gaming refund fraud,maintain,Protects Apple Services commission revenues and prevents chargeback dispute losses from organized third-party refund exploitation networks targeting digital gaming currencies.,"[{""name"": ""Monitored Gaming Accounts"", ""value"": ""2,500"", ""unit"": ""developer accounts"", ""observed_on"": ""2024-08-01""}]",Finance,reported,"{finance,maintain}",Operations;Finance,Finance noticed abnormal refund-to-sales ratios exceeding 8% on several regional gaming titles; Operations deployed machine-learning transaction risk scoring; Legal verified that developer terms authorized withholding payouts to accounts flagged for systematic fraud.
AAPL-2024Q3-0076,Apple Inc.,2024-08-01,quarterly_filings/2024_Q3.pdf,https://www.sec.gov/ix?doc=/Archives/edgar/data/0000320193/000032019324000073/aapl-20240629.htm,Note 9 – Share-Based Compensation,"Disclosure Context (2024_Q3): Trigger: 'Apple Q3 FY2024 10-Q (filed August 1, 2024) discloses operational, financial, and regulatory context for Finance management decisions'. Management Action: 'Audit Executive Equity Grant Vesting Schedules and Section 16 Filings'. Scope: 'Authorized and documented in Note 9 – Share-Based Compensation'. Rationale: 'Ensures total corporate adherence to SEC Section 16 reporting rules and IRS equity withholding regulations, eliminating liability for delayed insider '.",Audit Executive Equity Grant Vesting Schedules and Section 16 Filings,"Execute quarterly compliance auditing on the vesting of 83.8 million restricted stock units (RSUs) across executive officers and senior employees, verifying timely Form 4 reporting to the SEC and confirming tax withholding share surrender schedules.",Audit executive RSU vesting compliance,maintain,"Ensures total corporate adherence to SEC Section 16 reporting rules and IRS equity withholding regulations, eliminating liability for delayed insider transaction disclosures.","[{""name"": ""RSUs Vested in 9 Months"", ""value"": ""83,842,000"", ""unit"": ""RSUs"", ""observed_on"": ""2024-08-01""}, {""name"": ""Vesting Fair Value in Q3"", ""value"": ""6.4"", ""unit"": ""billion USD"", ""observed_on"": ""2024-08-01""}]",Finance,reported,"{finance,maintain}",Finance;Legal,Legal oversaw the automated filing of Form 4 statements within two business days of vesting; Finance managed the net-share settlement process; HR verified that performance-based RSU vesting criteria tied to relative total shareholder return were properly certified by the Compensation Committee.
AAPL-2024Q3-0077,Apple Inc.,2024-08-01,quarterly_filings/2024_Q3.pdf,https://www.sec.gov/ix?doc=/Archives/edgar/data/0000320193/000032019324000073/aapl-20240629.htm,Note 6 – Income Taxes,"Disclosure Context (2024_Q3): Trigger: 'Apple Q3 FY2024 10-Q (filed August 1, 2024) discloses operational, financial, and regulatory context for Finance management decisions'. Management Action: 'Model Income Tax Deductibility for Share-Based Compensation Under Section 162(m)'. Scope: 'Authorized and documented in Note 6 – Income Taxes'. Rationale: 'Maximizes corporate tax deductions while maintaining strict adherence to executive compensation deduction limits for covered Section 16 executive offi'.",Model Income Tax Deductibility for Share-Based Compensation Under Section 162(m),"Model the corporate tax benefit and non-deductible compensation ceilings under Internal Revenue Code Section 162(m) for executive equity awards exceeding the $1 million threshold, projecting net corporate cash tax savings for fiscal 2024 and 2025.",Model tax deductibility for executive compensation,investigate,Maximizes corporate tax deductions while maintaining strict adherence to executive compensation deduction limits for covered Section 16 executive officers.,"[{""name"": ""SBC Income Tax Benefit Q3"", ""value"": ""764"", ""unit"": ""million USD"", ""observed_on"": ""2024-08-01""}]",Finance,reported,"{finance,investigate}",Legal;Finance,Finance calculated that share-based compensation generated $764M in quarterly income tax benefits; Legal verified covered employee classifications; Tax accountants ensured compliance with post-TCJA Section 162(m) expansion regulations.
AAPL-2024Q3-0078,Apple Inc.,2024-08-01,quarterly_filings/2024_Q3.pdf,https://www.sec.gov/ix?doc=/Archives/edgar/data/0000320193/000032019324000073/aapl-20240629.htm,Note 9 – Share-Based Compensation,"Disclosure Context (2024_Q3): Trigger: 'Apple Q3 FY2024 10-Q (filed August 1, 2024) discloses operational, financial, and regulatory context for Finance management decisions'. Management Action: 'Calibrate Annual RSU Refresh Grant Sizes Amid Tech Talent Competition'. Scope: 'Authorized and documented in Note 9 – Share-Based Compensation'. Rationale: 'Preserves employee retention among mission-critical Apple Intelligence and custom Apple Silicon engineering divisions during an unprecedented industry'.",Calibrate Annual RSU Refresh Grant Sizes Amid Tech Talent Competition,"Structure the annual corporate RSU equity refresh budget for 120,000 corporate engineering and design employees, adjusting award guidelines to offset inflationary pressures and retain top machine-learning and silicon architecture talent being recruited by AI hyperscalers.",Calibrate corporate equity grant pool,expand,Preserves employee retention among mission-critical Apple Intelligence and custom Apple Silicon engineering divisions during an unprecedented industry bidding war for generative AI specialists.,"[{""name"": ""Unrecognized RSU Expense"", ""value"": ""21.9"", ""unit"": ""billion USD"", ""observed_on"": ""2024-08-01""}, {""name"": ""Weighted-Average Amortization Period"", ""value"": ""2.6"", ""unit"": ""years"", ""observed_on"": ""2024-08-01""}]",Finance,reported,"{finance,expand}",Finance;Operations,"HR reported intense recruiting pressure from OpenAI, Meta, and Google offering 50%+ equity premiums; Finance resisted expanding the annual RSU pool beyond $6.5B to avoid excessive P&L dilution; The Compensation Committee approved targeted equity retention premiums for top 5% AI researchers."
AAPL-2024Q3-0079,Apple Inc.,2024-08-01,quarterly_filings/2024_Q3.pdf,https://www.sec.gov/ix?doc=/Archives/edgar/data/0000320193/000032019324000073/aapl-20240629.htm,Part II. Item 5. Other Information,"Disclosure Context (2024_Q3): Trigger: 'Apple Q3 FY2024 10-Q (filed August 1, 2024) discloses operational, financial, and regulatory context for Finance management decisions'. Management Action: 'Audit Executive 10b5-1 Trading Plan Adoptions Under Item 408 Disclosures'. Scope: 'Authorized and documented in Part II. Item 5. Other Information'. Rationale: 'Protects corporate executives from insider trading scrutiny and confirms that required tabular and narrative disclosures for Item 5 of SEC Form 10-Q a'.",Audit Executive 10b5-1 Trading Plan Adoptions Under Item 408 Disclosures,"Conduct an internal legal and audit review of all newly adopted or modified Rule 10b5-1 executive share trading plans during Q3 FY2024, verifying compliance with the mandatory 90-day cooling-off period before any stock dispositions can execute.",Audit Rule 10b5-1 executive trading plans,maintain,Protects corporate executives from insider trading scrutiny and confirms that required tabular and narrative disclosures for Item 5 of SEC Form 10-Q are 100% compliant with amended SEC regulations.,"[{""name"": ""Cooling-Off Period Mandate"", ""value"": ""90"", ""unit"": ""days"", ""observed_on"": ""2024-08-01""}]",Finance,reported,"{finance,maintain}",Legal;Finance,Legal verified that zero Section 16 officers adopted overlapping plans; Finance reviewed broker instruction letters; Form 10-Q disclosures were drafted and reviewed by independent outside securities counsel.
AAPL-2024Q3-0080,Apple Inc.,2024-08-01,quarterly_filings/2024_Q3.pdf,https://www.sec.gov/ix?doc=/Archives/edgar/data/0000320193/000032019324000073/aapl-20240629.htm,Note 9 – Share-Based Compensation,"Disclosure Context (2024_Q3): Trigger: 'Apple Q3 FY2024 10-Q (filed August 1, 2024) discloses operational, financial, and regulatory context for Finance management decisions'. Management Action: 'Evaluate Employee Stock Purchase Plan (ESPP) Participation Rates and Dilution'. Scope: 'Authorized and documented in Note 9 – Share-Based Compensation'. Rationale: 'Assesses the balance between employee equity ownership incentives and overall share dilution, verifying that ESPP share issuances are fully accounted '.",Evaluate Employee Stock Purchase Plan (ESPP) Participation Rates and Dilution,"Analyze employee enrollment data across the global Employee Stock Purchase Plan following the semiannual purchase period, evaluating whether the 15% discount on Apple common stock creates excessive share overhang.",Analyze ESPP share issuance dilution,investigate,"Assesses the balance between employee equity ownership incentives and overall share dilution, verifying that ESPP share issuances are fully accounted for in EPS calculations.","[{""name"": ""ESPP Participation Rate"", ""value"": ""78"", ""unit"": ""percent eligible employees"", ""observed_on"": ""2024-08-01""}]",Finance,reported,"{finance,investigate}",Finance;Operations,"Finance confirmed that ESPP share issuances accounted for less than 0.15% of annual share count dilution, easily offset by regular buybacks; HR highlighted high participation as a major corporate engagement driver; Accounting confirmed proper GAAP expense recognition."
AAPL-2024Q3-0081,Apple Inc.,2024-08-01,quarterly_filings/2024_Q3.pdf,https://www.sec.gov/ix?doc=/Archives/edgar/data/0000320193/000032019324000073/aapl-20240629.htm,Item 2. MD&A - Capital Expenditures,"Disclosure Context (2024_Q3): Trigger: 'Apple Q3 FY2024 10-Q (filed August 1, 2024) discloses operational, financial, and regulatory context for Finance management decisions'. Management Action: 'Approve $1.5B CapEx Budget for Apple-Designed Private Cloud Compute Servers'. Scope: 'Authorized and documented in Item 2. MD&A - Capital Expenditures'. Rationale: 'Provides the necessary server hardware infrastructure to handle anticipated generative AI inference spikes when Apple Intelligence launches to the pub'.",Approve $1.5B CapEx Budget for Apple-Designed Private Cloud Compute Servers,"Authorize a $1.5 billion capital expenditure appropriation dedicated to procuring custom server chassis, advanced power distribution systems, and M2 Ultra system-on-chip clusters for expanding Private Cloud Compute data center capacity in North America and Europe.",Authorize Private Cloud Compute server CapEx,approve,Provides the necessary server hardware infrastructure to handle anticipated generative AI inference spikes when Apple Intelligence launches to the public in iOS 18.1 and macOS Sequoia.,"[{""name"": ""PCC Server CapEx Budget"", ""value"": ""1.5"", ""unit"": ""billion USD"", ""observed_on"": ""2024-08-01""}]",Finance,reported,"{finance,approve}",R&D;Finance,R&D specified custom server boards with dual M2 Ultra chips and integrated hardware secure enclaves; Finance verified that capital expenditures remained within overall annual $10B CapEx guidance; Procurement secured long-term component delivery contracts.
AAPL-2024Q3-0082,Apple Inc.,2024-08-01,quarterly_filings/2024_Q3.pdf,https://www.sec.gov/ix?doc=/Archives/edgar/data/0000320193/000032019324000073/aapl-20240629.htm,Item 2. MD&A - Operations,"Disclosure Context (2024_Q3): Trigger: 'Apple Q3 FY2024 10-Q (filed August 1, 2024) discloses operational, financial, and regulatory context for Finance management decisions'. Management Action: 'Allocate Advanced Semiconductor Tooling CapEx at TSMC Fab 21 in Arizona'. Scope: 'Authorized and documented in Item 2. MD&A - Operations'. Rationale: 'Advances Apple's commitment to sourcing advanced microprocessors from U.S. domestic semiconductor fabrication facilities, qualifying domestic chip sup'.",Allocate Advanced Semiconductor Tooling CapEx at TSMC Fab 21 in Arizona,"Authorize $450 million in capital expenditures for advanced photolithography masks, metrology equipment, and specialized silicon testing fixtures installed at TSMC Fab 21 in Phoenix, Arizona, preparing for future domestic 4nm and 3nm Apple Silicon production runs.",Allocate Arizona semiconductor tooling CapEx,expand,"Advances Apple's commitment to sourcing advanced microprocessors from U.S. domestic semiconductor fabrication facilities, qualifying domestic chip supply for government and enterprise client segments.","[{""name"": ""Arizona Tooling Allocation"", ""value"": ""450"", ""unit"": ""million USD"", ""observed_on"": ""2024-08-01""}]",Finance,reported,"{finance,expand}",R&D;Operations,Operations emphasized national supply chain resilience; Finance scrutinized high domestic semiconductor manufacturing cost premiums (projected 20–30% above Taiwan fabs); R&D engineers validated initial wafer test vehicles for power and yield parity.
AAPL-2024Q3-0083,Apple Inc.,2024-08-01,quarterly_filings/2024_Q3.pdf,https://www.sec.gov/ix?doc=/Archives/edgar/data/0000320193/000032019324000073/aapl-20240629.htm,Item 2. MD&A - Retail Operations,"Disclosure Context (2024_Q3): Trigger: 'Apple Q3 FY2024 10-Q (filed August 1, 2024) discloses operational, financial, and regulatory context for Finance management decisions'. Management Action: 'Budget Global Retail Store Visual Merchandising Refresh for Apple Intelligence'. Scope: 'Authorized and documented in Item 2. MD&A - Retail Operations'. Rationale: 'Transforms Apple retail store environments into premier consumer discovery centers for generative AI, driving in-store foot traffic and hardware upgra'.",Budget Global Retail Store Visual Merchandising Refresh for Apple Intelligence,"Approve a $120 million global retail store visual merchandising and display table capital refresh across 560 Apple stores, replacing legacy fixture signage and installing interactive iPad Pro demo pedestals focused on Apple Intelligence feature education.",Approve retail store AI display refresh,approve,"Transforms Apple retail store environments into premier consumer discovery centers for generative AI, driving in-store foot traffic and hardware upgrade conversions for the iPhone 16 and iPad Pro M4 lineups.","[{""name"": ""Retail Merchandising Budget"", ""value"": ""120"", ""unit"": ""million USD"", ""observed_on"": ""2024-08-01""}, {""name"": ""Retail Stores Covered"", ""value"": ""560"", ""unit"": ""stores"", ""observed_on"": ""2024-08-01""}]",Finance,reported,"{finance,approve}",Marketing;Operations,Marketing created dynamic software demo loops showcasing writing tools and image creation; Operations scheduled overnight store installations to avoid retail hours disruption; Finance approved the capital outlay under standard retail store maintenance budgets.
AAPL-2024Q3-0084,Apple Inc.,2024-08-01,quarterly_filings/2024_Q3.pdf,https://www.sec.gov/ix?doc=/Archives/edgar/data/0000320193/000032019324000073/aapl-20240629.htm,Note 1 – Summary of Significant Accounting Policies,"Disclosure Context (2024_Q3): Trigger: 'Apple Q3 FY2024 10-Q (filed August 1, 2024) discloses operational, financial, and regulatory context for Finance management decisions'. Management Action: 'Review Enterprise Hardware Lease Financing Reserves with De Lage Landen'. Scope: 'Authorized and documented in Note 1 – Summary of Significant Accounting Policies'. Rationale: 'Verifies that corporate residual value guarantees on off-lease M1 and M2 MacBook hardware reflect realistic secondary market pricing, protecting Apple'.",Review Enterprise Hardware Lease Financing Reserves with De Lage Landen,Conduct an annual portfolio credit quality and residual value reserve review on $8.5 billion in non-recourse enterprise hardware lease portfolios managed through financing partner De Lage Landen (DLL) for corporate Mac and iPad deployments.,Review enterprise lease financing credit reserves,maintain,"Verifies that corporate residual value guarantees on off-lease M1 and M2 MacBook hardware reflect realistic secondary market pricing, protecting Apple from unexpected lease-end credit chargebacks.","[{""name"": ""Financed Enterprise Hardware Portfolio"", ""value"": ""8.5"", ""unit"": ""billion USD"", ""observed_on"": ""2024-08-01""}]",Finance,reported,"{finance,maintain}",Finance;Operations,Finance analyzed enterprise laptop secondary market pricing indices; Operations evaluated enterprise trade-in refurbishment pathways; Financing partners confirmed that credit default rates remained low at 0.42%.
AAPL-2024Q3-0085,Apple Inc.,2024-08-01,quarterly_filings/2024_Q3.pdf,https://www.sec.gov/ix?doc=/Archives/edgar/data/0000320193/000032019324000073/aapl-20240629.htm,Item 2. MD&A - Research and Development,"Disclosure Context (2024_Q3): Trigger: 'Apple Q3 FY2024 10-Q (filed August 1, 2024) discloses operational, financial, and regulatory context for Finance management decisions'. Management Action: 'Assess Capital Recovery on Discontinued Micro-LED Apple Watch Display Tooling'. Scope: 'Authorized and documented in Item 2. MD&A - Research and Development'. Rationale: 'Determines salvage value and potential resale of custom semiconductor deposition tools and testing fixtures following the cancellation of in-house mic'.",Assess Capital Recovery on Discontinued Micro-LED Apple Watch Display Tooling,Execute a formal asset impairment and recovery evaluation under ASC 360 on specialized thin-film equipment and cleanroom fixtures previously purchased for Apple's canceled proprietary in-house micro-LED smartwatch display project (Project T159).,Evaluate micro-LED project asset recovery,reduce,"Determines salvage value and potential resale of custom semiconductor deposition tools and testing fixtures following the cancellation of in-house micro-LED screen development, minimizing balance-sheet impairment write-offs.","[{""name"": ""Discontinued Project Equipment Value"", ""value"": ""280"", ""unit"": ""million USD book value"", ""observed_on"": ""2024-08-01""}]",Finance,reported,"{finance,reduce}",R&D;Finance,R&D explored repurposing atomic layer deposition tools for spatial computing silicon research; Finance sought immediate third-party asset sales to recover cash; Equipment brokers reported an oversupplied market for specialized micro-LED fabrication tooling.
AAPL-2024Q3-0086,Apple Inc.,2024-08-01,quarterly_filings/2024_Q3.pdf,https://www.sec.gov/ix?doc=/Archives/edgar/data/0000320193/000032019324000073/aapl-20240629.htm,Note 3 – Inventory,"Disclosure Context (2024_Q3): Trigger: 'Apple Q3 FY2024 10-Q (filed August 1, 2024) discloses operational, financial, and regulatory context for Finance management decisions'. Management Action: 'Optimize Finished Goods Finished Inventory Turns Ahead of Fall Launch'. Scope: 'Authorized and documented in Note 3 – Inventory'. Rationale: 'Minimizes working capital tied up in aging consumer hardware while eliminating inventory write-down risks when next-generation models are unveiled in '.",Optimize Finished Goods Finished Inventory Turns Ahead of Fall Launch,"Direct regional logistics controllers to accelerate inventory rotations of mature iPhone 15, iPad 10th generation, and Apple Watch Series 9 hardware, targeting finished goods inventory turns exceeding 38 times per year to prevent pre-launch channel clutter.",Accelerate finished goods inventory turnover,revise,Minimizes working capital tied up in aging consumer hardware while eliminating inventory write-down risks when next-generation models are unveiled in September.,"[{""name"": ""Target Inventory Turns"", ""value"": ""38"", ""unit"": ""turns/year"", ""observed_on"": ""2024-08-01""}, {""name"": ""Total Inventories Q3"", ""value"": ""6,145"", ""unit"": ""million USD"", ""observed_on"": ""2024-08-01""}]",Finance,reported,"{finance,revise}",Operations;Finance,Finance demanded strict inventory turnover discipline to free up cash flow; Operations coordinated clearance promotions with global telecom carriers; Retail leadership monitored back-of-house store stock levels.
AAPL-2024Q3-0087,Apple Inc.,2024-08-01,quarterly_filings/2024_Q3.pdf,https://www.sec.gov/ix?doc=/Archives/edgar/data/0000320193/000032019324000073/aapl-20240629.htm,Note 6 – Income Taxes,"Disclosure Context (2024_Q3): Trigger: 'Apple Q3 FY2024 10-Q (filed August 1, 2024) discloses operational, financial, and regulatory context for Finance management decisions'. Management Action: 'Audit European Value Added Tax (VAT) Digital Marketplace Withholding Systems'. Scope: 'Authorized and documented in Note 6 – Income Taxes'. Rationale: 'Ensures total corporate adherence to European digital services tax and VAT withholding regulations, preventing multi-million euro tax deficiency asses'.",Audit European Value Added Tax (VAT) Digital Marketplace Withholding Systems,Conduct a comprehensive statutory compliance audit of automated VAT collection and remittance systems across 27 European Union member states for in-app digital purchases and third-party marketplace transactions following DMA compliance amendments.,Audit EU VAT digital marketplace compliance,maintain,"Ensures total corporate adherence to European digital services tax and VAT withholding regulations, preventing multi-million euro tax deficiency assessments from national revenue authorities.","[{""name"": ""EU Member States Audited"", ""value"": ""27"", ""unit"": ""jurisdictions"", ""observed_on"": ""2024-08-01""}]",Finance,reported,"{finance,maintain}",Legal;Finance,Tax accountants validated automated VAT calculation engines; Legal reviewed digital marketplace tax intermediary liability directives; Software engineering confirmed billing database integrity across localized currency rates.
AAPL-2024Q3-0088,Apple Inc.,2024-08-01,quarterly_filings/2024_Q3.pdf,https://www.sec.gov/ix?doc=/Archives/edgar/data/0000320193/000032019324000073/aapl-20240629.htm,Item 1. Business - Properties,"Disclosure Context (2024_Q3): Trigger: 'Apple Q3 FY2024 10-Q (filed August 1, 2024) discloses operational, financial, and regulatory context for Finance management decisions'. Management Action: 'Evaluate Commercial Property Insurance Surcharges for Gulf Coast Warehouses'. Scope: 'Authorized and documented in Item 1. Business - Properties'. Rationale: 'Ensures balance-sheet asset protection against severe tropical storms and flooding while evaluating whether high insurance premium surcharges warrant '.",Evaluate Commercial Property Insurance Surcharges for Gulf Coast Warehouses,Review catastrophic weather property and business interruption insurance policies covering Apple-contracted distribution hubs and component logistics centers along the U.S. Gulf Coast and Florida ahead of peak Atlantic hurricane season.,Audit catastrophic property insurance coverage,investigate,Ensures balance-sheet asset protection against severe tropical storms and flooding while evaluating whether high insurance premium surcharges warrant shifting inventory storage further inland.,"[{""name"": ""Insured Property Footprint"", ""value"": ""1.2"", ""unit"": ""billion USD asset value"", ""observed_on"": ""2024-08-01""}]",Finance,reported,"{finance,investigate}",Operations;Finance,Insurance underwriters proposed an 18% hurricane premium surcharge; Finance questioned the cost-benefit of offshore risk transfer; Operations evaluated shifting southern logistics buffer stock to Nashville and Memphis inland hubs.
AAPL-2024Q3-0089,Apple Inc.,2024-08-01,quarterly_filings/2024_Q3.pdf,https://www.sec.gov/ix?doc=/Archives/edgar/data/0000320193/000032019324000073/aapl-20240629.htm,Item 1. Business - Environment,"Disclosure Context (2024_Q3): Trigger: 'Apple Q3 FY2024 10-Q (filed August 1, 2024) discloses operational, financial, and regulatory context for Finance management decisions'. Management Action: 'Audit Supplier Clean Energy Matching and Green Bond Capital Allocation'. Scope: 'Authorized and documented in Item 1. Business - Environment'. Rationale: 'Maintains corporate integrity under international Green Bond Principles, verifying that green financing proceeds fund measurable carbon emission reduc'.",Audit Supplier Clean Energy Matching and Green Bond Capital Allocation,"Perform statutory allocation and verification audits on proceeds from Apple's $4.7 billion Green Bond portfolio, certifying that disbursements matched verified renewable solar and wind capital investments across tier-1 supplier facilities in Japan, India, and China.",Audit Green Bond fund allocation,maintain,"Maintains corporate integrity under international Green Bond Principles, verifying that green financing proceeds fund measurable carbon emission reductions across Apple's supply chain.","[{""name"": ""Cumulative Green Bond Portfolio"", ""value"": ""4.7"", ""unit"": ""billion USD"", ""observed_on"": ""2024-08-01""}]",Finance,reported,"{finance,maintain}",Finance;Operations,Sustainability auditors reviewed power generation meter records at supplier solar installations; Finance prepared required annual impact reports for bondholders; Independent assurance firm Sustainalytics certified compliance.
AAPL-2024Q3-0090,Apple Inc.,2024-08-01,quarterly_filings/2024_Q3.pdf,https://www.sec.gov/ix?doc=/Archives/edgar/data/0000320193/000032019324000073/aapl-20240629.htm,Item 2. MD&A - Retail Operations,"Disclosure Context (2024_Q3): Trigger: 'Apple Q3 FY2024 10-Q (filed August 1, 2024) discloses operational, financial, and regulatory context for Finance management decisions'. Management Action: 'Assess Working Capital Drag from Extended Direct Retail Store Footprint'. Scope: 'Authorized and documented in Item 2. MD&A - Retail Operations'. Rationale: 'Assesses whether expensive flagship architectural real estate buildouts (averaging over $40M per flagship location) generate sufficient incremental ha'.",Assess Working Capital Drag from Extended Direct Retail Store Footprint,"Conduct a real estate portfolio financial return analysis on capital tied up in leasehold improvements, flagship architectural buildouts, and in-store display inventory across Apple's global network of 560 owned and leased retail stores.",Analyze retail store return on invested capital,investigate,Assesses whether expensive flagship architectural real estate buildouts (averaging over $40M per flagship location) generate sufficient incremental hardware and Services attach rates to justify continued expansion.,"[{""name"": ""Global Retail Stores"", ""value"": ""560"", ""unit"": ""stores"", ""observed_on"": ""2024-08-01""}]",Finance,reported,"{finance,investigate}",Finance;Operations,"Finance calculated that retail stores generated an outstanding return on invested capital (ROIC) exceeding 45% when factoring in omni-channel customer pickup and brand marketing value; Operations confirmed retail remains Apple's highest customer-satisfaction channel; Executive management approved selective expansion in new emerging markets (Malaysia, India)."
AAPL-2024Q3-0091,Apple Inc.,2024-08-01,quarterly_filings/2024_Q3.pdf,https://www.sec.gov/ix?doc=/Archives/edgar/data/0000320193/000032019324000073/aapl-20240629.htm,Item 2. MD&A - Research and Development,"Disclosure Context (2024_Q3): Trigger: 'Apple Q3 FY2024 10-Q (filed August 1, 2024) discloses operational, financial, and regulatory context for R&D management decisions'. Management Action: 'Finalize Apple Intelligence On-Device Language Model Quantization for iOS 18.1'. Scope: 'Authorized and documented in Item 2. MD&A - Research and Development'. Rationale: 'Ensures fluid, real-time generative writing assistance and notification summaries natively on Apple Silicon without server round-trip latency, preserv'.",Finalize Apple Intelligence On-Device Language Model Quantization for iOS 18.1,"Finalize the 4-bit and 3-bit mixed-precision palettization schedule for Apple's 3-billion-parameter on-device foundation language model, compiling optimized Neural Engine execution kernels in CoreML to deliver sub-35ms first-token latency on A17 Pro and M-series chips for text rewriting and smart replies.",Compile on-device language model kernels,expand,"Ensures fluid, real-time generative writing assistance and notification summaries natively on Apple Silicon without server round-trip latency, preserving user privacy through zero off-device telemetry.","[{""name"": ""Model Parameter Count"", ""value"": ""3"", ""unit"": ""billion parameters"", ""observed_on"": ""2024-08-01""}, {""name"": ""Target First-Token Latency"", ""value"": ""35"", ""unit"": ""milliseconds"", ""observed_on"": ""2024-08-01""}]",R&D,reported,"{rd,expand}",Operations;Finance,R&D algorithm teams pushed for aggressive 3-bit quantization to minimize DRAM footprint on 8GB unified memory configurations; Operations flagged that excessive compression degraded linguistic coherence on complex summarization; Product teams settled on mixed 3.5-bit precision with a 2.4GB memory footprint.
AAPL-2024Q3-0092,Apple Inc.,2024-08-01,quarterly_filings/2024_Q3.pdf,https://www.sec.gov/ix?doc=/Archives/edgar/data/0000320193/000032019324000073/aapl-20240629.htm,Item 2. MD&A - Research and Development,"Disclosure Context (2024_Q3): Trigger: 'Apple Q3 FY2024 10-Q (filed August 1, 2024) discloses operational, financial, and regulatory context for R&D management decisions'. Management Action: 'Formulate Siri Overhaul Phased Architecture and Defer Personal Context to 2025'. Scope: 'Authorized and documented in Item 2. MD&A - Research and Development'. Rationale: 'Mitigates catastrophic hallucination risks and semantic indexing latency on complex user data graphs (Mail, Messages, Calendar), allowing engineering '.",Formulate Siri Overhaul Phased Architecture and Defer Personal Context to 2025,"Restructure the Siri engineering roadmap into a multi-phase release architecture, deploying the glowing edge-screen visual interface, typewriter keyboard input, and Apple product technical support in iOS 18.1, while officially postponing on-screen content awareness, personal context indexing, and in-app actions to spring 2025 (iOS 18.4).",Restructure Siri release schedule,defer,"Mitigates catastrophic hallucination risks and semantic indexing latency on complex user data graphs (Mail, Messages, Calendar), allowing engineering teams to harden multi-app intent execution pipelines before public deployment.","[{""name"": ""Deferred Features Target Release"", ""value"": ""iOS 18.4 (Spring 2025)"", ""unit"": ""version"", ""observed_on"": ""2024-08-01""}]",R&D,reported,"{rd,defer}",Marketing;Operations,Marketing protested that delaying Siri's context-aware intelligence broke marquee WWDC keynote promises and weakened initial iPhone 16 marketing campaigns; R&D leadership insisted that current semantic indexing produced unacceptably high error rates across third-party app intents; Executive management approved the phased delay.
AAPL-2024Q3-0093,Apple Inc.,2024-08-01,quarterly_filings/2024_Q3.pdf,https://www.sec.gov/ix?doc=/Archives/edgar/data/0000320193/000032019324000073/aapl-20240629.htm,Item 2. MD&A - Research and Development,"Disclosure Context (2024_Q3): Trigger: 'Apple Q3 FY2024 10-Q (filed August 1, 2024) discloses operational, financial, and regulatory context for R&D management decisions'. Management Action: 'Deploy Private Cloud Compute Cryptographic Attestation and Swift Server Runtime'. Scope: 'Authorized and documented in Item 2. MD&A - Research and Development'. Rationale: 'Provides cryptographic proof to cybersecurity researchers and enterprise clients that cloud-based Apple Intelligence inference never stores customer p'.",Deploy Private Cloud Compute Cryptographic Attestation and Swift Server Runtime,"Deploy the production Swift-on-Server software runtime and hardware-rooted attestation verification system across Private Cloud Compute data center clusters, implementing transparent verifiable logging that allows third-party cryptographic researchers to inspect and verify production server images.",Deploy PCC verifiable logging architecture,expand,"Provides cryptographic proof to cybersecurity researchers and enterprise clients that cloud-based Apple Intelligence inference never stores customer prompts, logs personal data, or permits administrative backdoors.","[{""name"": ""Independent Research Attestation"", ""value"": ""100"", ""unit"": ""percent auditable"", ""observed_on"": ""2024-08-01""}]",R&D,reported,"{rd,expand}",Legal;Operations,Security engineering designed automated cryptographic attestation manifests published to an immutable transparency log; Legal verified that disclosures protected proprietary compiler source code; Infrastructure teams deployed M2 Ultra clusters with secure enclave attestation.
AAPL-2024Q3-0094,Apple Inc.,2024-08-01,quarterly_filings/2024_Q3.pdf,https://www.sec.gov/ix?doc=/Archives/edgar/data/0000320193/000032019324000073/aapl-20240629.htm,Item 2. MD&A - Research and Development,"Disclosure Context (2024_Q3): Trigger: 'Apple Q3 FY2024 10-Q (filed August 1, 2024) discloses operational, financial, and regulatory context for R&D management decisions'. Management Action: 'Refactor Photos Clean Up Inpainting Diffusion Model for On-Device Execution'. Scope: 'Authorized and documented in Item 2. MD&A - Research and Development'. Rationale: 'Enables users to seamlessly erase distracting background objects and photobombers from personal images directly within the native Photos app without u'.",Refactor Photos Clean Up Inpainting Diffusion Model for On-Device Execution,"Re-engineer the generative image inpainting model for the new Photos 'Clean Up' tool, deploying a specialized 1.1-billion-parameter masked autoencoder diffusion model optimized to execute on the iPhone Neural Engine within 1.5 seconds without cloud compute dependency.",Optimize Clean Up diffusion model,revise,Enables users to seamlessly erase distracting background objects and photobombers from personal images directly within the native Photos app without uploading private photos to external cloud servers.,"[{""name"": ""Inpainting Model Size"", ""value"": ""1.1"", ""unit"": ""billion parameters"", ""observed_on"": ""2024-08-01""}, {""name"": ""Target Inpainting Latency"", ""value"": ""1.5"", ""unit"": ""seconds"", ""observed_on"": ""2024-08-01""}]",R&D,reported,"{rd,revise}",Operations;Marketing,R&D struggled to eliminate halo artifacts around complex edge boundaries (e.g. hair and translucent shadows); Marketing demanded seamless touch-to-erase functionality; Engineering refactored the patch-infilling attention heads to run in FP16 precision on the Neural Engine.
AAPL-2024Q3-0095,Apple Inc.,2024-08-01,quarterly_filings/2024_Q3.pdf,https://www.sec.gov/ix?doc=/Archives/edgar/data/0000320193/000032019324000073/aapl-20240629.htm,Item 2. MD&A - Research and Development,"Disclosure Context (2024_Q3): Trigger: 'Apple Q3 FY2024 10-Q (filed August 1, 2024) discloses operational, financial, and regulatory context for R&D management decisions'. Management Action: 'Remediate Image Playground Safety Filtering and Style Rendering Bottlenecks'. Scope: 'Authorized and documented in Item 2. MD&A - Research and Development'. Rationale: 'Aims to achieve strict content safety standards while maintaining prompt fidelity across three stylized rendering options (Animation, Illustration, Sk'.",Remediate Image Playground Safety Filtering and Style Rendering Bottlenecks,"Direct emergency algorithmic improvements on the on-device text-to-image diffusion model powering Image Playground and Genmoji, resolving deep neural network safety filtering false positives and cartoon-style rendering artifacts that triggered significant beta testing rejections.",Remediate Image Playground generation pipeline,investigate,"Aims to achieve strict content safety standards while maintaining prompt fidelity across three stylized rendering options (Animation, Illustration, Sketch), preparing the creative AI tool for public release.","[{""name"": ""Target Image Generation Latency"", ""value"": ""6"", ""unit"": ""seconds on A18"", ""observed_on"": ""2024-08-01""}]",R&D,reported,"{rd,investigate}",Legal;Marketing,"Legal insisted on rigorous guardrail filters to prevent the synthesis of copyrighted characters or controversial public figures; Marketing complained that safety filters were overly aggressive, rejecting benign everyday prompts; R&D faced memory allocation limits when running diffusion loops alongside active apps."
AAPL-2024Q3-0096,Apple Inc.,2024-08-01,quarterly_filings/2024_Q3.pdf,https://www.sec.gov/ix?doc=/Archives/edgar/data/0000320193/000032019324000073/aapl-20240629.htm,Item 2. MD&A - Research and Development,"Disclosure Context (2024_Q3): Trigger: 'Apple Q3 FY2024 10-Q (filed August 1, 2024) discloses operational, financial, and regulatory context for R&D management decisions'. Management Action: 'Tape Out A18 and A18 Pro SoCs on TSMC N3E Second-Generation 3nm Node'. Scope: 'Authorized and documented in Item 2. MD&A - Research and Development'. Rationale: 'Secures high-volume semiconductor fabrication for the entire iPhone 16 lineup, ensuring unified Apple Intelligence hardware acceleration across both b'.",Tape Out A18 and A18 Pro SoCs on TSMC N3E Second-Generation 3nm Node,"Complete final design tape-out and mask set qualification for the A18 and A18 Pro microprocessors at TSMC's 3nm N3E fabrication lines in Tainan, incorporating a 16-core Neural Engine with 35 TOPS throughput, a 6-core desktop-class GPU architecture, and 17% higher memory subsystem bandwidth.",Finalize A18 processor silicon tape-out,approve,"Secures high-volume semiconductor fabrication for the entire iPhone 16 lineup, ensuring unified Apple Intelligence hardware acceleration across both baseline and Pro smartphone tiers.","[{""name"": ""Neural Engine Throughput"", ""value"": ""35"", ""unit"": ""TOPS"", ""observed_on"": ""2024-08-01""}, {""name"": ""Memory Bandwidth Increase"", ""value"": ""17"", ""unit"": ""percent"", ""observed_on"": ""2024-08-01""}]",R&D,reported,"{rd,approve}",Operations;Finance,R&D architected both chips on the same base N3E process to share physical IP blocks; Operations locked in priority wafer allocations at TSMC Fab 18; Finance verified that consolidating baseline iPhone 16 onto 3nm silicon achieved favorable wafer volume economies.
AAPL-2024Q3-0097,Apple Inc.,2024-08-01,quarterly_filings/2024_Q3.pdf,https://www.sec.gov/ix?doc=/Archives/edgar/data/0000320193/000032019324000073/aapl-20240629.htm,Item 2. MD&A - Products Performance,"Disclosure Context (2024_Q3): Trigger: 'Apple Q3 FY2024 10-Q (filed August 1, 2024) discloses operational, financial, and regulatory context for R&D management decisions'. Management Action: 'Redesign iPhone 16 Pro Internal Thermal Architecture with Graphene Substructures'. Scope: 'Authorized and documented in Item 2. MD&A - Products Performance'. Rationale: 'Directly resolves customer and media thermal throttling complaints that affected early iPhone 15 Pro units during fast-charging and intensive GPU rend'.",Redesign iPhone 16 Pro Internal Thermal Architecture with Graphene Substructures,"Engineer an updated thermal dissipation architecture for the iPhone 16 Pro and Pro Max unibody enclosure, integrating a 100% recycled aluminum thermal substructure bonded to a graphite heat spreader to increase sustained gaming and compute heat dissipation by 20%.",Deploy graphite thermal dissipation substructure,expand,"Directly resolves customer and media thermal throttling complaints that affected early iPhone 15 Pro units during fast-charging and intensive GPU rendering, maintaining peak processor clock speeds during prolonged AI tasks.","[{""name"": ""Sustained Thermal Performance Gain"", ""value"": ""20"", ""unit"": ""percent"", ""observed_on"": ""2024-08-01""}]",R&D,reported,"{rd,expand}",Operations;Finance,R&D proved that the graphite-aluminum hybrid structure prevented thermal surface hot-spots; Operations coordinated thermal paste bonding automation across assembly lines; Finance approved the minor $0.85 per-device bill-of-materials addition.
AAPL-2024Q3-0098,Apple Inc.,2024-08-01,quarterly_filings/2024_Q3.pdf,https://www.sec.gov/ix?doc=/Archives/edgar/data/0000320193/000032019324000073/aapl-20240629.htm,Item 2. MD&A - Products Performance,"Disclosure Context (2024_Q3): Trigger: 'Apple Q3 FY2024 10-Q (filed August 1, 2024) discloses operational, financial, and regulatory context for R&D management decisions'. Management Action: 'Calibrate Capacitive Force Sensor Micro-Code for Camera Control Button'. Scope: 'Authorized and documented in Item 2. MD&A - Products Performance'. Rationale: 'Delivers a tactile physical interface for mobile photography that mimics high-end DSLR shutter release mechanisms, introducing a tactile hardware cont'.",Calibrate Capacitive Force Sensor Micro-Code for Camera Control Button,"Develop and calibrate the embedded microcontroller firmware for the new Camera Control capacitive force sensor button on iPhone 16, tuning two-stage tactile switching algorithms to differentiate between light-press gesture sliding (for zoom and exposure adjustment) and full-press shutter release.",Calibrate Camera Control force sensor firmware,revise,"Delivers a tactile physical interface for mobile photography that mimics high-end DSLR shutter release mechanisms, introducing a tactile hardware control point for visual intelligence features.","[{""name"": ""Capacitive Sampling Rate"", ""value"": ""200"", ""unit"": ""Hz"", ""observed_on"": ""2024-08-01""}]",R&D,reported,"{rd,revise}",Operations;Marketing,"R&D fine-tuned force thresholds across 2,000 human test subjects; Marketing praised the feature as the defining physical hardware change of the iPhone 16; Ergonomic testers warned that button placement along the lower right perimeter was awkward in portrait mode."
AAPL-2024Q3-0099,Apple Inc.,2024-08-01,quarterly_filings/2024_Q3.pdf,https://www.sec.gov/ix?doc=/Archives/edgar/data/0000320193/000032019324000073/aapl-20240629.htm,Item 2. MD&A - Products Performance,"Disclosure Context (2024_Q3): Trigger: 'Apple Q3 FY2024 10-Q (filed August 1, 2024) discloses operational, financial, and regulatory context for R&D management decisions'. Management Action: 'Develop 48MP Fusion Camera Sensor 2x Optical Quality Telephoto Pipeline'. Scope: 'Authorized and documented in Item 2. MD&A - Products Performance'. Rationale: 'Provides mainstream iPhone 16 users with an optical-quality 2x telephoto focal length without requiring a physically dedicated third telephoto camera '.",Develop 48MP Fusion Camera Sensor 2x Optical Quality Telephoto Pipeline,"Design advanced quad-pixel sensor binning and computational photography pipelines for the new 48-megapixel Fusion camera sensor across iPhone 16, utilizing machine-learning demosaicing algorithms to synthesize optical-quality 12MP 2x telephoto crops from the central sensor pixels.",Develop computational 2x optical crop pipeline,expand,"Provides mainstream iPhone 16 users with an optical-quality 2x telephoto focal length without requiring a physically dedicated third telephoto camera lens, preserving slim chassis dimensions and lower product costs.","[{""name"": ""Fusion Sensor Resolution"", ""value"": ""48"", ""unit"": ""megapixels"", ""observed_on"": ""2024-08-01""}]",R&D,reported,"{rd,expand}",Finance;Operations,Operations worked with Sony Semiconductor to secure high-volume 48MP CMOS sensor allocations; R&D optimized the Photonic Engine ISP pipeline on the A18; Finance confirmed that dual-lens hardware containing 2x virtual zoom protected gross margins.
AAPL-2024Q3-0100,Apple Inc.,2024-08-01,quarterly_filings/2024_Q3.pdf,https://www.sec.gov/ix?doc=/Archives/edgar/data/0000320193/000032019324000073/aapl-20240629.htm,Item 2. MD&A - Products Performance,"Disclosure Context (2024_Q3): Trigger: 'Apple Q3 FY2024 10-Q (filed August 1, 2024) discloses operational, financial, and regulatory context for R&D management decisions'. Management Action: 'Integrate 48MP Ultra Wide Macro Camera on iPhone 16 Pro Models'. Scope: 'Authorized and documented in Item 2. MD&A - Products Performance'. Rationale: 'Quadruples ultra-wide image resolution, capturing richer textural detail in landscape photography and enabling higher-fidelity spatial video recording'.",Integrate 48MP Ultra Wide Macro Camera on iPhone 16 Pro Models,"Integrate a newly designed 48-megapixel quad-pixel Ultra Wide camera sensor with autofocus into the iPhone 16 Pro and Pro Max camera housing, replacing the legacy 12MP sensor to capture high-resolution 48MP ProRAW wide-angle shots and ultra-detailed macro photography.",Integrate 48MP Ultra Wide camera sensor,expand,"Quadruples ultra-wide image resolution, capturing richer textural detail in landscape photography and enabling higher-fidelity spatial video recording for Apple Vision Pro playback.","[{""name"": ""Ultra Wide Resolution"", ""value"": ""48"", ""unit"": ""megapixels"", ""observed_on"": ""2024-08-01""}]",R&D,reported,"{rd,expand}",Operations;Finance,Finance approved the sensor upgrade to maintain professional camera leadership over Samsung Galaxy S24 Ultra; Operations verified component yields at Largan Precision for the custom 6-element f/2.2 lens stack; R&D tuned macro focus distance down to 2cm.
AAPL-2024Q3-0101,Apple Inc.,2024-08-01,quarterly_filings/2024_Q3.pdf,https://www.sec.gov/ix?doc=/Archives/edgar/data/0000320193/000032019324000073/aapl-20240629.htm,Item 2. MD&A - Research and Development,"Disclosure Context (2024_Q3): Trigger: 'Apple Q3 FY2024 10-Q (filed August 1, 2024) discloses operational, financial, and regulatory context for R&D management decisions'. Management Action: 'Tape Out M4 Pro and M4 Max Silicon on TSMC N3E Node for MacBook Pro'. Scope: 'Authorized and documented in Item 2. MD&A - Research and Development'. Rationale: 'Secures second-generation 3nm professional silicon for the high-end 14-inch and 16-inch MacBook Pro lineup, delivering industry-leading single-threade'.",Tape Out M4 Pro and M4 Max Silicon on TSMC N3E Node for MacBook Pro,"Submit final physical design tape-outs for the M4 Pro (up to 14 CPU cores and 20 GPU cores) and M4 Max (up to 16 CPU cores and 40 GPU cores) microprocessors to TSMC's N3E fab lines, incorporating 273 GB/s and 546 GB/s memory bandwidth subsystems respectively.",Tape out M4 Pro and M4 Max processors,approve,"Secures second-generation 3nm professional silicon for the high-end 14-inch and 16-inch MacBook Pro lineup, delivering industry-leading single-threaded CPU speed and massive on-chip memory pools for local LLM fine-tuning.","[{""name"": ""M4 Max Max Memory Bandwidth"", ""value"": ""546"", ""unit"": ""GB/s"", ""observed_on"": ""2024-08-01""}, {""name"": ""Max GPU Cores"", ""value"": ""40"", ""unit"": ""cores"", ""observed_on"": ""2024-08-01""}]",R&D,reported,"{rd,approve}",Operations;Finance,R&D architected the chips to support up to 128GB unified memory for running massive 70B AI models locally; Operations secured dedicated backend packaging capacity at TSMC for large die sizes; Finance confirmed professional Mac gross margin targets.
AAPL-2024Q3-0102,Apple Inc.,2024-08-01,quarterly_filings/2024_Q3.pdf,https://www.sec.gov/ix?doc=/Archives/edgar/data/0000320193/000032019324000073/aapl-20240629.htm,Item 2. MD&A - Products Performance,"Disclosure Context (2024_Q3): Trigger: 'Apple Q3 FY2024 10-Q (filed August 1, 2024) discloses operational, financial, and regulatory context for R&D management decisions'. Management Action: 'Engineer Miniaturized 5x5-Inch Mac mini Chassis with Internal Power Supply'. Scope: 'Authorized and documented in Item 2. MD&A - Products Performance'. Rationale: 'Delivers the most dramatic desktop Mac redesign in 14 years, creating an ultra-portable workstation with front-facing USB-C ports that revitalizes int'.",Engineer Miniaturized 5x5-Inch Mac mini Chassis with Internal Power Supply,"Complete the mechanical and thermal redesign of the desktop Mac mini, shrinking its physical enclosure from 7.7x7.7 inches down to an ultra-compact 5.0x5.0 inches while engineering an internal power supply and dual-blower centrifugal thermal cooling system capable of sustaining 65W M4 Pro thermal loads.",Redesign ultra-compact Mac mini chassis,expand,"Delivers the most dramatic desktop Mac redesign in 14 years, creating an ultra-portable workstation with front-facing USB-C ports that revitalizes interest in Apple's entry-level desktop portfolio.","[{""name"": ""Footprint Reduction"", ""value"": ""50"", ""unit"": ""percent smaller footprint"", ""observed_on"": ""2024-08-01""}, {""name"": ""Sustained Thermal Budget"", ""value"": ""65"", ""unit"": ""watts"", ""observed_on"": ""2024-08-01""}]",R&D,reported,"{rd,expand}",Operations;Finance,Operations raised concerns over complex pick-and-place component density on the miniature logic board; Finance welcomed lower aluminum raw material costs and reduced air-freight packaging volumes; R&D validated acoustic silence below 20 dBA under office workloads.
AAPL-2024Q3-0103,Apple Inc.,2024-08-01,quarterly_filings/2024_Q3.pdf,https://www.sec.gov/ix?doc=/Archives/edgar/data/0000320193/000032019324000073/aapl-20240629.htm,Item 2. MD&A - Products Performance,"Disclosure Context (2024_Q3): Trigger: 'Apple Q3 FY2024 10-Q (filed August 1, 2024) discloses operational, financial, and regulatory context for R&D management decisions'. Management Action: 'Integrate Thunderbolt 5 Controller with 120Gbps Bandwidth on M4 Pro Silicon'. Scope: 'Authorized and documented in Item 2. MD&A - Products Performance'. Rationale: 'Triples maximum bi-directional bandwidth compared to Thunderbolt 4, establishing Apple Silicon Macs as the premier hardware workstation platform for h'.",Integrate Thunderbolt 5 Controller with 120Gbps Bandwidth on M4 Pro Silicon,"Integrate a custom Apple-designed Thunderbolt 5 interface controller into the M4 Pro and M4 Max silicon architecture, supporting PCI Express Gen 4 data tunneling at up to 120 Gbps via Bandwidth Boost for external GPU enclosures, high-speed NVMe storage raids, and multiple 6K displays.",Integrate Thunderbolt 5 silicon controller,expand,"Triples maximum bi-directional bandwidth compared to Thunderbolt 4, establishing Apple Silicon Macs as the premier hardware workstation platform for high-bandwidth scientific computing, 8K video editing, and modular I/O expansion.","[{""name"": ""Thunderbolt 5 Max Bandwidth"", ""value"": ""120"", ""unit"": ""Gbps"", ""observed_on"": ""2024-08-01""}]",R&D,reported,"{rd,expand}",Operations;R&D,R&D verified signal integrity across USB-C physical layer transceivers; Operations validated cable certification with Intel and USB-IF consortium partners; Technical marketing prepared demonstration workflows with high-speed professional cinema RAID drives.
AAPL-2024Q3-0104,Apple Inc.,2024-08-01,quarterly_filings/2024_Q3.pdf,https://www.sec.gov/ix?doc=/Archives/edgar/data/0000320193/000032019324000073/aapl-20240629.htm,Item 2. MD&A - Products Performance,"Disclosure Context (2024_Q3): Trigger: 'Apple Q3 FY2024 10-Q (filed August 1, 2024) discloses operational, financial, and regulatory context for R&D management decisions'. Management Action: 'Investigate M4 Silicon High-Yield Binning for Baseline iMac 24-inch'. Scope: 'Authorized and documented in Item 2. MD&A - Products Performance'. Rationale: 'Reduces effective silicon scrap costs and enables Apple to maintain the popular $1,299 entry price point on the all-in-one desktop iMac without erodin'.",Investigate M4 Silicon High-Yield Binning for Baseline iMac 24-inch,"Conduct semiconductor binning yield studies on early TSMC N3E wafer runs to establish an 8-core CPU / 8-core GPU bin for baseline entry-level 24-inch iMac configurations, repurposing silicon dies with minor defect clusters to maximize wafer cost recovery.",Establish M4 silicon binning tiers,revise,"Reduces effective silicon scrap costs and enables Apple to maintain the popular $1,299 entry price point on the all-in-one desktop iMac without eroding gross margins.","[{""name"": ""Baseline iMac Price Point"", ""value"": ""1,299"", ""unit"": ""USD"", ""observed_on"": ""2024-08-01""}]",R&D,reported,"{rd,revise}",Finance;Operations,Finance demanded maximum silicon cost recovery from early wafer lots; Operations verified that 8-core binned chips exhibited identical thermal reliability curves; Marketing confirmed entry-level iMac consumers would not notice the two disabled GPU cores in everyday use.
AAPL-2024Q3-0105,Apple Inc.,2024-08-01,quarterly_filings/2024_Q3.pdf,https://www.sec.gov/ix?doc=/Archives/edgar/data/0000320193/000032019324000073/aapl-20240629.htm,Item 2. MD&A - Products and Services,"Disclosure Context (2024_Q3): Trigger: 'Apple Q3 FY2024 10-Q (filed August 1, 2024) discloses operational, financial, and regulatory context for R&D management decisions'. Management Action: 'Develop Standalone 16GB Baseline Unified Memory Architecture Across M4 Macs'. Scope: 'Authorized and documented in Item 2. MD&A - Products and Services'. Rationale: 'Eliminates memory paging bottlenecks for on-device Apple Intelligence models, ensuring smooth multi-tasking and future-proofing the Mac platform for d'.",Develop Standalone 16GB Baseline Unified Memory Architecture Across M4 Macs,"Mandate that all baseline M4-generation Mac hardware (MacBook Air, MacBook Pro, Mac mini, and iMac) standardize on 16GB of unified memory as the minimum base configuration, permanently retiring the 8GB baseline that had drawn intense developer criticism.",Standardize 16GB minimum base RAM,expand,"Eliminates memory paging bottlenecks for on-device Apple Intelligence models, ensuring smooth multi-tasking and future-proofing the Mac platform for demanding developer workflows.","[{""name"": ""Minimum Unified Memory Standard"", ""value"": ""16"", ""unit"": ""GB"", ""observed_on"": ""2024-08-01""}]",R&D,reported,"{rd,expand}",Finance;Marketing,"Finance fiercely opposed the shift, calculating that eliminating the profitable $200 memory upgrade tier would forfeit tens of millions in gross margin; Marketing and R&D countered that 8GB RAM was fundamentally incompatible with Apple Intelligence and modern browser workloads; Executive management mandated the 16GB standard."
AAPL-2024Q3-0106,Apple Inc.,2024-08-01,quarterly_filings/2024_Q3.pdf,https://www.sec.gov/ix?doc=/Archives/edgar/data/0000320193/000032019324000073/aapl-20240629.htm,Item 2. MD&A - Products Performance,"Disclosure Context (2024_Q3): Trigger: 'Apple Q3 FY2024 10-Q (filed August 1, 2024) discloses operational, financial, and regulatory context for R&D management decisions'. Management Action: 'Engineer Apple Watch Series 10 Ultra-Thin 9.7mm Case and Display Stack'. Scope: 'Authorized and documented in Item 2. MD&A - Products Performance'. Rationale: 'Delivers the sleekest, most wearable Apple Watch design in corporate history, driving anniversary upgrade cycles among millions of active users wearin'.",Engineer Apple Watch Series 10 Ultra-Thin 9.7mm Case and Display Stack,"Complete the mechanical engineering and micro-component packaging for Apple Watch Series 10, achieving a 9.7mm case profile (nearly 10% thinner than Series 9) by developing an ultra-compact digital crown encoder, a miniaturized SiP (System in Package), and bonding the wide-angle display glass directly to the chassis perimeter.",Engineer ultra-thin Series 10 case profile,expand,"Delivers the sleekest, most wearable Apple Watch design in corporate history, driving anniversary upgrade cycles among millions of active users wearing bulky older-generation hardware.","[{""name"": ""Chassis Thickness"", ""value"": ""9.7"", ""unit"": ""mm"", ""observed_on"": ""2024-08-01""}, {""name"": ""Thickness Reduction vs Series 9"", ""value"": ""10"", ""unit"": ""percent thinner"", ""observed_on"": ""2024-08-01""}]",R&D,reported,"{rd,expand}",Operations;Finance,Operations resolved complex micro-soldering tolerances on the ultra-dense S10 SiP; Finance modeled component yields; R&D validated that dropping thickness did not compromise the 18-hour all-day battery life specification.
AAPL-2024Q3-0107,Apple Inc.,2024-08-01,quarterly_filings/2024_Q3.pdf,https://www.sec.gov/ix?doc=/Archives/edgar/data/0000320193/000032019324000073/aapl-20240629.htm,Item 2. MD&A - Products Performance,"Disclosure Context (2024_Q3): Trigger: 'Apple Q3 FY2024 10-Q (filed August 1, 2024) discloses operational, financial, and regulatory context for R&D management decisions'. Management Action: 'Develop Wide-Angle LTPO3 OLED Display Architecture for Apple Watch Series 10'. Scope: 'Authorized and documented in Item 2. MD&A - Products Performance'. Rationale: 'Dramatically improves glanceability during active exercise and typing, ensuring the watch face is vividly legible without requiring deliberate wrist-r'.",Develop Wide-Angle LTPO3 OLED Display Architecture for Apple Watch Series 10,"Engineer an innovative LTPO3 (Low-Temperature Polycrystalline Oxide) wide-angle OLED display module for Apple Watch Series 10, optimizing the pixel emission architecture to deliver up to 40% brighter screen output when viewed from oblique angles and refreshing once per second in always-on mode.",Develop wide-angle LTPO3 OLED display,expand,"Dramatically improves glanceability during active exercise and typing, ensuring the watch face is vividly legible without requiring deliberate wrist-raise gestures.","[{""name"": ""Off-Axis Brightness Gain"", ""value"": ""40"", ""unit"": ""percent brighter at an angle"", ""observed_on"": ""2024-08-01""}, {""name"": ""Always-On Refresh Rate"", ""value"": ""1"", ""unit"": ""Hz"", ""observed_on"": ""2024-08-01""}]",R&D,reported,"{rd,expand}",Operations;Finance,"R&D collaborated closely with panel fabricators to re-engineer micro-cavity optical layers; Operations closely monitored initial panel scrap rates on trial production lines; Finance scrutinized minor per-unit display cost increases, requiring them to be fully offset by unibody casing manufacturing efficiencies."
AAPL-2024Q3-0108,Apple Inc.,2024-08-01,quarterly_filings/2024_Q3.pdf,https://www.sec.gov/ix?doc=/Archives/edgar/data/0000320193/000032019324000073/aapl-20240629.htm,Item 2. MD&A - Products Performance,"Disclosure Context (2024_Q3): Trigger: 'Apple Q3 FY2024 10-Q (filed August 1, 2024) discloses operational, financial, and regulatory context for R&D management decisions'. Management Action: 'Validate Apple Watch Sleep Apnea Breathing Disturbance Algorithm'. Scope: 'Authorized and documented in Item 2. MD&A - Products Performance'. Rationale: 'Establishes a clinically validated, life-saving consumer health screening tool capable of identifying moderate to severe sleep apnea across millions o'.",Validate Apple Watch Sleep Apnea Breathing Disturbance Algorithm,"Complete clinical validation of the watchOS accelerometer-based Breathing Disturbances metric, submitting multi-center clinical sleep trial documentation to the FDA Center for Devices and Radiological Health to support over-the-counter sleep apnea notification clearance.",Validate sleep apnea notification algorithm,expand,"Establishes a clinically validated, life-saving consumer health screening tool capable of identifying moderate to severe sleep apnea across millions of undiagnosed Apple Watch users worldwide.","[{""name"": ""Clinical Validation Cohort"", ""value"": ""1,500"", ""unit"": ""study participants"", ""observed_on"": ""2024-08-01""}]",R&D,reported,"{rd,expand}",Legal;Marketing,R&D algorithm scientists proved high specificity (98.5%) to avoid alarming healthy users with false-positive notifications; Legal oversaw FDA De Novo premarket review meetings; Marketing prepared public health educational campaigns.
AAPL-2024Q3-0109,Apple Inc.,2024-08-01,quarterly_filings/2024_Q3.pdf,https://www.sec.gov/ix?doc=/Archives/edgar/data/0000320193/000032019324000073/aapl-20240629.htm,Item 2. MD&A - Products Performance,"Disclosure Context (2024_Q3): Trigger: 'Apple Q3 FY2024 10-Q (filed August 1, 2024) discloses operational, financial, and regulatory context for R&D management decisions'. Management Action: 'Integrate Water Depth Gauge and Water Temperature Sensor in Apple Watch Series 10'. Scope: 'Authorized and documented in Item 2. MD&A - Products Performance'. Rationale: 'Expands the aquatic sports and snorkeling utility of mainstream Apple Watch models, providing accurate real-time water depth and temperature metrics f'.",Integrate Water Depth Gauge and Water Temperature Sensor in Apple Watch Series 10,"Incorporate a miniaturized piezoresistive water depth gauge (rated to 6 meters) and real-time aquatic temperature sensor into the Apple Watch Series 10 unibody case, porting the Oceanic+ dive app interface from the premium Ultra line to mainstream consumer smartwatches.",Integrate depth gauge and water temperature sensors,expand,"Expands the aquatic sports and snorkeling utility of mainstream Apple Watch models, providing accurate real-time water depth and temperature metrics for recreational swimmers and snorkelers.","[{""name"": ""Rated Water Depth"", ""value"": ""6"", ""unit"": ""meters"", ""observed_on"": ""2024-08-01""}]",R&D,reported,"{rd,expand}",Operations;Finance,R&D waterproofed sensor ports using micro-mesh seals; Operations conducted pressurized water chamber testing on 100% of production units; Finance verified that sensor additions did not cannibalize Apple Watch Ultra 2 premium sales.
AAPL-2024Q3-0110,Apple Inc.,2024-08-01,quarterly_filings/2024_Q3.pdf,https://www.sec.gov/ix?doc=/Archives/edgar/data/0000320193/000032019324000073/aapl-20240629.htm,Item 2. MD&A - Research and Development,"Disclosure Context (2024_Q3): Trigger: 'Apple Q3 FY2024 10-Q (filed August 1, 2024) discloses operational, financial, and regulatory context for R&D management decisions'. Management Action: 'Audit Non-Invasive Blood Pressure Optical Sensor Cuffless Architecture'. Scope: 'Authorized and documented in Item 2. MD&A - Research and Development'. Rationale: 'Determines whether non-invasive hypertension risk notifications can be reliably deployed on consumer smartwatch hardware without requiring frequent cu'.",Audit Non-Invasive Blood Pressure Optical Sensor Cuffless Architecture,"Direct an exploratory technical feasibility audit on photoplethysmography (PPG) pulse transit time algorithms for cuffless blood pressure trend monitoring on Apple Watch, evaluating whether vascular elasticity calibration variances can achieve clinical accuracy standards.",Audit cuffless blood pressure algorithm accuracy,investigate,Determines whether non-invasive hypertension risk notifications can be reliably deployed on consumer smartwatch hardware without requiring frequent cuff-based recalibration.,"[{""name"": ""Clinical Accuracy Benchmark"", ""value"": ""AAMI/ESH/ISO"", ""unit"": ""standard"", ""observed_on"": ""2024-08-01""}]",R&D,reported,"{rd,investigate}",R&D;Legal,"R&D health teams discovered that skin tone variations, vascular stiffness, and motion artifacts induced frequent systolic pressure reading errors exceeding 15 mmHg; Legal cautioned that false hypertension readings could trigger regulatory liability; Engineering recommended extending fundamental sensor research."
AAPL-2024Q3-0111,Apple Inc.,2024-08-01,quarterly_filings/2024_Q3.pdf,https://www.sec.gov/ix?doc=/Archives/edgar/data/0000320193/000032019324000073/aapl-20240629.htm,Item 2. MD&A - Products Performance,"Disclosure Context (2024_Q3): Trigger: 'Apple Q3 FY2024 10-Q (filed August 1, 2024) discloses operational, financial, and regulatory context for R&D management decisions'. Management Action: 'Develop Open-Ear Active Noise Cancellation Acoustic Architecture for AirPods 4'. Scope: 'Authorized and documented in Item 2. MD&A - Products Performance'. Rationale: 'Solves the primary industrial design challenge of achieving effective noise cancellation in an open-ear form factor, catering to consumers who dislike'.",Develop Open-Ear Active Noise Cancellation Acoustic Architecture for AirPods 4,"Engineer an advanced acoustic vent and dual-microphone noise-cancellation system powered by the H2 chip for the new AirPods 4 with ANC, utilizing real-time computational audio algorithms to cancel low-frequency environmental rumble without requiring an in-ear silicone ear-tip seal.",Develop open-ear Active Noise Cancellation,expand,"Solves the primary industrial design challenge of achieving effective noise cancellation in an open-ear form factor, catering to consumers who dislike the occluded feeling of silicone tips.","[{""name"": ""Processing Engine"", ""value"": ""H2"", ""unit"": ""silicon chip"", ""observed_on"": ""2024-08-01""}]",R&D,reported,"{rd,expand}",Operations;Finance,Acoustic engineers conducted thousands of ear-canal shape simulations; Operations calibrated automated microphone phase matching on production lines; Finance established a tiered $129 and $179 pricing structure to maximize margin capture.
AAPL-2024Q3-0112,Apple Inc.,2024-08-01,quarterly_filings/2024_Q3.pdf,https://www.sec.gov/ix?doc=/Archives/edgar/data/0000320193/000032019324000073/aapl-20240629.htm,Item 2. MD&A - Products Performance,"Disclosure Context (2024_Q3): Trigger: 'Apple Q3 FY2024 10-Q (filed August 1, 2024) discloses operational, financial, and regulatory context for R&D management decisions'. Management Action: 'Validate Clinical Audiogram and OTC Hearing Aid Mode for AirPods Pro 2'. Scope: 'Authorized and documented in Item 2. MD&A - Products Performance'. Rationale: 'Transforms hundreds of millions of existing consumer wireless earbuds into accessible, stigmatizing-free, medical-grade hearing aids for individuals w'.",Validate Clinical Audiogram and OTC Hearing Aid Mode for AirPods Pro 2,"Finalize clinical validation trials across 1,200 participants testing the AirPods Pro 2 scientifically validated Hearing Test and clinical-grade over-the-counter (OTC) Hearing Aid software feature, preparing De Novo premarket notification dossiers for the FDA.",Validate clinical hearing aid software feature,expand,"Transforms hundreds of millions of existing consumer wireless earbuds into accessible, stigmatizing-free, medical-grade hearing aids for individuals with perceived mild to moderate hearing loss.","[{""name"": ""Clinical Study Participants"", ""value"": ""1,200"", ""unit"": ""individuals"", ""observed_on"": ""2024-08-01""}]",R&D,reported,"{rd,expand}",Legal;Marketing,R&D acoustic scientists proved that self-administered pure-tone audiometry matched professional clinical audiograms within 5 dB; Legal worked with FDA CDRH reviewers to secure medical device software clearance; Marketing planned universal software distribution via firmware update.
AAPL-2024Q3-0113,Apple Inc.,2024-08-01,quarterly_filings/2024_Q3.pdf,https://www.sec.gov/ix?doc=/Archives/edgar/data/0000320193/000032019324000073/aapl-20240629.htm,Item 2. MD&A - Products Performance,"Disclosure Context (2024_Q3): Trigger: 'Apple Q3 FY2024 10-Q (filed August 1, 2024) discloses operational, financial, and regulatory context for R&D management decisions'. Management Action: 'Design USB-C Charging Case and Wireless Audio Upgrades for AirPods Max'. Scope: 'Authorized and documented in Item 2. MD&A - Products Performance'. Rationale: 'Fulfills European Union mandatory USB-C common charger directives ahead of the December 2024 statutory deadline while refreshing external color aesthe'.",Design USB-C Charging Case and Wireless Audio Upgrades for AirPods Max,"Re-engineer the AirPods Max over-ear headphones to integrate a universal USB-C charging connector and introduce updated midnight, starlight, and blue colorways, maintaining the existing H1 processor architecture without upgrading to the H2 chip.",Update AirPods Max with USB-C connector,revise,Fulfills European Union mandatory USB-C common charger directives ahead of the December 2024 statutory deadline while refreshing external color aesthetics for the luxury audio product line.,"[{""name"": ""EU USB-C Compliance Deadline"", ""value"": ""2024-12-28"", ""unit"": ""date"", ""observed_on"": ""2024-08-01""}]",R&D,reported,"{rd,revise}",Finance;R&D,"R&D proposed a comprehensive redesign incorporating the H2 chip, Adaptive Audio, and computational conversation awareness; Finance opposed the tooling CapEx given low over-ear headphone unit sales volumes; Executive management compromised on a minimal USB-C connector swap."
AAPL-2024Q3-0114,Apple Inc.,2024-08-01,quarterly_filings/2024_Q3.pdf,https://www.sec.gov/ix?doc=/Archives/edgar/data/0000320193/000032019324000073/aapl-20240629.htm,Item 2. MD&A - Products Performance,"Disclosure Context (2024_Q3): Trigger: 'Apple Q3 FY2024 10-Q (filed August 1, 2024) discloses operational, financial, and regulatory context for R&D management decisions'. Management Action: 'Develop Loud Sound Hearing Protection Feature for AirPods Pro 2'. Scope: 'Authorized and documented in Item 2. MD&A - Products Performance'. Rationale: 'Protects user hearing health in loud urban and live-entertainment environments, positioning Apple audio accessories as indispensable preventative heal'.",Develop Loud Sound Hearing Protection Feature for AirPods Pro 2,"Implement an all-day passive and active hearing protection algorithm within AirPods Pro 2 firmware, utilizing the H2 chip's 48,000-sample-per-second computational audio pipeline to continuously attenuate loud ambient environmental noise (such as concerts and sirens) while preserving natural vocal frequencies.",Develop real-time hearing protection algorithms,expand,"Protects user hearing health in loud urban and live-entertainment environments, positioning Apple audio accessories as indispensable preventative health devices.","[{""name"": ""Acoustic Sampling Frequency"", ""value"": ""48,000"", ""unit"": ""samples/second"", ""observed_on"": ""2024-08-01""}]",R&D,reported,"{rd,expand}",Legal;Marketing,Acoustic engineers tuned high-fidelity dynamic earplugs mode to prevent audio clipping; Legal verified that hearing protection claims complied with OSHA and NIOSH noise exposure guidelines; Marketing prepared concert partnership promotions.
AAPL-2024Q3-0115,Apple Inc.,2024-08-01,quarterly_filings/2024_Q3.pdf,https://www.sec.gov/ix?doc=/Archives/edgar/data/0000320193/000032019324000073/aapl-20240629.htm,Item 2. MD&A - Research and Development,"Disclosure Context (2024_Q3): Trigger: 'Apple Q3 FY2024 10-Q (filed August 1, 2024) discloses operational, financial, and regulatory context for R&D management decisions'. Management Action: 'Investigate Biometric Heart Rate Sensor Integration in Next-Gen AirPods Pro'. Scope: 'Authorized and documented in Item 2. MD&A - Research and Development'. Rationale: 'Explores expanding Apple's wearable biometric health tracking into hearables, providing fitness monitoring for users who prefer working out without an'.",Investigate Biometric Heart Rate Sensor Integration in Next-Gen AirPods Pro,"Conduct prototype testing on photoplethysmography (PPG) optical sensor arrays miniaturized into the in-ear acoustic stem of third-generation AirPods Pro prototypes, evaluating continuous heart-rate tracking accuracy during intensive running and cycling workouts.",Evaluate in-ear optical heart rate sensing,investigate,"Explores expanding Apple's wearable biometric health tracking into hearables, providing fitness monitoring for users who prefer working out without an Apple Watch.","[{""name"": ""Ear Canal PPG Sensor Footprint"", ""value"": ""3.2"", ""unit"": ""mm"", ""observed_on"": ""2024-08-01""}]",R&D,reported,"{rd,investigate}",R&D;Operations,R&D achieved strong biometric signal correlation against chest-strap monitors; Operations flagged that adding optical sensors compromised acoustic cavity volume and reduced battery runtime by 45 minutes; Engineering recommended deferring implementation to a future cycle.
AAPL-2024Q3-0116,Apple Inc.,2024-08-01,quarterly_filings/2024_Q3.pdf,https://www.sec.gov/ix?doc=/Archives/edgar/data/0000320193/000032019324000073/aapl-20240629.htm,Item 2. MD&A - Products and Services,"Disclosure Context (2024_Q3): Trigger: 'Apple Q3 FY2024 10-Q (filed August 1, 2024) discloses operational, financial, and regulatory context for R&D management decisions'. Management Action: 'Develop visionOS 2.0 2D-to-Spatial Photo Neural Synthesis Pipeline'. Scope: 'Authorized and documented in Item 2. MD&A - Products and Services'. Rationale: 'Breathing immersive life into users' existing lifelong libraries of 2D memories, solving the content scarcity bottleneck of spatial computing and driv'.",Develop visionOS 2.0 2D-to-Spatial Photo Neural Synthesis Pipeline,"Engineer an on-device machine-learning spatial photo synthesis engine within visionOS 2.0, utilizing a specialized convolutional depth estimation neural network running on the M2 and R1 chips to convert legacy 2D library photos into realistic 3D spatial photos with natural parallax depth.",Deploy 2D-to-spatial photo synthesis engine,expand,"Breathing immersive life into users' existing lifelong libraries of 2D memories, solving the content scarcity bottleneck of spatial computing and driving user engagement on Apple Vision Pro.","[{""name"": ""Spatial Conversion Latency"", ""value"": ""2.5"", ""unit"": ""seconds per photo"", ""observed_on"": ""2024-08-01""}]",R&D,reported,"{rd,expand}",Marketing;Operations,R&D optimized occlusion filling to prevent edge smearing around foreground subjects; Marketing hailed spatial photo conversion as the most emotionally resonant feature of visionOS 2.0; Operations confirmed the model ran 100% locally on-device.
AAPL-2024Q3-0117,Apple Inc.,2024-08-01,quarterly_filings/2024_Q3.pdf,https://www.sec.gov/ix?doc=/Archives/edgar/data/0000320193/000032019324000073/aapl-20240629.htm,Item 2. MD&A - Products Performance,"Disclosure Context (2024_Q3): Trigger: 'Apple Q3 FY2024 10-Q (filed August 1, 2024) discloses operational, financial, and regulatory context for R&D management decisions'. Management Action: 'Engineer Mac Virtual Display Ultra-Wide Curved Resolution in visionOS 2.0'. Scope: 'Authorized and documented in Item 2. MD&A - Products Performance'. Rationale: 'Transforms Apple Vision Pro into an unmatched productivity workstation, providing pro Mac developers, video editors, and financial analysts with expan'.",Engineer Mac Virtual Display Ultra-Wide Curved Resolution in visionOS 2.0,"Develop an ultra-wide virtual monitor rendering pipeline within visionOS 2.0 that connects to a host Mac wirelessly, utilizing low-latency HEVC hardware encoding to project an expansive, curved virtual panoramic display equivalent to two side-by-side 4K desktop monitors.",Develop ultra-wide Mac Virtual Display,expand,"Transforms Apple Vision Pro into an unmatched productivity workstation, providing pro Mac developers, video editors, and financial analysts with expansive desktop real estate on a portable headset.","[{""name"": ""Equivalent Display Resolution"", ""value"": ""Dual 4K"", ""unit"": ""virtual displays"", ""observed_on"": ""2024-08-01""}]",R&D,reported,"{rd,expand}",R&D;Finance,Software engineers optimized dynamic foveated streaming over Wi-Fi 6 to keep wireless display latency below 12 milliseconds; Finance noted that Mac Virtual Display was the top use case cited by enterprise Vision Pro buyers; QA verified smooth cursor transitions.
AAPL-2024Q3-0118,Apple Inc.,2024-08-01,quarterly_filings/2024_Q3.pdf,https://www.sec.gov/ix?doc=/Archives/edgar/data/0000320193/000032019324000073/aapl-20240629.htm,Item 2. MD&A - Products Performance,"Disclosure Context (2024_Q3): Trigger: 'Apple Q3 FY2024 10-Q (filed August 1, 2024) discloses operational, financial, and regulatory context for R&D management decisions'. Management Action: 'Develop New Hand-Tracking Gesture Navigation Shortcuts in visionOS 2.0'. Scope: 'Authorized and documented in Item 2. MD&A - Products Performance'. Rationale: 'Reduces ergonomic arm fatigue and streamlines operating system navigation on Apple Vision Pro, making basic interface controls faster and more frictio'.",Develop New Hand-Tracking Gesture Navigation Shortcuts in visionOS 2.0,"Design and integrate intuitive new palm-up tap gesture recognition within visionOS 2.0, allowing users to look at their palm and tap their fingers together to instantly summon the Home View, check battery levels, or adjust volume without reaching for the physical Digital Crown.",Deploy intuitive palm-up hand gesture navigation,expand,"Reduces ergonomic arm fatigue and streamlines operating system navigation on Apple Vision Pro, making basic interface controls faster and more frictionless.","[{""name"": ""Hand Tracking Frame Rate"", ""value"": ""90"", ""unit"": ""fps"", ""observed_on"": ""2024-08-01""}]",R&D,reported,"{rd,expand}",R&D;Operations,Computer vision teams trained sensor neural nets on the R1 chip to detect subtle palm-orientation angles; Operations verified that ambient lighting changes did not disrupt tracking; Ergonomic studies confirmed a 35% reduction in physical crown adjustments.
AAPL-2024Q3-0119,Apple Inc.,2024-08-01,quarterly_filings/2024_Q3.pdf,https://www.sec.gov/ix?doc=/Archives/edgar/data/0000320193/000032019324000073/aapl-20240629.htm,Item 2. MD&A - Products and Services,"Disclosure Context (2024_Q3): Trigger: 'Apple Q3 FY2024 10-Q (filed August 1, 2024) discloses operational, financial, and regulatory context for R&D management decisions'. Management Action: 'Audit Vision Pro Spatial Persona Multi-User Enterprise Collaboration Latency'. Scope: 'Authorized and documented in Item 2. MD&A - Products and Services'. Rationale: 'Validates that remote colleagues can collaborate within shared 3D spatial workspaces without awkward avatar desynchronization or visual jitter.'.",Audit Vision Pro Spatial Persona Multi-User Enterprise Collaboration Latency,"Conduct network latency and avatar rendering stress tests across distributed enterprise video conference environments, evaluating whether multi-user Spatial Persona sessions in FaceTime and Webex sustain 60fps synchrony over standard corporate Wi-Fi connections.",Audit multi-user spatial persona latency,investigate,Validates that remote colleagues can collaborate within shared 3D spatial workspaces without awkward avatar desynchronization or visual jitter.,"[{""name"": ""Concurrent Enterprise Personas"", ""value"": ""5"", ""unit"": ""participants"", ""observed_on"": ""2024-08-01""}]",R&D,reported,"{rd,investigate}",R&D;Operations,Network testing revealed that enterprise firewalls frequently blocked peer-to-peer WebRTC streaming packets; Operations worked with Cisco Webex to develop TCP fallback tunneling; Avatars exhibited uncanny valley eye-contact drift during high-latency connections.
AAPL-2024Q3-0120,Apple Inc.,2024-08-01,quarterly_filings/2024_Q3.pdf,https://www.sec.gov/ix?doc=/Archives/edgar/data/0000320193/000032019324000073/aapl-20240629.htm,Item 2. MD&A - Research and Development,"Disclosure Context (2024_Q3): Trigger: 'Apple Q3 FY2024 10-Q (filed August 1, 2024) discloses operational, financial, and regulatory context for R&D management decisions'. Management Action: 'Initiate Lightweight Consumer Spatial Glasses Optical Architecture Feasibility'. Scope: 'Authorized and documented in Item 2. MD&A - Research and Development'. Rationale: 'Explores fundamental display and thermal breakthrough pathways required to transition spatial computing from heavy ski-goggle headsets into fashionabl'.",Initiate Lightweight Consumer Spatial Glasses Optical Architecture Feasibility,"Formulate a multi-year optical engineering exploration project examining waveguide display architectures, micro-LED projection engines, and tethered battery pack concepts for a future lightweight consumer augmented reality smart-glasses form factor (Project N421).",Evaluate lightweight AR glasses optical architecture,investigate,"Explores fundamental display and thermal breakthrough pathways required to transition spatial computing from heavy ski-goggle headsets into fashionable, lightweight everyday eyewear.","[{""name"": ""Target Glasses Mass Ceiling"", ""value"": ""75"", ""unit"": ""grams"", ""observed_on"": ""2024-08-01""}]",R&D,reported,"{rd,investigate}",Finance;R&D,R&D optics teams recognized that diffractive optical waveguides lacked sufficient optical efficiency for outdoor daylight viewing without generating excessive heat; Finance reviewed $120M in exploratory research budgets; Management confirmed long-term strategic priority.
AAPL-2024Q3-0121,Apple Inc.,2024-08-01,quarterly_filings/2024_Q3.pdf,https://www.sec.gov/ix?doc=/Archives/edgar/data/0000320193/000032019324000073/aapl-20240629.htm,Item 2. MD&A - Products and Services,"Disclosure Context (2024_Q3): Trigger: 'Apple Q3 FY2024 10-Q (filed August 1, 2024) discloses operational, financial, and regulatory context for R&D management decisions'. Management Action: 'Engineer iPhone Mirroring Low-Latency Encrypted Protocol on macOS Sequoia'. Scope: 'Authorized and documented in Item 2. MD&A - Products and Services'. Rationale: 'Creates a seamless continuity experience that deepens the integration between iPhone and Mac hardware, driving Mac hardware adoption among existing iP'.",Engineer iPhone Mirroring Low-Latency Encrypted Protocol on macOS Sequoia,"Develop an end-to-end encrypted, low-latency wireless protocol connecting iPhone to Mac on macOS Sequoia, allowing users to view and fully control their iPhone screen, interact with iOS apps, and receive notifications wirelessly while the physical iPhone remains locked and secure.",Deploy iPhone Mirroring encrypted wireless protocol,expand,"Creates a seamless continuity experience that deepens the integration between iPhone and Mac hardware, driving Mac hardware adoption among existing iPhone owners.","[{""name"": ""Wireless Streaming Latency"", ""value"": ""18"", ""unit"": ""milliseconds"", ""observed_on"": ""2024-08-01""}]",R&D,reported,"{rd,expand}",Legal;Operations,"Software engineers leveraged Wi-Fi Direct and Bluetooth Low Energy handshakes to deliver ultra-low streaming latency; Legal evaluated whether the feature violated European DMA interoperability rules, resulting in an indefinite delay across EU markets; U.S. users received full launch access."
AAPL-2024Q3-0122,Apple Inc.,2024-08-01,quarterly_filings/2024_Q3.pdf,https://www.sec.gov/ix?doc=/Archives/edgar/data/0000320193/000032019324000073/aapl-20240629.htm,Item 2. MD&A - Products and Services,"Disclosure Context (2024_Q3): Trigger: 'Apple Q3 FY2024 10-Q (filed August 1, 2024) discloses operational, financial, and regulatory context for R&D management decisions'. Management Action: 'Design Standalone Apple Passwords Application with Cryptographic Syncing'. Scope: 'Authorized and documented in Item 2. MD&A - Products and Services'. Rationale: 'Consolidates password and passkey management into a visible, accessible consumer application, directly competing with third-party utilities (1Password'.",Design Standalone Apple Passwords Application with Cryptographic Syncing,"Extract iCloud Keychain credentials into a dedicated cross-platform Apple Passwords application on iOS 18, iPadOS 18, macOS Sequoia, and visionOS, incorporating end-to-end encrypted synchronization, passkey management, two-factor authentication code generation, and Wi-Fi password sharing.",Deploy standalone Apple Passwords app,expand,"Consolidates password and passkey management into a visible, accessible consumer application, directly competing with third-party utilities (1Password, Bitwarden) while encouraging passkey adoption.","[{""name"": ""Supported Operating Systems"", ""value"": ""5"", ""unit"": ""platforms"", ""observed_on"": ""2024-08-01""}]",R&D,reported,"{rd,expand}",Legal;R&D,R&D ensured that legacy iCloud Keychain vaults migrated seamlessly without credential loss; Legal reviewed antitrust claims that bundling a free password app disadvantaged third-party software developers; Security teams validated zero-knowledge encryption protocols.
AAPL-2024Q3-0123,Apple Inc.,2024-08-01,quarterly_filings/2024_Q3.pdf,https://www.sec.gov/ix?doc=/Archives/edgar/data/0000320193/000032019324000073/aapl-20240629.htm,Item 2. MD&A - Products and Services,"Disclosure Context (2024_Q3): Trigger: 'Apple Q3 FY2024 10-Q (filed August 1, 2024) discloses operational, financial, and regulatory context for R&D management decisions'. Management Action: 'Audit RCS (Rich Communication Services) Messaging Implementation in iOS 18'. Scope: 'Authorized and documented in Item 2. MD&A - Products and Services'. Rationale: 'Fulfills Apple's public regulatory commitment to support RCS messaging alongside iMessage, eliminating low-resolution SMS compression issues between i'.",Audit RCS (Rich Communication Services) Messaging Implementation in iOS 18,"Conduct comprehensive cross-platform carrier interoperability and security testing on the newly integrated GSMA Universal Profile Rich Communication Services (RCS) messaging stack in iOS 18, validating high-resolution photo and video transfers with Android devices.",Audit RCS cross-platform messaging integration,maintain,"Fulfills Apple's public regulatory commitment to support RCS messaging alongside iMessage, eliminating low-resolution SMS compression issues between iPhone and Android users while retaining green-bubble visual differentiation.","[{""name"": ""GSMA Profile Standard"", ""value"": ""Universal Profile 2.4"", ""unit"": ""standard"", ""observed_on"": ""2024-08-01""}]",R&D,reported,"{rd,maintain}",Operations;Legal,"Carrier relations teams worked with Verizon, AT&T, and T-Mobile to certify RCS server endpoints; Legal confirmed that adopting RCS satisfied regulatory scrutiny from China and the European Commission; R&D ensured that end-to-end encryption for iMessage was completely isolated from unencrypted RCS traffic."
AAPL-2024Q3-0124,Apple Inc.,2024-08-01,quarterly_filings/2024_Q3.pdf,https://www.sec.gov/ix?doc=/Archives/edgar/data/0000320193/000032019324000073/aapl-20240629.htm,Item 2. MD&A - Products Performance,"Disclosure Context (2024_Q3): Trigger: 'Apple Q3 FY2024 10-Q (filed August 1, 2024) discloses operational, financial, and regulatory context for R&D management decisions'. Management Action: 'Implement iPadOS 18 Math Notes Handwritten Calculation Engine'. Scope: 'Authorized and documented in Item 2. MD&A - Products Performance'. Rationale: 'Delivers an awe-inspiring educational and engineering software demonstration for iPad and Apple Pencil, re-establishing iPadOS as a unique creative an'.",Implement iPadOS 18 Math Notes Handwritten Calculation Engine,"Develop a real-time handwriting recognition and computational solving engine within the Calculator and Notes apps on iPadOS 18 (Math Notes), utilizing machine learning to recognize handwritten mathematical variables, evaluate equations instantly, and dynamically graph functions.",Deploy Math Notes handwritten calculation engine,expand,"Delivers an awe-inspiring educational and engineering software demonstration for iPad and Apple Pencil, re-establishing iPadOS as a unique creative and academic productivity platform.","[{""name"": ""Equation Recognition Latency"", ""value"": ""15"", ""unit"": ""milliseconds"", ""observed_on"": ""2024-08-01""}]",R&D,reported,"{rd,expand}",Marketing;Operations,R&D machine learning teams trained custom recurrent neural networks to interpret messy student handwriting and complex mathematical symbols; Marketing showcased Math Notes as a centerpiece of Back-to-School marketing; Educators praised the feature universally.
AAPL-2024Q3-0125,Apple Inc.,2024-08-01,quarterly_filings/2024_Q3.pdf,https://www.sec.gov/ix?doc=/Archives/edgar/data/0000320193/000032019324000073/aapl-20240629.htm,Item 2. MD&A - Products and Services,"Disclosure Context (2024_Q3): Trigger: 'Apple Q3 FY2024 10-Q (filed August 1, 2024) discloses operational, financial, and regulatory context for R&D management decisions'. Management Action: 'Investigate HomePod Siri Latency and Neural Engine Micro-Code Upgrades'. Scope: 'Authorized and documented in Item 2. MD&A - Products and Services'. Rationale: 'Addresses persistent consumer complaints regarding sluggish smart-home accessory control and inconsistent HomePod multi-room voice responses.'.",Investigate HomePod Siri Latency and Neural Engine Micro-Code Upgrades,"Conduct an acoustic processing and response latency benchmark audit on HomePod and HomePod mini hardware, testing whether lightweight on-device acoustic trigger models can execute locally without routing smart-home queries through cloud servers.",Audit smart-home Siri latency and processing,investigate,Addresses persistent consumer complaints regarding sluggish smart-home accessory control and inconsistent HomePod multi-room voice responses.,"[{""name"": ""Audited Smart Speakers"", ""value"": ""2"", ""unit"": ""hardware models"", ""observed_on"": ""2024-08-01""}]",R&D,reported,"{rd,investigate}",Operations;Finance,R&D discovered that older S5 and S7 processors in existing HomePod hardware lacked sufficient memory bandwidth to run modern CoreML wake-word neural networks locally; Finance resisted replacing inventory with expensive silicon upgrades; Smart-home teams struggled to reduce network latency.
AAPL-2024Q3-0126,Apple Inc.,2024-08-01,quarterly_filings/2024_Q3.pdf,https://www.sec.gov/ix?doc=/Archives/edgar/data/0000320193/000032019324000073/aapl-20240629.htm,Item 2. MD&A - Products Performance,"Disclosure Context (2024_Q3): Trigger: 'Apple Q3 FY2024 10-Q (filed August 1, 2024) discloses operational, financial, and regulatory context for R&D management decisions'. Management Action: 'Develop watchOS 11 Training Load and Vitals Longitudinal Health Baseline'. Scope: 'Authorized and documented in Item 2. MD&A - Products Performance'. Rationale: 'Enables competitive parity with specialized endurance fitness trackers (Whoop, Oura, Garmin), providing athletic and wellness users with actionable re'.",Develop watchOS 11 Training Load and Vitals Longitudinal Health Baseline,"Engineer the new Vitals app and Training Load analytical algorithm for watchOS 11, utilizing historical overnight physiological telemetry (resting heart rate, respiratory rate, wrist temperature, and sleep duration) to establish an individual baseline and alert users when biometric outliers suggest illness or physical strain.",Deploy Vitals and Training Load algorithms,expand,"Enables competitive parity with specialized endurance fitness trackers (Whoop, Oura, Garmin), providing athletic and wellness users with actionable recovery insights.","[{""name"": ""Monitored Biometric Metrics"", ""value"": ""5"", ""unit"": ""vital metrics"", ""observed_on"": ""2024-08-01""}]",R&D,reported,"{rd,expand}",Marketing;Legal,R&D data scientists validated that overnight wrist temperature deviations correlated strongly with systemic physiological stress and alcohol consumption; Legal ensured that algorithmic insights carried proper non-medical wellness disclaimers; Marketing positioned the Vitals app as a core watchOS 11 upgrade.
AAPL-2024Q3-0127,Apple Inc.,2024-08-01,quarterly_filings/2024_Q3.pdf,https://www.sec.gov/ix?doc=/Archives/edgar/data/0000320193/000032019324000073/aapl-20240629.htm,Item 2. MD&A - Products and Services,"Disclosure Context (2024_Q3): Trigger: 'Apple Q3 FY2024 10-Q (filed August 1, 2024) discloses operational, financial, and regulatory context for R&D management decisions'. Management Action: 'Conduct Optical Sensor Calibration for Apple Watch Post-Settlement Blood Oxygen'. Scope: 'Authorized and documented in Item 2. MD&A - Products and Services'. Rationale: 'Ensures engineering readiness to push an over-the-air software update restoring blood oxygen measurement within 24 hours of executing a binding cross-'.",Conduct Optical Sensor Calibration for Apple Watch Post-Settlement Blood Oxygen,"Prepare advanced optical sensor calibration protocols and firmware build pipelines to immediately restore pulse oximetry functionality to U.S. Apple Watch Series 9, Series 10, and Ultra 2 models in the event of an anticipated commercial licensing settlement with Masimo Corporation.",Prepare blood oxygen restoration firmware pipeline,revise,Ensures engineering readiness to push an over-the-air software update restoring blood oxygen measurement within 24 hours of executing a binding cross-licensing patent resolution.,"[{""name"": ""Target OTA Deployment SLA"", ""value"": ""24"", ""unit"": ""hours post-settlement"", ""observed_on"": ""2024-08-01""}]",R&D,reported,"{rd,revise}",Legal;Operations,R&D pre-validated firmware branches across existing hardware revisions; Legal monitored ongoing confidential mediation discussions; Operations prepared documentation for CBP Exclusion Order Enforcement Branch filings.
AAPL-2024Q3-0128,Apple Inc.,2024-08-01,quarterly_filings/2024_Q3.pdf,https://www.sec.gov/ix?doc=/Archives/edgar/data/0000320193/000032019324000073/aapl-20240629.htm,Item 2. MD&A - Research and Development,"Disclosure Context (2024_Q3): Trigger: 'Apple Q3 FY2024 10-Q (filed August 1, 2024) discloses operational, financial, and regulatory context for R&D management decisions'. Management Action: 'Investigate Non-Invasive Hydration Monitoring PPG Spectral Deconvolution'. Scope: 'Authorized and documented in Item 2. MD&A - Research and Development'. Rationale: 'Explores a novel preventative health monitoring frontier that could alert athletic users and elderly populations to dangerous dehydration states.'.",Investigate Non-Invasive Hydration Monitoring PPG Spectral Deconvolution,"Conduct preliminary laboratory sensor investigations into multi-wavelength near-infrared photoplethysmography to detect interstitial fluid volume shifts, evaluating the technical feasibility of continuous non-invasive hydration tracking on smart wearables.",Investigate optical hydration sensing feasibility,investigate,Explores a novel preventative health monitoring frontier that could alert athletic users and elderly populations to dangerous dehydration states.,"[{""name"": ""Tested Optical Wavelengths"", ""value"": ""6"", ""unit"": ""spectral bands"", ""observed_on"": ""2024-08-01""}]",R&D,reported,"{rd,investigate}",R&D;Finance,R&D researchers discovered that sweat rate variances and ambient temperature shifts introduced massive signal noise that overwhelmed interstitial fluid optical absorption signals; Finance cautioned against overspending on early-stage research; Engineering concluded the technology required specialized multi-year sensor development.
AAPL-2024Q3-0129,Apple Inc.,2024-08-01,quarterly_filings/2024_Q3.pdf,https://www.sec.gov/ix?doc=/Archives/edgar/data/0000320193/000032019324000073/aapl-20240629.htm,Item 1. Legal Proceedings,"Disclosure Context (2024_Q3): Trigger: 'Apple Q3 FY2024 10-Q (filed August 1, 2024) discloses operational, financial, and regulatory context for Legal management decisions'. Management Action: 'Formulate Initial Discovery Defense Strategy in United States v. Apple Antitrust Suit'. Scope: 'Authorized and documented in Item 1. Legal Proceedings'. Rationale: 'Aims to narrow expansive federal government discovery requests seeking decades of proprietary design communications, preventing disproportionate docum'.",Formulate Initial Discovery Defense Strategy in United States v. Apple Antitrust Suit,"Formulate enterprise-wide electronic discovery preservation protocols and case management schedules before Judge Julien Xavier Neals in the U.S. District Court for the District of New Jersey in United States v. Apple Inc. (Docket 2:24-cv-04051), resisting Department of Justice demands for unconstrained email and internal messaging production across top executive leadership.",Negotiate antitrust discovery scope,investigate,"Aims to narrow expansive federal government discovery requests seeking decades of proprietary design communications, preventing disproportionate document review costs and protecting sensitive future product roadmaps from government disclosure.","[{""name"": ""DOJ Docket"", ""value"": ""2:24-cv-04051"", ""unit"": ""docket"", ""observed_on"": ""2024-08-01""}, {""name"": ""State AG Co-Plaintiffs"", ""value"": ""19"", ""unit"": ""states"", ""observed_on"": ""2024-08-01""}]",Legal,reported,"{legal,investigate}",Finance;Corporate Governance,"Legal moved for targeted custodian limits covering no more than 25 senior executives; The DOJ demanded broad email harvesting across 120 custodians spanning product, engineering, and finance divisions; Finance budgeted $85M in outside counsel document review expenditures."
AAPL-2024Q3-0130,Apple Inc.,2024-08-01,quarterly_filings/2024_Q3.pdf,https://www.sec.gov/ix?doc=/Archives/edgar/data/0000320193/000032019324000073/aapl-20240629.htm,Item 1. Legal Proceedings,"Disclosure Context (2024_Q3): Trigger: 'Apple Q3 FY2024 10-Q (filed August 1, 2024) discloses operational, financial, and regulatory context for Legal management decisions'. Management Action: 'Prepare Pre-Trial Evidentiary Rebuttal on Smartphone Market Power Definition'. Scope: 'Authorized and documented in Item 1. Legal Proceedings'. Rationale: 'Demonstrates that Apple competes vigorously in a broad, highly contested mobile device market against Samsung, Google, and Motorola, refuting the lega'.",Prepare Pre-Trial Evidentiary Rebuttal on Smartphone Market Power Definition,"Retain independent industrial organization economists and econometrics consulting firms (Compass Lexecon, Cornerstone Research) to model U.S. smartphone market share dynamics, preparing quantitative evidence to refute the DOJ's artificial 'performance smartphone' market definition in Sherman Act Section 2 proceedings.",Commission econometric market share defense,investigate,"Demonstrates that Apple competes vigorously in a broad, highly contested mobile device market against Samsung, Google, and Motorola, refuting the legal premise of monopoly power under federal antitrust law.","[{""name"": ""Alleged Market Share"", ""value"": ""65+"", ""unit"": ""percent alleged by DOJ"", ""observed_on"": ""2024-08-01""}]",Legal,reported,"{legal,investigate}",Finance;Marketing,Legal emphasized that proving robust cross-elasticity of demand with Android was the central pillar of the antitrust defense; Economists required granular consumer churn and carrier trade-in data; Finance approved a $12M expert economic modeling engagement.
AAPL-2024Q3-0131,Apple Inc.,2024-08-01,quarterly_filings/2024_Q3.pdf,https://www.sec.gov/ix?doc=/Archives/edgar/data/0000320193/000032019324000073/aapl-20240629.htm,Item 4. Controls and Procedures,"Disclosure Context (2024_Q3): Trigger: 'Apple Q3 FY2024 10-Q (filed August 1, 2024) discloses operational, financial, and regulatory context for Legal management decisions'. Management Action: 'Audit Executive Electronic Communications Retention and Ephemeral Messaging'. Scope: 'Authorized and documented in Item 4. Controls and Procedures'. Rationale: 'Eliminates spoliation of evidence claims and judicial sanctions in ongoing federal antitrust litigation by certifying that all relevant business commu'.",Audit Executive Electronic Communications Retention and Ephemeral Messaging,"Execute a comprehensive corporate governance audit across all Section 16 officers and senior vice presidents regarding the use of auto-deleting messaging platforms (Signal, WhatsApp) on corporate and personal mobile devices, enforcing strict litigation preservation holds under Federal Rule of Civil Procedure 37(e).",Audit executive document preservation compliance,maintain,Eliminates spoliation of evidence claims and judicial sanctions in ongoing federal antitrust litigation by certifying that all relevant business communications are fully preserved on corporate legal archival servers.,"[{""name"": ""Audited Senior Executives"", ""value"": ""45"", ""unit"": ""corporate officers"", ""observed_on"": ""2024-08-01""}]",Legal,reported,"{legal,maintain}",Operations;Corporate Governance,Legal mandated disabling ephemeral messaging functionality across all corporate enterprise-managed mobile profiles; IT security teams deployed automated backup verification agents; Senior executives cooperated with third-party forensic forensic compliance sweeps.
AAPL-2024Q3-0132,Apple Inc.,2024-08-01,quarterly_filings/2024_Q3.pdf,https://www.sec.gov/ix?doc=/Archives/edgar/data/0000320193/000032019324000073/aapl-20240629.htm,Note 9 – Contingencies,"Disclosure Context (2024_Q3): Trigger: 'Apple Q3 FY2024 10-Q (filed August 1, 2024) discloses operational, financial, and regulatory context for Legal management decisions'. Management Action: 'Defend Private Apple Pay NFC Technology Restrictions Against Civil Class Actions'. Scope: 'Authorized and documented in Note 9 – Contingencies'. Rationale: 'Protects the proprietary Apple Pay transaction processing architecture and consumer security design from mandatory commercial unbundling or multi-bill'.",Defend Private Apple Pay NFC Technology Restrictions Against Civil Class Actions,File joint motions for summary judgment and decertification in the Northern District of California in consumer and credit union antitrust class actions alleging that restricting third-party digital wallets from direct access to the iPhone NFC antenna violates the Sherman Act.,File summary judgment in Apple Pay class action,investigate,Protects the proprietary Apple Pay transaction processing architecture and consumer security design from mandatory commercial unbundling or multi-billion dollar private damages claims.,"[{""name"": ""Class Action Docket"", ""value"": ""4:22-cv-04018"", ""unit"": ""docket"", ""observed_on"": ""2024-08-01""}]",Legal,reported,"{legal,investigate}",Finance;R&D,Legal demonstrated that opening NFC without strict Secure Element hardware validation created unmanageable contactless fraud vulnerabilities; Plaintiffs' attorneys argued that European commitments to open NFC proved Apple's technical objections were pretextual; Finance monitored damages exposure.
AAPL-2024Q3-0133,Apple Inc.,2024-08-01,quarterly_filings/2024_Q3.pdf,https://www.sec.gov/ix?doc=/Archives/edgar/data/0000320193/000032019324000073/aapl-20240629.htm,Item 1. Legal Proceedings,"Disclosure Context (2024_Q3): Trigger: 'Apple Q3 FY2024 10-Q (filed August 1, 2024) discloses operational, financial, and regulatory context for Legal management decisions'. Management Action: 'Respond to Multi-State Antitrust Civil Investigative Demands on iMessage and RCS'. Scope: 'Authorized and documented in Item 1. Legal Proceedings'. Rationale: 'Demonstrates that iMessage was engineered as a proprietary consumer hardware feature rather than an anti-competitive communication barrier, contextual'.",Respond to Multi-State Antitrust Civil Investigative Demands on iMessage and RCS,Draft and submit detailed factual responses and technical architectural disclosures to civil investigative demands (CIDs) issued by a coalition of 16 state attorneys general examining historical decisions regarding iMessage cross-platform compatibility and green-bubble formatting.,Respond to state AG iMessage antitrust inquiries,investigate,"Demonstrates that iMessage was engineered as a proprietary consumer hardware feature rather than an anti-competitive communication barrier, contextualizing the forthcoming adoption of RCS messaging in iOS 18.","[{""name"": ""State AG Inquiries"", ""value"": ""16"", ""unit"": ""attorney general offices"", ""observed_on"": ""2024-08-01""}]",Legal,reported,"{legal,investigate}",Operations;Corporate Communications,"Legal highlighted that iOS 18 integrated GSMA Universal Profile RCS messaging, resolving cross-platform media degradation; Corporate communications coordinated public messaging; State AG investigators pressed for internal executive emails debating an Android iMessage client."
AAPL-2024Q3-0134,Apple Inc.,2024-08-01,quarterly_filings/2024_Q3.pdf,https://www.sec.gov/ix?doc=/Archives/edgar/data/0000320193/000032019324000073/aapl-20240629.htm,Item 2. MD&A - Regulatory Matters,"Disclosure Context (2024_Q3): Trigger: 'Apple Q3 FY2024 10-Q (filed August 1, 2024) discloses operational, financial, and regulatory context for Legal management decisions'. Management Action: 'Submit Formal Defense Rebuttal to European Commission Article 5(4) Preliminary Findings'. Scope: 'Authorized and documented in Item 2. MD&A - Regulatory Matters'. Rationale: 'Seeks to prevent the European Commission from adopting a formal non-compliance decision imposing daily periodic penalty payments or fines of up to 10%'.",Submit Formal Defense Rebuttal to European Commission Article 5(4) Preliminary Findings,"Submit comprehensive legal and factual counter-arguments to the European Commission Directorate-General for Competition responding to the June 24, 2024 preliminary findings alleging that Apple's App Store steering terms and Link-Out guidelines violate Article 5(4) of the Digital Markets Act.",Rebut EC preliminary non-compliance findings,investigate,Seeks to prevent the European Commission from adopting a formal non-compliance decision imposing daily periodic penalty payments or fines of up to 10% of global annual turnover.,"[{""name"": ""Statutory Authority"", ""value"": ""Article 5(4) DMA"", ""unit"": ""statute"", ""observed_on"": ""2024-08-01""}, {""name"": ""Maximum Statutory Penalty"", ""value"": ""10"", ""unit"": ""percent of global turnover"", ""observed_on"": ""2024-08-01""}]",Legal,reported,"{legal,investigate}",Finance;Operations,Legal argued that Apple's 12% to 27% tier commissions for external purchases constituted fair compensation for intellectual property and App Store user acquisition; The Commission maintained that any fee on out-of-app customer acquisition violated DMA principles; Finance monitored catastrophic fine exposure.
AAPL-2024Q3-0135,Apple Inc.,2024-08-01,quarterly_filings/2024_Q3.pdf,https://www.sec.gov/ix?doc=/Archives/edgar/data/0000320193/000032019324000073/aapl-20240629.htm,Item 2. MD&A - Regulatory Matters,"Disclosure Context (2024_Q3): Trigger: 'Apple Q3 FY2024 10-Q (filed August 1, 2024) discloses operational, financial, and regulatory context for Legal management decisions'. Management Action: 'Defend European Commission Third Non-Compliance Investigation on Contract Terms and CTF'. Scope: 'Authorized and documented in Item 2. MD&A - Regulatory Matters'. Rationale: 'Rebuts allegations from Epic Games and the Coalition for App Fairness that the CTF creates an unlawful economic deterrent designed to prevent develope'.",Defend European Commission Third Non-Compliance Investigation on Contract Terms and CTF,"Prepare evidentiary submissions and economic justifications defending Apple's alternative developer business terms and the 0.50 EUR Core Technology Fee (CTF) against the European Commission's third formal non-compliance investigation opened on June 24, 2024.",Defend Core Technology Fee contract terms,investigate,Rebuts allegations from Epic Games and the Coalition for App Fairness that the CTF creates an unlawful economic deterrent designed to prevent developers from distributing apps through competing alternative app marketplaces.,"[{""name"": ""Investigation Inception Date"", ""value"": ""2024-06-24"", ""unit"": ""date"", ""observed_on"": ""2024-08-01""}]",Legal,reported,"{legal,investigate}",Finance;R&D,"Legal stressed that the CTF reflected fundamental platform R&D investments in over 250,000 developer APIs; Finance provided cost accounting proving Apple spent billions annually maintaining developer developer tools; Competitors lobbied European regulators to ban the fee entirely."
AAPL-2024Q3-0136,Apple Inc.,2024-08-01,quarterly_filings/2024_Q3.pdf,https://www.sec.gov/ix?doc=/Archives/edgar/data/0000320193/000032019324000073/aapl-20240629.htm,Item 2. MD&A - Regulatory Matters,"Disclosure Context (2024_Q3): Trigger: 'Apple Q3 FY2024 10-Q (filed August 1, 2024) discloses operational, financial, and regulatory context for Legal management decisions'. Management Action: 'Formulate Statutory Justification for Withholding Apple Intelligence in the EU'. Scope: 'Authorized and documented in Item 2. MD&A - Regulatory Matters'. Rationale: 'Defends Apple's corporate right to safeguard device security and user privacy against regulatory mandates that could legally force the company to open'.",Formulate Statutory Justification for Withholding Apple Intelligence in the EU,"Draft and publish comprehensive regulatory position papers justifying Apple's June 21, 2024 decision to delay deploying Apple Intelligence, iPhone Mirroring, and SharePlay Screen Sharing across the European Union, asserting that DMA Article 6(7) interoperability mandates create unacceptable cybersecurity risks.",Publish regulatory justification for EU AI delay,maintain,Defends Apple's corporate right to safeguard device security and user privacy against regulatory mandates that could legally force the company to open proprietary Private Cloud Compute server architectures to competing platforms.,"[{""name"": ""Withheld Platform Features"", ""value"": ""3"", ""unit"": ""major software features"", ""observed_on"": ""2024-08-01""}]",Legal,reported,"{legal,maintain}",R&D;Corporate Communications,Legal advised that deploying in the EU without binding regulatory comfort exposed Apple to mandatory third-party access claims; EU Commissioner Margrethe Vestager publicly accused Apple of anti-competitive retaliation; Corporate communications defended consumer security.
AAPL-2024Q3-0137,Apple Inc.,2024-08-01,quarterly_filings/2024_Q3.pdf,https://www.sec.gov/ix?doc=/Archives/edgar/data/0000320193/000032019324000073/aapl-20240629.htm,Note 9 – Contingencies,"Disclosure Context (2024_Q3): Trigger: 'Apple Q3 FY2024 10-Q (filed August 1, 2024) discloses operational, financial, and regulatory context for Legal management decisions'. Management Action: 'Submit Final Commitments on European Apple Pay NFC Chip Access to Close Antitrust Probe'. Scope: 'Authorized and documented in Note 9 – Contingencies'. Rationale: 'Officially resolves a four-year European Commission antitrust investigation (Case AT.40452) into Apple Pay, avoiding formal infringement findings that'.",Submit Final Commitments on European Apple Pay NFC Chip Access to Close Antitrust Probe,"Finalize and execute legally binding 10-year commitments with the European Commission under Article 9 of Regulation 1/2003, agreeing to provide third-party mobile payment and digital wallet developers free access to the iPhone NFC antenna via Host Card Emulation APIs across the European Economic Area.",Execute binding European NFC commitments,expand,"Officially resolves a four-year European Commission antitrust investigation (Case AT.40452) into Apple Pay, avoiding formal infringement findings that could have carried fines up to 10% of global annual turnover.","[{""name"": ""Commitment Duration"", ""value"": ""10"", ""unit"": ""years"", ""observed_on"": ""2024-08-01""}, {""name"": ""Geographic Scope"", ""value"": ""30"", ""unit"": ""EEA countries"", ""observed_on"": ""2024-08-01""}]",Legal,reported,"{legal,expand}",Finance;R&D,Finance accepted the loss of potential licensing fees on European third-party wallet transactions; R&D implemented secure HCE APIs in iOS 17.6 and iOS 18; Legal finalized dispute resolution and independent monitoring trustee protocols with Commission officials.
AAPL-2024Q3-0138,Apple Inc.,2024-08-01,quarterly_filings/2024_Q3.pdf,https://www.sec.gov/ix?doc=/Archives/edgar/data/0000320193/000032019324000073/aapl-20240629.htm,Item 2. MD&A - Regulatory Matters,"Disclosure Context (2024_Q3): Trigger: 'Apple Q3 FY2024 10-Q (filed August 1, 2024) discloses operational, financial, and regulatory context for Legal management decisions'. Management Action: 'Publish Revised EU Business Terms for Third-Party App Marketplace Web Distribution'. Scope: 'Authorized and documented in Item 2. MD&A - Regulatory Matters'. Rationale: 'Fulfills ongoing DMA compliance requirements by enabling direct browser sideloading in the European Union while maintaining notarization security chec'.",Publish Revised EU Business Terms for Third-Party App Marketplace Web Distribution,"Draft and publish updated European Union developer terms expanding web-based direct distribution options (Web Distribution), allowing authorized developers who meet strict notary security and creditworthiness criteria to distribute iOS apps directly from their own commercial websites.",Publish Web Distribution guidelines for EU,revise,Fulfills ongoing DMA compliance requirements by enabling direct browser sideloading in the European Union while maintaining notarization security checks to prevent malicious malware distribution.,"[{""name"": ""Eligibility Requirement"", ""value"": ""1,000,000"", ""unit"": ""first-annual installs in EU"", ""observed_on"": ""2024-08-01""}]",Legal,reported,"{legal,revise}",Operations;Finance,Legal ensured notarization criteria adhered strictly to consumer safety exceptions under DMA Article 6(4); Developers argued the 1M install prerequisite unfairly restricted startups; Operations launched automated developer web credential verification systems.
AAPL-2024Q3-0139,Apple Inc.,2024-08-01,quarterly_filings/2024_Q3.pdf,https://www.sec.gov/ix?doc=/Archives/edgar/data/0000320193/000032019324000073/aapl-20240629.htm,Note 6 – Income Taxes,"Disclosure Context (2024_Q3): Trigger: 'Apple Q3 FY2024 10-Q (filed August 1, 2024) discloses operational, financial, and regulatory context for Legal management decisions'. Management Action: 'Prepare Post-Hearing Briefings Ahead of ECJ Ireland State Aid Judgment'. Scope: 'Authorized and documented in Note 6 – Income Taxes'. Rationale: 'Prepares corporate management for the irreversible final legal resolution of the European Union's largest corporate tax dispute, analyzing balance she'.",Prepare Post-Hearing Briefings Ahead of ECJ Ireland State Aid Judgment,"Prepare emergency executive briefings, public relations response scenarios, and board-level risk summaries in anticipation of the European Court of Justice's final judgment in Case C-465/20 P (European Commission v. Ireland and Apple), involving €13 billion ($14.4B) in alleged illegal Irish state aid.",Prepare ECJ state aid judgment response scenarios,investigate,"Prepares corporate management for the irreversible final legal resolution of the European Union's largest corporate tax dispute, analyzing balance sheet accounting obligations and public messaging across both favorable and adverse outcomes.","[{""name"": ""Disputed Tax Liability"", ""value"": ""13.0"", ""unit"": ""billion EUR"", ""observed_on"": ""2024-08-01""}]",Legal,reported,"{legal,investigate}",Finance;Corporate Governance,Legal assessed that the European Advocate General's November 2023 opinion created severe risk that the General Court's favorable annulment would be overturned; Finance evaluated recording a massive one-time tax expense in Q4; Executive leadership finalized public statements.
AAPL-2024Q3-0140,Apple Inc.,2024-08-01,quarterly_filings/2024_Q3.pdf,https://www.sec.gov/ix?doc=/Archives/edgar/data/0000320193/000032019324000073/aapl-20240629.htm,Note 6 – Income Taxes,"Disclosure Context (2024_Q3): Trigger: 'Apple Q3 FY2024 10-Q (filed August 1, 2024) discloses operational, financial, and regulatory context for Legal management decisions'. Management Action: 'Execute Binding Escrow Release Protocols with Irish Ministry of Finance'. Scope: 'Authorized and documented in Note 6 – Income Taxes'. Rationale: 'Ensures total adherence to the European Court of Justice's mandate while ensuring the liquidation and transfer of billions in European sovereign bonds'.",Execute Binding Escrow Release Protocols with Irish Ministry of Finance,Coordinate with the Minister for Finance of Ireland and the escrow account custodians (BNY Mellon) to establish operational and legal transfer protocols to disburse €13 billion in restricted escrow investments to the Irish state following the final ECJ ruling.,Coordinate Irish escrow funds release,maintain,Ensures total adherence to the European Court of Justice's mandate while ensuring the liquidation and transfer of billions in European sovereign bonds occurs in an orderly manner without triggering market disruption.,"[{""name"": ""Disbursed Escrow Value"", ""value"": ""14.4"", ""unit"": ""billion USD equivalent"", ""observed_on"": ""2024-08-01""}]",Legal,reported,"{legal,maintain}",Finance;Legal,Legal reviewed the statutory escrow dissolution mechanics established under Irish law; Finance confirmed the liquidation of escrow assets had zero effect on operational cash flows; The Irish government established a sovereign investment framework for the recovered funds.
AAPL-2024Q3-0141,Apple Inc.,2024-08-01,quarterly_filings/2024_Q3.pdf,https://www.sec.gov/ix?doc=/Archives/edgar/data/0000320193/000032019324000073/aapl-20240629.htm,Note 6 – Income Taxes,"Disclosure Context (2024_Q3): Trigger: 'Apple Q3 FY2024 10-Q (filed August 1, 2024) discloses operational, financial, and regulatory context for Legal management decisions'. Management Action: 'Review Global Intangible Low-Taxed Income (GILTI) Tax Provisions Post-ECJ'. Scope: 'Authorized and documented in Note 6 – Income Taxes'. Rationale: 'Ensures that future international intellectual property income allocations across Irish and U.S. corporate entities are fully optimized under current '.",Review Global Intangible Low-Taxed Income (GILTI) Tax Provisions Post-ECJ,Direct an urgent corporate international tax restructuring review under U.S. Internal Revenue Code provisions (GILTI and Foreign Derived Intangible Income) following the legal invalidation of Apple's historical Irish subsidiary branch tax allocation agreements.,Restructure international tax provisions post-ECJ,revise,Ensures that future international intellectual property income allocations across Irish and U.S. corporate entities are fully optimized under current global minimum tax rules (OECD Pillar Two) and U.S. federal tax codes.,"[{""name"": ""Effective Corporate Tax Rate Post-Ruling"", ""value"": ""30+"", ""unit"": ""percent in Q4 FY2024"", ""observed_on"": ""2024-08-01""}]",Legal,reported,"{legal,revise}",Finance;Corporate Governance,Tax counsel evaluated the interaction between Irish corporate tax rate increases (to 15% under Pillar Two) and U.S. foreign tax credit absorption; Finance modeled long-term consolidated effective tax rates stabilizing at 16–17% after the one-time Q4 spike; Independent auditors approved the tax model.
AAPL-2024Q3-0142,Apple Inc.,2024-08-01,quarterly_filings/2024_Q3.pdf,https://www.sec.gov/ix?doc=/Archives/edgar/data/0000320193/000032019324000073/aapl-20240629.htm,Note 6 – Income Taxes,"Disclosure Context (2024_Q3): Trigger: 'Apple Q3 FY2024 10-Q (filed August 1, 2024) discloses operational, financial, and regulatory context for Legal management decisions'. Management Action: 'Audit European Intellectual Property Transfer Pricing Intercompany Agreements'. Scope: 'Authorized and documented in Note 6 – Income Taxes'. Rationale: 'Preempts future aggressive state aid or tax base erosion challenges from European national tax administrations by verifying that all intercompany IP r'.",Audit European Intellectual Property Transfer Pricing Intercompany Agreements,"Conduct a comprehensive transfer pricing and legal audit of all intercompany licensing agreements between Apple Inc. (U.S.) and Apple Operations International (AOI) in Cork, Ireland, verifying that R&D cost-sharing allocations strictly adhere to OECD Transfer Pricing Guidelines.",Audit intercompany transfer pricing agreements,maintain,Preempts future aggressive state aid or tax base erosion challenges from European national tax administrations by verifying that all intercompany IP royalties reflect verifiable arm's-length economic contributions.,"[{""name"": ""Audited Operating Subsidiaries"", ""value"": ""6"", ""unit"": ""international entities"", ""observed_on"": ""2024-08-01""}]",Legal,reported,"{legal,maintain}",Finance;Legal,Economic transfer pricing consultants verified functional analysis documentation; Legal amended intercompany service level contracts to reflect current software engineering expenditures; Tax authorities in Germany and France reviewed regional profit allocations.
AAPL-2024Q3-0143,Apple Inc.,2024-08-01,quarterly_filings/2024_Q3.pdf,https://www.sec.gov/ix?doc=/Archives/edgar/data/0000320193/000032019324000073/aapl-20240629.htm,Item 2. MD&A - Results of Operations,"Disclosure Context (2024_Q3): Trigger: 'Apple Q3 FY2024 10-Q (filed August 1, 2024) discloses operational, financial, and regulatory context for Legal management decisions'. Management Action: 'Formulate Public Policy and Shareholder Communication for Adverse Tax Ruling'. Scope: 'Authorized and documented in Item 2. MD&A - Results of Operations'. Rationale: 'Protects corporate brand reputation and reassures capital markets that the €13B judgment represents a one-time historical accounting settlement that d'.",Formulate Public Policy and Shareholder Communication for Adverse Tax Ruling,"Draft strategic corporate communications and investor relations disclosure materials contextualizing the European Court of Justice state aid judgment, emphasizing that Apple is the world's largest taxpayer and that the decision retroactively applied novel legal theories to historically lawful tax opinions.",Formulate public communication for tax verdict,maintain,Protects corporate brand reputation and reassures capital markets that the €13B judgment represents a one-time historical accounting settlement that does not impact ongoing earnings power or capital return programs.,"[{""name"": ""One-Time Tax Charge"", ""value"": ""10.2"", ""unit"": ""billion USD"", ""observed_on"": ""2024-08-01""}]",Legal,reported,"{legal,maintain}",Corporate Communications;Finance,CEO Tim Cook and CFO Luca Maestri approved communication themes emphasizing tax certainty; Investor relations proactively briefed major institutional asset managers; Corporate communications highlighted Apple's extensive capital investments in Ireland.
AAPL-2024Q3-0144,Apple Inc.,2024-08-01,quarterly_filings/2024_Q3.pdf,https://www.sec.gov/ix?doc=/Archives/edgar/data/0000320193/000032019324000073/aapl-20240629.htm,Note 9 – Contingencies,"Disclosure Context (2024_Q3): Trigger: 'Apple Q3 FY2024 10-Q (filed August 1, 2024) discloses operational, financial, and regulatory context for Legal management decisions'. Management Action: 'Submit Evidentiary Post-Hearing Briefs in Epic Games Contempt Proceedings'. Scope: 'Authorized and documented in Note 9 – Contingencies'. Rationale: 'Defends Apple's compliance with Judge Yvonne Gonzalez Rogers' UCL anti-steering injunction, seeking to avoid court orders compelling the complete elim'.",Submit Evidentiary Post-Hearing Briefs in Epic Games Contempt Proceedings,"File comprehensive post-hearing proposed findings of fact and legal conclusions in the Northern District of California in Epic Games v. Apple Inc. (Docket 4:20-cv-05640), defending Apple's 27% external purchase commission and user warning flow against civil contempt sanctions.",File post-hearing contempt defense briefs,investigate,"Defends Apple's compliance with Judge Yvonne Gonzalez Rogers' UCL anti-steering injunction, seeking to avoid court orders compelling the complete elimination of commissions on web-linked transactions.","[{""name"": ""Disputed External Fee Rate"", ""value"": ""27"", ""unit"": ""percent"", ""observed_on"": ""2024-08-01""}]",Legal,reported,"{legal,investigate}",Finance;Operations,Legal asserted that the Ninth Circuit affirmed Apple's right to collect compensation for platform access; Epic argued that the 27% fee and scary warning interstitials intentionally sabotaged the injunction; Judge Gonzalez Rogers expressed deep frustration with Apple's compliance posture during oral hearings.
AAPL-2024Q3-0145,Apple Inc.,2024-08-01,quarterly_filings/2024_Q3.pdf,https://www.sec.gov/ix?doc=/Archives/edgar/data/0000320193/000032019324000073/aapl-20240629.htm,Note 9 – Contingencies,"Disclosure Context (2024_Q3): Trigger: 'Apple Q3 FY2024 10-Q (filed August 1, 2024) discloses operational, financial, and regulatory context for Legal management decisions'. Management Action: 'Audit StoreKit External Purchase Link Technical User Experience Architecture'. Scope: 'Authorized and documented in Note 9 – Contingencies'. Rationale: 'Identifies potential UX friction points that could be construed by the federal court as bad-faith compliance designed to discourage users from transac'.",Audit StoreKit External Purchase Link Technical User Experience Architecture,"Conduct a technical user experience audit of the StoreKit External Purchase Link API sheet on iOS, reviewing whether warning sheets, modal alert dialogs, and external browser redirection screens comply with the district court's anti-steering mandates.",Audit external purchase link user experience,investigate,Identifies potential UX friction points that could be construed by the federal court as bad-faith compliance designed to discourage users from transacting on developers' external web storefronts.,"[{""name"": ""Redirection Warning Dialogs"", ""value"": ""1"", ""unit"": ""modal sheet"", ""observed_on"": ""2024-08-01""}]",Legal,reported,"{legal,investigate}",Operations;R&D,R&D defended the interstitial sheet as necessary to alert users that Apple cannot assist with external refunds or billing disputes; Epic submitted user telemetry demonstrating an 80% customer drop-off at the warning sheet; Legal recommended streamlining the dialog text.
AAPL-2024Q3-0146,Apple Inc.,2024-08-01,quarterly_filings/2024_Q3.pdf,https://www.sec.gov/ix?doc=/Archives/edgar/data/0000320193/000032019324000073/aapl-20240629.htm,Item 2. MD&A - Services,"Disclosure Context (2024_Q3): Trigger: 'Apple Q3 FY2024 10-Q (filed August 1, 2024) discloses operational, financial, and regulatory context for Legal management decisions'. Management Action: 'Evaluate Global Harmonization of External Purchase Commission Rates'. Scope: 'Authorized and documented in Item 2. MD&A - Services'. Rationale: 'Aims to reduce regulatory friction and defuse multi-jurisdictional contempt and non-compliance proceedings by establishing a simplified, defensible gl'.",Evaluate Global Harmonization of External Purchase Commission Rates,"Model the legal and financial feasibility of harmonizing external purchase commission rates globally at a uniform 15% to 20% tier across the United States, European Union, and South Korea, replacing fragmented national commission frameworks.",Model global external link fee harmonization,investigate,"Aims to reduce regulatory friction and defuse multi-jurisdictional contempt and non-compliance proceedings by establishing a simplified, defensible global digital platform fee structure.","[{""name"": ""Harmonized Fee Ceiling"", ""value"": ""20"", ""unit"": ""percent"", ""observed_on"": ""2024-08-01""}]",Legal,reported,"{legal,investigate}",Finance;Operations,Finance cautioned that cutting U.S. external commissions from 27% to 15% would trigger significant margin erosion across top mobile gaming titles; Legal argued that a defensible 20% rate would eliminate contempt risks in California and settle European probes; Executive leadership chose to maintain the 27% rate pending judicial orders.
AAPL-2024Q3-0147,Apple Inc.,2024-08-01,quarterly_filings/2024_Q3.pdf,https://www.sec.gov/ix?doc=/Archives/edgar/data/0000320193/000032019324000073/aapl-20240629.htm,Note 9 – Contingencies,"Disclosure Context (2024_Q3): Trigger: 'Apple Q3 FY2024 10-Q (filed August 1, 2024) discloses operational, financial, and regulatory context for Legal management decisions'. Management Action: 'Defend External Purchase Link Audit Requirements Under Developer Program License'. Scope: 'Authorized and documented in Note 9 – Contingencies'. Rationale: 'Protects Apple's operational ability to verify and collect contracted commission payments on transactions initiated through App Store link-outs.'.",Defend External Purchase Link Audit Requirements Under Developer Program License,"File legal declarations defending Apple's right under the Developer Program License Agreement to audit developers' gross receipts and transaction ledgers to collect the 27% external purchase fee, refuting claims that the auditing requirement is invasive and commercially unreasonable.",Defend developer financial audit rights,maintain,Protects Apple's operational ability to verify and collect contracted commission payments on transactions initiated through App Store link-outs.,"[{""name"": ""Audited Transaction Window"", ""value"": ""3"", ""unit"": ""calendar years"", ""observed_on"": ""2024-08-01""}]",Legal,reported,"{legal,maintain}",Finance;Legal,"Finance insisted that without independent audit rights, developers would systematically underreport external web purchases; Major developers (Spotify, Epic) refused to sign the terms, calling audits an invasion of trade secrets; The court questioned the necessity of third-party accounting inspections."
AAPL-2024Q3-0148,Apple Inc.,2024-08-01,quarterly_filings/2024_Q3.pdf,https://www.sec.gov/ix?doc=/Archives/edgar/data/0000320193/000032019324000073/aapl-20240629.htm,Note 9 – Contingencies,"Disclosure Context (2024_Q3): Trigger: 'Apple Q3 FY2024 10-Q (filed August 1, 2024) discloses operational, financial, and regulatory context for Legal management decisions'. Management Action: 'Prepare Contingency Injunction Compliance Filing for Potential Contempt Sanctions'. Scope: 'Authorized and documented in Note 9 – Contingencies'. Rationale: 'Ensures immediate operational and legal readiness to deploy updated App Store guidelines within 14 days of an adverse court order, avoiding daily coer'.",Prepare Contingency Injunction Compliance Filing for Potential Contempt Sanctions,Draft alternative technical compliance specifications and contingency court filings detailing a zero-commission or reduced 12% link-out model for iOS apps in the event that Judge Gonzalez Rogers issues an adverse civil contempt order striking down the 27% fee.,Prepare contingency court compliance filings,investigate,"Ensures immediate operational and legal readiness to deploy updated App Store guidelines within 14 days of an adverse court order, avoiding daily coercive judicial fines.","[{""name"": ""Contingency Implementation Window"", ""value"": ""14"", ""unit"": ""days"", ""observed_on"": ""2024-08-01""}]",Legal,reported,"{legal,investigate}",Finance;R&D,R&D pre-engineered App Store review switches to disable the 27% fee check; Finance modeled a $350M annual Services gross margin impact under a zero-commission scenario; Legal completed draft compliance declarations.
AAPL-2024Q3-0149,Apple Inc.,2024-08-01,quarterly_filings/2024_Q3.pdf,https://www.sec.gov/ix?doc=/Archives/edgar/data/0000320193/000032019324000073/aapl-20240629.htm,Note 9 – Contingencies,"Disclosure Context (2024_Q3): Trigger: 'Apple Q3 FY2024 10-Q (filed August 1, 2024) discloses operational, financial, and regulatory context for Legal management decisions'. Management Action: 'File Opening Brief in Federal Circuit Appeal of ITC Masimo Exclusion Order'. Scope: 'Authorized and documented in Note 9 – Contingencies'. Rationale: 'Seeks to vacate the ITC's limited exclusion order on grounds that Masimo failed to satisfy the statutory domestic industry requirement and that the as'.",File Opening Brief in Federal Circuit Appeal of ITC Masimo Exclusion Order,"Submit the formal opening appellate brief in the U.S. Court of Appeals for the Federal Circuit (CAFC) in Apple Inc. v. International Trade Commission and Masimo Corp. (Docket 24-1285), challenging the ITC's final determination that Apple Watch pulse oximetry infringed Masimo's utility patents.",File CAFC appellate brief in Masimo dispute,investigate,Seeks to vacate the ITC's limited exclusion order on grounds that Masimo failed to satisfy the statutory domestic industry requirement and that the asserted patent claims were obvious under 35 U.S.C. Section 103.,"[{""name"": ""Appellate Docket"", ""value"": ""24-1285"", ""unit"": ""CAFC docket"", ""observed_on"": ""2024-08-01""}]",Legal,reported,"{legal,investigate}",R&D;Finance,Appellate counsel argued that Masimo's commercial products were vaporware at the time of complaint filing; Masimo defended the ITC's findings; R&D provided technical schematics proving independent development of Apple's optical sensor algorithms.
AAPL-2024Q3-0150,Apple Inc.,2024-08-01,quarterly_filings/2024_Q3.pdf,https://www.sec.gov/ix?doc=/Archives/edgar/data/0000320193/000032019324000073/aapl-20240629.htm,Note 9 – Contingencies,"Disclosure Context (2024_Q3): Trigger: 'Apple Q3 FY2024 10-Q (filed August 1, 2024) discloses operational, financial, and regulatory context for Legal management decisions'. Management Action: 'Engage in Structured Confidential Settlement Mediation with Masimo Corporation'. Scope: 'Authorized and documented in Note 9 – Contingencies'. Rationale: 'Aims to achieve a definitive global resolution to worldwide patent and trade secret litigation, clearing the way to legally restore pulse oximetry fun'.",Engage in Structured Confidential Settlement Mediation with Masimo Corporation,"Participate in formal confidential settlement mediation sessions ordered by the federal court with Masimo Corporation executive leadership, evaluating terms for a comprehensive global patent cross-license, mutual release of claims, and multi-year royalty payment framework.",Participate in court-ordered Masimo mediation,investigate,"Aims to achieve a definitive global resolution to worldwide patent and trade secret litigation, clearing the way to legally restore pulse oximetry functionality to all Apple Watch models in the United States.","[{""name"": ""Disputed Patent Families"", ""value"": ""4"", ""unit"": ""patent families"", ""observed_on"": ""2024-08-01""}]",Legal,reported,"{legal,investigate}",Finance;Operations,Masimo founder Joe Kiani demanded ongoing per-unit royalties and public technology licensing recognition; Finance modeled royalty caps at $1.50 per device; Legal prioritized securing total freedom to operate across future health sensors without ongoing audit interference.
AAPL-2024Q3-0151,Apple Inc.,2024-08-01,quarterly_filings/2024_Q3.pdf,https://www.sec.gov/ix?doc=/Archives/edgar/data/0000320193/000032019324000073/aapl-20240629.htm,Item 2. MD&A - Operations,"Disclosure Context (2024_Q3): Trigger: 'Apple Q3 FY2024 10-Q (filed August 1, 2024) discloses operational, financial, and regulatory context for Legal management decisions'. Management Action: 'Maintain CBP Software-Disabled Pulse Oximetry Certification for Apple Watch Series 10'. Scope: 'Authorized and documented in Item 2. MD&A - Operations'. Rationale: 'Guarantees that tens of millions of newly manufactured Apple Watch Series 10 and Ultra 2 smartwatches clear U.S. customs without detention, maintainin'.",Maintain CBP Software-Disabled Pulse Oximetry Certification for Apple Watch Series 10,"Submit technical hardware schematics, firmware disassembly dumps, and legal compliance declarations to U.S. Customs and Border Protection (CBP) Exclusion Order Enforcement Branch, verifying that newly launched Apple Watch Series 10 models shipped to the U.S. strictly omit pulse oximetry algorithms per Ruling HQ H336040.",Certify Series 10 customs compliance,maintain,"Guarantees that tens of millions of newly manufactured Apple Watch Series 10 and Ultra 2 smartwatches clear U.S. customs without detention, maintaining uninterrupted holiday retail sales.","[{""name"": ""CBP Pre-Clearance Ruling"", ""value"": ""HQ H336040"", ""unit"": ""ruling"", ""observed_on"": ""2024-08-01""}]",Legal,reported,"{legal,maintain}",Operations;R&D,R&D verified that pulse oximetry code was stripped from the iOS and watchOS firmware factory builds for U.S. SKUs; Operations coordinated shipment manifests with customs brokers; CBP confirmed pre-cleared status.
AAPL-2024Q3-0152,Apple Inc.,2024-08-01,quarterly_filings/2024_Q3.pdf,https://www.sec.gov/ix?doc=/Archives/edgar/data/0000320193/000032019324000073/aapl-20240629.htm,Note 9 – Contingencies,"Disclosure Context (2024_Q3): Trigger: 'Apple Q3 FY2024 10-Q (filed August 1, 2024) discloses operational, financial, and regulatory context for Legal management decisions'. Management Action: 'File Patent Trial and Appeal Board (PTAB) Petitions Against Disputed Masimo Patents'. Scope: 'Authorized and documented in Note 9 – Contingencies'. Rationale: 'Invalidates the legal basis of Masimo's ongoing patent infringement claims before the administrative tribunal, strengthening Apple's leverage in concu'.",File Patent Trial and Appeal Board (PTAB) Petitions Against Disputed Masimo Patents,"File three additional petitions for Inter Partes Review (IPR) before the USPTO Patent Trial and Appeal Board challenging the patentability of newly asserted Masimo physiological sensor patents, presenting prior art references from 1990s medical pulse oximeter clinical monitors.",File IPR petitions challenging sensor patents,investigate,"Invalidates the legal basis of Masimo's ongoing patent infringement claims before the administrative tribunal, strengthening Apple's leverage in concurrent CAFC appellate proceedings.","[{""name"": ""Challenged Sensor Claims"", ""value"": ""24"", ""unit"": ""patent claims"", ""observed_on"": ""2024-08-01""}]",Legal,reported,"{legal,investigate}",R&D;Finance,R&D identified anticipating prior art in legacy biomedical engineering journal publications; Legal drafted petitions demonstrating obviousness under 35 U.S.C. 103; Finance authorized administrative filing fees.
AAPL-2024Q3-0153,Apple Inc.,2024-08-01,quarterly_filings/2024_Q3.pdf,https://www.sec.gov/ix?doc=/Archives/edgar/data/0000320193/000032019324000073/aapl-20240629.htm,Note 9 – Contingencies,"Disclosure Context (2024_Q3): Trigger: 'Apple Q3 FY2024 10-Q (filed August 1, 2024) discloses operational, financial, and regulatory context for Legal management decisions'. Management Action: 'Defend Against Masimo Patent Infringement Claims in the High Court of England and Wales'. Scope: 'Authorized and documented in Note 9 – Contingencies'. Rationale: 'Aims to prevent an injunction against Apple Watch sales in the United Kingdom, preserving access to Apple's second-largest national wearables market i'.",Defend Against Masimo Patent Infringement Claims in the High Court of England and Wales,"Prepare expert technical witness reports and cross-examination strategies for trial in the High Court of Justice (Patents Court) in London, defending against Masimo's claims that Apple Watch models sold in the United Kingdom infringe European counterparts of its pulse oximetry patents.",Defend UK patent infringement trial,investigate,"Aims to prevent an injunction against Apple Watch sales in the United Kingdom, preserving access to Apple's second-largest national wearables market in Europe.","[{""name"": ""UK Patent Court Docket"", ""value"": ""HP-2023-000012"", ""unit"": ""docket"", ""observed_on"": ""2024-08-01""}]",Legal,reported,"{legal,investigate}",Finance;Operations,Legal mobilized top London patent barristers to assert patent invalidity and non-infringement; Finance tracked UK litigation costs; Operations prepared contingency dual-SKU watch firmware builds for the British market.
AAPL-2024Q3-0154,Apple Inc.,2024-08-01,quarterly_filings/2024_Q3.pdf,https://www.sec.gov/ix?doc=/Archives/edgar/data/0000320193/000032019324000073/aapl-20240629.htm,Item 1. Business - Government Regulation,"Disclosure Context (2024_Q3): Trigger: 'Apple Q3 FY2024 10-Q (filed August 1, 2024) discloses operational, financial, and regulatory context for Legal management decisions'. Management Action: 'Establish AI Governance Framework Under Newly Enacted European Union AI Act'. Scope: 'Authorized and documented in Item 1. Business - Government Regulation'. Rationale: 'Ensures total corporate alignment with horizontal EU AI regulations, preempting statutory fines of up to 35 million euros or 7% of global annual turno'.",Establish AI Governance Framework Under Newly Enacted European Union AI Act,"Establish a specialized Artificial Intelligence Compliance Office to operationalize requirements of the European Union Artificial Intelligence Act (Regulation 2024/1689), which officially entered into force on August 1, 2024, preparing technical documentation for General Purpose AI (GPAI) foundation models.",Implement EU AI Act compliance roadmap,expand,"Ensures total corporate alignment with horizontal EU AI regulations, preempting statutory fines of up to 35 million euros or 7% of global annual turnover for non-compliant AI model deployments.","[{""name"": ""Statutory Effective Date"", ""value"": ""2024-08-01"", ""unit"": ""date"", ""observed_on"": ""2024-08-01""}, {""name"": ""Maximum Fine Exposure"", ""value"": ""35"", ""unit"": ""million EUR or 7% turnover"", ""observed_on"": ""2024-08-01""}]",Legal,reported,"{legal,expand}",R&D;Corporate Governance,Legal established model card auditing procedures and copyright training data vetting protocols; R&D categorized on-device foundation models as general-purpose systems without systemic risk; Corporate governance integrated AI oversight into Board committee charters.
AAPL-2024Q3-0155,Apple Inc.,2024-08-01,quarterly_filings/2024_Q3.pdf,https://www.sec.gov/ix?doc=/Archives/edgar/data/0000320193/000032019324000073/aapl-20240629.htm,Item 1. Business - Products,"Disclosure Context (2024_Q3): Trigger: 'Apple Q3 FY2024 10-Q (filed August 1, 2024) discloses operational, financial, and regulatory context for Legal management decisions'. Management Action: 'Secure FDA De Novo Marketing Clearance for Apple Watch Sleep Apnea Detection'. Scope: 'Authorized and documented in Item 1. Business - Products'. Rationale: 'Establishes a legally certified medical device software indication across Apple Watch Series 9, Series 10, and Ultra 2, enabling Apple to market clini'.",Secure FDA De Novo Marketing Clearance for Apple Watch Sleep Apnea Detection,"Execute final regulatory reviews and special controls negotiations with the FDA Center for Devices and Radiological Health (CDRH), securing official De Novo marketing authorization for Apple Watch Sleep Apnea Breathing Disturbance Notifications.",Secure FDA De Novo sleep apnea clearance,expand,"Establishes a legally certified medical device software indication across Apple Watch Series 9, Series 10, and Ultra 2, enabling Apple to market clinical sleep apnea detection in the U.S. without premarket approval (PMA) delays.","[{""name"": ""FDA Classification"", ""value"": ""De Novo (Class II)"", ""unit"": ""pathway"", ""observed_on"": ""2024-08-01""}]",Legal,reported,"{legal,expand}",R&D;Marketing,Legal and regulatory affairs teams finalized user labeling and clinical contraindications with FDA reviewers; R&D verified that software telemetry conformed to cleared special controls; Marketing prepared compliant health promotion campaigns.
AAPL-2024Q3-0156,Apple Inc.,2024-08-01,quarterly_filings/2024_Q3.pdf,https://www.sec.gov/ix?doc=/Archives/edgar/data/0000320193/000032019324000073/aapl-20240629.htm,Item 1. Business - Products,"Disclosure Context (2024_Q3): Trigger: 'Apple Q3 FY2024 10-Q (filed August 1, 2024) discloses operational, financial, and regulatory context for Legal management decisions'. Management Action: 'Submit FDA De Novo Dossier for AirPods Pro 2 Over-the-Counter Hearing Aid'. Scope: 'Authorized and documented in Item 1. Business - Products'. Rationale: 'Secures medical device authorization to market mainstream consumer wireless earbuds as clinically effective over-the-counter hearing aids for adults w'.",Submit FDA De Novo Dossier for AirPods Pro 2 Over-the-Counter Hearing Aid,"Submit complete clinical trial dossiers, software verification protocols, and human factors labeling to the FDA requesting De Novo classification for the AirPods Pro 2 scientifically validated Hearing Test and over-the-counter (OTC) Hearing Aid software feature.",Submit FDA De Novo OTC hearing aid dossier,expand,Secures medical device authorization to market mainstream consumer wireless earbuds as clinically effective over-the-counter hearing aids for adults with perceived mild to moderate hearing loss.,"[{""name"": ""Target Regulatory Pathway"", ""value"": ""FDA De Novo OTC Hearing Aid"", ""unit"": ""pathway"", ""observed_on"": ""2024-08-01""}]",Legal,reported,"{legal,expand}",R&D;Marketing,Legal worked with FDA CDRH reviewers to demonstrate that self-administered pure-tone audiometry satisfied OTC hearing aid performance standards; R&D validated software safeguards against acoustic over-amplification; Marketing positioned the feature as a breakthrough in healthcare accessibility.
AAPL-2024Q3-0157,Apple Inc.,2024-08-01,quarterly_filings/2024_Q3.pdf,https://www.sec.gov/ix?doc=/Archives/edgar/data/0000320193/000032019324000073/aapl-20240629.htm,Note 9 – Contingencies,"Disclosure Context (2024_Q3): Trigger: 'Apple Q3 FY2024 10-Q (filed August 1, 2024) discloses operational, financial, and regulatory context for Legal management decisions'. Management Action: 'Defend Against AI Training Copyright Litigation from Book Authors and Publishers'. Scope: 'Authorized and documented in Note 9 – Contingencies'. Rationale: 'Defends Apple's ethical AI training pipeline, establishing that model pre-training utilized licensed publisher archives, open-source data with permiss'.",Defend Against AI Training Copyright Litigation from Book Authors and Publishers,File motions to dismiss in federal court defending against class action copyright infringement lawsuits alleging that Apple unlawfully scraped copyrighted literary texts and academic papers to train foundational neural language models used in Apple Intelligence.,File motion to dismiss AI copyright litigation,investigate,"Defends Apple's ethical AI training pipeline, establishing that model pre-training utilized licensed publisher archives, open-source data with permissible licenses, and publicly available web text under fair use doctrine.","[{""name"": ""Class Period"", ""value"": ""2020-2024"", ""unit"": ""calendar span"", ""observed_on"": ""2024-08-01""}]",Legal,reported,"{legal,investigate}",R&D;Finance,R&D documented that Apple had executed over $75M in legitimate commercial licensing deals with major news and book publishers; Legal asserted the transformative fair use defense under 17 U.S.C. Section 107; Finance monitored statutory statutory damages exposure.
AAPL-2024Q3-0158,Apple Inc.,2024-08-01,quarterly_filings/2024_Q3.pdf,https://www.sec.gov/ix?doc=/Archives/edgar/data/0000320193/000032019324000073/aapl-20240629.htm,Item 1. Business - Government Regulation,"Disclosure Context (2024_Q3): Trigger: 'Apple Q3 FY2024 10-Q (filed August 1, 2024) discloses operational, financial, and regulatory context for Legal management decisions'. Management Action: 'Audit California Privacy Rights Act (CPRA) Automated Decision-Making Compliance'. Scope: 'Authorized and documented in Item 1. Business - Government Regulation'. Rationale: 'Ensures total corporate compliance with California Privacy Protection Agency (CPPA) regulations governing consumer opt-out rights and algorithmic fair'.",Audit California Privacy Rights Act (CPRA) Automated Decision-Making Compliance,Conduct an internal statutory privacy audit on Apple's automated decision-making and profiling algorithms used in Apple Card credit limit determinations and App Store personalized search suggestions under CPRA regulations.,Audit CPRA automated decision-making compliance,maintain,"Ensures total corporate compliance with California Privacy Protection Agency (CPPA) regulations governing consumer opt-out rights and algorithmic fairness, avoiding civil enforcement actions.","[{""name"": ""Regulated Algorithm Workflows"", ""value"": ""4"", ""unit"": ""systems"", ""observed_on"": ""2024-08-01""}]",Legal,reported,"{legal,maintain}",Operations;Finance,Privacy engineering verified that consumer opt-out preferences propagate across all production databases within 24 hours; Legal validated algorithmic fairness audits to confirm absence of disparate demographic impact; Goldman Sachs card servicing teams confirmed audit alignment.
AAPL-2024Q3-0159,Apple Inc.,2024-08-01,quarterly_filings/2024_Q3.pdf,https://www.sec.gov/ix?doc=/Archives/edgar/data/0000320193/000032019324000073/aapl-20240629.htm,Note 9 – Contingencies,"Disclosure Context (2024_Q3): Trigger: 'Apple Q3 FY2024 10-Q (filed August 1, 2024) discloses operational, financial, and regulatory context for Legal management decisions'. Management Action: 'Prepare Substantive Defense in UK Competition Appeal Tribunal £785M Collective Action'. Scope: 'Authorized and documented in Note 9 – Contingencies'. Rationale: 'Defends against an opt-out collective proceedings order claiming £785 million in aggregate damages on behalf of 1,500 UK app developers, demonstrating'.",Prepare Substantive Defense in UK Competition Appeal Tribunal £785M Collective Action,"Prepare expert economic rebuttal reports and commercial defense filings in the UK Competition Appeal Tribunal (CAT) in Sean Ennis v. Apple Inc. (Case 1601/7/7/23), challenging claims that App Store commission rates reflect an abuse of dominant position in the UK.",Submit expert defense in UK developer collective action,investigate,"Defends against an opt-out collective proceedings order claiming £785 million in aggregate damages on behalf of 1,500 UK app developers, demonstrating that Apple's commissions reflect extensive investments in developer tooling.","[{""name"": ""UK Damages Claim"", ""value"": ""785"", ""unit"": ""million GBP"", ""observed_on"": ""2024-08-01""}]",Legal,reported,"{legal,investigate}",Finance;Operations,"Legal retained leading London competition economists to demonstrate that commission rates are competitive with Google Play, Sony PlayStation, and Steam; Finance tracked escrow reserves; The CAT refused Apple's procedural request to dismiss the claim prior to full trial."
AAPL-2024Q3-0160,Apple Inc.,2024-08-01,quarterly_filings/2024_Q3.pdf,https://www.sec.gov/ix?doc=/Archives/edgar/data/0000320193/000032019324000073/aapl-20240629.htm,Item 2. MD&A - Regulatory Matters,"Disclosure Context (2024_Q3): Trigger: 'Apple Q3 FY2024 10-Q (filed August 1, 2024) discloses operational, financial, and regulatory context for Legal management decisions'. Management Action: 'Formulate Compliance Model for Japan's Smartphone Competition Promotion Act'. Scope: 'Authorized and documented in Item 2. MD&A - Regulatory Matters'. Rationale: 'Preempts contentious regulatory enforcement and severe antitrust penalties in Apple's third-largest national hardware market, ensuring statutory align'.",Formulate Compliance Model for Japan's Smartphone Competition Promotion Act,"Draft operational and technical compliance blueprints following the Japanese Diet's June 2024 enactment of the Smartphone Competition Promotion Act, formulating frameworks for alternative app stores, alternative payment processors, and browser choice screens in Japan.",Design Japan antitrust compliance architecture,revise,"Preempts contentious regulatory enforcement and severe antitrust penalties in Apple's third-largest national hardware market, ensuring statutory alignment ahead of the 2025 implementation date.","[{""name"": ""Japan Q3 Net Sales"", ""value"": ""5,097"", ""unit"": ""million USD"", ""observed_on"": ""2024-08-01""}]",Legal,reported,"{legal,revise}",Finance;Operations,Legal evaluated differences between Japanese statutory mandates and European DMA rules; Finance modeled potential commission rate caps in Japan; R&D assessed the feasibility of reusing European third-party marketplace notary code for the Japanese market.
