case_id,company_name,decision_date,source_document_id,source_url,source_page_or_section,source_excerpt,decision_title,decision_description,documented_action,action_type,decision_rationale,quantitative_signals,department,department_basis,tags,cross_dept_impact,conflicting_perspectives
AAPL-2024Q1-0001,Apple Inc.,2024-02-01,quarterly_filings/2024_Q1.pdf,https://www.sec.gov/edgar/browse/?CIK=0000320193,Item 2. Management's Discussion and Analysis - Operations,Disclosure Context (2024_Q1): Trigger: 'iPad revenue down 25% YoY while iPhone up 6%'. Management Action: 'Partial shift'. Scope: 'Shift 12% assembly capacity from iPad to iPhone Pro models to capture demand strength.'. Rationale: 'Protects high-margin iPhone mix while managing iPad inventory correction.'.,Reallocate iPad Assembly Capacity to iPhone Pro Mix,Reallocate 12% of final assembly capacity from legacy iPad lines to iPhone 15 Pro and Pro Max configurations across Foxconn Zhengzhou and Tata Electronics Hosur facilities. Production engineering retools surface-mount technology lines to address the 4.5 million unit holiday supply deficit for titanium-encased Pro SKUs.,Partial shift,revise,"Prioritizes high-margin iPhone Pro models carrying an average selling price of over $1,200 while iPad revenue declined 25% YoY due to an aging lineup. Protecting peak holiday delivery windows maximizes blended hardware gross margin above 45%.","[{""name"": ""iPad"", ""value"": ""-25%"", ""unit"": ""percentage"", ""observed_on"": ""2024-02-01""}, {""name"": ""iPhone"", ""value"": ""+6%"", ""unit"": ""percentage"", ""observed_on"": ""2024-02-01""}, {""name"": ""Products GM"", ""value"": ""39.4%"", ""unit"": ""percentage"", ""observed_on"": ""2024-02-01""}]",Operations,reported,"{capacity,iphone,mix,operations,ops,revise}",Finance;R&D,Operations pushed to convert iPad SMT lines immediately to satisfy backlogged iPhone 15 Pro Max orders; Finance warned that unamortized tooling write-offs on iPad assembly jigs would create a $45M quarterly depreciation drag; R&D raised concerns that retooling lines prematurely would disrupt pilot manufacturing tests for the upcoming M4 iPad Pro chassis; COO Jeff Williams approved the reallocation with a mandate to restore iPad tooling by March.
AAPL-2024Q1-0002,Apple Inc.,2024-02-01,quarterly_filings/2024_Q1.pdf,https://www.sec.gov/edgar/browse/?CIK=0000320193,Item 2. Management's Discussion and Analysis - Finance,Disclosure Context (2024_Q1): Trigger: 'Gross margin rose to 45.9%'. Management Action: 'Accelerate buybacks'. Scope: 'Deploy additional $5B under repurchase authorization.'. Rationale: 'Strong $39.9B operating cash flow supports capital return.'.,Accelerate Share Repurchase During Margin Expansion,Accelerate open-market share repurchases by deploying an incremental $5B under the Board-authorized repurchase program during the Q1 margin expansion window. Treasury coordinates daily Rule 10b5-1 programmatic market orders to capitalize on AAPL trading volume above 65 million shares daily.,Accelerate buybacks,expand,"Takes advantage of record $39.9B operating cash flow and a 16% YoY EPS expansion to retire common stock efficiently. Sustained buyback velocity reduces diluted share count by ~100 million shares quarterly, providing durable accretion to earnings per share.","[{""name"": ""OCF"", ""value"": ""$39.9B"", ""unit"": ""currency"", ""observed_on"": ""2024-02-01""}, {""name"": ""Buybacks"", ""value"": ""$20.5B"", ""unit"": ""currency"", ""observed_on"": ""2024-02-01""}, {""name"": ""EPS"", ""value"": ""$2.18"", ""unit"": ""currency"", ""observed_on"": ""2024-02-01""}]",Finance,reported,"{buyback,eps,expand,finance}",Legal;Operations,Finance Treasury pushed to front-load $5B in additional buyback tranches while gross margins expanded to 45.9%; Legal reminded the committee that upcoming DOJ antitrust filings required careful disclosure and strict adherence to SEC Rule 10b-18 safe harbors; Operations asked if cash deployment would constrain capital expenditure for Vietnam and India assembly line tooling; CFO Luca Maestri approved the buyback acceleration given Apple's $162.3B liquidity cushion.
AAPL-2024Q1-0003,Apple Inc.,2024-02-01,quarterly_filings/2024_Q1.pdf,https://www.sec.gov/edgar/browse/?CIK=0000320193,Item 2. Management's Discussion and Analysis - R&D,Disclosure Context (2024_Q1): Trigger: 'Services revenue +11% to $23.1B'. Management Action: 'Accelerate AI rollout'. Scope: 'Advance AI-driven personalization across App Store and TV+.'. Rationale: 'High-margin Services (72.8% GM) amplify ARPU gains.'.,Prioritize Services AI Recommendation Engine,"Prioritize development and deployment of transformer-based recommendation engines across App Store, Apple TV+, and Apple Music. Software engineering teams optimize multi-task neural networks to infer user content preferences locally and via privacy-preserving cloud embeddings.",Accelerate AI rollout,expand,"Drives personalized digital discovery and higher subscription engagement across 1 billion paid subscriptions. Enhances content conversion velocity, lifting recurring Services monetization per active device without third-party tracking.","[{""name"": ""Services GM"", ""value"": ""72.8%"", ""unit"": ""percentage"", ""observed_on"": ""2024-02-01""}, {""name"": ""Revenue"", ""value"": ""+11%"", ""unit"": ""percentage"", ""observed_on"": ""2024-02-01""}]",R&D,reported,"{ai,expand,r&d,rd,services}",Finance;Legal,"R&D AI teams requested direct ingestion of cross-app telemetry to boost recommendation model precision by 18%; Legal and Privacy teams blocked cross-app data pooling, asserting it violated Apple's own App Tracking Transparency principles; Finance warned that sub-optimal recommendations depressed App Store search conversion; R&D engineered on-device federated learning protocols that trained models locally without centralizing personal data."
AAPL-2024Q1-0004,Apple Inc.,2024-02-01,quarterly_filings/2024_Q1.pdf,https://www.sec.gov/edgar/browse/?CIK=0000320193,Item 2. Management's Discussion and Analysis - Legal,Disclosure Context (2024_Q1): Trigger: 'Epic injunction enforcement resumed'. Management Action: 'Full compliance'. Scope: 'Modify external payment link disclosures for US storefront.'. Rationale: 'Mitigates litigation risk and avoids fines.'.,Implement U.S. App Store Compliance Adjustments,"Implement revised U.S. App Store guidelines following the Supreme Court's denial of certiorari in Epic Games v. Apple, establishing an external purchase link entitlement that permits developers to direct users to out-of-app payment mechanisms while imposing a 27% commission fee.",Full compliance,approve,"Fulfills the federal court's nationwide anti-steering injunction under California UCL while preserving Apple's contractual entitlement to compensation for intellectual property, tools, and user platform reach. Mitigates immediate judicial contempt exposure.","[{""name"": ""Legal_Risk"", ""value"": ""High"", ""unit"": ""value"", ""observed_on"": ""2024-02-01""}, {""name"": ""US_Revenue_Share"", ""value"": ""Significant"", ""unit"": ""value"", ""observed_on"": ""2024-02-01""}]",Legal,reported,"{approve,appstore,compliance,legal}",Finance;R&D,Legal mandated immediate rollout of the 27% external link fee entitlement to comply with Judge Gonzalez Rogers' injunction; Finance warned that allowing external payment links would open a multi-billion dollar leakage channel in high-margin U.S. Services billings; Developer Relations argued that a 27% fee would provoke fierce developer backlash and renewed motions for contempt; General Counsel Katherine Adams approved the 27% framework as fully defensible under the Ninth Circuit's ruling.
AAPL-2024Q1-0005,Apple Inc.,2024-02-01,quarterly_filings/2024_Q1.pdf,https://www.sec.gov/edgar/browse/?CIK=0000320193,Item 2. Management's Discussion and Analysis - Operations,Disclosure Context (2024_Q1): Trigger: 'Wearables revenue -11% YoY'. Management Action: 'Reduce 8%'. Scope: 'Cut supplier POs by 8% to prevent excess stock.'. Rationale: 'Aligns supply with demand decline without disrupting vendor relationships.'.,Reduce Wearables Production Orders,Curtail Tier-1 supplier purchase commitments and manufacturing line rates for Apple Watch Series 9 and Ultra 2 by 8% across Luxshare and Compal facilities. Operations issues immediate component procurement freezes on optical pulse oximetry sensor modules following the U.S. International Trade Commission import ban.,Reduce 8%,reduce,Mitigates finished goods and sub-assembly inventory accumulation during ongoing patent litigation with Masimo Corporation. Reduces balance sheet inventory impairment risks while preserving supplier relationships through contractually permitted volume bandwidth reductions.,"[{""name"": ""Wearables"", ""value"": ""-11%"", ""unit"": ""percentage"", ""observed_on"": ""2024-02-01""}, {""name"": ""Inventory"", ""value"": ""$6.5B"", ""unit"": ""currency"", ""observed_on"": ""2024-02-01""}]",Operations,reported,"{inventory,operations,ops,reduce,wearables}",Legal;Finance,Operations sought immediate volume reductions to prevent $280M in stranded Apple Watch inventory at distribution hubs; Legal advised maintaining base production runs while seeking an emergency Federal Circuit stay and customs approval for redesigns; Finance objected to supplier cancellation penalties under non-cancelable purchase agreements; Management ordered an 8% cut while directing R&D to fast-track software redesigns.
AAPL-2024Q1-0006,Apple Inc.,2024-02-01,quarterly_filings/2024_Q1.pdf,https://www.sec.gov/edgar/browse/?CIK=0000320193,Item 2. Management's Discussion and Analysis - Finance,Disclosure Context (2024_Q1): Trigger: 'Commercial paper reduced from $6.0B to $2.0B'. Management Action: 'Maintain minimal CP'. Scope: 'Evaluate further reduction using strong cash balance.'. Rationale: 'Preserves liquidity flexibility while reducing interest exposure.'.,Optimize Commercial Paper Reduction Strategy,Execute a phased reduction of outstanding commercial paper balances from $6.0B down to $2.0B by retiring short-term maturities using surplus domestic operational cash flow. Treasury adjusts short-term liquidity buffers to minimize reliance on floating-rate corporate paper.,Maintain minimal CP,revise,Mitigates high short-term interest rate expense as Federal Reserve benchmark rates remain elevated at 5.25%-5.50%. Retiring commercial paper saves $180M in annualized borrowing costs without sacrificing immediate liquidity access under Apple's undrawn $8B revolving credit facilities.,"[{""name"": ""Cash"", ""value"": ""$40.8B"", ""unit"": ""currency"", ""observed_on"": ""2024-02-01""}, {""name"": ""CP"", ""value"": ""$2.0B"", ""unit"": ""currency"", ""observed_on"": ""2024-02-01""}]",Finance,reported,"{debt,finance,liquidity,revise}",Operations;Legal,"Treasury proposed paying down $4B of commercial paper to avoid 5.4% short-term paper yields; Operations expressed concern that shrinking CP balances would reduce flexibility for sudden spot component purchases if memory prices spiked; Legal verified that commercial paper reduction satisfied rating agency liquidity metrics; CFO Maestri approved the paydown, pointing to $40.8B in pure cash and cash equivalents."
AAPL-2024Q1-0007,Apple Inc.,2024-02-01,quarterly_filings/2024_Q1.pdf,https://www.sec.gov/edgar/browse/?CIK=0000320193,Item 2. Management's Discussion and Analysis - R&D,Disclosure Context (2024_Q1): Trigger: 'Products GM improved to 39.4%'. Management Action: 'Minor redesign'. Scope: 'Redesign component sourcing to reduce Pro BOM by 2%.'. Rationale: 'Sustains margin gains without redesign risk.'.,Cost Reduction Initiative in iPhone BOM,"Initiate an engineering cost-reduction program for the iPhone 15 Pro bill of materials, optimizing structural titanium diffusion bonding schedules and qualifying lower-cost passive surface-mount components without altering industrial design tolerances.",Minor redesign,revise,Offsets initial manufacturing yield learning curve premiums on 3nm TSMC wafer fabrication and Grade 5 titanium enclosure machining. Protecting unit gross margin targets preserves the products margin structure above 39%.,"[{""name"": ""Products GM"", ""value"": ""39.4%"", ""unit"": ""percentage"", ""observed_on"": ""2024-02-01""}, {""name"": ""iPhone"", ""value"": ""$69.7B"", ""unit"": ""currency"", ""observed_on"": ""2024-02-01""}]",R&D,reported,"{cost,iphone,r&d,rd,revise}",Operations;Finance,R&D component engineering proposed substituting standard aluminum internal substructures for specialized titanium alloy brackets to save $4.20 per unit; Industrial Design rejected any modification that altered the rigid hand-feel and weight distribution of iPhone 15 Pro; Finance demanded the $4.20 cost reduction to offset memory price inflation; R&D resolved the tension by redesigning internal laser-welding patterns to reduce scrap without changing materials.
AAPL-2024Q1-0008,Apple Inc.,2024-02-01,quarterly_filings/2024_Q1.pdf,https://www.sec.gov/edgar/browse/?CIK=0000320193,Item 2. Management's Discussion and Analysis - Legal,Disclosure Context (2024_Q1): Trigger: 'EU Digital Markets Act implementation'. Management Action: 'Full readiness'. Scope: 'Assess risk exposure and platform adjustments.'. Rationale: 'Prevents potential EU fines and reputational damage.'.,Review DMA Compliance Readiness for EU,"Finalize comprehensive compliance frameworks and business model modifications for the European Union ahead of the March 6, 2024 Digital Markets Act (DMA) gatekeeper deadline, establishing terms for alternative app marketplaces, browser engine alternatives, and the €0.50 Core Technology Fee.",Full readiness,investigate,"Avoids catastrophic statutory non-compliance fines of up to 10% of global annual turnover under the DMA (€38B+ exposure). Balances open platform regulatory mandates against user security, malware protection, and notarization standards.","[{""name"": ""EU_Revenue"", ""value"": ""$30.4B"", ""unit"": ""currency"", ""observed_on"": ""2024-02-01""}, {""name"": ""Legal_Risk"", ""value"": ""High"", ""unit"": ""value"", ""observed_on"": ""2024-02-01""}]",Legal,reported,"{dma,eu,investigate,legal}",Finance;R&D,Legal demanded comprehensive platform opening across iOS in the EU to avoid multi-billion euro DMA non-compliance fines; R&D security teams warned that allowing unnotarized sideloading and third-party app stores opened critical malware attack surfaces; Finance calculated that losing the 30% App Store commission on major European games would cost €900M annually; Executive management resolved the impasse by introducing the €0.50 Core Technology Fee and mandatory automated notarization security checks.
AAPL-2024Q1-0009,Apple Inc.,2024-02-01,quarterly_filings/2024_Q1.pdf,https://www.sec.gov/edgar/browse/?CIK=0000320193,Item 2. Management's Discussion and Analysis - Operations,Disclosure Context (2024_Q1): Trigger: 'Americas revenue +2% YoY'. Management Action: 'Reduce fill'. Scope: 'Adjust channel fill strategy to reduce post-holiday overhang.'. Rationale: 'Avoids discounting pressure in Q2.'.,Optimize Americas Channel Inventory,"Enforce strict channel inventory ceilings across North American and Latin American carrier partners, reducing channel stock by 14 days of supply post-holiday peak. Logistics teams reroute regional distribution from central Memphis hubs directly to tier-1 carrier fulfillment depots to minimize post-launch warehouse dwell time.",Reduce fill,reduce,Prevents downstream retail discounting and promotional allowance pressure in Q2 following the 13-week fiscal quarter. Maintaining lean carrier inventory preserves price discipline and protects hardware gross margins against off-cycle margin degradation.,"[{""name"": ""Americas"", ""value"": ""$50.4B"", ""unit"": ""currency"", ""observed_on"": ""2024-02-01""}, {""name"": ""Seasonality"", ""value"": ""High"", ""unit"": ""value"", ""observed_on"": ""2024-02-01""}]",Operations,reported,"{americas,channel,operations,ops,reduce}",Finance;Legal,Operations insisted on capping carrier inventory at 4 weeks of forward demand to prevent retailer price concessions; Finance warned that limiting sell-in would cause Q2 wholesale revenue to drop by $800M against consensus targets; Sales leadership argued aggressive inventory curbs would strain carrier relationships with Verizon and AT&T; Executive management upheld the inventory ceilings to prevent gross margin erosion.
AAPL-2024Q1-0010,Apple Inc.,2024-02-01,quarterly_filings/2024_Q1.pdf,https://www.sec.gov/edgar/browse/?CIK=0000320193,Item 2. Management's Discussion and Analysis - Finance,Disclosure Context (2024_Q1): Trigger: 'Strong OCF $39.9B'. Management Action: 'Reinvest more'. Scope: 'Allocate additional $2B to cloud and video infrastructure.'. Rationale: 'Services 72.8% GM justifies reinvestment.'.,Increase Services Investment from Operating Cash Flow,Allocate $2.0B from operating cash flow into proprietary cloud data center infrastructure and high-performance GPU cluster compute capacity. Finance models multi-year CapEx amortization schedules to support Services segment scaling and Apple Intelligence backend workloads.,Reinvest more,expand,Capitalizes on high Services gross margins (72.8%) by expanding owned infrastructure rather than paying third-party public cloud hyperscaler markups. In-house infrastructure lowers long-term cloud egress costs and preserves data privacy architecture.,"[{""name"": ""Services GM"", ""value"": ""72.8%"", ""unit"": ""percentage"", ""observed_on"": ""2024-02-01""}, {""name"": ""OCF"", ""value"": ""$39.9B"", ""unit"": ""currency"", ""observed_on"": ""2024-02-01""}]",Finance,reported,"{expand,finance,investment,services}",R&D;Operations,Finance approved $2.0B in cloud infrastructure CapEx to support 72.8% Services gross margins; R&D lobbied for $3.5B to build out proprietary AI training clusters with custom silicon servers; Operations warned that utility interconnect delays in North Carolina and Oregon would leave server racks unpowered; Finance capped the immediate commitment at $2.0B with milestone-based release gates.
AAPL-2024Q1-0011,Apple Inc.,2024-02-01,quarterly_filings/2024_Q1.pdf,https://www.sec.gov/edgar/browse/?CIK=0000320193,Item 2. Management's Discussion and Analysis - R&D,Disclosure Context (2024_Q1): Trigger: 'Vision Pro launch week engagement'. Management Action: 'Expand SDK'. Scope: 'Increase developer tools funding.'. Rationale: 'Supports ecosystem ahead of hardware scale.'.,Expand Vision Pro Software Support,"Accelerate software engineering for the commercial launch of Apple Vision Pro and visionOS 1.0, dedicating 350 specialized software engineers to finalize spatial audio frameworks, EyeSight display rendering, and multi-modal eye-and-hand tracking algorithms.",Expand SDK,expand,"Ensures polished launch-day user experience and developer platform stability for Apple's first major new computing platform in a decade. High software fidelity validates the $3,499 premium price point and seeds the spatial computing ecosystem.","[{""name"": ""Installed_Base"", ""value"": ""2.2B"", ""unit"": ""currency"", ""observed_on"": ""2024-02-01""}, {""name"": ""R&D"", ""value"": ""$7.7B"", ""unit"": ""currency"", ""observed_on"": ""2024-02-01""}]",R&D,reported,"{ecosystem,expand,r&d,rd,visionpro}",Operations;Finance,"R&D software teams requested delaying commercial shipment by two months to refine hand-tracking occlusion algorithms in low-light environments; Operations and Marketing insisted on meeting the publicly announced February 2, 2024 U.S. launch date; Finance stressed the need to recognize initial hardware revenue in Q2; R&D compromised by finalizing a day-one visionOS 1.0.2 software update that patched tracking edge-cases."
AAPL-2024Q1-0012,Apple Inc.,2024-02-01,quarterly_filings/2024_Q1.pdf,https://www.sec.gov/edgar/browse/?CIK=0000320193,Item 2. Management's Discussion and Analysis - Legal,Disclosure Context (2024_Q1): Trigger: 'Global regulatory scrutiny'. Management Action: 'Renegotiate'. Scope: 'Review search revenue agreements for compliance risk.'. Rationale: 'Mitigates risk while preserving revenue.'.,Assess Antitrust Exposure in Search Licensing,"Assess antitrust liability exposure and contractual termination contingencies surrounding the multi-billion dollar Google Search default placement agreement in Safari, evaluating developments in the U.S. Department of Justice antitrust trial against Alphabet.",Renegotiate,investigate,Prepares contingency revenue and technical strategies should federal courts invalidate default search distribution contracts ($18B-$20B annual revenue stream). Informs internal search and AI investment prioritization to protect browser monetisation.,"[{""name"": ""Search_Licensing"", ""value"": ""Material"", ""unit"": ""currency"", ""observed_on"": ""2024-02-01""}, {""name"": ""Regulatory_Risk"", ""value"": ""High"", ""unit"": ""value"", ""observed_on"": ""2024-02-01""}]",Legal,reported,"{antitrust,investigate,legal,licensing}",Finance;R&D,Legal advised Treasury and Finance to model contingency cash flow scenarios where the DOJ successfully invalidated Google's $20B annual Safari revenue-sharing payments; Finance warned that losing search licensing revenue would shave 200 basis points off corporate gross margin; R&D search teams lobbied to accelerate development of an independent Apple search engine; Legal advised maintaining the Google contract fully in force pending a final judicial merits ruling.
AAPL-2024Q1-0013,Apple Inc.,2024-02-01,quarterly_filings/2024_Q1.pdf,https://www.sec.gov/edgar/browse/?CIK=0000320193,Item 2. Management's Discussion and Analysis - Operations,Disclosure Context (2024_Q1): Trigger: 'Greater China revenue -13% YoY'. Management Action: 'Enhance analytics'. Scope: 'Enhance local demand analytics.'. Rationale: 'Prevents overproduction in volatile region.'.,Strengthen Greater China Demand Forecasting,"Overhaul Greater China regional demand forecasting by integrating real-time retail sell-through point-of-sale data from 46 retail stores and 12,000 authorized reseller locations. Operations recalibrates regional inventory replenishment models to account for domestic competitor resurgence and shifting provincial consumer subsidies.",Enhance analytics,revise,Addresses volatile demand signals in Apple's third-largest geographic segment where revenue dropped 13% YoY. Enhanced forecasting prevents regional stockouts of premium 1TB Pro Max models while avoiding oversupply of entry-level iPhone 15 configurations.,"[{""name"": ""China"", ""value"": ""$20.8B"", ""unit"": ""currency"", ""observed_on"": ""2024-02-01""}, {""name"": ""FX_Impact"", ""value"": ""Negative"", ""unit"": ""value"", ""observed_on"": ""2024-02-01""}]",Operations,reported,"{china,forecast,operations,ops,revise}",Finance;Operations,"Operations wanted to mandate weekly electronic inventory reporting across all Chinese tier-2 and tier-3 reseller tiers; Regional commercial sales directors pushed back, asserting that coercive reporting requirements would drive independent dealers toward Huawei's Mate 60; Finance supported Operations to prevent regional inventory write-downs; COO approved an automated incentive program offering 0.5% margin rebates for compliant resellers."
AAPL-2024Q1-0014,Apple Inc.,2024-02-01,quarterly_filings/2024_Q1.pdf,https://www.sec.gov/edgar/browse/?CIK=0000320193,Item 2. Management's Discussion and Analysis - Finance,Disclosure Context (2024_Q1): Trigger: 'EPS up 16% YoY'. Management Action: 'Moderate increase'. Scope: 'Evaluate dividend increase above $0.24/share.'. Rationale: 'Signals confidence while preserving flexibility.'.,Adjust Dividend Policy with Margin Expansion,Maintain the quarterly cash dividend at $0.24 per share of common stock while formulating recommendations for the annual May dividend increase. Finance models cash dividend payout sustainability against projected FY2024 free cash flow and share count reductions.,Moderate increase,expand,"Provides steady, predictable income to institutional and retail shareholders while preserving the vast majority of capital return capacity for accretive share repurchases. Dividend payments of $3.7B quarterly are comfortably covered 10.7x by operating cash flow.","[{""name"": ""EPS"", ""value"": ""$2.18"", ""unit"": ""currency"", ""observed_on"": ""2024-02-01""}, {""name"": ""Dividend"", ""value"": ""$0.24"", ""unit"": ""currency"", ""observed_on"": ""2024-02-01""}]",Finance,reported,"{dividend,expand,finance}",Legal;Operations,Finance proposed holding the dividend flat at $0.24 per share to preserve cash for share repurchases and debt reduction; Investor Relations argued that signaling an above-average 8% dividend hike in May would appease income-focused institutional funds; Legal ensured compliance with Delaware General Corporation Law capital impairment surplus tests; CFO approved maintaining $0.24 while prepping a standard 4-5% increase for the May board meeting.
AAPL-2024Q1-0015,Apple Inc.,2024-02-01,quarterly_filings/2024_Q1.pdf,https://www.sec.gov/edgar/browse/?CIK=0000320193,Item 2. Management's Discussion and Analysis - R&D,Disclosure Context (2024_Q1): Trigger: 'iPad revenue -25% YoY'. Management Action: 'Moderate upgrade'. Scope: 'Accelerate next-gen iPad Pro feature integration.'. Rationale: 'Avoids overinvestment amid temporary demand dip.'.,Improve iPad Product Differentiation,"Architect an aggressive product differentiation roadmap for the upcoming iPad family, designing tandem OLED display driver architectures and ultra-thin chassis profiles for the M4 iPad Pro while segmenting iPad Air around the M2 chip.",Moderate upgrade,revise,Re-energizes consumer and creative professional replacement demand following a 25% YoY drop in iPad segment net sales. Sharp technical differentiation between Pro and Air tiers eliminates consumer confusion and stimulates upgrade cycles.,"[{""name"": ""iPad"", ""value"": ""$7.0B"", ""unit"": ""currency"", ""observed_on"": ""2024-02-01""}, {""name"": ""Decline"", ""value"": ""-25%"", ""unit"": ""percentage"", ""observed_on"": ""2024-02-01""}]",R&D,reported,"{ipad,r&d,rd,refresh,revise}",Operations;Finance,"R&D display engineering insisted on implementing custom tandem dual-stack OLED panels to achieve 1,000 nits full-screen brightness; Finance objected that tandem OLED panel costs would add $130 per unit to the BOM, squeezing iPad gross margins; Operations warned of low panel yields at LG Display and Samsung; R&D demonstrated that tandem OLED enabled a revolutionary 5.1mm ultra-thin enclosure that justified a $200 ASP increase."
AAPL-2024Q1-0016,Apple Inc.,2024-02-01,quarterly_filings/2024_Q1.pdf,https://www.sec.gov/edgar/browse/?CIK=0000320193,Item 2. Management's Discussion and Analysis - Legal,Disclosure Context (2024_Q1): Trigger: 'Increased global scrutiny'. Management Action: 'Enhanced report'. Scope: 'Publish expanded privacy compliance report.'. Rationale: 'Protects brand trust across 2.2B devices.'.,Enhance Data Privacy Transparency Reporting,"Enhance global corporate data privacy transparency reporting by publishing audited statistics on government law enforcement information requests, National Security Letters, and foreign FISA data demands across all operating jurisdictions.",Enhanced report,revise,Reinforces Apple's fundamental corporate positioning as a privacy-first brand. Fulfills statutory transparency obligations under California Consumer Privacy Act and EU General Data Protection Regulation requirements.,"[{""name"": ""Installed_Base"", ""value"": ""2.2B"", ""unit"": ""currency"", ""observed_on"": ""2024-02-01""}, {""name"": ""Regulatory_Risk"", ""value"": ""Medium"", ""unit"": ""currency"", ""observed_on"": ""2024-02-01""}]",Legal,reported,"{legal,privacy,revise,transparency}",Operations;R&D,"Legal prepared expanded transparency reports disclosing government push-notification token surveillance requests; Government Affairs warned that detailed disclosures of foreign law enforcement demands would provoke diplomatic pushback and retaliatory regulatory audits in China and India; R&D confirmed end-to-end encryption protected message content regardless; Legal proceeded with publication, reaffirming transparency principles."
AAPL-2024Q1-0017,Apple Inc.,2024-02-01,quarterly_filings/2024_Q1.pdf,https://www.sec.gov/edgar/browse/?CIK=0000320193,Item 2. Management's Discussion and Analysis - Operations,Disclosure Context (2024_Q1): Trigger: 'Accounts payable declined to $58.1B'. Management Action: 'Extend terms'. Scope: 'Renegotiate supplier payment cycles.'. Rationale: 'Improves working capital efficiency.'.,Optimize Supplier Payment Terms,"Negotiate payment term extensions from 90 days to 120 days across 45 Tier-2 component and packaging suppliers across Taiwan, South Korea, and Japan. Procurement teams leverage Apple's multi-billion dollar volume commitments to lengthen accounts payable duration without triggering price index renegotiation clauses.",Extend terms,revise,Optimizes operating cash conversion cycle and working capital efficiency during an elevated interest rate environment. Extending trade payables provides cash flow flexibility to fund capital return programs and $39.9B quarterly operating cash generation.,"[{""name"": ""AP"", ""value"": ""$58.1B"", ""unit"": ""currency"", ""observed_on"": ""2024-02-01""}, {""name"": ""OCF"", ""value"": ""$39.9B"", ""unit"": ""currency"", ""observed_on"": ""2024-02-01""}]",Operations,reported,"{cashflow,operations,ops,revise,suppliers}",Finance;Legal,"Procurement insisted on pushing 120-day terms to optimize operating cash flow; Suppliers resisted, warning that extended credit cycles would compel them to raise component unit pricing by 1.8%; Finance supported longer payables to sustain working capital performance; Legal reviewed supply master agreements to ensure compliance with Japanese and Taiwanese fair trade subcontracting acts, establishing tiered terms based on supplier size."
AAPL-2024Q1-0018,Apple Inc.,2024-02-01,quarterly_filings/2024_Q1.pdf,https://www.sec.gov/edgar/browse/?CIK=0000320193,Item 2. Management's Discussion and Analysis - Finance,Disclosure Context (2024_Q1): Trigger: '$99.5B non-current securities'. Management Action: 'Shorten duration'. Scope: 'Shift duration shorter amid rate volatility.'. Rationale: 'Reduces unrealized loss risk.'.,Rebalance Marketable Securities Duration,"Rebalance Apple's $99.5B marketable securities portfolio by extending weighted-average duration from 2.4 years to 3.1 years across U.S. Treasuries, corporate bonds, and mortgage-backed securities. Treasury locks in peak 4.8%-5.2% benchmark yields across high-quality fixed income assets.",Shorten duration,revise,Capitalizes on the inverted yield curve environment to capture attractive risk-free yield before anticipated Federal Reserve interest rate easing cycles. Increases portfolio interest income to over $1.1B quarterly while preserving capital preservation mandates.,"[{""name"": ""Securities"", ""value"": ""$99.5B"", ""unit"": ""currency"", ""observed_on"": ""2024-02-01""}, {""name"": ""Rate_Volatility"", ""value"": ""High"", ""unit"": ""value"", ""observed_on"": ""2024-02-01""}]",Finance,reported,"{finance,rates,revise,treasury}",Legal;Operations,"Treasury proposed extending portfolio duration to 3.1 years to lock in 5% Treasury yields; Risk Management warned that if inflation proved sticky and the Fed hiked further, portfolio mark-to-market unrealized losses would widen under ASC 320; Legal confirmed the securities were classified as available-for-sale, insulating net income from fair-value swings; Treasury executed the duration extension in disciplined $5B weekly tranches."
AAPL-2024Q1-0019,Apple Inc.,2024-02-01,quarterly_filings/2024_Q1.pdf,https://www.sec.gov/edgar/browse/?CIK=0000320193,Item 2. Management's Discussion and Analysis - R&D,Disclosure Context (2024_Q1): Trigger: 'Services revenue $23.1B +11%'. Management Action: 'Incremental expansion'. Scope: 'Increase server capacity to support growth.'. Rationale: 'Aligns capacity with sustained growth.'.,Expand Cloud Infrastructure for Services Growth,"Expand scalable cloud computing and storage microservices architectures across Apple's private cloud data centers to accommodate 2.2 billion active devices syncing photos, iCloud Drive files, and end-to-end encrypted backups.",Incremental expansion,expand,Supports uninterrupted consumer cloud reliability and data security without paying excessive third-party public cloud compute egress fees. In-house private cloud scaling protects Services gross margins at 72.8%.,"[{""name"": ""Services"", ""value"": ""+11%"", ""unit"": ""percentage"", ""observed_on"": ""2024-02-01""}, {""name"": ""GM"", ""value"": ""72.8%"", ""unit"": ""percentage"", ""observed_on"": ""2024-02-01""}]",R&D,reported,"{cloud,expand,r&d,rd,services}",Finance;Operations,R&D cloud infrastructure teams requested $1.2B to build out custom Swift-based object storage clusters; Finance favored renting commodity public cloud storage on AWS to avoid upfront capital expenditure; Operations highlighted data sovereignty and regulatory risks of hosting European iCloud user data on external servers; Finance approved the private cloud buildout based on a 3-year operating expense reduction payback.
AAPL-2024Q1-0020,Apple Inc.,2024-02-01,quarterly_filings/2024_Q1.pdf,https://www.sec.gov/edgar/browse/?CIK=0000320193,Item 2. Management's Discussion and Analysis - Legal,Disclosure Context (2024_Q1): Trigger: 'ITC ruling on blood oxygen feature'. Management Action: 'Redesign certification'. Scope: 'Evaluate redesign certification risk.'. Rationale: 'Ensures US import continuity.'.,Assess Masimo Patent Compliance Strategy,"Coordinate multi-track legal defense and regulatory appeals against the U.S. International Trade Commission's patent exclusion order on pulse oximetry sensor technology in Apple Watch Series 9 and Ultra 2, engaging with U.S. Customs and Border Protection on redesign clearance.",Redesign certification,investigate,Restores commercial importation and sales of flagship Apple Watch models in the United States without infringing Masimo's asserted patents. Preserves billions in wearable hardware revenues while litigation proceeds in the Federal Circuit Court of Appeals.,"[{""name"": ""Legal_Risk"", ""value"": ""High"", ""unit"": ""value"", ""observed_on"": ""2024-02-01""}, {""name"": ""Watch_Revenue"", ""value"": ""Material"", ""unit"": ""currency"", ""observed_on"": ""2024-02-01""}]",Legal,reported,"{investigate,ip,legal,watch}",Operations;R&D,"Legal pursued an emergency stay at the Federal Circuit while simultaneously submitting a software-disabled redesign to U.S. Customs; Operations and Commercial teams urged settling with Masimo to avoid holiday sales disruptions; R&D software demonstrated that removing pulse oximetry algorithms via firmware satisfied Customs without physical hardware retooling; General Counsel advised against a multi-billion dollar patent licensing settlement, prioritizing legal appeal and customs redesign."
AAPL-2024Q1-0021,Apple Inc.,2024-02-01,quarterly_filings/2024_Q1.pdf,https://www.sec.gov/edgar/browse/?CIK=0000320193,Item 2. Management's Discussion and Analysis - Finance,"Disclosure Context (2024_Q1): Trigger: 'Operating cash flow reached $39.9B'. Management Action: 'Balanced allocation'. Scope: 'Determine allocation between buybacks, R&D, and debt reduction.'. Rationale: 'Sustains EPS growth while funding innovation.'.",Strategic Allocation of Operating Cash Flow,"Formulate a balanced capital allocation framework for Q1's record $39.9B operating cash flow, allocating $20.5B to share repurchases, $3.7B to common dividends, $2.4B to capital expenditures, and retaining $13.3B in liquid operating reserves.",Balanced allocation,revise,Maintains Apple's path toward a cash-neutral net capital structure over time while maintaining peerless balance sheet liquidity. Preserves strategic flexibility to fund multi-billion dollar supplier tooling pre-payments and regulatory contingency reserves.,"[{""name"": ""OCF"", ""value"": ""$39.9B"", ""unit"": ""currency"", ""observed_on"": ""2024-02-01""}, {""name"": ""Buybacks"", ""value"": ""$20.5B"", ""unit"": ""currency"", ""observed_on"": ""2024-02-01""}, {""name"": ""EPS"", ""value"": ""$2.18"", ""unit"": ""currency"", ""observed_on"": ""2024-02-01""}]",Finance,reported,"{allocation,cashflow,finance,revise}",Operations;R&D,Finance prioritized allocating 60% of operating cash flow to share buybacks; R&D petitioned for an additional $1.5B in advanced 2nm TSMC silicon tape-out reservations; Operations requested $800M for India factory expansion; Executive committee approved the $20.5B buyback while ring-fencing $13.3B in liquid cash to satisfy operational and R&D capital calls.
AAPL-2024Q1-0022,Apple Inc.,2024-02-01,quarterly_filings/2024_Q1.pdf,https://www.sec.gov/edgar/browse/?CIK=0000320193,Item 2. Management's Discussion and Analysis - Operations,Disclosure Context (2024_Q1): Trigger: 'Revenue $119.6B with 13-week quarter'. Management Action: 'Flexible staffing model'. Scope: 'Adjust retail staffing after shorter fiscal quarter.'. Rationale: 'Improves cost alignment post-holiday surge.'.,Optimize Holiday Retail Staffing Levels,Optimize holiday retail staffing schedules across 270 North American Apple Stores by deploying predictive foot-traffic analytics and flex-hour shift scheduling. Retail operations adjusts seasonal specialist headcounts down by 6% while expanding Genius Bar technical support hours during peak post-Christmas device activation weeks.,Flexible staffing model,revise,Aligns store labor expenses with the condensed 13-week fiscal calendar compared to the 14-week prior-year period. Improves retail store operating expense efficiency without degrading Net Promoter Scores or customer trade-in throughput.,"[{""name"": ""Revenue"", ""value"": ""$119.6B"", ""unit"": ""currency"", ""observed_on"": ""2024-02-01""}, {""name"": ""Operating_Income"", ""value"": ""$40.4B"", ""unit"": ""currency"", ""observed_on"": ""2024-02-01""}]",Operations,reported,"{cost,operations,ops,retail,revise}",Finance;Operations,Retail Operations lobbied for maintaining seasonal staffing headcounts through late January to manage trade-in volumes for the upcoming Vision Pro launch; Finance insisted on reducing retail labor OpEx by $85M to meet Q1 overhead targets; Store managers expressed concern over customer wait times during peak return weeks; Retail leadership compromised by shifting 15% of seasonal staff to part-time on-call arrangements.
AAPL-2024Q1-0023,Apple Inc.,2024-02-01,quarterly_filings/2024_Q1.pdf,https://www.sec.gov/edgar/browse/?CIK=0000320193,Item 2. Management's Discussion and Analysis - R&D,Disclosure Context (2024_Q1): Trigger: 'Services growth +11%'. Management Action: 'Optimize model'. Scope: 'Improve AI efficiency to reduce server reliance.'. Rationale: 'Balances cloud cost reduction with device performance.'.,Enhance On-Device AI Processing Efficiency,Optimize on-device neural network execution pipelines by implementing 4-bit and 8-bit integer quantization algorithms within the Core ML and Apple Neural Engine runtime on A17 Pro and M3 Apple Silicon.,Optimize model,revise,"Enables responsive, low-latency generative AI model inference directly on mobile hardware without requiring cloud round-trips. Preserves device battery life and upholds Apple's strict on-device data privacy guarantees.","[{""name"": ""Services"", ""value"": ""$23.1B"", ""unit"": ""currency"", ""observed_on"": ""2024-02-01""}, {""name"": ""R&D"", ""value"": ""$7.7B"", ""unit"": ""currency"", ""observed_on"": ""2024-02-01""}]",R&D,reported,"{ai,efficiency,r&d,rd,revise}",Operations;Finance,R&D AI researchers wanted to deploy full 16-bit floating-point generative models to maximize text generation fluency; Silicon architecture teams warned that 16-bit models would consume 100% of unified memory bandwidth and trigger aggressive thermal throttling on iPhone 15 Pro; R&D software developed hybrid 4-bit quantization that preserved 98% of model perplexity while reducing memory footprint by 62%.
AAPL-2024Q1-0024,Apple Inc.,2024-02-01,quarterly_filings/2024_Q1.pdf,https://www.sec.gov/edgar/browse/?CIK=0000320193,Item 2. Management's Discussion and Analysis - Legal,Disclosure Context (2024_Q1): Trigger: 'Installed base exceeded 2.2B devices'. Management Action: 'Add 5 markets'. Scope: 'Increase annual third-party privacy audits.'. Rationale: 'Reduces cross-border compliance exposure.'.,Expand Global Privacy Audit Program,"Expand internal global privacy audit programs across third-party software development kits (SDKs) and enterprise data processing partners, conducting automated code scans and data flow telemetry verification.",Add 5 markets,expand,Ensures complete compliance with App Tracking Transparency guidelines and prevents third-party data broker SDKs from secretly fingerprinting iOS users. Insulates Apple against regulatory fines under European GDPR and FTC privacy enforcement orders.,"[{""name"": ""Installed_Base"", ""value"": ""2.2B"", ""unit"": ""currency"", ""observed_on"": ""2024-02-01""}, {""name"": ""Regulatory_Risk"", ""value"": ""Medium"", ""unit"": ""currency"", ""observed_on"": ""2024-02-01""}]",Legal,reported,"{audit,expand,legal,privacy}",R&D;Operations,"Legal mandated rigorous runtime SDK audits that temporarily suspended 200 non-compliant developer apps from the App Store; Developer Relations protested that banning popular utility apps harmed customer satisfaction and developer goodwill; R&D automated the SDK compliance scanning tools; Legal upheld the suspensions, emphasizing that consumer privacy protection was an uncompromising corporate mandate."
AAPL-2024Q1-0025,Apple Inc.,2024-02-01,quarterly_filings/2024_Q1.pdf,https://www.sec.gov/edgar/browse/?CIK=0000320193,Item 2. Management's Discussion and Analysis - Operations,Disclosure Context (2024_Q1): Trigger: 'iPhone revenue $69.7B (+6%)'. Management Action: 'Partial redirect'. Scope: 'Redirect 6% inventory to strong APAC demand.'. Rationale: 'Captures higher-margin demand surge.'.,Accelerate iPhone Pro Supply to APAC,"Accelerate air-freight and regional logistics allocations of iPhone 15 Pro and Pro Max units to expanding Asian retail markets including India, Vietnam, and Indonesia. Operations charters 18 dedicated cargo flights from Shenzhen and Chennai hubs directly to Singapore and Mumbai distribution centers.",Partial redirect,expand,Captures surging double-digit smartphone upgrade demand in emerging markets that counterbalances softness in mature European channels. Rapid delivery satisfies waiting times that had extended to four weeks in key Indian metropolitan markets.,"[{""name"": ""iPhone"", ""value"": ""$69.7B"", ""unit"": ""currency"", ""observed_on"": ""2024-02-01""}, {""name"": ""APAC"", ""value"": ""$23.9B"", ""unit"": ""currency"", ""observed_on"": ""2024-02-01""}]",Operations,reported,"{apac,expand,iphone,operations,ops}",Finance;Operations,Logistics managers urged chartered air shipments to eliminate a 3-week delivery backlog across Southeast Asian capitals; Finance objected to $28M in expediting premiums on a product line already experiencing air freight inflation; Marketing argued product unavailability in India was gifting market momentum to Samsung's Galaxy S24; Executive team approved the dedicated charters after securing carrier freight volume discounts.
AAPL-2024Q1-0026,Apple Inc.,2024-02-01,quarterly_filings/2024_Q1.pdf,https://www.sec.gov/edgar/browse/?CIK=0000320193,Item 2. Management's Discussion and Analysis - Finance,Disclosure Context (2024_Q1): Trigger: 'Total long-term debt $95.3B'. Management Action: 'Refinance 20%'. Scope: 'Evaluate refinancing high-coupon tranches.'. Rationale: 'Reduces interest burden without liquidity strain.'.,Reassess Long-Term Debt Refinancing Strategy,"Evaluate liability management options for $3.5B in senior notes maturing in calendar 2024, assessing whether to retire maturities using cash or issue new 10-year and 30-year institutional debt at prevailing 4.9% benchmark spreads.",Refinance 20%,investigate,Optimizes Apple's term debt maturity ladder ($95.1B total term debt) without locking into historically elevated borrowing costs. Preserves Aa1/AA+ credit ratings and minimizes long-term interest carry costs.,"[{""name"": ""Debt"", ""value"": ""$95.3B"", ""unit"": ""currency"", ""observed_on"": ""2024-02-01""}, {""name"": ""Cash"", ""value"": ""$40.8B"", ""unit"": ""currency"", ""observed_on"": ""2024-02-01""}]",Finance,reported,"{debt,finance,investigate,refinance}",Legal;Operations,"Finance explored refinancing maturing 2024 notes with a new $3B 10-year institutional bond issue; Rating agencies signaled that maintaining gross debt above $105B during an antitrust inquiry window could impact rating outlooks; Legal advised that issuing new debt required expanding Form 10-Q risk factor disclosures; Treasury decided to retire 2024 maturities entirely using cash, avoiding high coupons."
AAPL-2024Q1-0027,Apple Inc.,2024-02-01,quarterly_filings/2024_Q1.pdf,https://www.sec.gov/edgar/browse/?CIK=0000320193,Item 2. Management's Discussion and Analysis - R&D,Disclosure Context (2024_Q1): Trigger: 'Services revenue $23.1B'. Management Action: 'Moderate upgrade'. Scope: 'Upgrade fraud detection ML systems.'. Rationale: 'Protects high-margin Services revenue.'.,Strengthen Services Fraud Detection AI,"Deploy advanced machine learning anomaly detection models across App Store transactional pipelines, analyzing telemetry across 700 million weekly storefront visitors to detect fraudulent payment attempts and malicious app clones.",Moderate upgrade,revise,"Protects digital marketplace integrity, preventing over $1.8B in annual fraudulent digital transactions. Preserves consumer trust in App Store commerce and reduces credit card chargeback expenses.","[{""name"": ""Services GM"", ""value"": ""72.8%"", ""unit"": ""percentage"", ""observed_on"": ""2024-02-01""}]",R&D,reported,"{fraud,r&d,rd,revise,services}",Legal;Finance,R&D fraud engineering proposed aggressive automated developer account termination triggers based on payment velocity anomalies; Legal raised concerns that false-positive automated bans would spark developer lawsuits and antitrust complaints under DMA fair-access rules; Finance supported automated fraud mitigation to stop chargeback fees; R&D implemented a two-tiered system where flagged accounts were routed to human compliance investigators.
AAPL-2024Q1-0028,Apple Inc.,2024-02-01,quarterly_filings/2024_Q1.pdf,https://www.sec.gov/edgar/browse/?CIK=0000320193,Item 2. Management's Discussion and Analysis - Legal,Disclosure Context (2024_Q1): Trigger: 'Vision Pro initial launch'. Management Action: 'Phased regional rollout'. Scope: 'Ensure global compliance certification timeline.'. Rationale: 'Reduces regulatory rejection risk.'.,Monitor Vision Pro Regulatory Certifications,"Monitor and secure international regulatory certifications, optical laser safety approvals, and radio-frequency compliance clearances across 15 national communications authorities ahead of the international rollout of Apple Vision Pro.",Phased regional rollout,investigate,"Guarantees legal authorization to import, market, and sell spatial computing hardware incorporating novel eye-tracking lasers, millimeter-wave radios, and dual micro-OLED displays in international markets.","[{""name"": ""Vision_Pro"", ""value"": ""Launch_Phase"", ""unit"": ""value"", ""observed_on"": ""2024-02-01""}, {""name"": ""EU_Risk"", ""value"": ""Medium"", ""unit"": ""currency"", ""observed_on"": ""2024-02-01""}]",Legal,reported,"{compliance,investigate,legal,visionpro}",Operations;R&D,Legal compliance teams identified strict optical laser emission standards in Japan and Germany that required additional localized technical testing documentation; Operations pushed to finalize European and Asian distribution by Q3 FY2024; R&D optical teams worked with certified European test laboratories to secure Class 1 laser safety certifications without hardware modifications.
AAPL-2024Q1-0029,Apple Inc.,2024-02-01,quarterly_filings/2024_Q1.pdf,https://www.sec.gov/edgar/browse/?CIK=0000320193,Item 2. Management's Discussion and Analysis - Operations,Disclosure Context (2024_Q1): Trigger: 'High global shipment volume'. Management Action: 'Renegotiate 3%'. Scope: 'Renegotiate freight contracts post-holiday.'. Rationale: 'Protects margin amid cost inflation.'.,Reduce Logistics Cost per Unit,"Transition 35% of intercontinental sea-freight containers for accessories, cables, and packaging materials to high-cube consolidated shipping corridors via Port of Los Angeles and Rotterdam. Operations integrates automated container packing density algorithms to maximize cubic volume utilization above 92%.",Renegotiate 3%,reduce,Reduces inbound logistics freight cost per unit by $0.42 across 65 million shipped accessory units. Mitigates volatile maritime spot rates and Red Sea shipping lane disruption surcharges through long-term volume container carrier contracts.,"[{""name"": ""Revenue"", ""value"": ""$119.6B"", ""unit"": ""currency"", ""observed_on"": ""2024-02-01""}, {""name"": ""GM"", ""value"": ""45.9%"", ""unit"": ""percentage"", ""observed_on"": ""2024-02-01""}]",Operations,reported,"{cost,logistics,operations,ops,reduce}",Finance;Legal,Logistics teams favored consolidating ocean freight corridors to save $48M annually; Commercial sales cautioned that 35-day ocean transits increased risk of stockouts for high-margin MagSafe chargers and FineWoven accessories; Legal reviewed maritime carrier contracts regarding carrier liability under the Carriage of Goods by Sea Act; Operations established dynamic buffer stocks at European distribution hubs to resolve transit variability.
AAPL-2024Q1-0030,Apple Inc.,2024-02-01,quarterly_filings/2024_Q1.pdf,https://www.sec.gov/edgar/browse/?CIK=0000320193,Item 2. Management's Discussion and Analysis - Finance,Disclosure Context (2024_Q1): Trigger: '$99.5B non-current securities'. Management Action: 'Diversify'. Scope: 'Diversify exposure across shorter-duration instruments.'. Rationale: 'Mitigates rate volatility exposure.'.,Enhance Treasury Risk Diversification,Diversify counterparty exposure across Apple's multi-currency deposit and derivative portfolios by establishing strict $2.5B maximum unsecured cash exposure limits per global Tier-1 commercial banking institution.,Diversify,revise,Protects corporate cash holdings against banking sector volatility and liquidity stress. Ensures seamless treasury clearing operations across 40 operational currencies without exposing Apple to regional bank credit contagion.,"[{""name"": ""Securities"", ""value"": ""$99.5B"", ""unit"": ""currency"", ""observed_on"": ""2024-02-01""}]",Finance,reported,"{finance,revise,risk,treasury}",Legal;Operations,Treasury proposed capping commercial bank exposure at $2.5B per institution across 25 global banks; Operations objected that fragmenting cash across so many institutions would complicate daily multi-billion dollar supplier wire settlements in Taiwan and China; Legal verified master netting agreements under ISDA documentation; Treasury implemented automated multi-bank cash concentration sweeps to maintain operational ease.
AAPL-2024Q1-0031,Apple Inc.,2024-02-01,quarterly_filings/2024_Q1.pdf,https://www.sec.gov/edgar/browse/?CIK=0000320193,Item 2. Management's Discussion and Analysis - R&D,Disclosure Context (2024_Q1): Trigger: 'Products GM 39.4%'. Management Action: 'Minor yield gain'. Scope: 'Optimize silicon yield by 1.5%.'. Rationale: 'Increases margin without product delay.'.,Improve Apple Silicon Yield Rates,"Collaborate with TSMC foundry engineering to optimize semiconductor fabrication yield curves for the 3nm N3B process node powering A17 Pro and M3 chips, addressing wafer defect density and extreme ultraviolet (EUV) lithography layer alignment.",Minor yield gain,revise,"Increases functional die yield per wafer from 65% toward 80%, substantially reducing the blended silicon cost per device. High silicon yields ensure sufficient chip volumes to support unconstrained iPhone Pro and Mac assembly schedules.","[{""name"": ""Products GM"", ""value"": ""39.4%"", ""unit"": ""percentage"", ""observed_on"": ""2024-02-01""}, {""name"": ""iPhone"", ""value"": ""$69.7B"", ""unit"": ""currency"", ""observed_on"": ""2024-02-01""}]",R&D,reported,"{r&d,rd,revise,silicon,yield}",Operations;Finance,"R&D chip architects wanted to push TSMC for aggressive wafer binning standards to maximize peak GPU clock speeds for gaming benchmarks; Operations warned that strict binning would discard 18% of semi-functional dies and exacerbate iPhone 15 Pro shortages; Finance objected to absorbing $17,000 per-wafer costs for rejected silicon; R&D implemented dynamic voltage-frequency scaling that allowed wider die tolerances to pass qualification."
AAPL-2024Q1-0032,Apple Inc.,2024-02-01,quarterly_filings/2024_Q1.pdf,https://www.sec.gov/edgar/browse/?CIK=0000320193,Item 2. Management's Discussion and Analysis - Legal,Disclosure Context (2024_Q1): Trigger: 'International revenue $69.6B'. Management Action: 'Adjust EU structure'. Scope: 'Reassess tax compliance structures across regions.'. Rationale: 'Mitigates regulatory scrutiny risk.'.,Assess Global Tax Exposure Adjustment,"Reassess global tax exposure and corporate tax contingency reserves under ASC 740, evaluating OECD Pillar Two global minimum tax implementation (15%) and ongoing appellate proceedings regarding the European Commission's €13B State Aid case in Ireland.",Adjust EU structure,investigate,Ensures accurate balance sheet tax provisioning amidst shifting international corporate tax treaties. Maintains transparent financial disclosures and insulates net income from unexpected statutory tax liability shocks.,"[{""name"": ""International"", ""value"": ""$69.6B"", ""unit"": ""currency"", ""observed_on"": ""2024-02-01""}]",Legal,reported,"{eu,investigate,legal,tax}",Finance;Legal,"Tax Legal recommended increasing ASC 740 tax reserves by $1.8B to account for pending OECD Pillar Two minimum tax rules taking effect in Europe; Finance opposed increasing tax expense provisions, noting it would reduce reported Q1 net income during a record quarter; External auditors concurred with conservative provisioning; Legal and Finance compromised by establishing a specialized deferred tax asset reserve that preserved GAAP compliance without distorting operating margins."
AAPL-2024Q1-0033,Apple Inc.,2024-02-01,quarterly_filings/2024_Q1.pdf,https://www.sec.gov/edgar/browse/?CIK=0000320193,Item 2. Management's Discussion and Analysis - Operations,Disclosure Context (2024_Q1): Trigger: 'High installed base 2.2B'. Management Action: '+5%'. Scope: 'Increase certified refurbished supply by 10%.'. Rationale: 'Captures price-sensitive demand segment.'.,Expand Refurbished Device Program,"Expand the Apple Certified Refurbished online and retail store distribution footprint into five new European countries and India. Operations scales reverse logistics processing lines at Elk Grove and Breda facilities to inspect, re-case, and re-battery trade-in iPhone 13, 14, and M2 Mac models.",+5%,expand,Monetizes high-volume trade-in device intakes generated during the iPhone 15 holiday upgrade cycle. Certified refurbished hardware delivers gross margins exceeding 48% while seeding the 2.2 billion active device ecosystem with premium secondary hardware.,"[{""name"": ""Installed_Base"", ""value"": ""2.2B"", ""unit"": ""currency"", ""observed_on"": ""2024-02-01""}, {""name"": ""Revenue"", ""value"": ""$119.6B"", ""unit"": ""currency"", ""observed_on"": ""2024-02-01""}]",Operations,reported,"{esg,expand,operations,ops,refurbished}",Finance;Legal,Operations pushed to launch refurbished sales in India to capitalize on surging trade-in supply; Legal warned that Indian electronic waste and refurbished import regulations required complex local refurbishing licenses; Finance worried refurbished iPhone 13 sales would cannibalize base iPhone 15 retail sell-through; Operations resolved concerns by partnering with certified local refurbishing partners under strict Apple quality audits.
AAPL-2024Q1-0034,Apple Inc.,2024-02-01,quarterly_filings/2024_Q1.pdf,https://www.sec.gov/edgar/browse/?CIK=0000320193,Item 2. Management's Discussion and Analysis - Finance,Disclosure Context (2024_Q1): Trigger: 'Services GM 72.8% vs Products 39.4%'. Management Action: 'Shift 3%'. Scope: 'Shift 3% capex toward Services growth.'. Rationale: 'Leverages higher margin profile.'.,Rebalance Services vs Products Investment Mix,"Rebalance internal capital budgeting allocations between hardware manufacturing engineering and Services digital platform infrastructure, shifting $450M in R&D and OpEx budgets toward recurring Services ecosystems.",Shift 3%,revise,"Aligns resource deployment with segment profitability trends, where Services generates a 72.8% gross margin compared to 39.4% for Products. Expanding high-margin Services software investment sustains corporate blended margin expansion above 45%.","[{""name"": ""Services GM"", ""value"": ""72.8%"", ""unit"": ""percentage"", ""observed_on"": ""2024-02-01""}, {""name"": ""Products GM"", ""value"": ""39.4%"", ""unit"": ""percentage"", ""observed_on"": ""2024-02-01""}]",Finance,reported,"{capex,finance,revise,services}",R&D;Operations,"Finance recommended shifting $450M in operational budget from Mac/iPad manufacturing to Services AI infrastructure; Hardware engineering leadership objected, warning that starving Mac tooling would compromise M4 MacBook Pro chassis refinements; R&D software welcomed the capital to expand CloudKit database clusters; Management approved the shift while granting hardware teams a $100M efficiency carve-out."
AAPL-2024Q1-0035,Apple Inc.,2024-02-01,quarterly_filings/2024_Q1.pdf,https://www.sec.gov/edgar/browse/?CIK=0000320193,Item 2. Management's Discussion and Analysis - R&D,Disclosure Context (2024_Q1): Trigger: 'Vision Pro ecosystem buildout'. Management Action: '$50M'. Scope: 'Allocate additional developer grants.'. Rationale: 'Stimulates ecosystem without overspend.'.,Advance AR Ecosystem Developer Grants,"Establish a dedicated spatial computing developer acceleration program, providing 1,500 Apple Vision Pro hardware developer kits, engineering lab access in six global cities, and direct architectural support to tier-1 enterprise software developers.",$50M,expand,Catalyzes rapid development of native visionOS applications ahead of commercial availability. A robust enterprise and productivity app ecosystem establishes Apple Vision Pro as a viable spatial computing platform for corporate workflows.,"[{""name"": ""R&D"", ""value"": ""$7.7B"", ""unit"": ""currency"", ""observed_on"": ""2024-02-01""}]",R&D,reported,"{developers,expand,r&d,rd,visionpro}",Finance;Legal,"Developer Relations R&D requested distributing 2,000 free Vision Pro developer kits to high-profile software studios; Finance argued that handing out $7M in pre-production hardware with uncertain ROI burdened R&D operating expenses; Legal required rigorous non-disclosure and intellectual property assignment agreements to prevent leaks of unreleased visionOS APIs; Executive committee approved distributing 1,500 kits under strict legal covenants."
AAPL-2024Q1-0036,Apple Inc.,2024-02-01,quarterly_filings/2024_Q1.pdf,https://www.sec.gov/edgar/browse/?CIK=0000320193,Item 2. Management's Discussion and Analysis - Legal,Disclosure Context (2024_Q1): Trigger: 'Regulatory pressure on platform fairness'. Management Action: 'Partial disclosure'. Scope: 'Publish expanded review processing metrics.'. Rationale: 'Improves regulatory optics without exposing IP.'.,Update Global App Review Transparency Metrics,"Update public App Review transparency metrics and developer guidelines, publishing annual statistics on app rejections, guideline violations, copyright dispute resolutions, and developer appeal overturn rates.",Partial disclosure,investigate,Fulfills European Digital Services Act (DSA) Article 15 transparency obligations and rebuts antitrust allegations of arbitrary or discriminatory app curation. Demonstrates objective platform governance to global competition regulators.,"[{""name"": ""Services"", ""value"": ""$23.1B"", ""unit"": ""currency"", ""observed_on"": ""2024-02-01""}]",Legal,reported,"{appstore,investigate,legal,transparency}",R&D;Operations,"Legal proposed publishing detailed breakdowns of app rejection reasons, including government-directed app takedowns; Government Affairs warned that listing specific foreign government app censorship requests would trigger regulatory reprisals in sensitive markets; Developer Relations welcomed transparency; Legal published aggregate figures with regional breakdowns, satisfying DSA transparency requirements."
AAPL-2024Q1-0037,Apple Inc.,2024-02-01,quarterly_filings/2024_Q1.pdf,https://www.sec.gov/edgar/browse/?CIK=0000320193,Item 2. Management's Discussion and Analysis - Operations,Disclosure Context (2024_Q1): Trigger: 'Geopolitical volatility'. Management Action: 'Dual source'. Scope: 'Add secondary suppliers for critical components.'. Rationale: 'Mitigates regional supply risk.'.,Strengthen Supply Chain Dual Sourcing,"Qualify secondary manufacturing sources for titanium frame machining and USB-C controller flex assemblies across Foxconn, Pegatron, and Luxshare facilities in Vietnam and India. Operations allocates $140M in tooling capital to replicate precision CNC machining lines outside mainland China.",Dual source,revise,Eliminates single-point production bottlenecks that constrained iPhone 15 Pro Max delivery timelines during the Q1 launch window. Enhances operational resilience against local regulatory disruptions and geopolitical supply chain vulnerabilities.,"[{""name"": ""Revenue"", ""value"": ""$119.6B"", ""unit"": ""currency"", ""observed_on"": ""2024-02-01""}, {""name"": ""Inventory"", ""value"": ""$6.5B"", ""unit"": ""currency"", ""observed_on"": ""2024-02-01""}]",Operations,reported,"{operations,ops,resilience,revise,supply}",R&D;Finance,Operations demanded immediate qualification of secondary suppliers in Vietnam to de-risk geographic concentration; R&D quality engineers rejected initial titanium frame yield samples from secondary vendors due to surface micro-porosity defects; Finance questioned the $140M duplicated tooling investment; Operations agreed to station dedicated Apple metallurgy specialists on-site until vendor yields met Apple's 98.5% structural standard.
AAPL-2024Q1-0038,Apple Inc.,2024-02-01,quarterly_filings/2024_Q1.pdf,https://www.sec.gov/edgar/browse/?CIK=0000320193,Item 2. Management's Discussion and Analysis - Finance,Disclosure Context (2024_Q1): Trigger: 'International revenue $69.6B'. Management Action: '+10%'. Scope: 'Increase hedge coverage by 10%.'. Rationale: 'Stabilizes earnings in volatile currency markets.'.,Model FX Exposure Sensitivity,"Update foreign currency cash flow hedge models covering Japanese Yen, Euro, and British Pound revenue streams under ASC 815, increasing hedged notional volume to €14.2B and ¥1.8T through 12-month forward derivative contracts.",+10%,revise,"Protects international product revenues against acute currency depreciation headwinds. Effective hedging dampens gross margin volatility, insulating dollar-reported net sales from persistent Yen weakness below 150/USD.","[{""name"": ""International"", ""value"": ""$69.6B"", ""unit"": ""currency"", ""observed_on"": ""2024-02-01""}, {""name"": ""EPS"", ""value"": ""$2.18"", ""unit"": ""currency"", ""observed_on"": ""2024-02-01""}]",Finance,reported,"{finance,fx,hedging,revise}",Operations;Legal,"Treasury executed extended JPY and EUR forward derivative contracts to lock in exchange rates; Operations warned that hedging Japanese Yen revenues at 148/USD locked in a 12% revenue contraction compared to budget, necessitating local hardware price increases; Legal confirmed ASC 815 cash flow hedge accounting eligibility; Finance maintained the hedge ratio to eliminate downside risk against Yen weakening to 155/USD."
AAPL-2024Q1-0039,Apple Inc.,2024-02-01,quarterly_filings/2024_Q1.pdf,https://www.sec.gov/edgar/browse/?CIK=0000320193,Item 2. Management's Discussion and Analysis - R&D,Disclosure Context (2024_Q1): Trigger: 'Customer satisfaction targets'. Management Action: 'Broader update'. Scope: 'Enhance firmware optimization for battery health.'. Rationale: 'Improves device retention and brand loyalty.'.,Improve Battery Longevity Metrics Across Devices,"Overhaul battery health management algorithms in iOS 17.3, introducing an optional 80% maximum charge limit and dynamic charging current modulation calibrated against ambient temperature sensors and historical charging habits.",Broader update,revise,"Extends chemical battery lifespan from 500 charge cycles to 1,000 cycles while retaining 80% original capacity on iPhone 15 series. Reduces battery warranty replacement claims and supports corporate sustainability commitments.","[{""name"": ""Installed_Base"", ""value"": ""2.2B"", ""unit"": ""currency"", ""observed_on"": ""2024-02-01""}]",R&D,reported,"{battery,quality,r&d,rd,revise}",Legal;Operations,"R&D battery chemical engineering proposed defaulting all new iPhones to an 80% maximum charge limit to double battery lifespan; Product Marketing objected, arguing that consumers would perceive the lower initial daily battery life as a hardware defect; Legal warned of consumer protection litigation if marketed battery runtime specifications were artificially constrained; R&D implemented the 80% limit as an explicit user-selectable toggle in Battery Health settings."
AAPL-2024Q1-0040,Apple Inc.,2024-02-01,quarterly_filings/2024_Q1.pdf,https://www.sec.gov/edgar/browse/?CIK=0000320193,Item 2. Management's Discussion and Analysis - Legal,Disclosure Context (2024_Q1): Trigger: 'Increased DOJ scrutiny'. Management Action: 'Moderate prep'. Scope: 'Develop litigation response taskforce.'. Rationale: 'Reduces reaction time and legal exposure.'.,Prepare Contingency Plan for US Antitrust Inquiry,Formulate a proactive litigation defense and public positioning strategy in anticipation of the U.S. Department of Justice filing a comprehensive antitrust complaint challenging the iPhone ecosystem and iOS platform policies.,Moderate prep,revise,"Prepares legal factual records, economic defense exhibits, and external communications frameworks ahead of landmark government antitrust litigation. Mitigates market and investor uncertainty upon formal lawsuit announcement.","[{""name"": ""US_Revenue"", ""value"": ""$50.4B"", ""unit"": ""currency"", ""observed_on"": ""2024-02-01""}, {""name"": ""Legal_Risk"", ""value"": ""High"", ""unit"": ""value"", ""observed_on"": ""2024-02-01""}]",Legal,reported,"{antitrust,legal,revise,us}",Finance;Operations,Antitrust Defense Legal requested $80M in unbudgeted litigation defense reserves and retention of top economic consulting firms; Finance scrutinized the legal spending request amidst corporate overhead reduction targets; Executive leadership recognized that the impending DOJ lawsuit threatened core hardware-software integration; Finance approved the comprehensive litigation defense budget.
AAPL-2024Q1-0041,Apple Inc.,2024-02-01,quarterly_filings/2024_Q1.pdf,https://www.sec.gov/edgar/browse/?CIK=0000320193,Item 2. Management's Discussion and Analysis - Finance,Disclosure Context (2024_Q1): Trigger: 'Deferred revenue reached $12.5B'. Management Action: 'Improve forecasting granularity'. Scope: 'Refine revenue recognition forecasting to improve quarterly predictability.'. Rationale: 'Enhances earnings visibility without altering accounting standards.'.,Optimize Deferred Revenue Recognition Timing,"Refine revenue recognition accounting models under ASC 606 for bundled hardware and software performance obligations, recalculating deferred revenue amortization schedules for iOS feature update delivery and AppleCare+ plans.",Improve forecasting granularity,defer,"Ensures precise compliance with GAAP multi-element transaction price allocations. Accurately amortizes $12.8B in total deferred revenue, providing transparent quarterly Services revenue recognition curves.","[{""name"": ""Deferred_Revenue"", ""value"": ""$12.5B"", ""unit"": ""currency"", ""observed_on"": ""2024-02-01""}, {""name"": ""EPS"", ""value"": ""$2.18"", ""unit"": ""currency"", ""observed_on"": ""2024-02-01""}]",Finance,reported,"{defer,deferred_revenue,finance,forecasting}",Legal;R&D,"Finance accounting proposed shortening the amortization window for bundled software updates from 36 months to 24 months to accelerate revenue recognition; External auditors PwC questioned whether software update delivery milestones had changed; Legal reviewed customer licensing terms; Finance maintained the 36-month schedule, avoiding audit complications and earnings restatement risks."
AAPL-2024Q1-0042,Apple Inc.,2024-02-01,quarterly_filings/2024_Q1.pdf,https://www.sec.gov/edgar/browse/?CIK=0000320193,Item 2. Management's Discussion and Analysis - Operations,Disclosure Context (2024_Q1): Trigger: 'iPad revenue declined 25% to $7.0B'. Management Action: 'Targeted incentives'. Scope: 'Adjust channel incentives to clear excess inventory.'. Rationale: 'Protects brand equity while reducing channel backlog.'.,Improve iPad Channel Sell-Through Strategy,"Revamp iPad retail channel merchandising and promotional trade-in allowances across 1,800 third-party electronics retail storefronts. Operations partners with commercial distributors to provide tiered $50-$80 trade-in credits for iPad Air and iPad mini to stimulate replacement demand prior to upcoming product refreshes.",Targeted incentives,revise,Counteracts severe category contraction following a 25% YoY drop in quarterly iPad net sales. Clearing channel pipeline inventory prevents aging model write-downs and creates floor space for new OLED iPad Pro and redesigned iPad Air product introductions.,"[{""name"": ""iPad"", ""value"": ""$7.0B"", ""unit"": ""currency"", ""observed_on"": ""2024-02-01""}, {""name"": ""YoY"", ""value"": ""-25%"", ""unit"": ""percentage"", ""observed_on"": ""2024-02-01""}]",Operations,reported,"{channel,ipad,operations,ops,revise}",Finance;Operations,Sales operations proposed aggressive trade-in subsidies to clear sluggish iPad channel stock; Finance argued that subsidizing aging iPad models would compress product gross margin by 120 basis points; Retail partners warned that unassisted inventory would force unauthorized wholesale discounting; Management authorized targeted trade-in credits capped at $65M total spend across selected geographic corridors.
AAPL-2024Q1-0043,Apple Inc.,2024-02-01,quarterly_filings/2024_Q1.pdf,https://www.sec.gov/edgar/browse/?CIK=0000320193,Item 2. Management's Discussion and Analysis - R&D,Disclosure Context (2024_Q1): Trigger: 'Vision Pro early-stage launch'. Management Action: 'Incremental redesign'. Scope: 'Identify component redesign opportunities to reduce BOM by 4%.'. Rationale: 'Gradually improves margin without delaying roadmap.'.,Reduce Vision Pro Production Cost Curve,"Initiate advanced manufacturing research to reduce production cycle times for Apple Vision Pro, partnering with Sony and Luxshare to optimize high-precision robotic micro-OLED display optical alignment and laminated curved glass bonding.",Incremental redesign,reduce,"Flattens the steep manufacturing cost curve for first-generation spatial computing hardware. Automated precision alignment increases assembly line throughput from 22 units per hour to 45 units per hour, lowering assembly labor overhead.","[{""name"": ""R&D"", ""value"": ""$7.7B"", ""unit"": ""currency"", ""observed_on"": ""2024-02-01""}, {""name"": ""Gross_Margin"", ""value"": ""45.9%"", ""unit"": ""percentage"", ""observed_on"": ""2024-02-01""}]",R&D,reported,"{cost,r&d,rd,reduce,visionpro}",Operations;Finance,"R&D manufacturing technology proposed redesigning the Vision Pro curved front glass lamination process to eliminate manual technician inspection; Operations warned that automated lamination lines had a 12% optical bubble defect rate; Finance urged cost reduction to lower the estimated $1,540 BOM cost; R&D agreed to run dual manual-and-automated lines until automated vision inspection achieved 99.5% optical clarity."
AAPL-2024Q1-0044,Apple Inc.,2024-02-01,quarterly_filings/2024_Q1.pdf,https://www.sec.gov/edgar/browse/?CIK=0000320193,Item 2. Management's Discussion and Analysis - Legal,Disclosure Context (2024_Q1): Trigger: 'Revenue $119.6B across regions'. Management Action: 'Expand audits to 3 regions'. Scope: 'Audit compliance with regional warranty and return laws.'. Rationale: 'Reduces litigation exposure while containing cost.'.,Strengthen Global Consumer Protection Compliance,"Harmonize global consumer protection terms, warranty documentation, and return policies across 40 countries, incorporating European Consumer Sales Directive provisions and California Right to Repair statutory mandates.",Expand audits to 3 regions,expand,Eliminates cross-border consumer policy discrepancies and shields Apple against consumer regulatory investigations and class-action statutory penalty claims. Streamlines customer service operations globally.,"[{""name"": ""International_Revenue"", ""value"": ""$69.6B"", ""unit"": ""currency"", ""observed_on"": ""2024-02-01""}]",Legal,reported,"{compliance,consumer,expand,legal}",Operations;Finance,Legal drafted standardized 2-year warranty and repair documentation to harmonize EU and U.S. policies; Retail Operations warned that advertising a 2-year warranty in the U.S. would cannibalize paid AppleCare+ attach rates by 15%; Finance opposed any move that depressed high-margin warranty revenue; Legal maintained statutory 1-year terms in the U.S. while ensuring European storefronts displayed mandatory 2-year EU statutory guarantees.
AAPL-2024Q1-0045,Apple Inc.,2024-02-01,quarterly_filings/2024_Q1.pdf,https://www.sec.gov/edgar/browse/?CIK=0000320193,Item 2. Management's Discussion and Analysis - Finance,Disclosure Context (2024_Q1): Trigger: '$20.5B buybacks executed'. Management Action: 'Volatility-based execution'. Scope: 'Optimize repurchase timing using volatility bands.'. Rationale: 'Improves capital return efficiency without increasing volume.'.,Enhance Share Repurchase Efficiency Model,"Upgrade the automated share repurchase execution algorithm to incorporate intra-day liquidity metrics, implied option volatility bands, and VWAP tracking across multiple exchange venues.",Volatility-based execution,reduce,"Maximizes the number of common shares retired per dollar deployed under the $90B Board authorization. Reduces market impact costs by 8 basis points, saving an estimated $16M annually on high-volume buyback tranches.","[{""name"": ""Buybacks"", ""value"": ""$20.5B"", ""unit"": ""currency"", ""observed_on"": ""2024-02-01""}, {""name"": ""EPS"", ""value"": ""$2.18"", ""unit"": ""currency"", ""observed_on"": ""2024-02-01""}]",Finance,reported,"{buybacks,capital,finance,reduce}",Legal;Finance,Treasury wanted the buyback execution algorithm to trade aggressively when AAPL dropped below 20-day moving averages; Legal warned that opportunistic trading patterns could draw SEC regulatory scrutiny under Rule 10b5-1 trading plan guidelines; Trading desks affirmed compliance safeguards; Finance implemented strict algorithmic volume limits capping buybacks at 15% of daily consolidated trading volume.
AAPL-2024Q1-0046,Apple Inc.,2024-02-01,quarterly_filings/2024_Q1.pdf,https://www.sec.gov/edgar/browse/?CIK=0000320193,Item 2. Management's Discussion and Analysis - Operations,Disclosure Context (2024_Q1): Trigger: 'Wearables revenue $11.9B (-11%)'. Management Action: 'Reduce 6%'. Scope: 'Limit future production runs by 6%.'. Rationale: 'Aligns production with slower demand.'.,Reduce Wearables Excess Inventory Exposure,Implement dynamic inventory hold protocols and reverse replenishment routing for Apple Watch Series 9 and Ultra 2 units across U.S. distribution channels. Operations segregates unsold inventory lots with active pulse oximetry sensors to enable rapid firmware re-flashing upon regulatory clearance.,Reduce 6%,reduce,Maintains strict operational compliance with U.S. Customs and Border Protection enforcement guidelines while preventing permanent inventory write-offs. Preserves product asset value by preparing hardware for immediate software-level feature modification.,"[{""name"": ""Wearables"", ""value"": ""$11.9B"", ""unit"": ""currency"", ""observed_on"": ""2024-02-01""}, {""name"": ""YoY"", ""value"": ""-11%"", ""unit"": ""percentage"", ""observed_on"": ""2024-02-01""}]",Operations,reported,"{inventory,operations,ops,reduce,wearables}",Legal;R&D,"Operations requested authorization to re-flash and repackage 800,000 quarantined Apple Watch units immediately; Legal insisted on waiting for formal written ruling letters from U.S. Customs regarding the software workaround; R&D raised concerns that disabling the blood oxygen algorithm permanently in firmware would trigger consumer return spikes; Operations held inventory in secure bonded facilities until Customs issued formal approval."
AAPL-2024Q1-0047,Apple Inc.,2024-02-01,quarterly_filings/2024_Q1.pdf,https://www.sec.gov/edgar/browse/?CIK=0000320193,Item 2. Management's Discussion and Analysis - R&D,Disclosure Context (2024_Q1): Trigger: 'Services revenue $23.1B'. Management Action: 'Incremental upgrade'. Scope: 'Deploy enhanced personalization to increase ARPU by 2%.'. Rationale: 'Captures upside while limiting experimentation risk.'.,Expand Services ARPU Personalization Engine,"Upgrade the Services machine learning personalization engine to ingest cross-service behavioral embeddings, delivering intelligent subscription upsell prompts in iOS settings and customized Apple Music Discovery Stations.",Incremental upgrade,expand,Expands customer lifetime value and paid subscription attachment across the installed base. Contextual personalization increases trial conversion by 14% while reducing marketing acquisition spending.,"[{""name"": ""Services_GM"", ""value"": ""72.8%"", ""unit"": ""percentage"", ""observed_on"": ""2024-02-01""}, {""name"": ""Revenue"", ""value"": ""$23.1B"", ""unit"": ""currency"", ""observed_on"": ""2024-02-01""}]",R&D,reported,"{arpu,expand,r&d,rd,services}",Finance;Legal,"Services R&D proposed embedding personalized subscription upgrade promotions directly within native iOS system settings; Legal cautioned that prominent first-party promotional prompts could be characterized as anti-competitive self-preferencing under the EU Digital Markets Act; Finance supported the prompts to accelerate services revenue; R&D redesigned the prompts to appear only within dedicated account management menus, avoiding system-level push notifications."
AAPL-2024Q1-0048,Apple Inc.,2024-02-01,quarterly_filings/2024_Q1.pdf,https://www.sec.gov/edgar/browse/?CIK=0000320193,Item 2. Management's Discussion and Analysis - Legal,Disclosure Context (2024_Q1): Trigger: 'Installed base surpassed 2.2B'. Management Action: 'Regional review'. Scope: 'Review cross-border data transfer compliance.'. Rationale: 'Mitigates regulatory sanctions in sensitive markets.'.,Audit Cross-Border Data Transfer Agreements,"Audit and restructure cross-border data transfer agreements and Standard Contractual Clauses (SCCs) following the adoption of the EU-U.S. Data Privacy Framework, certifying Apple's corporate compliance with international data transfer standards.",Regional review,investigate,"Guarantees legal authorization for uninterrupted transatlantic data flows for iCloud, Apple Music, and developer services. Shields Apple from massive GDPR transfer suspension penalties and regulatory injunctions.","[{""name"": ""Installed_Base"", ""value"": ""2.2B"", ""unit"": ""currency"", ""observed_on"": ""2024-02-01""}]",Legal,reported,"{compliance,data,investigate,legal}",R&D;Operations,Privacy Legal required all cloud infrastructure vendors to execute updated SCCs and submit to annual third-party data sovereignty audits; Operations warned that smaller regional CDN providers would refuse audit covenants and terminate service; R&D developed encrypted enclave routing that rendered vendor data access technically impossible; Legal approved the vendor contracts based on cryptographic safeguards.
AAPL-2024Q1-0049,Apple Inc.,2024-02-01,quarterly_filings/2024_Q1.pdf,https://www.sec.gov/edgar/browse/?CIK=0000320193,Item 2. Management's Discussion and Analysis - Finance,Disclosure Context (2024_Q1): Trigger: 'Operating cash flow $39.9B'. Management Action: 'Improve DSO 3%'. Scope: 'Reduce DSO by tightening receivable cycles.'. Rationale: 'Improves liquidity without harming channel relationships.'.,Improve Working Capital Efficiency,"Implement dynamic working capital optimization protocols across global commercial accounts receivable and vendor accounts payable, maintaining cash conversion cycle efficiency at negative 58 days.",Improve DSO 3%,revise,Generates operational liquidity without relying on expensive short-term credit lines. Negative working capital cycles allow Apple to finance inventory holdings using non-interest bearing supplier commercial credit.,"[{""name"": ""OCF"", ""value"": ""$39.9B"", ""unit"": ""currency"", ""observed_on"": ""2024-02-01""}, {""name"": ""Receivables"", ""value"": ""$29.5B"", ""unit"": ""currency"", ""observed_on"": ""2024-02-01""}]",Finance,reported,"{finance,revise,working_capital}",Operations;Legal,Finance pushed to stretch accounts payable to 110 days to maximize negative working capital; Procurement warned that smaller acoustic and sensor suppliers in Japan were facing cash crunches and might delay shipments; Legal reviewed supply master agreements for breach triggers; Finance instituted an early-payment supply chain financing program through Citi allowing vendors to discount receivables at 4.2%.
AAPL-2024Q1-0050,Apple Inc.,2024-02-01,quarterly_filings/2024_Q1.pdf,https://www.sec.gov/edgar/browse/?CIK=0000320193,Item 2. Management's Discussion and Analysis - Operations,Disclosure Context (2024_Q1): Trigger: 'Strong Mac and Services growth'. Management Action: 'Increase 3%'. Scope: 'Enhance enterprise channel incentives.'. Rationale: 'Supports stable recurring enterprise revenue.'.,Expand Enterprise Sales Incentives,Expand enterprise direct sales financing and volume purchase incentives for Mac and iPad fleets across Fortune 500 accounts. Operations partners with Apple Financial Services to structure flexible 36-month lease agreements with guaranteed 40% residual value assumptions on M3 MacBook Pro deployments.,Increase 3%,expand,Accelerates commercial PC refresh cycles and protects enterprise Mac revenue during broader enterprise hardware IT spending slowdowns. Enterprise deployments generate recurring high-margin AppleCare and MDM software attachment revenues.,"[{""name"": ""Mac"", ""value"": ""$7.8B"", ""unit"": ""currency"", ""observed_on"": ""2024-02-01""}, {""name"": ""Services"", ""value"": ""$23.1B"", ""unit"": ""currency"", ""observed_on"": ""2024-02-01""}]",Operations,reported,"{enterprise,expand,operations,ops,sales}",Finance;Legal,"Enterprise Sales requested aggressive residual value guarantees of 45% to win competitive PC replacement tenders against Dell and Lenovo; Finance raised balance sheet residual value risk reserves by $38M, arguing commercial resale markets could soften; Legal reviewed commercial lease default covenants; Finance approved a 40% residual ceiling paired with mandatory corporate credit insurance."
AAPL-2024Q1-0051,Apple Inc.,2024-02-01,quarterly_filings/2024_Q1.pdf,https://www.sec.gov/edgar/browse/?CIK=0000320193,Item 2. Management's Discussion and Analysis - R&D,Disclosure Context (2024_Q1): Trigger: 'Margin expansion 45.9%'. Management Action: '+2% R&D'. Scope: 'Allocate incremental silicon R&D toward power efficiency gains.'. Rationale: 'Supports long-term device differentiation.'.,Increase Silicon R&D for Energy Efficiency,"Allocate $400M in advanced silicon architecture research toward energy-efficient microarchitectures for future M-series and A-series processors, designing high-density efficiency cores that deliver 30% higher performance-per-watt on sub-3nm nodes.",+2% R&D,expand,Maintains Apple Silicon's decisive performance-per-watt lead over competing x86 and ARM processors. Thermal efficiency enables fanless MacBook Air designs and extended all-day battery life across mobile products.,"[{""name"": ""R&D"", ""value"": ""$7.7B"", ""unit"": ""currency"", ""observed_on"": ""2024-02-01""}, {""name"": ""Gross_Margin"", ""value"": ""45.9%"", ""unit"": ""percentage"", ""observed_on"": ""2024-02-01""}]",R&D,reported,"{efficiency,expand,r&d,rd,silicon}",Finance;Operations,"Silicon R&D requested $400M to develop specialized low-leakage transistor cell libraries for 2nm process nodes; Finance questioned the long-dated investment timeline, noting commercial tape-outs were over two years away; Operations highlighted that optimizing performance-per-watt was the primary competitive moat against Qualcomm's Snapdragon X Elite; Finance approved the multi-year allocation with annual silicon milestone gates."
AAPL-2024Q1-0052,Apple Inc.,2024-02-01,quarterly_filings/2024_Q1.pdf,https://www.sec.gov/edgar/browse/?CIK=0000320193,Item 2. Management's Discussion and Analysis - Legal,Disclosure Context (2024_Q1): Trigger: 'Investor scrutiny on ESG metrics'. Management Action: 'Expand metrics'. Scope: 'Expand sustainability disclosures in annual filings.'. Rationale: 'Improves institutional investor confidence.'.,Enhance ESG Reporting Transparency,"Enhance corporate Environmental, Social, and Governance (ESG) reporting transparency by aligning the annual Environmental Progress Report with the European Corporate Sustainability Reporting Directive (CSRD) and SEC climate disclosure rules.",Expand metrics,expand,"Provides audited, scientifically validated Scope 1, 2, and 3 emissions metrics to global institutional investors and regulatory agencies. Validates corporate sustainability claims and protects against greenwashing liability.","[{""name"": ""Operating_Income"", ""value"": ""$40.4B"", ""unit"": ""currency"", ""observed_on"": ""2024-02-01""}]",Legal,reported,"{esg,expand,governance,legal}",Operations;Finance,"ESG Legal proposed publishing granular Scope 3 supplier carbon emissions data down to individual contract manufacturing partners; Procurement and Operations strongly objected, stating that disclosure would expose proprietary supplier production volumes to competitors; Finance supported standardized disclosure; Legal published aggregated tier-1 supplier decarbonization percentages, satisfying CSRD without compromising trade secrets."
AAPL-2024Q1-0053,Apple Inc.,2024-02-01,quarterly_filings/2024_Q1.pdf,https://www.sec.gov/edgar/browse/?CIK=0000320193,Item 2. Management's Discussion and Analysis - Finance,Disclosure Context (2024_Q1): Trigger: 'Capex $3.4B'. Management Action: 'Maintain'. Scope: 'Align capex with margin trajectory.'. Rationale: 'Supports disciplined expansion.'.,Reevaluate Capital Expenditure Pace,"Reevaluate the full-year FY2024 capital expenditure forecast, capping corporate facilities and tooling CapEx at $11.0B while reallocating $600M toward silicon test automation and visionOS spatial computing laboratories.",Maintain,investigate,Maintains capital discipline in hardware manufacturing tooling following iPad and Mac demand normalization. Focuses high-return capital deployment on proprietary silicon architectures that sustain product differentiation.,"[{""name"": ""Capex"", ""value"": ""$3.4B"", ""unit"": ""currency"", ""observed_on"": ""2024-02-01""}, {""name"": ""GM"", ""value"": ""45.9%"", ""unit"": ""percentage"", ""observed_on"": ""2024-02-01""}]",Finance,reported,"{capex,finance,investigate}",R&D;Operations,Finance proposed capping FY2024 CapEx at $10.5B to protect free cash flow; R&D insisted on an unconstrained $1.8B budget for next-generation 3nm Apple Silicon test benches and cleanrooms; Operations highlighted necessary manufacturing tooling for India iPhone assembly lines; Executive committee approved an $11.0B compromise with $600M earmarked specifically for silicon lab expansion.
AAPL-2024Q1-0054,Apple Inc.,2024-02-01,quarterly_filings/2024_Q1.pdf,https://www.sec.gov/edgar/browse/?CIK=0000320193,Item 2. Management's Discussion and Analysis - Operations,Disclosure Context (2024_Q1): Trigger: 'Installed base 2.2B'. Management Action: '+4%'. Scope: 'Increase service center capacity by 4%.'. Rationale: 'Enhances loyalty and lifetime value.'.,Strengthen After-Sales Service Capacity,Scale Apple Authorized Service Provider (AASP) and Genius Bar technical service capacity by deploying automated diagnostic benches and modular battery replacement presses. Operations certifies 320 additional independent repair provider locations in Europe and North America under the expanded Self Service Repair program.,+4%,revise,Reduces customer repair turnaround times from 4.2 days to same-day service for common display and battery replacements. High repair service satisfaction directly reinforces customer retention across the 2.2 billion active device installed base.,"[{""name"": ""Installed_Base"", ""value"": ""2.2B"", ""unit"": ""currency"", ""observed_on"": ""2024-02-01""}]",Operations,reported,"{operations,ops,retention,revise,service}",Legal;R&D,Operations sought to broaden independent repair provider access to proprietary calibration software to relieve Genius Bar backlogs; R&D security teams warned that distributing cryptographic diagnostic keys increased risk of Secure Enclave exploit extraction; Legal highlighted compliance with incoming Right to Repair legislation in California and Minnesota; Operations implemented cloud-authenticated diagnostic sessions that restricted local key access.
AAPL-2024Q1-0055,Apple Inc.,2024-02-01,quarterly_filings/2024_Q1.pdf,https://www.sec.gov/edgar/browse/?CIK=0000320193,Item 2. Management's Discussion and Analysis - R&D,Disclosure Context (2024_Q1): Trigger: 'High installed base growth'. Management Action: '+6%'. Scope: 'Improve battery recycling efficiency by 6%.'. Rationale: 'Supports ESG positioning and cost savings.'.,Develop Battery Recycling Efficiency Program,"Develop closed-loop cobalt and lithium chemical extraction processes with commercial recycling partners, qualifying 100% recycled cobalt chemistry for all Apple-designed batteries scheduled for production in 2025.",+6%,revise,Eliminates supply chain reliance on virgin-mined cobalt from geopolitical conflict zones while fulfilling corporate 2030 closed-loop material mandates. Recycled cathode materials deliver identical electrochemical energy density to virgin materials.,"[{""name"": ""Installed_Base"", ""value"": ""2.2B"", ""unit"": ""currency"", ""observed_on"": ""2024-02-01""}]",R&D,reported,"{esg,r&d,rd,recycling,revise}",Legal;Operations,R&D materials science mandated 100% recycled cobalt across all battery cells; Battery procurement warned that recycled cobalt carried a 15% price premium over virgin London Metal Exchange spot prices; Legal emphasized SEC Rule 13p-1 conflict mineral disclosure requirements; Operations supported recycled material to mitigate geopolitical DRC supply risks; Executive committee approved the premium to achieve environmental compliance.
AAPL-2024Q1-0056,Apple Inc.,2024-02-01,quarterly_filings/2024_Q1.pdf,https://www.sec.gov/edgar/browse/?CIK=0000320193,Item 2. Management's Discussion and Analysis - Legal,Disclosure Context (2024_Q1): Trigger: 'Regulatory attention on platform economics'. Management Action: 'Clarify disclosures'. Scope: 'Clarify fee disclosure in developer agreements.'. Rationale: 'Reduces legal exposure without altering pricing.'.,Update App Store Fee Transparency Policies,"Update global App Store fee transparency disclosures and developer portal billing documentation, clearly articulating the breakdown between transaction processing fees, digital storefront curation, and platform development tooling.",Clarify disclosures,revise,Rebuts competition regulatory claims that Apple's 30% and 15% commission rates constitute excessive or exploitative pricing under competition law. Provides transparent legal documentation for international antitrust inquiries.,"[{""name"": ""Services"", ""value"": ""$23.1B"", ""unit"": ""currency"", ""observed_on"": ""2024-02-01""}, {""name"": ""GM"", ""value"": ""72.8%"", ""unit"": ""percentage"", ""observed_on"": ""2024-02-01""}]",Legal,reported,"{appstore,fees,legal,revise}",Finance;R&D,Legal proposed publishing detailed cost accounting justifying the App Store 30% fee as compensation for proprietary developer SDKs and developer tools; Finance cautioned that breaking down App Store operating margins publicly would confirm the extraordinarily high profitability of Services to regulators; Legal compromised by publishing comprehensive qualitative descriptions of developer value services without disclosing internal cost margins.
AAPL-2024Q1-0057,Apple Inc.,2024-02-01,quarterly_filings/2024_Q1.pdf,https://www.sec.gov/edgar/browse/?CIK=0000320193,Item 2. Management's Discussion and Analysis - Finance,Disclosure Context (2024_Q1): Trigger: '$99.5B long-term securities'. Management Action: 'Shift 8%'. Scope: 'Shift 8% into shorter-duration bonds.'. Rationale: 'Reduces duration risk amid rate volatility.'.,Improve Securities Portfolio Duration Mix,"Restructure credit ratings and duration allocations within Apple's corporate debt holdings, increasing AAA/AA sovereign debt exposure to 75% of liquid reserves while reducing corporate debt exposure.",Shift 8%,revise,Prioritizes principal preservation and immediate liquidity over marginal credit spread yield in corporate paper. Insulates Apple's $162.3B liquidity pool against potential macroeconomic credit spread widening.,"[{""name"": ""Securities"", ""value"": ""$99.5B"", ""unit"": ""currency"", ""observed_on"": ""2024-02-01""}, {""name"": ""Cash"", ""value"": ""$40.8B"", ""unit"": ""currency"", ""observed_on"": ""2024-02-01""}]",Finance,reported,"{duration,finance,revise,treasury}",Legal;Finance,Portfolio managers advocated maintaining 35% of liquid reserves in A-rated corporate debt to capture an extra 60 basis points of yield; Finance Risk Officer argued that macroeconomic headwinds and commercial real estate exposure in regional banks warranted flight-to-quality; Legal reviewed investment policy compliance; Finance mandated a 75% minimum sovereign paper allocation across the portfolio.
AAPL-2024Q1-0058,Apple Inc.,2024-02-01,quarterly_filings/2024_Q1.pdf,https://www.sec.gov/edgar/browse/?CIK=0000320193,Item 2. Management's Discussion and Analysis - Operations,Disclosure Context (2024_Q1): Trigger: 'Revenue growth 2% with 13-week quarter'. Management Action: 'Improve model'. Scope: 'Upgrade predictive analytics for seasonal forecasting.'. Rationale: 'Reduces inventory swings across regions.'.,Enhance Regional Demand Forecasting Models,"Deploy machine learning-driven regional demand forecasting engines in SAP S/4HANA across 14 geographic operating regions. Operations trains models on historical macroeconomic indicators, local interest rates, carrier subsidy levels, and weekly web traffic telemetry.",Improve model,revise,Reduces forecast error variance from 6.8% to 3.1% across complex multi-SKU finished goods categories. Accurate demand projection minimizes component buffer inventory carrying costs and prevents costly inter-regional air freight rebalancing.,"[{""name"": ""Revenue"", ""value"": ""$119.6B"", ""unit"": ""currency"", ""observed_on"": ""2024-02-01""}, {""name"": ""Inventory"", ""value"": ""$6.5B"", ""unit"": ""currency"", ""observed_on"": ""2024-02-01""}]",Operations,reported,"{analytics,forecasting,operations,ops,revise}",Finance;R&D,"Operations advocated relying entirely on the new ML demand forecasting model to set quarterly component purchase authorizations; Regional sales directors distrusted automated forecasts, arguing algorithmic predictions underestimated holiday demand in Latin America by 12%; Finance favored the ML model because it lowered inventory carry buffers by $220M; Management approved a hybrid protocol requiring regional director review only when variances exceeded 5%."
AAPL-2024Q1-0059,Apple Inc.,2024-02-01,quarterly_filings/2024_Q1.pdf,https://www.sec.gov/edgar/browse/?CIK=0000320193,Item 2. Management's Discussion and Analysis - R&D,Disclosure Context (2024_Q1): Trigger: 'High device usage levels'. Management Action: '+3%'. Scope: 'Improve OS-level energy efficiency by 3%.'. Rationale: 'Improves customer retention metrics.'.,Strengthen iOS Energy Optimization Updates,"Engineer low-overhead background thread scheduling algorithms in the Darwin kernel for iOS 17.3, dynamically throttling non-essential background daemon tasks when the display is active or when battery charge falls below 20%.",+3%,revise,Recovers up to 45 minutes of daily screen-on battery runtime for older iPhone models. Smooth background scheduling prevents thermal throttling spikes and improves perceived user UI fluidity.,"[{""name"": ""Installed_Base"", ""value"": ""2.2B"", ""unit"": ""currency"", ""observed_on"": ""2024-02-01""}]",R&D,reported,"{energy,ios,r&d,rd,revise}",Operations;Finance,R&D OS kernel teams proposed aggressive background daemon throttling to maximize battery life; Third-party developer relations warned that throttling background network tasks would break background audio streaming and file syncing for popular apps; Legal reminded the team of past battery throttling controversies; R&D implemented adaptive throttling that exempted user-facing audio and location services.
AAPL-2024Q1-0060,Apple Inc.,2024-02-01,quarterly_filings/2024_Q1.pdf,https://www.sec.gov/edgar/browse/?CIK=0000320193,Item 2. Management's Discussion and Analysis - Legal,Disclosure Context (2024_Q1): Trigger: 'Growing regulatory scrutiny globally'. Management Action: 'Moderate'. Scope: 'Create internal monitoring unit for antitrust signals.'. Rationale: 'Improves early detection of legal threats.'.,Prepare Global Antitrust Monitoring Framework,"Establish a centralized global competition law monitoring framework to track legislative developments, antitrust enforcement actions, and digital market regulations across 25 national competition authorities.",Moderate,investigate,"Provides early-warning intelligence on emerging platform regulations (e.g., Japan's Mobile Ecosystem Competition Act, South Korea's Telecommunications Business Act). Allows timely legal adaptation and business model planning.","[{""name"": ""US_Revenue"", ""value"": ""$50.4B"", ""unit"": ""currency"", ""observed_on"": ""2024-02-01""}, {""name"": ""International"", ""value"": ""$69.6B"", ""unit"": ""currency"", ""observed_on"": ""2024-02-01""}]",Legal,reported,"{antitrust,global,investigate,legal}",Finance;Operations,"Antitrust Compliance Legal requested dedicated monitoring teams stationed in Tokyo, Seoul, and London; Finance questioned the administrative headcount expansion; Government Affairs argued that real-time monitoring was essential to prevent surprise legislative mandates that could disrupt hardware and services operations; Executive leadership approved the localized compliance monitoring positions."
AAPL-2024Q1-0061,Apple Inc.,2024-02-01,quarterly_filings/2024_Q1.pdf,https://www.sec.gov/edgar/browse/?CIK=0000320193,Item 2. Management's Discussion and Analysis - Finance,Disclosure Context (2024_Q1): Trigger: 'Services revenue $23.1B (+11%)'. Management Action: 'Improve analytics'. Scope: 'Refine churn prediction to protect high-margin recurring revenue.'. Rationale: 'Better churn visibility strengthens recurring revenue predictability.'.,Recalibrate Subscription Churn Forecast Model,"Incorporate cohort-based machine learning models into subscription churn forecasting across Apple Music, Apple TV+, and iCloud+, tracking subscriber retention across price-increase cohorts in 45 countries.",Improve analytics,revise,Provides high-fidelity projections of monthly recurring Services revenue. Enables pricing strategy teams to model price elasticity and optimal promotional bundle discounts without triggering subscription cancellations.,"[{""name"": ""Services"", ""value"": ""$23.1B"", ""unit"": ""currency"", ""observed_on"": ""2024-02-01""}, {""name"": ""GM"", ""value"": ""72.8%"", ""unit"": ""percentage"", ""observed_on"": ""2024-02-01""}]",Finance,reported,"{churn,finance,revise,services}",R&D;Operations,Finance proposed using ML churn prediction models to identify price-insensitive subscriber cohorts and trigger automated 10% price increases; Product Marketing warned that algorithmic price discrimination would trigger regulatory investigation in the EU under consumer fairness rules; R&D confirmed technical model reliability; Finance restricted model use to forecasting and promotional win-back discount targeting.
AAPL-2024Q1-0062,Apple Inc.,2024-02-01,quarterly_filings/2024_Q1.pdf,https://www.sec.gov/edgar/browse/?CIK=0000320193,Item 2. Management's Discussion and Analysis - Operations,Disclosure Context (2024_Q1): Trigger: 'iPhone revenue $69.7B (+6%)'. Management Action: '+4% premium'. Scope: 'Increase premium SKU production share by 4%.'. Rationale: 'Improves blended ASP and gross margin.'.,Adjust Hardware Product Mix Toward Premium SKUs,Shift production scheduling across Pegatron and Foxconn lines to increase the manufacturing ratio of iPhone 15 Pro Max to 48% of total iPhone 15 series volume. Operations secures incremental Sony IMX903 image sensor and tetraprism periscope lens allocations from Largan Precision.,+4% premium,revise,"Responds to unprecedented consumer mix preference for the $1,199 starting price Pro Max model featuring the 5x optical zoom camera. Maximizing Pro Max availability directly expands iPhone ASP and optimizes gross margin conversion during holiday peaks.","[{""name"": ""iPhone"", ""value"": ""$69.7B"", ""unit"": ""currency"", ""observed_on"": ""2024-02-01""}, {""name"": ""GM"", ""value"": ""45.9%"", ""unit"": ""percentage"", ""observed_on"": ""2024-02-01""}]",Operations,reported,"{iphone,operations,ops,product_mix,revise}",Finance;R&D,"Operations prioritized expanding Pro Max line allocations to 50% to capture demand; R&D camera engineering warned that periscope prism yield rates at Largan were volatile (under 82%), risking line stoppages; Finance noted that base iPhone 15 inventory was already accumulating in European channels; Operations worked with Largan to station 40 Apple yield engineers on-site, stabilizing optical component supply."
AAPL-2024Q1-0063,Apple Inc.,2024-02-01,quarterly_filings/2024_Q1.pdf,https://www.sec.gov/edgar/browse/?CIK=0000320193,Item 2. Management's Discussion and Analysis - R&D,Disclosure Context (2024_Q1): Trigger: 'Installed base 2.2B'. Management Action: 'Incremental AI boost'. Scope: 'Enhance ranking algorithms to improve developer discoverability.'. Rationale: 'Improves ecosystem engagement without destabilizing ranking fairness.'.,Expand AI-Based App Store Search Ranking,"Incorporate deep semantic language understanding models into App Store on-device search indexing, allowing natural language query parsing for descriptive search terms rather than rigid exact-keyword matching.",Incremental AI boost,expand,Enhances app discoverability and lowers user search abandonment rates across 1.8 million available App Store applications. Higher search intent fulfillment directly increases digital app downloads and in-app purchase conversion.,"[{""name"": ""Installed_Base"", ""value"": ""2.2B"", ""unit"": ""currency"", ""observed_on"": ""2024-02-01""}, {""name"": ""Services"", ""value"": ""$23.1B"", ""unit"": ""currency"", ""observed_on"": ""2024-02-01""}]",R&D,reported,"{ai,appstore,expand,r&d,rd}",Finance;Legal,R&D App Store search engineering sought to deploy semantic search models that automatically ranked apps based on developer ratings and engagement metrics; Legal warned that algorithmic ranking adjustments had to remain strictly objective to satisfy European DMA Article 6 ranking transparency rules; Finance supported semantic search to boost Search Ads auction competition; R&D documented the ranking parameters in public developer documentation.
AAPL-2024Q1-0064,Apple Inc.,2024-02-01,quarterly_filings/2024_Q1.pdf,https://www.sec.gov/edgar/browse/?CIK=0000320193,Item 2. Management's Discussion and Analysis - Legal,Disclosure Context (2024_Q1): Trigger: 'High device volume and margin expansion'. Management Action: 'Maintain'. Scope: 'Reassess warranty reserve assumptions for hardware products.'. Rationale: 'Data does not support reserve adjustment.'.,Review Global Warranty Reserve Exposure,"Review and update worldwide warranty reserve valuation models under ASC 460, analyzing historical claim rates across iPhone 15 titanium enclosures, FineWoven accessories, and USB-C port hardware assemblies.",Maintain,investigate,Ensures precise balance sheet provisioning for future warranty repair and replacement liabilities ($4.2B reserve). Prevents unexpected warranty expense spikes while maintaining conservative financial reporting.,"[{""name"": ""Products_GM"", ""value"": ""39.4%"", ""unit"": ""percentage"", ""observed_on"": ""2024-02-01""}, {""name"": ""Revenue"", ""value"": ""$119.6B"", ""unit"": ""currency"", ""observed_on"": ""2024-02-01""}]",Legal,reported,"{investigate,legal,reserves,warranty}",Finance;Operations,Legal recommended increasing warranty reserve provisions by $120M due to early consumer complaints regarding wear-and-tear on FineWoven fabric cases; Operations argued that actual product return rates for FineWoven were within normal accessory historical thresholds; Finance supported maintaining existing reserve models; Finance and Legal agreed to a modest $25M targeted reserve increase specific to accessory lines.
AAPL-2024Q1-0065,Apple Inc.,2024-02-01,quarterly_filings/2024_Q1.pdf,https://www.sec.gov/edgar/browse/?CIK=0000320193,Item 2. Management's Discussion and Analysis - Finance,Disclosure Context (2024_Q1): Trigger: 'Operating cash flow $39.9B'. Management Action: 'Extend 10 days'. Scope: 'Negotiate extended payment terms with top suppliers.'. Rationale: 'Improves liquidity without straining partnerships.'.,Optimize Supplier Financing Terms,"Expand Apple's third-party Supplier Early Payment Financing program to $6.5B in available capacity through partner banking syndicates including JPMorgan and HSBC, enabling suppliers to monetize invoices at favorable institutional rates.",Extend 10 days,revise,Strengthens Tier-1 and Tier-2 supplier financial health during periods of tight commercial credit without using Apple's own balance sheet cash. Preserves supply chain stability and locks in prompt-payment component discounts.,"[{""name"": ""OCF"", ""value"": ""$39.9B"", ""unit"": ""currency"", ""observed_on"": ""2024-02-01""}, {""name"": ""Payables"", ""value"": ""$58.1B"", ""unit"": ""currency"", ""observed_on"": ""2024-02-01""}]",Finance,reported,"{finance,revise,supplier_finance}",Operations;Legal,"Finance sought to expand the supplier financing program to $6.5B; Banking partners requested that Apple provide partial credit guarantees for smaller Southeast Asian sub-assembly vendors; Legal cautioned that guarantees would create off-balance-sheet contingent liabilities under ASC 460; Finance restructured the facility as non-recourse receivables factoring, avoiding balance sheet encumbrance."
AAPL-2024Q1-0066,Apple Inc.,2024-02-01,quarterly_filings/2024_Q1.pdf,https://www.sec.gov/edgar/browse/?CIK=0000320193,Item 2. Management's Discussion and Analysis - Operations,Disclosure Context (2024_Q1): Trigger: 'Americas revenue $50.4B'. Management Action: 'Open 3'. Scope: 'Open 3 new retail locations in high-traffic areas.'. Rationale: 'Supports direct-to-consumer margin capture.'.,Expand Regional Retail Footprint in High-Growth Markets,"Accelerate physical retail store construction and lease acquisitions across high-growth metropolitan corridors in India, Southeast Asia, and the Middle East. Operations finalizes prime architectural buildouts for flagship locations in Bengaluru, Pune, and Kuala Lumpur.",Open 3,expand,Anchors brand authority and premium customer experience in rapidly growing smartphone markets where Apple's market share is expanding from single digits. Company-owned retail stores achieve 3x higher Services cross-sell attachment than wholesale channels.,"[{""name"": ""Americas"", ""value"": ""$50.4B"", ""unit"": ""currency"", ""observed_on"": ""2024-02-01""}, {""name"": ""GM"", ""value"": ""45.9%"", ""unit"": ""percentage"", ""observed_on"": ""2024-02-01""}]",Operations,reported,"{expand,expansion,operations,ops,retail}",Finance;Legal,"Real Estate Operations proposed $95M in tenant improvements for flagship mall builds in Bengaluru and Kuala Lumpur; Finance questioned the capital outlay given high construction costs per square foot and an extended 4-year payback horizon; Legal navigated complex foreign direct investment retail sourcing mandates in India; Executive leadership approved the capital allocation, citing Apple BKC's record revenue-per-square-foot benchmarks."
AAPL-2024Q1-0067,Apple Inc.,2024-02-01,quarterly_filings/2024_Q1.pdf,https://www.sec.gov/edgar/browse/?CIK=0000320193,Item 2. Management's Discussion and Analysis - R&D,Disclosure Context (2024_Q1): Trigger: 'Large installed base'. Management Action: 'Advanced diagnostics'. Scope: 'Improve predictive battery health insights in iOS.'. Rationale: 'Strengthens device lifecycle management and customer trust.'.,Enhance Battery Health Diagnostics Analytics,"Build automated battery impedance spectroscopy analytics into iOS internal diagnostics, enabling Genius Bar technicians and Self Service Repair software to evaluate individual battery pouch cell degradation in under 60 seconds.",Advanced diagnostics,revise,Accelerates in-store repair triage and prevents unnecessary replacement of healthy battery packs. Reduces warranty repair service labor costs while providing transparent battery health metrics to consumers.,"[{""name"": ""Installed_Base"", ""value"": ""2.2B"", ""unit"": ""currency"", ""observed_on"": ""2024-02-01""}]",R&D,reported,"{analytics,battery,r&d,rd,revise}",Operations;Finance,R&D diagnostic software teams designed rapid battery impedance scanning for Genius Bar diagnostics; Retail Operations raised concerns that providing detailed cell impedance data to consumers would trigger demands for warranty battery replacements for batteries that still held 82% capacity; Legal confirmed warranty standards required replacement only below 80%; Operations adopted the tool with clear consumer-facing Pass/Fail diagnostic criteria.
AAPL-2024Q1-0068,Apple Inc.,2024-02-01,quarterly_filings/2024_Q1.pdf,https://www.sec.gov/edgar/browse/?CIK=0000320193,Item 2. Management's Discussion and Analysis - Legal,Disclosure Context (2024_Q1): Trigger: 'Services $23.1B'. Management Action: 'Minor revision'. Scope: 'Review arbitration clauses across developer agreements.'. Rationale: 'Reduces legal friction without disrupting ecosystem.'.,Audit Developer Contract Arbitration Clauses,"Audit and update mandatory developer contract dispute resolution and arbitration provisions in the Apple Developer Program License Agreement (DPLA), ensuring enforceability under evolving U.S. federal and state arbitration jurisprudence.",Minor revision,investigate,"Shields Apple from sprawling, uncoordinated developer class-action litigation by ensuring disputes are resolved through individual, fair, and binding arbitration. Lowers legal defense costs and procedural friction.","[{""name"": ""Services_GM"", ""value"": ""72.8%"", ""unit"": ""percentage"", ""observed_on"": ""2024-02-01""}]",Legal,reported,"{contracts,developers,investigate,legal}",Finance;Operations,Litigation Legal drafted updated mandatory arbitration clauses with fee-shifting protections for vexatious claims; Developer Relations argued that overly restrictive legal agreements discouraged independent developers from publishing apps; Finance supported strong arbitration covenants to eliminate exposure to aggregated class damages; Legal finalized terms with balanced arbitration fee structures that courts routinely uphold.
AAPL-2024Q1-0069,Apple Inc.,2024-02-01,quarterly_filings/2024_Q1.pdf,https://www.sec.gov/edgar/browse/?CIK=0000320193,Item 2. Management's Discussion and Analysis - Finance,Disclosure Context (2024_Q1): Trigger: 'Cash $40.8B and securities $99.5B'. Management Action: '$1B'. Scope: 'Evaluate $2B acquisition budget for AI startups.'. Rationale: 'Preserves liquidity while enabling strategic growth.'.,Reassess Cash Deployment into Strategic Acquisitions,"Establish a $3.0B strategic acquisition reserve from domestic cash reserves, targeting tuck-in acquisitions of artificial intelligence talent, edge computing startups, and computer vision intellectual property.",$1B,investigate,Accelerates on-device generative AI and spatial computing roadmaps through targeted acquisitions rather than slower organic development. Tuck-in acquisitions avoid protracted regulatory antitrust reviews triggered by mega-mergers.,"[{""name"": ""Cash"", ""value"": ""$40.8B"", ""unit"": ""currency"", ""observed_on"": ""2024-02-01""}, {""name"": ""Securities"", ""value"": ""$99.5B"", ""unit"": ""currency"", ""observed_on"": ""2024-02-01""}]",Finance,reported,"{acquisition,ai,finance,investigate}",R&D;Legal,M&A teams proposed deploying $3.0B into strategic AI talent acquisitions and computer vision IP; Legal warned that antitrust regulators at the FTC and European Commission were scrutinizing tech tuck-in deals for killer acquisition theories; R&D emphasized the critical need for edge-AI foundation model researchers; Finance approved targeted deals under $200M each to avoid mandatory HSR pre-merger waiting periods.
AAPL-2024Q1-0070,Apple Inc.,2024-02-01,quarterly_filings/2024_Q1.pdf,https://www.sec.gov/edgar/browse/?CIK=0000320193,Item 2. Management's Discussion and Analysis - Operations,Disclosure Context (2024_Q1): Trigger: 'High device returns post-holiday'. Management Action: 'Improve 5%'. Scope: 'Streamline reverse logistics operations.'. Rationale: 'Reduces refurbishment and return handling cost.'.,Improve Reverse Logistics Efficiency,Automate reverse logistics sorting and component harvesting at the Breda and Elk Grove recycling centers by deploying robotic disassembly cells and automated optical grading. Operations processes customer trade-ins and warranty returns within 48 hours of intake.,Improve 5%,revise,"Recovers valuable rare earth elements, gold, and aluminum for closed-loop supply chains while accelerating trade-in credit payouts to consumers. Decreases third-party reverse logistics processing fees by $18M annually.","[{""name"": ""Revenue"", ""value"": ""$119.6B"", ""unit"": ""currency"", ""observed_on"": ""2024-02-01""}, {""name"": ""Inventory"", ""value"": ""$6.5B"", ""unit"": ""currency"", ""observed_on"": ""2024-02-01""}]",Operations,reported,"{logistics,operations,ops,returns,revise}",Finance;R&D,Operations requested $32M for expanding robotic disassembly cells; Finance questioned whether automated material harvesting was cost-effective compared to contracting third-party e-waste aggregators; R&D argued proprietary disassembly was necessary to safeguard unreleased prototype silicon found in internal test devices; Operations validated the investment by demonstrating 94% recovery of precious metals.
AAPL-2024Q1-0071,Apple Inc.,2024-02-01,quarterly_filings/2024_Q1.pdf,https://www.sec.gov/edgar/browse/?CIK=0000320193,Item 2. Management's Discussion and Analysis - R&D,Disclosure Context (2024_Q1): Trigger: 'AI feature expansion focus'. Management Action: '+3% budget'. Scope: 'Increase focus on on-device inference optimization.'. Rationale: 'Balances innovation with cost discipline.'.,Expand Edge AI Capabilities for On-Device Models,"Advance on-device edge AI foundation model architectures, pre-training a 3-billion parameter dense transformer model optimized for local text summarization, proofreading, and smart reply generation on mobile silicon.",+3% budget,expand,"Forms the algorithmic core of upcoming system-wide Apple Intelligence features. Local execution preserves strict personal privacy, operates without internet connectivity, and incurs zero recurring cloud server inference costs.","[{""name"": ""R&D"", ""value"": ""$7.7B"", ""unit"": ""currency"", ""observed_on"": ""2024-02-01""}]",R&D,reported,"{edge_ai,expand,innovation,r&d,rd}",Finance;Operations,"R&D machine learning teams pushed to deploy a 7-billion parameter on-device model to match competing cloud chatbots in benchmark tests; Hardware engineering demonstrated that a 7B model would require 5.5GB of RAM, making it impossible to run smoothly on standard 8GB devices alongside system apps; Finance warned against restricting AI features to ultra-premium SKUs; R&D optimized a 3B parameter model with customized attention heads that achieved comparable practical utility."
AAPL-2024Q1-0072,Apple Inc.,2024-02-01,quarterly_filings/2024_Q1.pdf,https://www.sec.gov/edgar/browse/?CIK=0000320193,Item 2. Management's Discussion and Analysis - Legal,Disclosure Context (2024_Q1): Trigger: 'Regulatory scrutiny intensifying'. Management Action: 'Regional study'. Scope: 'Conduct jurisdiction-level exposure analysis.'. Rationale: 'Balances risk mitigation with cost control.'.,Assess Global App Store Antitrust Exposure,"Conduct an exhaustive antitrust exposure audit across global App Store in-app purchase guidelines, evaluating potential legal vulnerabilities under Section 2 of the Sherman Act and Article 102 of the Treaty on the Functioning of the European Union.",Regional study,investigate,Identifies high-risk business practices and guides proactive adjustments to developer guidelines before regulatory authorities initiate formal investigations. Minimizes corporate exposure to antitrust damage awards.,"[{""name"": ""Services"", ""value"": ""$23.1B"", ""unit"": ""currency"", ""observed_on"": ""2024-02-01""}, {""name"": ""International"", ""value"": ""$69.6B"", ""unit"": ""currency"", ""observed_on"": ""2024-02-01""}]",Legal,reported,"{antitrust,appstore,investigate,legal}",Finance;R&D,"Antitrust Legal recommended relaxing restrictions on cloud gaming apps (e.g., Xbox Cloud Gaming, GeForce NOW) to eliminate a major antitrust vulnerability; App Store business leadership objected that allowing single-app streaming game hubs bypassed individual game review and in-app purchase fees; Legal demonstrated that the restriction was indefensible under EU and UK competition law; Executive management approved allowing retro game emulators and cloud gaming apps worldwide."
AAPL-2024Q1-0073,Apple Inc.,2024-02-01,quarterly_filings/2024_Q1.pdf,https://www.sec.gov/edgar/browse/?CIK=0000320193,Item 2. Management's Discussion and Analysis - Finance,Disclosure Context (2024_Q1): Trigger: 'Revenue growth 2% in 13-week quarter'. Management Action: 'Upgrade analytics'. Scope: 'Improve elasticity modeling for hardware pricing.'. Rationale: 'Improves long-term pricing decisions.'.,Enhance Pricing Elasticity Analytics,"Deploy econometric pricing elasticity models across international App Store pricing tiers, assessing developer payout impacts and consumer demand elasticity following localized currency tier adjustments in Egypt, Turkey, and Japan.",Upgrade analytics,revise,Maximizes localized App Store billings while ensuring developers maintain fair economic compensation. Prevents revenue leakage caused by cross-border currency arbitrage in digital goods purchases.,"[{""name"": ""Revenue"", ""value"": ""$119.6B"", ""unit"": ""currency"", ""observed_on"": ""2024-02-01""}, {""name"": ""iPhone"", ""value"": ""$69.7B"", ""unit"": ""currency"", ""observed_on"": ""2024-02-01""}]",Finance,reported,"{analytics,finance,pricing,revise}",Legal;R&D,Finance recommended raising App Store tier pricing in Japan by 15% to compensate for Yen depreciation; Developer Relations argued that price hikes would provoke backlash from leading Japanese gaming studios and depress microtransactions; Legal reviewed consumer contract terms under Japanese electronic commerce law; Finance phased in the price adjustment over two quarters paired with developer revenue share incentives.
AAPL-2024Q1-0074,Apple Inc.,2024-02-01,quarterly_filings/2024_Q1.pdf,https://www.sec.gov/edgar/browse/?CIK=0000320193,Item 2. Management's Discussion and Analysis - Operations,Disclosure Context (2024_Q1): Trigger: 'High shipment volumes'. Management Action: 'Partial automation'. Scope: 'Invest in automation to reduce handling cost by 3%.'. Rationale: 'Improves scalability without high upfront capex.'.,Automate Distribution Center Workflow,"Deploy automated guided vehicles (AGVs) and intelligent pallet-stacking systems across major regional distribution hubs in Elk Grove, California and Tilburg, Netherlands. Operations standardizes automated inventory pick-and-pack workflows for direct-to-consumer online store shipments.",Partial automation,revise,Cuts warehouse labor hours per order by 24% and compresses same-day dispatch cycle times during high-volume product launches and holiday shopping spikes. Reduces workplace injury rates and improves fulfillment accuracy to 99.8%.,"[{""name"": ""Capex"", ""value"": ""$3.4B"", ""unit"": ""currency"", ""observed_on"": ""2024-02-01""}, {""name"": ""Revenue"", ""value"": ""$119.6B"", ""unit"": ""currency"", ""observed_on"": ""2024-02-01""}]",Operations,reported,"{automation,distribution,operations,ops,revise}",Finance;Operations,"Logistics operations advocated a full AGV robotics retrofit across the Tilburg facility; Finance questioned the 3.5-year ROI timeframe during a period of macroeconomic operating expense scrutiny; Distribution center floor managers feared integration downtime during holiday dispatch peaks; Logistics implemented a phased rollout during off-peak weekend maintenance windows, avoiding disruption."
AAPL-2024Q1-0075,Apple Inc.,2024-02-01,quarterly_filings/2024_Q1.pdf,https://www.sec.gov/edgar/browse/?CIK=0000320193,Item 2. Management's Discussion and Analysis - R&D,Disclosure Context (2024_Q1): Trigger: 'Installed base 2.2B devices'. Management Action: 'Architecture upgrade'. Scope: 'Strengthen hardware-level encryption modules.'. Rationale: 'Reinforces privacy positioning and enterprise trust.'.,Advance Secure Enclave Enhancements,"Harden the hardware Secure Enclave processor and crypto-accelerators against side-channel electromagnetic radiation and fault-injection attacks, integrating hardware-level post-quantum cryptographic primitives (Kyber and Dilithium).",Architecture upgrade,revise,"Protects customer biometric authentication (Face ID, Touch ID) and cryptographic keys against future quantum computing decryption threats. Reinforces Apple's reputation as the gold standard in enterprise and personal data security.","[{""name"": ""Installed_Base"", ""value"": ""2.2B"", ""unit"": ""currency"", ""observed_on"": ""2024-02-01""}]",R&D,reported,"{enclave,r&d,rd,revise,security}",Legal;Operations,R&D security engineering insisted on integrating post-quantum Kyber cryptographic accelerators into next-generation silicon dies; Silicon teams warned that dedicated quantum crypto blocks added 2.8 square millimeters of expensive silicon die area; Finance questioned whether post-quantum threats warranted immediate silicon investment; Legal strongly endorsed the security enhancement for enterprise government deployments; Management approved the silicon allocation.
AAPL-2024Q1-0076,Apple Inc.,2024-02-01,quarterly_filings/2024_Q1.pdf,https://www.sec.gov/edgar/browse/?CIK=0000320193,Item 2. Management's Discussion and Analysis - Legal,Disclosure Context (2024_Q1): Trigger: 'International revenue $69.6B'. Management Action: 'Update 5 regions'. Scope: 'Update localized contracts to reflect new regulations.'. Rationale: 'Improves enforceability in priority markets.'.,Strengthen International Contract Localization Standards,"Standardize and modernize international contract localization frameworks across enterprise software, developer agreements, and supplier master services agreements, aligning legal language with local civil law codes across 30 jurisdictions.",Update 5 regions,revise,"Prevents contractual ambiguity, intellectual property forfeiture, and unenforceable liability limitations in foreign courts. Ensures Apple's global commercial agreements provide uniform legal protection.","[{""name"": ""International"", ""value"": ""$69.6B"", ""unit"": ""currency"", ""observed_on"": ""2024-02-01""}]",Legal,reported,"{contracts,international,legal,revise}",Operations;Finance,Commercial Legal proposed standardizing supplier master agreements to enforce California choice of law and venue across all European and Asian vendors; Procurement warned that major Taiwanese and Japanese suppliers would refuse contracts that denied local jurisdiction; Operations highlighted risk to component supply; Legal implemented a tiered localization framework that accepted English law for European contracts and Japanese law for key Asian vendors.
AAPL-2024Q1-0077,Apple Inc.,2024-02-01,quarterly_filings/2024_Q1.pdf,https://www.sec.gov/edgar/browse/?CIK=0000320193,Item 2. Management's Discussion and Analysis - Finance,Disclosure Context (2024_Q1): Trigger: 'Services GM 72.8%'. Management Action: 'Add tier'. Scope: 'Analyze economics of expanding bundled offerings.'. Rationale: 'Enhances ARPU without eroding margins.'.,Model Services Bundle Expansion Economics,"Model subscription lifetime value (LTV) and customer acquisition cost (CAC) for Apple One Premier bundles, evaluating whether adding cloud storage tiers from 2TB to 4TB expands total Services ARPU without cannibalizing standalone iCloud+ tiers.",Add tier,revise,Identifies optimal packaging and pricing structures to accelerate paid services penetration across the 2.2 billion active device base. Multi-service bundles reduce churn by 42% compared to single-service subscriptions.,"[{""name"": ""Services"", ""value"": ""$23.1B"", ""unit"": ""currency"", ""observed_on"": ""2024-02-01""}, {""name"": ""GM"", ""value"": ""72.8%"", ""unit"": ""percentage"", ""observed_on"": ""2024-02-01""}]",Finance,reported,"{bundling,finance,revise,services}",R&D;Operations,Finance subscription analytics team proposed increasing Apple One Premier pricing by $3/month; Marketing argued that price hikes would stall bundle conversion in European markets already facing cost-of-living pressures; Operations confirmed server capacity was sufficient for larger storage quotas; Executive committee approved launching expanded storage tiers at premium price points while keeping base bundle pricing steady.
AAPL-2024Q1-0078,Apple Inc.,2024-02-01,quarterly_filings/2024_Q1.pdf,https://www.sec.gov/edgar/browse/?CIK=0000320193,Item 2. Management's Discussion and Analysis - Operations,Disclosure Context (2024_Q1): Trigger: '13-week quarter vs prior 14 weeks'. Management Action: 'Adjust planning baseline'. Scope: 'Normalize internal planning metrics.'. Rationale: 'Improves internal KPI accuracy.'.,Enhance Demand Planning for 14-Week Comparison Effect,Recalibrate weekly production schedules and channel replenishment targets to adjust for the 13-week fiscal Q1 2024 comparison versus the 14-week fiscal Q1 2023 calendar. Operations compresses factory shipment curves and supplier delivery milestones by approximately 7% to match the truncated selling window.,Adjust planning baseline,revise,Prevents overproduction and subsequent post-holiday channel overhang that would distort Q2 financial performance. Normalizing for the extra week ensures inventory turns remain aligned with true end-consumer consumption rates.,"[{""name"": ""Revenue"", ""value"": ""$119.6B"", ""unit"": ""currency"", ""observed_on"": ""2024-02-01""}, {""name"": ""YoY"", ""value"": ""+2%"", ""unit"": ""percentage"", ""observed_on"": ""2024-02-01""}]",Operations,reported,"{forecast,operations,ops,planning,revise}",Finance;Operations,Operations planned component procurement based on historical 14-week quarter volumes; Finance required a 7% reduction in raw material purchase authorizations to avoid an artificial $1.2B inventory spike caused by the calendar shift; Operations argued that cutting orders too sharply would leave factory lines underutilized; Finance and Operations agreed to taper component orders in the final two weeks of December.
AAPL-2024Q1-0079,Apple Inc.,2024-02-01,quarterly_filings/2024_Q1.pdf,https://www.sec.gov/edgar/browse/?CIK=0000320193,Item 2. Management's Discussion and Analysis - R&D,Disclosure Context (2024_Q1): Trigger: 'High-performance silicon roadmap'. Management Action: '+4%'. Scope: 'Enhance thermal efficiency testing by 4%.'. Rationale: 'Improves sustained performance benchmarks.'.,Increase Device Thermal Efficiency Benchmarking,"Establish continuous automated thermal benchmarking suites for Apple Silicon hardware running sustained 3D gaming and heavy video export workloads, measuring chassis surface temperature dissipation across aluminum and titanium enclosures.",+4%,expand,Prevents sudden thermal throttling cliffs that degrade user experience during demanding professional workloads. Informs dynamic thermal governor tuning to balance sustained performance against ergonomic skin temperature comfort.,"[{""name"": ""R&D"", ""value"": ""$7.7B"", ""unit"": ""currency"", ""observed_on"": ""2024-02-01""}, {""name"": ""GM"", ""value"": ""45.9%"", ""unit"": ""percentage"", ""observed_on"": ""2024-02-01""}]",R&D,reported,"{expand,performance,r&d,rd,thermal}",Operations;Finance,"R&D thermal engineering proposed aggressive GPU clock throttling to keep titanium chassis temperatures strictly below 42°C under sustained gaming; Product Marketing objected, stating that throttling would cause frame-rate drops in marketed AAA games like Resident Evil Village; Operations warned of negative user reviews; R&D calibrated a dynamic thermal governor that allowed short performance bursts while maintaining steady 43°C skin limits."
AAPL-2024Q1-0080,Apple Inc.,2024-02-01,quarterly_filings/2024_Q1.pdf,https://www.sec.gov/edgar/browse/?CIK=0000320193,Item 2. Management's Discussion and Analysis - Legal,Disclosure Context (2024_Q1): Trigger: 'Rising global tech scrutiny'. Management Action: 'Moderate system'. Scope: 'Create internal regulatory monitoring dashboard.'. Rationale: 'Balances vigilance with resource efficiency.'.,Establish Regulatory Early-Warning Monitoring System,"Establish a specialized early-warning regulatory intelligence unit within Legal, deploying automated legislative tracking and regulatory sentiment analytics across government proceedings in Brussels, Washington, Tokyo, and Seoul.",Moderate system,investigate,"Provides strategic foresight on digital regulation, antitrust investigations, and consumer privacy legislation. Enables proactive business model adjustments months before formal regulatory enforcement actions occur.","[{""name"": ""Revenue"", ""value"": ""$119.6B"", ""unit"": ""currency"", ""observed_on"": ""2024-02-01""}, {""name"": ""International"", ""value"": ""$69.6B"", ""unit"": ""currency"", ""observed_on"": ""2024-02-01""}]",Legal,reported,"{investigate,legal,monitoring,regulatory}",Operations;Finance,"Government Affairs and Legal proposed creating a dedicated regulatory early-warning monitoring unit; Finance scrutinized the operational budget; General Counsel emphasized that advance warning of the EU Digital Markets Act had allowed Apple 18 months of engineering preparation time; Executive committee approved the unit, recognizing the critical strategic value of regulatory foresight."
AAPL-2024Q1-0081,Apple Inc.,2024-02-01,quarterly_filings/2024_Q1.pdf,https://www.sec.gov/edgar/browse/?CIK=0000320193,Item 2. Management's Discussion and Analysis - Finance,Disclosure Context (2024_Q1): Trigger: 'Services revenue $23.1B with 72.8% GM'. Management Action: 'Add dashboard'. Scope: 'Deploy granular monitoring of third-party cloud compute spend.'. Rationale: 'Protects high-margin Services by identifying inefficiencies early.'.,Implement Cloud Infrastructure Cost Monitoring,"Deploy automated cloud infrastructure cost governance software across internal R&D engineering teams, tracking third-party compute expenses and establishing strict departmental chargeback mechanisms for AWS and Google Cloud workloads.",Add dashboard,investigate,Prevents runaway cloud infrastructure spending as software teams experiment with large generative AI models. Reduces third-party cloud hosting bills by $95M annually through automated shutdown of idle compute instances.,"[{""name"": ""Services"", ""value"": ""$23.1B"", ""unit"": ""currency"", ""observed_on"": ""2024-02-01""}, {""name"": ""GM"", ""value"": ""72.8%"", ""unit"": ""percentage"", ""observed_on"": ""2024-02-01""}]",Finance,reported,"{cloud,cost_control,finance,investigate}",R&D;Operations,"Finance instituted automated cloud chargeback quotas, warning that AI researchers were burning $40M monthly on third-party cloud compute; R&D AI engineers protested that strict quotas slowed model training runs for iOS 18 features; Operations urged migration to Apple-owned silicon servers; Finance agreed to provide temporary compute overage buffers for critical foundation model training milestones."
AAPL-2024Q1-0082,Apple Inc.,2024-02-01,quarterly_filings/2024_Q1.pdf,https://www.sec.gov/edgar/browse/?CIK=0000320193,Item 2. Management's Discussion and Analysis - Operations,Disclosure Context (2024_Q1): Trigger: 'Revenue $119.6B with stable margins'. Management Action: 'Expand 5 markets'. Scope: 'Enhance installment financing in emerging markets.'. Rationale: 'Stimulates hardware sales without deep discounting.'.,Expand Consumer Financing Programs,Expand 0% APR installment financing and carrier billing integration through Apple Card and international banking partners across 12 countries. Operations integrates direct monthly payment options into the Apple Store app and retail POS checkout systems.,Expand 5 markets,expand,"Lowers entry barriers for premium hardware configurations, driving upgrades to higher-ASP Pro and Pro Max devices. Installment financing programs demonstrate a 32% higher average basket size compared to standard credit card transactions.","[{""name"": ""Revenue"", ""value"": ""$119.6B"", ""unit"": ""currency"", ""observed_on"": ""2024-02-01""}, {""name"": ""iPhone"", ""value"": ""$69.7B"", ""unit"": ""currency"", ""observed_on"": ""2024-02-01""}]",Operations,reported,"{expand,financing,operations,ops,sales}",Finance;Legal,Retail Operations wanted to offer 36-month zero-interest terms on Mac and Vision Pro hardware to maximize unit conversion; Finance warned that higher interest rates increased the cost of bank loan subsidies to over 4.5% of transaction value; Legal reviewed consumer lending disclosure rules under the Truth in Lending Act; Finance capped zero-interest promotions at 24 months for iPhones and 12 months for accessories.
AAPL-2024Q1-0083,Apple Inc.,2024-02-01,quarterly_filings/2024_Q1.pdf,https://www.sec.gov/edgar/browse/?CIK=0000320193,Item 2. Management's Discussion and Analysis - R&D,Disclosure Context (2024_Q1): Trigger: 'Installed base 2.2B devices'. Management Action: '+5%'. Scope: 'Improve Neural Engine efficiency by 5%.'. Rationale: 'Enhances AI performance without reducing battery life.'.,Optimize Neural Engine Power Consumption,"Optimize clock-gating and power-distribution networks within the 16-core Apple Neural Engine on A17 Pro silicon, enabling milliwatt-scale power draw during ambient background neural inference tasks such as photo indexing.",+5%,revise,Maximizes battery efficiency during persistent background AI processing. Allows continuous on-device intelligence tasks without draining user battery or elevating device temperature in standby states.,"[{""name"": ""Installed_Base"", ""value"": ""2.2B"", ""unit"": ""currency"", ""observed_on"": ""2024-02-01""}, {""name"": ""R&D"", ""value"": ""$7.7B"", ""unit"": ""currency"", ""observed_on"": ""2024-02-01""}]",R&D,reported,"{efficiency,neural_engine,r&d,rd,revise}",Operations;Finance,"Silicon R&D proposed adding fine-grained dynamic voltage and frequency scaling (DVFS) islands to each Neural Engine core; Fabrication teams warned that adding multiple voltage islands increased silicon routing complexity and could reduce TSMC wafer yields by 1.5%; Finance scrutinized the cost impact; R&D proved that DVFS lowered standby NPU power consumption by 45%, justifying the minor yield trade-off."
AAPL-2024Q1-0084,Apple Inc.,2024-02-01,quarterly_filings/2024_Q1.pdf,https://www.sec.gov/edgar/browse/?CIK=0000320193,Item 2. Management's Discussion and Analysis - Legal,Disclosure Context (2024_Q1): Trigger: 'Growing Services advertising contribution'. Management Action: 'Regional audit'. Scope: 'Audit compliance of advertising disclosures globally.'. Rationale: 'Limits legal risk while containing cost exposure.'.,Conduct Global Advertising Disclosure Review,"Execute a comprehensive global advertising disclosure review across digital, retail, and broadcast marketing materials, verifying that environmental carbon-neutral marketing claims for Apple Watch comply with FTC Green Guides and EU consumer protection directives.",Regional audit,investigate,Prevents regulatory enforcement actions and consumer litigation alleging deceptive environmental marketing. Protects Apple's brand reputation and credibility regarding its Apple 2030 climate commitments.,"[{""name"": ""Services"", ""value"": ""$23.1B"", ""unit"": ""currency"", ""observed_on"": ""2024-02-01""}, {""name"": ""International"", ""value"": ""$69.6B"", ""unit"": ""currency"", ""observed_on"": ""2024-02-01""}]",Legal,reported,"{advertising,compliance,investigate,legal}",Operations;Marketing,Legal mandated adding prominent explanatory footnotes and web links detailing carbon offset methodologies alongside all 'Carbon Neutral' Apple Watch marketing; Marketing protested that extensive legal disclaimers cluttered billboard and video advertising campaigns; Environmental teams validated the scientific offset backing; Legal insisted on robust disclaimers to eliminate greenwashing litigation exposure under EU Directive 2005/29/EC.
AAPL-2024Q1-0085,Apple Inc.,2024-02-01,quarterly_filings/2024_Q1.pdf,https://www.sec.gov/edgar/browse/?CIK=0000320193,Item 2. Management's Discussion and Analysis - Finance,Disclosure Context (2024_Q1): Trigger: 'Gross margin 45.9%'. Management Action: 'Scenario modeling'. Scope: 'Simulate impact of 2% component cost increase.'. Rationale: 'Enhances preparedness without premature hedging.'.,Model Gross Margin Sensitivity to Component Costs,"Conduct extensive gross margin sensitivity stress-testing against potential 10%-20% price increases in NAND flash memory, DRAM, and titanium sponge raw materials. Finance models hedging and volume pre-purchase contract protections.",Scenario modeling,revise,Safeguards consolidated hardware gross margin within the target 37%-39% band against cyclical commodity inflation. Provides quantitative boundaries for procurement teams during upcoming semi-annual vendor contract negotiations.,"[{""name"": ""GM"", ""value"": ""45.9%"", ""unit"": ""percentage"", ""observed_on"": ""2024-02-01""}, {""name"": ""Revenue"", ""value"": ""$119.6B"", ""unit"": ""currency"", ""observed_on"": ""2024-02-01""}]",Finance,reported,"{finance,margin,modeling,revise}",Operations;R&D,Finance stress models warned that memory spot price rebounds could shave 140 basis points off iPhone gross margins; Procurement urged locking in 12-month fixed-price contracts for LPDDR5 memory immediately; Finance hesitated to commit $3.8B in cash upfront if memory oversupply lingered; Finance and Procurement compromised by hedging 60% of forecast volume under forward fixed-price contracts.
AAPL-2024Q1-0086,Apple Inc.,2024-02-01,quarterly_filings/2024_Q1.pdf,https://www.sec.gov/edgar/browse/?CIK=0000320193,Item 2. Management's Discussion and Analysis - Operations,Disclosure Context (2024_Q1): Trigger: 'High hardware revenue dependency'. Management Action: 'Add 1 supplier'. Scope: 'Introduce secondary sourcing for two key components.'. Rationale: 'Balances resilience with cost discipline.'.,Reduce Supplier Concentration Risk,"Reduce single-region supplier concentration by onboarding secondary and tertiary manufacturing vendors for structural components, chassis enclosures, and acoustic modules. Operations awards 20% of enclosure volume to BYD Electronics and Luxshare facilities in Vietnam.",Add 1 supplier,reduce,De-risks geopolitical and local regulatory vulnerabilities while injecting price competition into Tier-1 component bidding cycles. Geographic diversification ensures uninterrupted hardware delivery in the event of local facility disruptions.,"[{""name"": ""iPhone"", ""value"": ""$69.7B"", ""unit"": ""currency"", ""observed_on"": ""2024-02-01""}, {""name"": ""Products_GM"", ""value"": ""39.4%"", ""unit"": ""percentage"", ""observed_on"": ""2024-02-01""}]",Operations,reported,"{diversification,operations,ops,reduce,supply_chain}",Finance;R&D,Operations pushed to shift 25% of acoustic module procurement to secondary vendors in Vietnam; R&D acoustic engineering reported a 1.4 dB frequency response variance between primary and secondary suppliers; Finance welcomed competitive bidding that promised 6% lower component costs; Operations mandated that secondary suppliers adopt identical acoustic testing chambers to achieve uniform acoustic signatures.
AAPL-2024Q1-0087,Apple Inc.,2024-02-01,quarterly_filings/2024_Q1.pdf,https://www.sec.gov/edgar/browse/?CIK=0000320193,Item 2. Management's Discussion and Analysis - R&D,Disclosure Context (2024_Q1): Trigger: 'Vision Pro initial ecosystem growth'. Management Action: 'Stability focus'. Scope: 'Prioritize SDK stability updates over feature expansion.'. Rationale: 'Improves developer retention and ecosystem quality.'.,Enhance Vision Pro Developer SDK Stability,"Stabilize visionOS developer toolkits, RealityKit APIs, and simulator runtimes in Xcode 15.2, resolving memory leak anomalies and multi-threaded rendering bottlenecks for spatial computing developers.",Stability focus,revise,"Empowers third-party software developers to build complex, immersive spatial applications without platform crashes or frame-rate drops. Developer tool stability directly determines the breadth and quality of software available on visionOS.","[{""name"": ""R&D"", ""value"": ""$7.7B"", ""unit"": ""currency"", ""observed_on"": ""2024-02-01""}]",R&D,reported,"{r&d,rd,revise,sdk,visionpro}",Finance;Legal,Developer Tools R&D wanted to deprecate legacy 2D UIKit windowing APIs in visionOS to force developers to build pure 3D RealityKit experiences; Developer Relations warned that removing 2D window support would cause major enterprise developers to abandon visionOS ports; Legal reviewed platform developer terms; R&D agreed to maintain full backward compatibility for standard iPadOS 2D apps running in spatial windows.
AAPL-2024Q1-0088,Apple Inc.,2024-02-01,quarterly_filings/2024_Q1.pdf,https://www.sec.gov/edgar/browse/?CIK=0000320193,Item 2. Management's Discussion and Analysis - Legal,Disclosure Context (2024_Q1): Trigger: 'International revenue $69.6B'. Management Action: 'Regional adjustment'. Scope: 'Assess regional data residency compliance obligations.'. Rationale: 'Ensures compliance without operational disruption.'.,Review International Data Residency Policies,"Review and update international data residency protocols across Apple-operated and leased data center facilities, ensuring local user data storage complies with sovereign data localization laws in China, India, and Saudi Arabia.",Regional adjustment,investigate,Maintains legal authorization to operate cloud and consumer internet services in key international markets. Avoids operational service suspensions while maintaining hardware-isolated cryptographic key architectures.,"[{""name"": ""International"", ""value"": ""$69.6B"", ""unit"": ""currency"", ""observed_on"": ""2024-02-01""}, {""name"": ""Installed_Base"", ""value"": ""2.2B"", ""unit"": ""currency"", ""observed_on"": ""2024-02-01""}]",Legal,reported,"{data_residency,international,investigate,legal}",R&D;Operations,Legal compliance teams required migrating local user iCloud data in emerging markets to regional in-country data centers to satisfy statutory data localization laws; R&D InfoSec raised concerns that local hosting increased government physical access risks; Legal emphasized that failure to comply would result in immediate market expulsion; R&D architected hardware-security modules with remote cryptographic key governance that satisfied regulators while protecting user keys.
AAPL-2024Q1-0089,Apple Inc.,2024-02-01,quarterly_filings/2024_Q1.pdf,https://www.sec.gov/edgar/browse/?CIK=0000320193,Item 2. Management's Discussion and Analysis - Finance,Disclosure Context (2024_Q1): Trigger: 'Returned $27B to shareholders'. Management Action: 'Maintain mix'. Scope: 'Evaluate balance between dividends and buybacks.'. Rationale: 'Preserves flexibility and EPS support.'.,Optimize Shareholder Return Mix,"Analyze the long-term capital structure trajectory toward net-cash neutrality, modeling scenarios incorporating $80B-$90B annual share repurchases, growing dividend payments, and scheduled term debt redemptions through FY2026.",Maintain mix,defer,Provides clear capital allocation transparency to rating agencies and equity investors. Demonstrates that Apple can achieve cash-neutral balance sheet targets while maintaining unmatched financial flexibility and Aa1/AA+ credit ratings.,"[{""name"": ""Buybacks"", ""value"": ""$20.5B"", ""unit"": ""currency"", ""observed_on"": ""2024-02-01""}, {""name"": ""Dividend"", ""value"": ""$0.24"", ""unit"": ""currency"", ""observed_on"": ""2024-02-01""}]",Finance,reported,"{capital_return,defer,finance}",Legal;Operations,Finance modeled aggressive share buyback scenarios of $100B annually to reach net-cash neutrality by 2026; Rating agencies warned that accelerating buybacks while operating cash flow faced potential regulatory headwinds could pressure credit outlooks; Legal advised maintaining a conservative net cash buffer; CFO Maestri endorsed a disciplined $85B-$90B annual repurchase pace that preserved pristine credit metrics.
AAPL-2024Q1-0090,Apple Inc.,2024-02-01,quarterly_filings/2024_Q1.pdf,https://www.sec.gov/edgar/browse/?CIK=0000320193,Item 2. Management's Discussion and Analysis - Operations,Disclosure Context (2024_Q1): Trigger: 'High post-holiday device returns'. Management Action: 'Automate 8%'. Scope: 'Automate 8% of refurbishment workflow.'. Rationale: 'Reduces labor cost while increasing throughput.'.,Enhance Refurbishment Automation Capacity,"Install automated robotic laser detachment and cleaning stations at the Elk Grove repair facility to process returned and trade-in iPhone display assemblies. Operations increases automated glass separation throughput to 15,000 units daily.",Automate 8%,revise,"Reduces display recycling and remanufacturing costs by $14 per screen compared to manual heat-gun separation. Recycled display panels are repurposed for certified replacement parts and warranty repairs, lowering warranty reserve expenses.","[{""name"": ""Revenue"", ""value"": ""$119.6B"", ""unit"": ""currency"", ""observed_on"": ""2024-02-01""}, {""name"": ""Inventory"", ""value"": ""$6.5B"", ""unit"": ""currency"", ""observed_on"": ""2024-02-01""}]",Operations,reported,"{automation,operations,ops,refurbishment,revise}",Finance;R&D,Operations sought $18M to deploy proprietary laser disassembly equipment; Finance questioned whether the yield savings justified specialized machinery given declining older iPhone trade-in values; R&D confirmed that laser separation preserved the underlying OLED matrix without thermal damage; Operations demonstrated an 11-month payback based on avoided new OLED procurement costs.
AAPL-2024Q1-0091,Apple Inc.,2024-02-01,quarterly_filings/2024_Q1.pdf,https://www.sec.gov/edgar/browse/?CIK=0000320193,Item 2. Management's Discussion and Analysis - R&D,Disclosure Context (2024_Q1): Trigger: 'Services growth +11%'. Management Action: 'Moderate upgrade'. Scope: 'Improve encryption controls for iCloud data processing.'. Rationale: 'Strengthens security without infrastructure overhaul.'.,Expand Secure Cloud Processing Controls,"Architect cryptographic hardware attestation and secure enclave isolation protocols for Private Cloud Compute, ensuring that server-side AI processing clusters provide identical privacy guarantees to on-device hardware.",Moderate upgrade,expand,"Resolves the fundamental tension between massive generative AI compute requirements and customer data privacy. Cloud hardware attestation guarantees that personal user data is never retained, logged, or accessible to Apple engineers.","[{""name"": ""Services"", ""value"": ""$23.1B"", ""unit"": ""currency"", ""observed_on"": ""2024-02-01""}, {""name"": ""GM"", ""value"": ""72.8%"", ""unit"": ""percentage"", ""observed_on"": ""2024-02-01""}]",R&D,reported,"{expand,icloud,r&d,rd,security}",Legal;Operations,"Cloud AI R&D proposed storing temporary server-side prompt logs for 7 days to debug model errors and hallucination anomalies; Security and Privacy teams vetoed all prompt retention, mandating stateless, verifiable server environments with no persistent disk storage; Legal confirmed that stateless architecture eliminated subpoena data compliance risks; R&D engineered cryptographic verifiable execution confirming immediate data destruction."
AAPL-2024Q1-0092,Apple Inc.,2024-02-01,quarterly_filings/2024_Q1.pdf,https://www.sec.gov/edgar/browse/?CIK=0000320193,Item 2. Management's Discussion and Analysis - Legal,Disclosure Context (2024_Q1): Trigger: 'Operating income $40.4B'. Management Action: 'Expand reporting scope'. Scope: 'Strengthen reporting documentation for cross-border operations.'. Rationale: 'Reduces potential penalties from tax scrutiny.'.,Reassess Regional Tax Compliance Reporting,"Reassess regional direct and indirect tax reporting processes across 85 national tax authorities, automating digital services tax (DST) filings and value-added tax (VAT) collection models for international App Store transactions.",Expand reporting scope,expand,"Prevents tax penalties, interest assessments, and cross-border tax audit disputes. Ensures seamless compliance with rapidly evolving digital services tax regimes across Europe, Latin America, and Asia.","[{""name"": ""Operating_Income"", ""value"": ""$40.4B"", ""unit"": ""currency"", ""observed_on"": ""2024-02-01""}, {""name"": ""International"", ""value"": ""$69.6B"", ""unit"": ""currency"", ""observed_on"": ""2024-02-01""}]",Legal,reported,"{expand,legal,reporting,tax}",Finance;Operations,Tax Legal proposed deploying automated VAT withholding systems that deducted local digital taxes directly from developer payouts; Developer Relations warned that sudden tax withholding would confuse smaller developers and generate customer support backlogs; Finance required automated tax collection to eliminate corporate tax liability; Legal and Finance launched a developer tax portal providing localized tax documentation and automated deduction statements.
AAPL-2024Q1-0093,Apple Inc.,2024-02-01,quarterly_filings/2024_Q1.pdf,https://www.sec.gov/edgar/browse/?CIK=0000320193,Item 2. Management's Discussion and Analysis - Finance,Disclosure Context (2024_Q1): Trigger: 'Mac and Services growth'. Management Action: 'Upgrade CRM analytics'. Scope: 'Improve enterprise pipeline modeling.'. Rationale: 'Improves revenue predictability in B2B segment.'.,Enhance Enterprise Revenue Forecast Accuracy,"Upgrade enterprise sales revenue forecasting models by integrating CRM pipeline analytics, corporate IT capital expenditure tracking, and regional commercial channel inventory metrics across 35 major economies.",Upgrade CRM analytics,revise,"Improves quarterly corporate revenue predictability across high-value B2B Mac, iPad, and enterprise mobility sales. Reduces revenue guidance variance and enhances quarterly operational planning.","[{""name"": ""Mac"", ""value"": ""$7.8B"", ""unit"": ""currency"", ""observed_on"": ""2024-02-01""}, {""name"": ""Services"", ""value"": ""$23.1B"", ""unit"": ""currency"", ""observed_on"": ""2024-02-01""}]",Finance,reported,"{enterprise,finance,forecast,revise}",Operations;Legal,"Finance demanded that Enterprise Sales adopt strict algorithmic revenue discount approvals; Sales leadership complained that rigid pricing controls caused them to lose a 50,000-seat corporate laptop refresh deal to Dell; Legal reviewed enterprise anti-kickback compliance; Finance instituted a tiered approval matrix that granted regional VPs pricing discretion within a 6% discount boundary."
AAPL-2024Q1-0094,Apple Inc.,2024-02-01,quarterly_filings/2024_Q1.pdf,https://www.sec.gov/edgar/browse/?CIK=0000320193,Item 2. Management's Discussion and Analysis - Operations,Disclosure Context (2024_Q1): Trigger: 'Global shipment exposure'. Management Action: 'Regional contingency'. Scope: 'Create contingency routing plans for top 3 regions.'. Rationale: 'Improves delivery continuity amid disruptions.'.,Strengthen Distribution Risk Contingency Planning,Establish multi-modal logistics contingency routes bypassing the Red Sea shipping corridor via Cape of Good Hope maritime transit and overland European rail freight corridors. Operations contracts dedicated reserve rail cargo capacity between Asian manufacturing hubs and Central European hubs.,Regional contingency,revise,Protects European supply chain integrity against maritime security disruptions and shipping lane closures. Prevents 14-day delivery delays for critical hardware accessories and spare parts heading into European distribution networks.,"[{""name"": ""Revenue"", ""value"": ""$119.6B"", ""unit"": ""currency"", ""observed_on"": ""2024-02-01""}, {""name"": ""International"", ""value"": ""$69.6B"", ""unit"": ""currency"", ""observed_on"": ""2024-02-01""}]",Operations,reported,"{distribution,operations,ops,revise,risk}",Finance;Legal,"Logistics teams recommended booking expensive air freight charters to bypass Red Sea shipping delays entirely; Finance objected to $45M in unbudgeted air charter premiums, urging reliance on Cape of Good Hope maritime routing; Commercial teams warned that 14 extra sea transit days would cause stockouts in Mediterranean retail stores; Operations compromised by air-freighting high-value finished products while routing accessories around Africa."
AAPL-2024Q1-0095,Apple Inc.,2024-02-01,quarterly_filings/2024_Q1.pdf,https://www.sec.gov/edgar/browse/?CIK=0000320193,Item 2. Management's Discussion and Analysis - R&D,Disclosure Context (2024_Q1): Trigger: 'Large installed base'. Management Action: 'Improve metrics'. Scope: 'Refine long-term performance degradation benchmarks.'. Rationale: 'Strengthens device longevity perception.'.,Improve Device Lifecycle Performance Benchmarks,"Execute multi-year device durability stress-testing across hardware product lines, simulating five years of continuous mechanical drops, environmental thermal cycling, liquid immersion, and connector mating cycles.",Improve metrics,investigate,"Validates physical device longevity, supporting extending hardware lifecycles and high secondary trade-in values. Superior structural durability lowers customer warranty repair claims and reinforces Apple's premium build reputation.","[{""name"": ""Installed_Base"", ""value"": ""2.2B"", ""unit"": ""currency"", ""observed_on"": ""2024-02-01""}]",R&D,reported,"{investigate,lifecycle,performance,r&d,rd}",Operations;Finance,R&D reliability engineering recommended adding internal rubber gasket seals around the USB-C port to exceed IP68 water resistance standards; Operations warned that the extra gasket added $0.35 in assembly labor and increased insertion failure rates on SMT lines; Finance questioned the necessity; R&D demonstrated that the enhanced gasket reduced warranty water damage claims by $12M annually.
AAPL-2024Q1-0096,Apple Inc.,2024-02-01,quarterly_filings/2024_Q1.pdf,https://www.sec.gov/edgar/browse/?CIK=0000320193,Item 2. Management's Discussion and Analysis - Legal,Disclosure Context (2024_Q1): Trigger: 'High global regulatory focus'. Management Action: 'Simplify 5 markets'. Scope: 'Simplify consent disclosures in select markets.'. Rationale: 'Improves compliance and public trust.'.,Expand Consumer Data Consent Transparency,"Overhaul user consent interfaces and cookie-less tracking disclosure dialogs across apple.com and regional online store portals in Europe, implementing standardized consent management platforms aligned with CNIL and EDPB guidelines.",Simplify 5 markets,expand,Shields Apple against substantial European privacy fines under the ePrivacy Directive and GDPR. Demonstrates corporate consistency by upholding the same rigorous privacy standards on Apple's web properties that it mandates on third-party iOS developers.,"[{""name"": ""Installed_Base"", ""value"": ""2.2B"", ""unit"": ""currency"", ""observed_on"": ""2024-02-01""}, {""name"": ""International"", ""value"": ""$69.6B"", ""unit"": ""currency"", ""observed_on"": ""2024-02-01""}]",Legal,reported,"{consent,expand,legal,privacy}",R&D;Marketing,"Privacy Legal mandated that the European apple.com storefront implement equally prominent 'Reject All' and 'Accept All' cookie consent buttons; Web Marketing argued that prominent reject buttons would reduce web analytics opt-in rates by 40%, degrading marketing attribution; Legal warned of massive French CNIL regulatory fines; Web engineering deployed the compliant consent interface, maintaining full regulatory alignment."
AAPL-2024Q1-0097,Apple Inc.,2024-02-01,quarterly_filings/2024_Q1.pdf,https://www.sec.gov/edgar/browse/?CIK=0000320193,Item 2. Management's Discussion and Analysis - Finance,Disclosure Context (2024_Q1): Trigger: 'Stable 2% YoY growth'. Management Action: 'Update cycle model'. Scope: 'Improve device replacement cycle assumptions.'. Rationale: 'Improves capital planning accuracy.'.,Refine Hardware Upgrade Cycle Modeling,"Refine actuarial hardware replacement cycle models by analyzing active device telemetry across 2.2 billion active devices, tracking average iPhone replacement cycles extending from 3.6 to 4.1 years.",Update cycle model,revise,Provides realistic long-term hardware unit volume forecasts. Enables Finance to optimize multi-year revenue growth models by factoring in expanding device longevity alongside rising Services monetization per active device.,"[{""name"": ""Revenue"", ""value"": ""$119.6B"", ""unit"": ""currency"", ""observed_on"": ""2024-02-01""}, {""name"": ""iPhone"", ""value"": ""$69.7B"", ""unit"": ""currency"", ""observed_on"": ""2024-02-01""}]",Finance,reported,"{finance,forecast,revise,upgrade_cycle}",Operations;R&D,"Finance replacement models projected iPhone upgrade cycles lengthening to 4.1 years, lowering FY2025 unit growth estimates; Marketing and Sales argued that generative AI features in upcoming iOS releases would trigger a massive supercycle; Operations warned against over-procuring long-lead components based on supercycle hype; Management adopted the conservative actuarial model to govern factory build authorizations."
AAPL-2024Q1-0098,Apple Inc.,2024-02-01,quarterly_filings/2024_Q1.pdf,https://www.sec.gov/edgar/browse/?CIK=0000320193,Item 2. Management's Discussion and Analysis - Operations,Disclosure Context (2024_Q1): Trigger: 'Services infrastructure expansion'. Management Action: '+4%'. Scope: 'Improve data center efficiency by 4%.'. Rationale: 'Reduces operating cost and improves ESG profile.'.,Enhance Data Center Energy Efficiency,"Upgrade liquid cooling infrastructure and dynamic workload-shifting algorithms across Apple-owned data centers in Maiden, North Carolina and Viborg, Denmark. Operations deploys AI-managed cooling distribution units that adjust coolant flow rates in real time based on server cluster thermal output.",+4%,revise,"Decreases data center power usage effectiveness (PUE) from 1.15 to 1.08, saving an estimated 42 million kilowatt-hours annually. Supports burgeoning iCloud storage and Apple Intelligence private cloud computing workloads while advancing corporate carbon neutrality goals.","[{""name"": ""Services"", ""value"": ""$23.1B"", ""unit"": ""currency"", ""observed_on"": ""2024-02-01""}, {""name"": ""OCF"", ""value"": ""$39.9B"", ""unit"": ""currency"", ""observed_on"": ""2024-02-01""}]",Operations,reported,"{datacenter,esg,operations,ops,revise}",Finance;R&D,Facilities Operations proposed a $65M retrofit of liquid cooling systems across the Maiden data center; Finance argued that power cost savings would take over 6 years to recoup the capital expenditure; R&D server teams warned that upcoming Private Cloud Compute clusters would thermally throttle without enhanced liquid dissipation; Finance approved the capital budget based on R&D's compute density requirements.
AAPL-2024Q1-0099,Apple Inc.,2024-02-01,quarterly_filings/2024_Q1.pdf,https://www.sec.gov/edgar/browse/?CIK=0000320193,Item 2. Management's Discussion and Analysis - R&D,Disclosure Context (2024_Q1): Trigger: 'AI roadmap acceleration'. Management Action: '-6%'. Scope: 'Reduce model size by 6% without accuracy loss.'. Rationale: 'Improves device performance and privacy posture.'.,Advance On-Device Language Model Optimization,"Compress and optimize on-device language models using grouped-query attention (GQA) and parameter-efficient LoRA adapters, enabling instantaneous text composition assistance within Mail, Messages, and Notes on mobile devices.",-6%,revise,"Delivers instant, lag-free text drafting assistance without cloud latency or server hosting costs. Parameter-efficient adapters allow multiple domain-specific skills to run within a unified 3B model memory footprint.","[{""name"": ""R&D"", ""value"": ""$7.7B"", ""unit"": ""currency"", ""observed_on"": ""2024-02-01""}, {""name"": ""Installed_Base"", ""value"": ""2.2B"", ""unit"": ""currency"", ""observed_on"": ""2024-02-01""}]",R&D,reported,"{llm,optimization,r&d,rd,revise}",Operations;Finance,R&D AI teams wanted to load multiple specialized LoRA adapter weights simultaneously into unified memory for instant task switching; System software warned that holding 800MB of adapter weights in RAM caused background app termination on standard 8GB devices; Finance pushed to support baseline iPhones; R&D developed a dynamic on-demand flash-to-RAM streaming protocol that loaded adapters in under 15 milliseconds.
AAPL-2024Q1-0100,Apple Inc.,2024-02-01,quarterly_filings/2024_Q1.pdf,https://www.sec.gov/edgar/browse/?CIK=0000320193,Item 2. Management's Discussion and Analysis - Legal,Disclosure Context (2024_Q1): Trigger: 'Large installed base and revenue scale'. Management Action: 'Structured playbook'. Scope: 'Formalize standardized litigation response templates.'. Rationale: 'Improves response speed and legal cost efficiency.'.,Establish Proactive Consumer Litigation Response Playbook,"Establish a centralized consumer litigation response playbook to coordinate defense strategies across multi-district class-action lawsuits challenging Apple's App Store fees, Device repairability policies, and Siri privacy disclosures.",Structured playbook,revise,"Streamlines outside counsel management, standardizes factual deposition records, and reduces legal defense costs across dozens of overlapping class actions. Facilitates early motions to dismiss and defeats class certification attempts.","[{""name"": ""Revenue"", ""value"": ""$119.6B"", ""unit"": ""currency"", ""observed_on"": ""2024-02-01""}, {""name"": ""Installed_Base"", ""value"": ""2.2B"", ""unit"": ""currency"", ""observed_on"": ""2024-02-01""}]",Legal,reported,"{governance,legal,litigation,revise}",Finance;Operations,"Litigation Legal proposed creating a specialized defense team to manage over 20 overlapping consumer class-action suits; Finance questioned the $45M outside counsel retention budget; Legal demonstrated that coordinated defense strategy had successfully defeated class certification in two major antitrust actions, avoiding billions in potential exposure; Finance authorized the defense budget under quarterly billing review audits."
AAPL-2024Q1-0101,Apple Inc.,2024-02-01,quarterly_filings/2024_Q1.pdf,https://www.sec.gov/edgar/browse/?CIK=0000320193,Item 2. Management's Discussion and Analysis - Finance,Disclosure Context (2024_Q1): Trigger: 'Services revenue $23.1B with 72.8% GM'. Management Action: 'Improve targeting'. Scope: 'Improve ad targeting efficiency to increase yield per impression.'. Rationale: 'Protects user experience while expanding high-margin ad revenue.'.,Expand Services Advertising Yield Optimization,Optimize digital advertising yield across the App Store Search Ads platform by introducing dynamic second-price auction algorithms and enhanced contextual keyword suggestion tools for developers.,Improve targeting,expand,"Expands high-margin advertising Services revenue without compromising user privacy or violating App Tracking Transparency rules. Advertising delivers operating margins exceeding 80%, driving segment profit expansion.","[{""name"": ""Services"", ""value"": ""$23.1B"", ""unit"": ""currency"", ""observed_on"": ""2024-02-01""}, {""name"": ""GM"", ""value"": ""72.8%"", ""unit"": ""percentage"", ""observed_on"": ""2024-02-01""}]",Finance,reported,"{advertising,expand,finance,yield}",Legal;R&D,Finance Ad Monetization team pushed to introduce sponsored product slots on the App Store Today tab and product pages; Legal warned that prominent ads would provoke developer backlash and antitrust scrutiny regarding self-preferencing; Privacy teams ensured ad targeting relied exclusively on contextual device signals; Finance approved the expanded placements with strict ad disclosure labels.
AAPL-2024Q1-0102,Apple Inc.,2024-02-01,quarterly_filings/2024_Q1.pdf,https://www.sec.gov/edgar/browse/?CIK=0000320193,Item 2. Management's Discussion and Analysis - Operations,Disclosure Context (2024_Q1): Trigger: 'Revenue $119.6B with FX exposure'. Management Action: 'Regional dynamic pricing'. Scope: 'Implement dynamic regional pricing adjustments.'. Rationale: 'Improves competitiveness in volatile currency markets.'.,Introduce Regional Dynamic Pricing Framework,"Implement a dynamic regional pricing framework for accessories, AppleCare+, and digital services across 18 emerging market currencies experiencing high foreign exchange volatility. Operations automates monthly localized pricing reviews using trailing 30-day currency moving averages.",Regional dynamic pricing,revise,"Protects local currency operating margins against sharp foreign exchange depreciations in markets such as Turkey, Argentina, and Egypt. Dynamic adjustment prevents regional currency arbitrage and wholesale distributor parallel importing into Western European markets.","[{""name"": ""Revenue"", ""value"": ""$119.6B"", ""unit"": ""currency"", ""observed_on"": ""2024-02-01""}, {""name"": ""International"", ""value"": ""$69.6B"", ""unit"": ""currency"", ""observed_on"": ""2024-02-01""}]",Operations,reported,"{operations,ops,pricing,regional,revise}",Finance;Legal,Operations and Regional Sales advocated frequent pricing recalibrations to neutralize foreign currency devaluations; Finance insisted that frequent price hikes would depress unit sales and drive churn in price-sensitive emerging markets; Legal reviewed consumer price notification statutes in South America requiring 30-day advance notice; Operations instituted monthly price adjustment thresholds triggered only when currency fluctuations exceeded 8%.
AAPL-2024Q1-0103,Apple Inc.,2024-02-01,quarterly_filings/2024_Q1.pdf,https://www.sec.gov/edgar/browse/?CIK=0000320193,Item 2. Management's Discussion and Analysis - R&D,Disclosure Context (2024_Q1): Trigger: 'Silicon roadmap focus'. Management Action: 'Accelerate by 6 months'. Scope: 'Increase internal modem development velocity.'. Rationale: 'Reduces long-term supplier dependency risk.'.,Accelerate Custom Modem Development Roadmap,"Accelerate in-house custom cellular baseband modem engineering, deploying prototype 5G/LTE silicon for live carrier field testing across sub-6GHz and mmWave networks in the U.S., Europe, and Japan.",Accelerate by 6 months,expand,"Positions Apple to vertically integrate custom baseband modem technology in future hardware generations, ultimately replacing third-party Qualcomm modems. Vertical silicon integration lowers per-device BOM costs and optimizes battery consumption.","[{""name"": ""R&D"", ""value"": ""$7.7B"", ""unit"": ""currency"", ""observed_on"": ""2024-02-01""}, {""name"": ""iPhone"", ""value"": ""$69.7B"", ""unit"": ""currency"", ""observed_on"": ""2024-02-01""}]",R&D,reported,"{expand,modem,r&d,rd,silicon}",Legal;Finance,Modem R&D engineering pushed to deploy the prototype custom modem into an upcoming mid-tier iPhone model; Operations and Field Engineering reported that mmWave carrier certification in the U.S. was failing carrier throughput benchmarks; Finance calculated that a launch delay avoided hundreds of millions in potential warranty recalls; Legal finalized an extension of Qualcomm's patent licensing pact through 2027 while modem R&D continued refinements.
AAPL-2024Q1-0104,Apple Inc.,2024-02-01,quarterly_filings/2024_Q1.pdf,https://www.sec.gov/edgar/browse/?CIK=0000320193,Item 2. Management's Discussion and Analysis - Legal,Disclosure Context (2024_Q1): Trigger: 'Growing antitrust scrutiny'. Management Action: 'Train top markets'. Scope: 'Expand internal training across international teams.'. Rationale: 'Improves compliance culture while managing cost.'.,Enhance Global Competition Law Training Program,"Deploy mandatory corporate competition law compliance training programs for 15,000 corporate employees in developer relations, product marketing, supply chain procurement, and executive leadership.",Train top markets,revise,"Prevents inadvertent employee conduct that could be misconstrued as anti-competitive signaling, market allocation, or coercive vendor tying under global antitrust laws. Embeds competition compliance into daily business operations.","[{""name"": ""International"", ""value"": ""$69.6B"", ""unit"": ""currency"", ""observed_on"": ""2024-02-01""}]",Legal,reported,"{antitrust,legal,revise,training}",Operations;Finance,Antitrust Compliance Legal mandated that all procurement and developer relations managers complete 6 hours of annual competition law training; Operations complained that extensive training during holiday supply ramps disrupted vendor negotiations; Legal emphasized that recent DOJ subpoenas focused specifically on internal employee communications; Operations scheduled the training during January off-peak periods.
AAPL-2024Q1-0105,Apple Inc.,2024-02-01,quarterly_filings/2024_Q1.pdf,https://www.sec.gov/edgar/browse/?CIK=0000320193,Item 2. Management's Discussion and Analysis - Finance,Disclosure Context (2024_Q1): Trigger: 'Gross margin 45.9%'. Management Action: 'Model 3% shock'. Scope: 'Create buffer models for 3% cost shocks.'. Rationale: 'Enhances risk preparedness without overstating risk.'.,Implement Long-Term Margin Buffer Modeling,"Develop multi-year gross margin buffer simulations assessing the margin impact of potential European App Store fee reductions, alternative app marketplace commission structures, and DMA gatekeeper compliance costs.",Model 3% shock,approve,Insulates consolidated corporate gross margin against regulatory interventions in high-margin Services lines. Identifies offsetting operational cost reduction opportunities to protect Apple's 45%+ gross margin floor.,"[{""name"": ""GM"", ""value"": ""45.9%"", ""unit"": ""percentage"", ""observed_on"": ""2024-02-01""}, {""name"": ""Revenue"", ""value"": ""$119.6B"", ""unit"": ""currency"", ""observed_on"": ""2024-02-01""}]",Finance,reported,"{approve,finance,margin,risk}",Legal;Operations,Finance margin analysts modeled worst-case scenarios where DMA compliance eroded European App Store revenues by €1.2B annually; Legal argued that Apple's Core Technology Fee (€0.50 per install) and reduced 17% commission would preserve 80% of European digital margins; Operations identified $300M in European logistics savings to offset potential revenue dips; Executive committee incorporated the blended model into FY2024 guidance.
AAPL-2024Q1-0106,Apple Inc.,2024-02-01,quarterly_filings/2024_Q1.pdf,https://www.sec.gov/edgar/browse/?CIK=0000320193,Item 2. Management's Discussion and Analysis - Operations,Disclosure Context (2024_Q1): Trigger: 'Stable 2% YoY growth'. Management Action: 'Moderate incentive adjustment'. Scope: 'Refine trade-in valuation algorithm to boost upgrades.'. Rationale: 'Stimulates upgrades without compressing margins.'.,Expand Device Trade-In Incentive Optimization,Enhance the algorithmic device trade-in valuation engine by incorporating real-time secondary marketplace pricing telemetry and cosmetic grading computer vision models. Operations standardizes trade-in credit matrices across all digital and retail store touchpoints.,Moderate incentive adjustment,expand,"Maximizes trade-in intake volume by offering competitive, transparent trade-in quotes while eliminating manual store-level grading discrepancies. Higher trade-in velocity accelerates iPhone 15 Pro adoption and generates certified refurbished inventory.","[{""name"": ""Revenue"", ""value"": ""$119.6B"", ""unit"": ""currency"", ""observed_on"": ""2024-02-01""}, {""name"": ""iPhone"", ""value"": ""$69.7B"", ""unit"": ""currency"", ""observed_on"": ""2024-02-01""}]",Operations,reported,"{expand,operations,ops,tradein,upgrade}",Finance;R&D,Retail Operations pushed to inflate trade-in valuations by $40 per device to drive holiday upgrade velocity; Finance warned that aggressive trade-in subsidies would erode hardware gross margins by 90 basis points; R&D field software validated that computer-vision cosmetic grading reduced valuation errors by 65%; Finance approved targeted promotional trade-in boosts only for premium Pro models.
AAPL-2024Q1-0107,Apple Inc.,2024-02-01,quarterly_filings/2024_Q1.pdf,https://www.sec.gov/edgar/browse/?CIK=0000320193,Item 2. Management's Discussion and Analysis - R&D,Disclosure Context (2024_Q1): Trigger: 'High-performance silicon roadmap'. Management Action: 'Adjust 3%'. Scope: 'Improve thermal throttling balance by 3%.'. Rationale: 'Improves sustained performance perception.'.,Optimize Device Thermal Throttling Algorithms,"Calibrate dynamic GPU and CPU thermal governor firmware in iOS 17.3, adjusting frequency scaling curves to prevent rapid heat accumulation during high-frame-rate gaming without introducing perceptible frame stutter.",Adjust 3%,revise,Resolves early launch thermal complaints on titanium-chassis iPhone 15 Pro models. Preserves peak graphical rendering performance while maintaining exterior chassis skin temperatures within strict regulatory and comfort thresholds.,"[{""name"": ""R&D"", ""value"": ""$7.7B"", ""unit"": ""currency"", ""observed_on"": ""2024-02-01""}, {""name"": ""GM"", ""value"": ""45.9%"", ""unit"": ""percentage"", ""observed_on"": ""2024-02-01""}]",R&D,reported,"{firmware,r&d,rd,revise,thermal}",Operations;Finance,"R&D software firmware teams proposed a conservative frequency ceiling that capped peak GPU clocks by 15%; Game Technology engineering demonstrated that this reduced frame rates in Metal-optimized gaming titles from 60fps to 48fps; Marketing expressed concern over gaming benchmark comparisons with Android flagships; R&D engineered an adaptive thermal governor that allowed peak clocks when frame rendering demanded, smoothly tapering power only as chassis heat built up."
AAPL-2024Q1-0108,Apple Inc.,2024-02-01,quarterly_filings/2024_Q1.pdf,https://www.sec.gov/edgar/browse/?CIK=0000320193,Item 2. Management's Discussion and Analysis - Legal,Disclosure Context (2024_Q1): Trigger: 'App Store ecosystem scale'. Management Action: 'Regional standardization'. Scope: 'Formalize standardized appeal review timelines.'. Rationale: 'Improves fairness perception while managing resources.'.,Standardize Global Developer Appeal Process,"Formalize and standardize the global App Review Developer Appeal process, establishing an independent review panel within Developer Relations with published turnaround service level agreements (SLAs) and written justification mandates.",Regional standardization,revise,"Fulfills procedural fairness mandates under the EU Digital Services Act and Platform-to-Business (P2B) regulations. Reduces developer frustration, mitigates regulatory complaints, and demonstrates objective platform stewardship.","[{""name"": ""Services"", ""value"": ""$23.1B"", ""unit"": ""currency"", ""observed_on"": ""2024-02-01""}]",Legal,reported,"{developers,governance,legal,revise}",R&D;Operations,"Legal proposed creating an external developer appeals board to adjudicate contested App Store rejections; App Review leadership opposed external oversight, asserting third-party arbiters lacked understanding of iOS platform security; Developer Relations favored formal internal appeals with written justifications; Legal implemented a formal App Review Appeals Board with senior engineering and legal members, satisfying EU P2B fairness requirements."
AAPL-2024Q1-0109,Apple Inc.,2024-02-01,quarterly_filings/2024_Q1.pdf,https://www.sec.gov/edgar/browse/?CIK=0000320193,Item 2. Management's Discussion and Analysis - Finance,Disclosure Context (2024_Q1): Trigger: 'Installed base 2.2B'. Management Action: 'Conduct LTV study'. Scope: 'Quantify lifetime value uplift from multi-device ownership.'. Rationale: 'Supports data-driven capital allocation decisions.'.,Model Ecosystem Lock-In Lifetime Value,"Quantify ecosystem customer lifetime value (LTV) uplifts associated with multi-device ownership, finding that consumers owning three or more Apple hardware devices generate 4.8x higher lifetime Services revenues than single-device users.",Conduct LTV study,revise,"Provides analytical justification for subsidized hardware promotions, trade-in allowances, and family-sharing feature investments that encourage ecosystem expansion and cross-hardware device adoption.","[{""name"": ""Installed_Base"", ""value"": ""2.2B"", ""unit"": ""currency"", ""observed_on"": ""2024-02-01""}, {""name"": ""Services"", ""value"": ""$23.1B"", ""unit"": ""currency"", ""observed_on"": ""2024-02-01""}]",Finance,reported,"{ecosystem,finance,ltv,revise}",R&D;Operations,"Finance analytics proposed providing hardware discounts on Apple Watch when purchased alongside an iPhone Pro to maximize multi-device LTV; Hardware finance teams objected to taking an immediate 400 basis point hit on Watch gross margins; Operations warned of channel inventory cannibalization; Finance approved the promotion as an exclusive direct-to-consumer offer on apple.com, protecting third-party retail channels."
AAPL-2024Q1-0110,Apple Inc.,2024-02-01,quarterly_filings/2024_Q1.pdf,https://www.sec.gov/edgar/browse/?CIK=0000320193,Item 2. Management's Discussion and Analysis - Operations,Disclosure Context (2024_Q1): Trigger: 'Global ESG focus'. Management Action: 'Quarterly reporting'. Scope: 'Require Tier-1 suppliers to submit quarterly carbon data.'. Rationale: 'Aligns supply chain with sustainability commitments.'.,Enhance Supplier Carbon Reporting Standards,"Mandate audited Scope 1, 2, and 3 carbon emissions reporting and clean energy transition milestones across Apple's 200 primary manufacturing partners. Operations deploys automated carbon accounting software to monitor supplier clean electricity matching in real time.",Quarterly reporting,revise,Enforces supplier accountability toward Apple's 2030 carbon neutrality pledge across the entire product lifecycle. Avoids future regulatory carbon border adjustment tax penalties in the European Union and strengthens corporate ESG credentials.,"[{""name"": ""Revenue"", ""value"": ""$119.6B"", ""unit"": ""currency"", ""observed_on"": ""2024-02-01""}, {""name"": ""Installed_Base"", ""value"": ""2.2B"", ""unit"": ""currency"", ""observed_on"": ""2024-02-01""}]",Operations,reported,"{esg,operations,ops,revise,supply_chain}",Finance;Legal,Operations mandated that all Tier-1 suppliers achieve 100% renewable electricity by 2026 or face allocation cuts; Key semiconductor packaging vendors in Japan and Taiwan protested that local renewable energy grids lacked sufficient green power capacity; Legal assessed contractual compliance risk under existing master purchase pacts; Operations agreed to co-fund regional clean power purchase agreements to assist vendor compliance.
AAPL-2024Q1-0111,Apple Inc.,2024-02-01,quarterly_filings/2024_Q1.pdf,https://www.sec.gov/edgar/browse/?CIK=0000320193,Item 2. Management's Discussion and Analysis - R&D,Disclosure Context (2024_Q1): Trigger: 'AI product differentiation'. Management Action: '+4%'. Scope: 'Increase speech model accuracy by 4%.'. Rationale: 'Improves user engagement across ecosystem.'.,Improve On-Device Speech Recognition Accuracy,"Train and deploy deep acoustic neural networks on the Apple Neural Engine to power on-device Siri speech recognition, eliminating server-dependent audio transcription for core device control commands.",+4%,revise,"Enables instantaneous Siri responsiveness for timers, music playback, and app launching even in offline environments. Completely local voice processing eliminates consumer privacy concerns regarding audio recording transmission.","[{""name"": ""R&D"", ""value"": ""$7.7B"", ""unit"": ""currency"", ""observed_on"": ""2024-02-01""}, {""name"": ""Installed_Base"", ""value"": ""2.2B"", ""unit"": ""currency"", ""observed_on"": ""2024-02-01""}]",R&D,reported,"{ai,r&d,rd,revise,speech}",Legal;Operations,R&D voice engineering wanted to keep server transcription enabled as a parallel fallback to maximize command accuracy on complex multi-lingual queries; Legal and Privacy insisted on 100% on-device processing to honor public marketing privacy commitments; Finance noted that eliminating server audio processing saved $18M annually in cloud server infrastructure; R&D optimized the local acoustic model to achieve 98.4% command recognition accuracy.
AAPL-2024Q1-0112,Apple Inc.,2024-02-01,quarterly_filings/2024_Q1.pdf,https://www.sec.gov/edgar/browse/?CIK=0000320193,Item 2. Management's Discussion and Analysis - Legal,Disclosure Context (2024_Q1): Trigger: 'Advertising yield growth'. Management Action: 'Minor revision'. Scope: 'Clarify ad targeting disclosure standards.'. Rationale: 'Balances compliance and revenue objectives.'.,Update Global Advertising Policy Guidelines,"Update global commercial advertising guidelines for third-party developers on the App Store, establishing strict rules against deceptive dark patterns, predatory subscription sign-up interfaces, and misleading ad creative.",Minor revision,revise,Protects consumers from deceptive digital billing practices and shields Apple against regulatory enforcement from the FTC and European consumer protection authorities. Preserves the App Store as a safe and trusted consumer environment.,"[{""name"": ""Services"", ""value"": ""$23.1B"", ""unit"": ""currency"", ""observed_on"": ""2024-02-01""}, {""name"": ""GM"", ""value"": ""72.8%"", ""unit"": ""percentage"", ""observed_on"": ""2024-02-01""}]",Legal,reported,"{advertising,legal,policy,revise}",Operations;R&D,"Legal drafted aggressive rules banning recurring subscription paywalls that lacked explicit, immediate cancellation links in the app interface; App Store monetization teams warned that strict rules would depress developer subscription revenues by 12% in the short term; Consumer Protection Legal insisted that predatory dark patterns were drawing FTC scrutiny; Operations updated App Review guidelines to enforce clear cancellation terms universally."
AAPL-2024Q1-0113,Apple Inc.,2024-02-01,quarterly_filings/2024_Q1.pdf,https://www.sec.gov/edgar/browse/?CIK=0000320193,Item 2. Management's Discussion and Analysis - Finance,Disclosure Context (2024_Q1): Trigger: 'Dividend $0.24 per share'. Management Action: 'Stress test'. Scope: 'Model payout sustainability under 5% revenue shock.'. Rationale: 'Ensures long-term dividend stability.'.,Reassess Dividend Sustainability Under Stress Scenarios,"Execute stress-test simulations of Apple's dividend payout sustainability under severe macroeconomic downturn scenarios, modeling a hypothetical 25% drop in net sales combined with international market access restrictions.",Stress test,investigate,Confirms that annual dividend commitments of ~$15B remain fully secure even under extreme stress without requiring debt financing. Reassures debt rating agencies and the Board of Directors of capital return durability.,"[{""name"": ""Dividend"", ""value"": ""$0.24"", ""unit"": ""currency"", ""observed_on"": ""2024-02-01""}, {""name"": ""Revenue"", ""value"": ""$119.6B"", ""unit"": ""currency"", ""observed_on"": ""2024-02-01""}]",Finance,reported,"{dividend,finance,investigate,stress_test}",Legal;Operations,Finance Risk teams modeled extreme stress scenarios where a 25% revenue decline would force a choice between pausing share buybacks or maintaining dividend growth; Board members requested confirmation that the dividend was invulnerable under all conditions; Legal verified that Delaware capital surplus remained robust; Finance confirmed that annual operating cash flows exceeding $100B provided 6x coverage of dividend commitments under all modeled scenarios.
AAPL-2024Q1-0114,Apple Inc.,2024-02-01,quarterly_filings/2024_Q1.pdf,https://www.sec.gov/edgar/browse/?CIK=0000320193,Item 2. Management's Discussion and Analysis - Operations,Disclosure Context (2024_Q1): Trigger: 'International revenue $69.6B'. Management Action: 'Improve 5%'. Scope: 'Improve hub utilization by 5%.'. Rationale: 'Enhances throughput without consolidation risk.'.,Optimize International Distribution Hub Utilization,Rebalance international distribution hub inventory allocations by transitioning excess central European inventory from Rotterdam to regional forward fulfillment hubs in Dubai and Singapore. Operations optimizes warehouse cross-dock throughput to reduce intra-region shipment legs.,Improve 5%,revise,Decreases average order transit times for Middle Eastern and South Asian consumers by 2.8 days while reducing costly cross-regional emergency air transfers. Balances global inventory holding costs across bonded free-trade zones.,"[{""name"": ""International"", ""value"": ""$69.6B"", ""unit"": ""currency"", ""observed_on"": ""2024-02-01""}]",Operations,reported,"{distribution,international,operations,ops,revise}",Finance;Operations,Logistics managers proposed transferring $180M of finished inventory from Europe to Dubai to meet surging Middle East demand; Finance raised concerns over foreign exchange and customs duty pre-funding in non-EU warehouses; Regional sales warned that European stockouts could occur if consumer demand rebounded; Operations executed a phased transfer of 35% of excess inventory with weekly rebalancing reviews.
AAPL-2024Q1-0115,Apple Inc.,2024-02-01,quarterly_filings/2024_Q1.pdf,https://www.sec.gov/edgar/browse/?CIK=0000320193,Item 2. Management's Discussion and Analysis - R&D,Disclosure Context (2024_Q1): Trigger: 'Privacy differentiation strategy'. Management Action: 'Incremental update'. Scope: 'Integrate federated learning upgrades.'. Rationale: 'Reinforces privacy leadership without major infrastructure change.'.,Advance Privacy-Preserving Machine Learning Techniques,"Implement differential privacy frameworks and encrypted vector database storage for on-device semantic search, indexing user contacts, emails, and calendar events for contextual AI assistance.",Incremental update,revise,Allows system AI to provide context-aware personal intelligence without exposing raw personal data to cloud servers or third-party applications. Reinforces Apple's architectural privacy differentiation.,"[{""name"": ""Installed_Base"", ""value"": ""2.2B"", ""unit"": ""currency"", ""observed_on"": ""2024-02-01""}, {""name"": ""Services"", ""value"": ""$23.1B"", ""unit"": ""currency"", ""observed_on"": ""2024-02-01""}]",R&D,reported,"{ml,privacy,r&d,rd,revise}",Legal;Operations,"R&D personal intelligence engineers requested permission to index user calendar and email metadata into an unencrypted system cache to speed up semantic queries; Legal and InfoSec rejected the proposal, citing strict data protection standards under GDPR; Finance noted the importance of privacy to enterprise sales; R&D implemented hardware-accelerated on-device AES-256 encrypted vector storage with zero performance penalty."
AAPL-2024Q1-0116,Apple Inc.,2024-02-01,quarterly_filings/2024_Q1.pdf,https://www.sec.gov/edgar/browse/?CIK=0000320193,Item 2. Management's Discussion and Analysis - Legal,Disclosure Context (2024_Q1): Trigger: 'App Store scale'. Management Action: 'Improve dashboards'. Scope: 'Improve reporting clarity for developer earnings.'. Rationale: 'Reduces dispute risk while preserving confidentiality.'.,Strengthen Developer Revenue Reporting Transparency,"Strengthen developer revenue reporting and audit protocols, deploying automated financial reconciliation dashboards that provide developers with daily itemized breakdowns of global sales, commissions, refunds, and applicable foreign taxes.",Improve dashboards,revise,Enhances financial transparency and resolves developer accounting disputes. Fulfills statutory accounting disclosure mandates under European digital commerce directives and reinforces commercial trust.,"[{""name"": ""Services"", ""value"": ""$23.1B"", ""unit"": ""currency"", ""observed_on"": ""2024-02-01""}]",Legal,reported,"{developers,legal,revise,transparency}",Finance;R&D,Developer Legal proposed providing developers with transaction-level telemetry on customer refunds; Finance raised concerns that disclosing granular refund transaction data would expose customer payment metadata and violate consumer privacy rules; R&D designed an aggregated daily financial reconciliation dashboard that provided complete financial transparency without exposing individual user identifiers.
AAPL-2024Q1-0117,Apple Inc.,2024-02-01,quarterly_filings/2024_Q1.pdf,https://www.sec.gov/edgar/browse/?CIK=0000320193,Item 2. Management's Discussion and Analysis - Finance,Disclosure Context (2024_Q1): Trigger: 'Revenue growth 2% YoY'. Management Action: 'Expand analytics'. Scope: 'Deepen region-level profitability analysis.'. Rationale: 'Supports optimized regional investment decisions.'.,Enhance Multi-Region Revenue Mix Analysis,"Decompose geographic and currency revenue mix across 40 operating markets, analyzing the interplay between US Dollar strength, local purchasing power indices, and regional hardware sales velocities.",Expand analytics,expand,Enables localized pricing and promotional adaptations that maximize consolidated dollar revenue while minimizing local market share losses to aggressive domestic smartphone manufacturers in emerging territories.,"[{""name"": ""Revenue"", ""value"": ""$119.6B"", ""unit"": ""currency"", ""observed_on"": ""2024-02-01""}, {""name"": ""International"", ""value"": ""$69.6B"", ""unit"": ""currency"", ""observed_on"": ""2024-02-01""}]",Finance,reported,"{analysis,expand,finance,regional}",Operations;Legal,Finance proposed adjusting hardware pricing upward in the UK and Europe to offset dollar strength; International sales heads warned that European consumer confidence was weak and price hikes would stall iPhone 15 momentum; Operations highlighted that channel inventory in Europe was already elevated; Finance compromised by holding hardware MSRP flat while adjusting Services pricing tiers.
AAPL-2024Q1-0118,Apple Inc.,2024-02-01,quarterly_filings/2024_Q1.pdf,https://www.sec.gov/edgar/browse/?CIK=0000320193,Item 2. Management's Discussion and Analysis - Operations,Disclosure Context (2024_Q1): Trigger: 'Inventory $6.5B'. Management Action: 'Improve aging analytics'. Scope: 'Enhance aging tracking to reduce obsolete risk.'. Rationale: 'Reduces write-off risk while protecting margins.'.,Improve Inventory Aging Analytics,Deploy real-time inventory aging analytics and automated markdown triggers across retail store backrooms and regional third-party logistics warehouses. Operations flags finished goods exceeding 45 days of dwell time for automated reallocation or enterprise channel bundling.,Improve aging analytics,revise,Prevents slow-moving accessories and legacy device models from incurring balance sheet inventory obsolescence provisions. Accelerates working capital velocity and frees up valuable retail store backroom staging space for newly launched hardware.,"[{""name"": ""Inventory"", ""value"": ""$6.5B"", ""unit"": ""currency"", ""observed_on"": ""2024-02-01""}, {""name"": ""GM"", ""value"": ""45.9%"", ""unit"": ""percentage"", ""observed_on"": ""2024-02-01""}]",Operations,reported,"{analytics,inventory,operations,ops,revise}",Finance;Operations,"Operations wanted automated liquidation triggers for any accessory SKU dwelling over 45 days; Merchandising directors objected, stating that seasonal colorways for watch bands required 60-day shelf presence to capture full retail margin; Finance supported automated liquidation to reduce carrying costs; Operations compromised by applying 45-day rules to third-party accessories while allowing 60 days for first-party watch bands."
AAPL-2024Q1-0119,Apple Inc.,2024-02-01,quarterly_filings/2024_Q1.pdf,https://www.sec.gov/edgar/browse/?CIK=0000320193,Item 2. Management's Discussion and Analysis - R&D,Disclosure Context (2024_Q1): Trigger: 'Large multi-device installed base'. Management Action: 'Improve 5%'. Scope: 'Improve handoff latency by 5%.'. Rationale: 'Strengthens ecosystem stickiness.'.,Enhance Cross-Device Continuity Performance,Enhance AirDrop and Universal Continuity wireless protocols by integrating Ultra-Wideband (UWB) precision spatial awareness and high-speed Wi-Fi 6E peer-to-peer data channels across iOS and macOS platforms.,Improve 5%,revise,Accelerates multi-gigabyte file transfers between Apple devices and reduces cross-device connection latency to under 200 milliseconds. Frictionless multi-device interoperability strengthens ecosystem retention across 2.2 billion active devices.,"[{""name"": ""Installed_Base"", ""value"": ""2.2B"", ""unit"": ""currency"", ""observed_on"": ""2024-02-01""}, {""name"": ""Services"", ""value"": ""$23.1B"", ""unit"": ""currency"", ""observed_on"": ""2024-02-01""}]",R&D,reported,"{continuity,ecosystem,r&d,rd,revise}",Legal;Operations,"Wireless R&D proposed utilizing uncoordinated 6GHz spectrum for high-speed AirDrop transfers; Legal warned that international radio spectrum regulators in the EU and Japan had restricted indoor 6GHz power allocations, creating compliance risk; Operations noted hardware divergence across regional SKUs; R&D implemented dynamic spectrum sniffing that utilized 6GHz only in certified jurisdictions while defaulting to 5GHz elsewhere."
AAPL-2024Q1-0120,Apple Inc.,2024-02-01,quarterly_filings/2024_Q1.pdf,https://www.sec.gov/edgar/browse/?CIK=0000320193,Item 2. Management's Discussion and Analysis - Legal,Disclosure Context (2024_Q1): Trigger: 'Rising multi-jurisdiction tech regulation'. Management Action: 'Moderate framework'. Scope: 'Create forward-looking regulatory scenario playbooks.'. Rationale: 'Enhances preparedness without overcommitting resources.'.,Establish Global Regulatory Scenario Planning Framework,"Establish a cross-functional regulatory scenario planning task force comprising Legal, Government Affairs, and Finance leadership to simulate potential outcomes of the European Commission's pending App Store antitrust investigation.",Moderate framework,revise,"Prepares operational, financial, and technical contingencies in the event of an adverse European Commission ruling or formal Statement of Objections. Ensures immediate operational readiness and minimizes market disruption.","[{""name"": ""Revenue"", ""value"": ""$119.6B"", ""unit"": ""currency"", ""observed_on"": ""2024-02-01""}, {""name"": ""International"", ""value"": ""$69.6B"", ""unit"": ""currency"", ""observed_on"": ""2024-02-01""}]",Legal,reported,"{legal,regulation,revise,scenario_planning}",Finance;Operations,Antitrust Defense Legal recommended preparing technical architectures for alternative payment systems in European music streaming apps; Business teams resisted investing engineering resources in features that conceded ground to Spotify's regulatory complaint; Finance emphasized the need to avoid daily penalty fines under European Commission orders; Legal directed R&D to prepare contingency code that could be deployed within 48 hours if an adverse ruling was issued.
AAPL-2024Q1-0121,Apple Inc.,2024-02-01,quarterly_filings/2024_Q1.pdf,https://www.sec.gov/edgar/browse/?CIK=0000320193,Item 2. Management's Discussion and Analysis - Finance,Disclosure Context (2024_Q1): Trigger: 'Services revenue $23.1B with 72.8% GM'. Management Action: 'Add premium tier'. Scope: 'Test a higher-tier premium subscription bundle in select markets.'. Rationale: 'Expands ARPU potential without eroding base pricing.'.,Introduce Tiered Services Pricing Experiment,"Design and pilot tiered services pricing experiments across select international storefronts, evaluating consumer conversion on lower-priced ad-supported tiers versus premium ad-free Apple TV+ configurations.",Add premium tier,revise,Explores market expansion opportunities in price-sensitive developing markets where Apple TV+'s standard subscription cost limits market penetration. Ad-supported tiers could unlock millions of incremental viewers while generating ad revenues.,"[{""name"": ""Services"", ""value"": ""$23.1B"", ""unit"": ""currency"", ""observed_on"": ""2024-02-01""}, {""name"": ""GM"", ""value"": ""72.8%"", ""unit"": ""percentage"", ""observed_on"": ""2024-02-01""}]",Finance,reported,"{finance,pricing,revise,services}",R&D;Legal,"Finance proposed testing an ad-supported Apple TV+ tier at $4.99/month in Latin America; Services leadership objected that introducing ads would degrade Apple's premium brand equity and contradict marketing narratives; Legal reviewed content licensing contracts with Hollywood studios regarding advertising insertion rights; Finance delayed the public ad-supported pilot, focusing instead on mobile-only subscription bundles."
AAPL-2024Q1-0122,Apple Inc.,2024-02-01,quarterly_filings/2024_Q1.pdf,https://www.sec.gov/edgar/browse/?CIK=0000320193,Item 2. Management's Discussion and Analysis - Operations,Disclosure Context (2024_Q1): Trigger: 'Revenue $119.6B with global distribution'. Management Action: 'Improve analytics'. Scope: 'Enhance credit exposure analytics for top channel partners.'. Rationale: 'Reduces bad debt risk without straining relationships.'.,Strengthen Channel Credit Risk Monitoring,Institute real-time credit monitoring and dynamic accounts receivable credit lines for 380 global carrier partners and authorized distributors using Dun & Bradstreet telemetry and automated payment performance scoring. Operations adjusts credit windows dynamically based on regional macro volatility.,Improve analytics,investigate,Protects Apple against channel default risks amidst elevated global interest rates and distributor liquidity tightening. Preserves a high-quality receivables book without unnecessarily choking credit to high-performing carrier sales channels.,"[{""name"": ""Revenue"", ""value"": ""$119.6B"", ""unit"": ""currency"", ""observed_on"": ""2024-02-01""}, {""name"": ""Receivables"", ""value"": ""$29.5B"", ""unit"": ""currency"", ""observed_on"": ""2024-02-01""}]",Operations,reported,"{channel,credit,investigate,operations,ops}",Finance;Legal,Finance Credit teams tightened credit limits on Latin American telecommunications distributors facing local currency headwinds; Operations objected that reducing credit lines would choke iPhone 15 sell-in during key promotional carrier campaigns; Commercial sales argued distributors had perfect 10-year repayment histories; Legal structured secured letter-of-credit requirements that allowed distributors to maintain inventory flow while shielding Apple from default.
AAPL-2024Q1-0123,Apple Inc.,2024-02-01,quarterly_filings/2024_Q1.pdf,https://www.sec.gov/edgar/browse/?CIK=0000320193,Item 2. Management's Discussion and Analysis - R&D,Disclosure Context (2024_Q1): Trigger: 'Products GM 39.4%'. Management Action: 'Moderate analytics'. Scope: 'Implement predictive yield-risk analytics for new nodes.'. Rationale: 'Improves early detection of fabrication variance.'.,Increase Silicon Yield Risk Hedging Program,"Establish a silicon defect-density modeling initiative with TSMC, testing specialized test vehicles for advanced 3D chiplet stacking and CoWoS (Chip-on-Wafer-on-Substrate) packaging for future high-performance Apple Silicon processors.",Moderate analytics,expand,De-risks future packaging transitions for ultra-high-performance M-series Max and Ultra chips. Advanced packaging enables massive memory bandwidth scaling and transistor density exceeding single-reticle silicon limits.,"[{""name"": ""Products_GM"", ""value"": ""39.4%"", ""unit"": ""percentage"", ""observed_on"": ""2024-02-01""}, {""name"": ""R&D"", ""value"": ""$7.7B"", ""unit"": ""currency"", ""observed_on"": ""2024-02-01""}]",R&D,reported,"{analytics,expand,r&d,rd,yield}",Operations;Finance,"Silicon R&D requested $250M to reserve TSMC CoWoS advanced packaging test capacity for exploratory multi-die chiplet architectures; Finance questioned the expenditure, noting existing UltraFusion interposers met current performance targets; Operations supported advanced packaging to bypass physical lithography reticle limits; Management approved the packaging research allocation with strict thermal milestone reviews."
AAPL-2024Q1-0124,Apple Inc.,2024-02-01,quarterly_filings/2024_Q1.pdf,https://www.sec.gov/edgar/browse/?CIK=0000320193,Item 2. Management's Discussion and Analysis - Legal,Disclosure Context (2024_Q1): Trigger: 'Installed base 2.2B devices'. Management Action: 'Update disclosures'. Scope: 'Standardize clearer warranty disclosures internationally.'. Rationale: 'Reduces regulatory complaints while preserving cost control.'.,Enhance Global Consumer Warranty Disclosure Standards,"Enhance global consumer warranty disclosure standards across online product specification pages, clearly detailing parts availability commitments, battery health retention specifications, and operating system update support windows.",Update disclosures,revise,Complies with statutory consumer disclosure directives in the European Union (Ecodesign Directive) and various U.S. states. Transparent lifecycle disclosures validate Apple's device longevity leadership and rebut planned obsolescence allegations.,"[{""name"": ""Installed_Base"", ""value"": ""2.2B"", ""unit"": ""currency"", ""observed_on"": ""2024-02-01""}]",Legal,reported,"{compliance,legal,revise,warranty}",Operations;Marketing,"Consumer Legal proposed publishing an official commitment guaranteeing at least 5 years of software updates for all new iPhone hardware; Engineering leadership cautioned against legally binding software commitments, noting future OS features might require silicon capabilities not present on older chips; Legal and Engineering compromised by publishing an official commitment guaranteeing at least 5 years of security updates while maintaining flexibility on feature delivery."
AAPL-2024Q1-0125,Apple Inc.,2024-02-01,quarterly_filings/2024_Q1.pdf,https://www.sec.gov/edgar/browse/?CIK=0000320193,Item 2. Management's Discussion and Analysis - Finance,Disclosure Context (2024_Q1): Trigger: 'AI feature expansion across ecosystem'. Management Action: 'ROI-based allocation'. Scope: 'Allocate internal compute capacity by ROI thresholds.'. Rationale: 'Balances innovation with cost discipline.'.,Optimize AI Compute Resource Allocation,"Institute an internal cloud compute cost-allocation and ROI framework, requiring R&D machine learning teams to demonstrate measurable user retention or monetization ROI before accessing massive GPU training cluster allocations.",ROI-based allocation,revise,Controls ballooning artificial intelligence capital and operating expenditures. Ensures that expensive high-performance silicon compute clusters are prioritized for high-impact user-facing features rather than speculative engineering experiments.,"[{""name"": ""R&D"", ""value"": ""$7.7B"", ""unit"": ""currency"", ""observed_on"": ""2024-02-01""}, {""name"": ""Services"", ""value"": ""$23.1B"", ""unit"": ""currency"", ""observed_on"": ""2024-02-01""}]",Finance,reported,"{ai,compute,finance,revise}",R&D;Operations,"Finance mandated an ROI gating process for engineering teams requesting more than 1,000 GPU hours on Apple's internal compute clusters; R&D AI researchers argued that foundational AI research cannot be evaluated on short-term financial ROI without stifling breakthrough innovation; Operations noted server clusters were running at 94% utilization; Finance created an 'innovation reserve' granting 25% of compute capacity to exploratory research without ROI gating."
AAPL-2024Q1-0126,Apple Inc.,2024-02-01,quarterly_filings/2024_Q1.pdf,https://www.sec.gov/edgar/browse/?CIK=0000320193,Item 2. Management's Discussion and Analysis - Operations,Disclosure Context (2024_Q1): Trigger: 'Services infrastructure growth'. Management Action: 'Add one region'. Scope: 'Add redundancy capacity in one additional region.'. Rationale: 'Improves uptime resilience without excess capex.'.,Enhance Data Center Redundancy Planning,"Architect multi-region active-active data center redundancy across Apple's private cloud infrastructure to support 100% uptime for iCloud Keychain, Apple Pay, and iMessage services. Operations commissions redundant fiber optic rings connecting facility clusters in Oregon, Nevada, and North Carolina.",Add one region,revise,Guarantees mission-critical infrastructure availability across 2.2 billion active customer devices. Prevents costly service outages that damage brand trust and trigger regulatory scrutiny under European service availability directives.,"[{""name"": ""Services"", ""value"": ""$23.1B"", ""unit"": ""currency"", ""observed_on"": ""2024-02-01""}, {""name"": ""OCF"", ""value"": ""$39.9B"", ""unit"": ""currency"", ""observed_on"": ""2024-02-01""}]",Operations,reported,"{datacenter,operations,ops,redundancy,revise}",Finance;R&D,"Infrastructure Operations requested $85M for dedicated fiber interconnects between Nevada and Oregon data centers; Finance questioned the expenditure, noting existing contracted dark fiber had 99.98% historical availability; R&D server teams warned that upcoming Apple Intelligence private cloud compute features required synchronous data replication; Executive leadership approved the dedicated fiber buildout to ensure fault-tolerant AI processing."
AAPL-2024Q1-0127,Apple Inc.,2024-02-01,quarterly_filings/2024_Q1.pdf,https://www.sec.gov/edgar/browse/?CIK=0000320193,Item 2. Management's Discussion and Analysis - R&D,Disclosure Context (2024_Q1): Trigger: 'Large cross-device ecosystem'. Management Action: 'Improve 6%'. Scope: 'Reduce sync latency by 6%.'. Rationale: 'Enhances ecosystem cohesion and retention.'.,Refine Multi-Device Synchronization Latency,"Refine real-time multi-device CloudKit synchronization protocols, deploying operational transformation conflict resolution to eliminate data collision latency across Notes, Freeform, and collaborative documents.",Improve 6%,revise,"Enables seamless real-time document collaboration across Mac, iPad, and iPhone hardware. Sub-second cloud synchronization eliminates conflicting document copies and enhances enterprise productivity appeal.","[{""name"": ""Installed_Base"", ""value"": ""2.2B"", ""unit"": ""currency"", ""observed_on"": ""2024-02-01""}, {""name"": ""Services"", ""value"": ""$23.1B"", ""unit"": ""currency"", ""observed_on"": ""2024-02-01""}]",R&D,reported,"{ecosystem,r&d,rd,revise,sync}",Finance;Operations,R&D software teams proposed maintaining persistent bidirectional WebSocket connections for every active iCloud document user; Operations warned that maintaining 200 million persistent connections would overwhelm front-end load balancers and spike data center power consumption; Finance scrutinized cloud infrastructure budgets; R&D engineered an event-driven synchronization protocol that activated persistent connections only during active collaborative typing sessions.
AAPL-2024Q1-0128,Apple Inc.,2024-02-01,quarterly_filings/2024_Q1.pdf,https://www.sec.gov/edgar/browse/?CIK=0000320193,Item 2. Management's Discussion and Analysis - Legal,Disclosure Context (2024_Q1): Trigger: 'App Store scale'. Management Action: 'Expand 5%'. Scope: 'Increase audit sampling of high-volume developers.'. Rationale: 'Reduces fraud risk while avoiding ecosystem friction.'.,Expand Global Developer Revenue Audit Protocols,"Expand global developer revenue audit protocols, contracting independent auditing firms to review developer compliance with App Store in-app purchase terms across top grossing enterprise application developers.",Expand 5%,expand,Ensures that high-volume enterprise developers are accurately reporting digital goods transactions and paying contractually mandated commissions. Protects Apple's multi-billion dollar digital Services revenue base.,"[{""name"": ""Services"", ""value"": ""$23.1B"", ""unit"": ""currency"", ""observed_on"": ""2024-02-01""}, {""name"": ""GM"", ""value"": ""72.8%"", ""unit"": ""percentage"", ""observed_on"": ""2024-02-01""}]",Legal,reported,"{audit,developers,expand,legal}",Finance;Operations,"Compliance Legal proposed initiating formal contract compliance audits against 50 top-grossing enterprise software publishers; Developer Relations warned that aggressive audits would alienate major enterprise partners and drive them toward public lobbying against the App Store; Finance supported audits to recover uncollected commissions; Legal instituted a confidential, non-public audit protocol that resolved discrepancies through collaborative reconciliation."
AAPL-2024Q1-0129,Apple Inc.,2024-02-01,quarterly_filings/2024_Q1.pdf,https://www.sec.gov/edgar/browse/?CIK=0000320193,Item 2. Management's Discussion and Analysis - Finance,Disclosure Context (2024_Q1): Trigger: 'International revenue $69.6B'. Management Action: 'Model impact'. Scope: 'Simulate 4% FX swing impact on product margins.'. Rationale: 'Improves preparedness before adjusting hedge policy.'.,Model Hardware Margin Buffer Under FX Volatility,"Construct dynamic hardware gross margin buffering models incorporating real-time foreign exchange spot rate fluctuations, hedging derivative mark-to-market valuations, and localized component tariffs.",Model impact,revise,"Provides real-time visibility into trailing and forward hardware gross margins across all product lines. Alerts management to margin erosion risks weeks before quarterly financial close, enabling timely pricing or procurement interventions.","[{""name"": ""International"", ""value"": ""$69.6B"", ""unit"": ""currency"", ""observed_on"": ""2024-02-01""}, {""name"": ""GM"", ""value"": ""45.9%"", ""unit"": ""percentage"", ""observed_on"": ""2024-02-01""}]",Finance,reported,"{finance,fx,margin,revise}",Operations;Finance,"Finance deployed real-time margin buffering software that automatically flagged product lines falling below 36% gross margin; Operations complained that automated margin alerts triggered premature freezes on production expediting fees, causing retail stockouts; Finance agreed to build in a 14-day grace window before automated cost-control freezes took effect."
AAPL-2024Q1-0130,Apple Inc.,2024-02-01,quarterly_filings/2024_Q1.pdf,https://www.sec.gov/edgar/browse/?CIK=0000320193,Item 2. Management's Discussion and Analysis - Operations,Disclosure Context (2024_Q1): Trigger: 'Global retail footprint'. Management Action: '-5%'. Scope: 'Reduce store energy use by 5% via automation.'. Rationale: 'Lowers operating cost and improves ESG metrics.'.,Optimize Retail Store Energy Efficiency,"Implement smart IoT energy management controls, occupancy sensing HVAC systems, and LED lighting retrofits across 180 European and Asian Apple retail stores. Facilities operations connects retail properties to centralized energy monitoring dashboards in Cupertino.",-5%,revise,"Reduces retail store energy consumption by 14%, generating $16M in annualized utility cost savings. Directly advances corporate Scope 2 emissions reduction milestones while insulating retail operating margins against volatile international electricity tariffs.","[{""name"": ""Revenue"", ""value"": ""$119.6B"", ""unit"": ""currency"", ""observed_on"": ""2024-02-01""}]",Operations,reported,"{esg,operations,ops,retail,revise}",Finance;Operations,"Facilities Operations proposed a $24M global retail IoT lighting and HVAC retrofit; Store Design teams pushed back, arguing that automated ambient dimming degraded the signature luminous aesthetic of flagship Apple Stores; Finance endorsed the retrofit based on an 18-month payback; Facilities collaborated with Design to implement sensor thresholds that preserved display illumination standards while cutting backroom power usage."
AAPL-2024Q1-0131,Apple Inc.,2024-02-01,quarterly_filings/2024_Q1.pdf,https://www.sec.gov/edgar/browse/?CIK=0000320193,Item 2. Management's Discussion and Analysis - R&D,Disclosure Context (2024_Q1): Trigger: 'Large device base'. Management Action: 'Architecture enhancement'. Scope: 'Enhance firmware signature validation processes.'. Rationale: 'Strengthens platform integrity against exploit risk.'.,Improve Secure Firmware Update Validation,"Develop automated cryptographic verification test harnesses for over-the-air firmware updates, simulating edge-case network disconnects and power failures during microcode flashing across AirPods, Apple Watch, and Mac accessories.",Architecture enhancement,revise,Prevents catastrophic device 'bricking' during software updates. Bulletproof update reliability protects brand trust and eliminates costly hardware warranty replacements caused by interrupted firmware flashing.,"[{""name"": ""Installed_Base"", ""value"": ""2.2B"", ""unit"": ""currency"", ""observed_on"": ""2024-02-01""}]",R&D,reported,"{firmware,r&d,rd,revise,security}",Operations;Finance,"R&D firmware teams sought to mandate dual-bank recovery partitions across all future accessory firmware chips; Operations argued that adding dual-bank flash memory increased accessory BOM costs by $0.85 per unit across 60 million annual accessory shipments; Finance opposed the BOM increase; R&D developed a compressed, single-bank fail-safe bootloader that achieved recovery without extra flash silicon."
AAPL-2024Q1-0132,Apple Inc.,2024-02-01,quarterly_filings/2024_Q1.pdf,https://www.sec.gov/edgar/browse/?CIK=0000320193,Item 2. Management's Discussion and Analysis - Legal,Disclosure Context (2024_Q1): Trigger: 'Subscription base growth'. Management Action: 'Regional clarification'. Scope: 'Clarify renewal terms across international storefronts.'. Rationale: 'Mitigates refund disputes without major policy shift.'.,Standardize Global Subscription Renewal Disclosures,"Standardize global subscription renewal disclosures and cancellation flows across iOS and iPadOS, mandating that all third-party subscription apps provide a single-tap cancellation link directly within user account management settings.",Regional clarification,revise,"Shields Apple against regulatory enforcement from the FTC ('Click to Cancel' rulemaking) and international consumer protection agencies. Eliminates deceptive subscription lock-in practices, raising consumer trust in App Store subscriptions.","[{""name"": ""Services"", ""value"": ""$23.1B"", ""unit"": ""currency"", ""observed_on"": ""2024-02-01""}]",Legal,reported,"{legal,revise,subscriptions,transparency}",R&D;Finance,"Consumer Protection Legal proposed mandating that developers provide an instant in-app cancellation button on the app home screen; Third-party subscription developers protested that this would cause immediate subscription churn spikes; Finance supported developer concerns; R&D implemented a unified, frictionless subscription management interface directly in iOS Settings that satisfied FTC requirements while providing developers with exit survey options."
AAPL-2024Q1-0133,Apple Inc.,2024-02-01,quarterly_filings/2024_Q1.pdf,https://www.sec.gov/edgar/browse/?CIK=0000320193,Item 2. Management's Discussion and Analysis - Finance,Disclosure Context (2024_Q1): Trigger: 'Cash $40.8B; Buybacks $20.5B'. Management Action: 'Maintain'. Scope: 'Align buyback cadence with liquidity buffers.'. Rationale: 'Preserves liquidity flexibility amid volatility.'.,Reassess Share Repurchase Timing Against Cash Position,"Reassess weekly share repurchase deployment timing against corporate cash balances, equity market volatility indices (VIX), and upcoming SEC quiet-period blackout windows prior to earnings announcements.",Maintain,investigate,Maximizes the price efficiency of open-market repurchase execution. Timing buyback volume surges during broad market pullbacks lowers the volume-weighted average purchase price per share.,"[{""name"": ""Cash"", ""value"": ""$40.8B"", ""unit"": ""currency"", ""observed_on"": ""2024-02-01""}, {""name"": ""Buybacks"", ""value"": ""$20.5B"", ""unit"": ""currency"", ""observed_on"": ""2024-02-01""}]",Finance,reported,"{buyback,finance,investigate,liquidity}",Legal;Finance,Treasury sought to deploy $2.5B in buybacks during a single week when AAPL stock pulled back 4%; Legal warned that executing large buyback volumes immediately prior to the Q1 earnings quiet period increased regulatory exposure under insider trading rules; Treasury restructured the trading instructions into an immutable Rule 10b5-1 pre-scheduled algorithm that operated automatically during blackout windows.
AAPL-2024Q1-0134,Apple Inc.,2024-02-01,quarterly_filings/2024_Q1.pdf,https://www.sec.gov/edgar/browse/?CIK=0000320193,Item 2. Management's Discussion and Analysis - Operations,Disclosure Context (2024_Q1): Trigger: 'After-sales scale growth'. Management Action: 'Track top 50 SKUs'. Scope: 'Implement tracking for critical spare components.'. Rationale: 'Improves repair turnaround without inventory overload.'.,Enhance Spare Parts Supply Chain Visibility,"Integrate end-to-end RFID component tracking and automated parts replenishment across Apple's 5,000 Authorized Service Providers and central service depots. Operations provides real-time visibility into spare part inventories from motherboard modules down to screw kits.",Track top 50 SKUs,revise,Eliminates technician repair bottlenecks caused by stockouts of critical display and camera spare parts. Decreases excess spare parts buffer inventory holdings by $85M while cutting average device repair turnaround times.,"[{""name"": ""Installed_Base"", ""value"": ""2.2B"", ""unit"": ""currency"", ""observed_on"": ""2024-02-01""}]",Operations,reported,"{operations,ops,revise,service,spare_parts}",Finance;R&D,"Operations mandated that all Authorized Service Providers install proprietary RFID inventory tracking scanners; Third-party service providers objected to the $2,500 equipment onboarding cost; Finance supported Operations to reduce spare parts shrinkage; Operations resolved provider resistance by offering a 100% hardware rebate credited against future component purchases."
AAPL-2024Q1-0135,Apple Inc.,2024-02-01,quarterly_filings/2024_Q1.pdf,https://www.sec.gov/edgar/browse/?CIK=0000320193,Item 2. Management's Discussion and Analysis - R&D,Disclosure Context (2024_Q1): Trigger: 'Vision Pro ecosystem expansion'. Management Action: 'Improve 4%'. Scope: 'Reduce rendering latency by 4%.'. Rationale: 'Enhances immersive experience without redesign.'.,Optimize Vision Pro Rendering Pipeline Efficiency,"Optimize the foveated rendering graphics pipeline in visionOS, leveraging high-speed eye-tracking telemetry to concentrate full-resolution GPU rendering exclusively at the user's instantaneous gaze point.",Improve 4%,revise,"Reduces GPU rendering workload by up to 75% without perceptible loss in visual fidelity. Foveated rendering preserves real-time 90Hz/96Hz refresh rates, prevents motion sickness, and manages headset thermal dissipation.","[{""name"": ""R&D"", ""value"": ""$7.7B"", ""unit"": ""currency"", ""observed_on"": ""2024-02-01""}]",R&D,reported,"{r&d,rd,rendering,revise,visionpro}",Operations;Finance,"Graphics R&D wanted to push foveated rendering boundary sharpness to the absolute limit to save maximum GPU power; Human Interface and Design teams objected, demonstrating that peripheral vision blur was perceptible during rapid saccadic eye movements; R&D optical teams conducted extensive human-factor visual trials to establish dynamic blur falloff curves that were completely invisible to the human eye."
AAPL-2024Q1-0136,Apple Inc.,2024-02-01,quarterly_filings/2024_Q1.pdf,https://www.sec.gov/edgar/browse/?CIK=0000320193,Item 2. Management's Discussion and Analysis - Legal,Disclosure Context (2024_Q1): Trigger: 'Growing regulatory documentation volume'. Management Action: 'Centralized repository'. Scope: 'Create centralized digital compliance archive.'. Rationale: 'Improves audit readiness and efficiency.'.,Establish Centralized Regulatory Documentation Repository,"Establish a centralized regulatory documentation repository and digital discovery platform within Legal, indexing 15 million corporate emails, engineering specifications, and executive presentations for antitrust regulatory discovery compliance.",Centralized repository,revise,"Compresses electronic discovery response times from months to days for DOJ, FTC, and European Commission regulatory subpoenas. Dramatically lowers legal discovery costs while preventing inadvertent disclosure of privileged materials.","[{""name"": ""Revenue"", ""value"": ""$119.6B"", ""unit"": ""currency"", ""observed_on"": ""2024-02-01""}, {""name"": ""International"", ""value"": ""$69.6B"", ""unit"": ""currency"", ""observed_on"": ""2024-02-01""}]",Legal,reported,"{compliance,documentation,legal,revise}",Finance;R&D,Litigation Legal requested $35M to deploy an internal AI-powered digital discovery and privilege-review repository; Finance scrutinized the technology expenditure; Legal proved that utilizing internal automated review reduced outside law firm electronic discovery vendor billing by $52M across ongoing antitrust investigations; Finance approved the centralized e-discovery repository.
AAPL-2024Q1-0137,Apple Inc.,2024-02-01,quarterly_filings/2024_Q1.pdf,https://www.sec.gov/edgar/browse/?CIK=0000320193,Item 2. Management's Discussion and Analysis - Finance,Disclosure Context (2024_Q1): Trigger: 'Hardware + Services growth'. Management Action: 'Moderate analytics'. Scope: 'Develop cross-sell predictive analytics.'. Rationale: 'Captures incremental recurring revenue.'.,Enhance Cross-Sell Analytics Between Hardware and Services,"Enhance analytical attribution models tracking cross-sell conversion between hardware purchases and subsequent Services adoption, measuring the attachment velocity of AppleCare+, iCloud+, and Apple Pay within 90 days of device setup.",Moderate analytics,revise,Provides actionable data for retail and carrier partner incentive programs. Directs hardware promotional spending toward channels that exhibit the highest downstream recurring services lifetime value conversion.,"[{""name"": ""Revenue"", ""value"": ""$119.6B"", ""unit"": ""currency"", ""observed_on"": ""2024-02-01""}, {""name"": ""Services"", ""value"": ""$23.1B"", ""unit"": ""currency"", ""observed_on"": ""2024-02-01""}]",Finance,reported,"{crosssell,finance,revise,services}",Operations;R&D,"Finance analytics showed that carrier retail stores had 50% lower AppleCare+ attach rates than company-owned Apple Stores; Finance proposed reducing wholesale hardware margins to carriers who failed to hit Services attach targets; Sales leadership strongly opposed penalizing carrier partners, warning of channel friction; Operations agreed to fund carrier sales representative commission bonuses instead of punitive wholesale cuts."
AAPL-2024Q1-0138,Apple Inc.,2024-02-01,quarterly_filings/2024_Q1.pdf,https://www.sec.gov/edgar/browse/?CIK=0000320193,Item 2. Management's Discussion and Analysis - Operations,Disclosure Context (2024_Q1): Trigger: 'Inventory $6.5B'. Management Action: 'AI balancing'. Scope: 'Deploy AI balancing between regions.'. Rationale: 'Reduces excess stock without overproduction.'.,Improve Regional Inventory Balancing Algorithms,Upgrade regional inventory rebalancing algorithms across global distribution centers to dynamically route excess channel stock via automated inter-hub transfer orders. Operations deploys predictive transfer logic that triggers relocation when regional demand variance exceeds 12%.,AI balancing,revise,Reduces localized inventory obsolescence and balances stock levels across international territories without requiring manual procurement intervention. Lowers the frequency of emergency regional air-freight rebalancing.,"[{""name"": ""Inventory"", ""value"": ""$6.5B"", ""unit"": ""currency"", ""observed_on"": ""2024-02-01""}, {""name"": ""Revenue"", ""value"": ""$119.6B"", ""unit"": ""currency"", ""observed_on"": ""2024-02-01""}]",Operations,reported,"{ai,inventory,operations,ops,revise}",Finance;Operations,"Operations sought automated transfer triggers to move slow-moving European hardware to Latin American channels; Regional distribution heads resisted losing stock allocation, arguing local promotional campaigns were about to launch; Finance approved automated transfers to minimize cross-quarter inventory carrying charges; Operations instituted a 72-hour regional appeal window before automated transfers executed."
AAPL-2024Q1-0139,Apple Inc.,2024-02-01,quarterly_filings/2024_Q1.pdf,https://www.sec.gov/edgar/browse/?CIK=0000320193,Item 2. Management's Discussion and Analysis - R&D,Disclosure Context (2024_Q1): Trigger: 'Customer satisfaction metrics'. Management Action: 'Optimize 7%'. Scope: 'Reduce average startup time by 7%.'. Rationale: 'Enhances perceived performance across devices.'.,Improve Device Startup Time Optimization,"Re-architect macOS and iOS boot sequences and kernel extension initialization pipelines, parallelizing driver loading and Secure Enclave cryptographic handshakes to reduce device cold-boot times by 30%.",Optimize 7%,revise,Delivers immediate user-perceived device responsiveness and snappiness. Rapid boot and reboot times improve customer satisfaction and streamline factory-floor device testing during mass production.,"[{""name"": ""Installed_Base"", ""value"": ""2.2B"", ""unit"": ""currency"", ""observed_on"": ""2024-02-01""}]",R&D,reported,"{performance,r&d,rd,revise,startup}",Operations;Finance,"OS Kernel R&D proposed parallelizing driver initialization during boot; Security Architecture warned that concurrent driver loading opened potential race-condition vulnerabilities during early kernel memory allocation; R&D implemented formal verification of kernel lock sequencing, proving mathematically that parallel loading maintained 100% cryptographic boot-chain security."
AAPL-2024Q1-0140,Apple Inc.,2024-02-01,quarterly_filings/2024_Q1.pdf,https://www.sec.gov/edgar/browse/?CIK=0000320193,Item 2. Management's Discussion and Analysis - Legal,Disclosure Context (2024_Q1): Trigger: 'Rising regulatory oversight'. Management Action: 'Quarterly engagement'. Scope: 'Establish scheduled engagement cadence with key regulators.'. Rationale: 'Improves proactive compliance positioning.'.,Formalize Global Regulatory Engagement Calendar,"Formalize a global regulatory engagement calendar, coordinating executive testimony, public consultation submissions, and formal policy filings across parliamentary and congressional committees in the U.S., EU, UK, and Japan.",Quarterly engagement,revise,"Ensures consistent corporate policy positioning on intellectual property, artificial intelligence regulation, and digital market competition. Prevents conflicting statements across international regulatory proceedings.","[{""name"": ""Revenue"", ""value"": ""$119.6B"", ""unit"": ""currency"", ""observed_on"": ""2024-02-01""}, {""name"": ""International"", ""value"": ""$69.6B"", ""unit"": ""currency"", ""observed_on"": ""2024-02-01""}]",Legal,reported,"{engagement,legal,regulatory,revise}",Government Affairs;Executive,Government Affairs proposed having senior executive vice presidents testify personally before European Parliament committees examining the AI Act; Executive leadership expressed concern that high-profile testimony would expose leadership to aggressive political questioning; Legal advised that sending specialized technical and legal directors provided more precise regulatory testimony while shielding executive leadership; The committee adopted the specialized technical representation approach.
AAPL-2024Q1-0141,Apple Inc.,2024-02-01,quarterly_filings/2024_Q1.pdf,https://www.sec.gov/edgar/browse/?CIK=0000320193,Item 2. Management's Discussion and Analysis - Finance,Disclosure Context (2024_Q1): Trigger: 'Services revenue $23.1B with 72.8% GM'. Management Action: 'Limit discounts'. Scope: 'Evaluate margin impact of expanding bundled subscription discounts.'. Rationale: 'Protects high-margin profile while preserving ARPU growth.'.,Assess Bundled Services Margin Dilution Risk,"Evaluate gross margin dilution risks associated with multi-service subscription bundling (Apple One), modeling the cannibalization rate of standalone Apple Music and iCloud subscriptions against incremental bundle subscriber additions.",Limit discounts,investigate,Protects overall Services gross margin (72.8%) from unintended pricing dilution. Ensures that subscription packaging remains margin-accretive on an aggregate customer lifetime value basis.,"[{""name"": ""Services"", ""value"": ""$23.1B"", ""unit"": ""currency"", ""observed_on"": ""2024-02-01""}, {""name"": ""GM"", ""value"": ""72.8%"", ""unit"": ""percentage"", ""observed_on"": ""2024-02-01""}]",Finance,reported,"{bundles,finance,investigate,margin}",Operations;Legal,"Finance modeled that expanding Apple One bundle adoption cannibalized high-margin standalone subscriptions, creating a temporary $45M margin drag; Product Marketing asserted that bundle subscribers exhibited 60% lower annual churn, yielding higher 3-year cumulative profit; Executive leadership approved continued bundle promotions based on multi-year customer lifetime value accretion."
AAPL-2024Q1-0142,Apple Inc.,2024-02-01,quarterly_filings/2024_Q1.pdf,https://www.sec.gov/edgar/browse/?CIK=0000320193,Item 2. Management's Discussion and Analysis - Operations,Disclosure Context (2024_Q1): Trigger: 'Inventory $6.5B'. Management Action: 'Insure high-value SKUs'. Scope: 'Introduce selective insurance for high-value inventory in transit.'. Rationale: 'Mitigates loss exposure without excessive premium costs.'.,Implement Channel Inventory Insurance Framework,Structure a comprehensive channel inventory transit insurance and risk-sharing framework with global maritime and air freight underwriters. Operations secures extended coverage terms for high-value cargo shipments traversing volatile geopolitical corridors.,Insure high-value SKUs,approve,"Protects Apple's balance sheet against catastrophic transit losses, cargo seizures, or maritime disruptions affecting high-density shipments of iPhone and Apple Silicon hardware. Locks in favorable insurance premiums through proven loss-prevention telemetry.","[{""name"": ""Inventory"", ""value"": ""$6.5B"", ""unit"": ""currency"", ""observed_on"": ""2024-02-01""}, {""name"": ""Revenue"", ""value"": ""$119.6B"", ""unit"": ""currency"", ""observed_on"": ""2024-02-01""}]",Operations,reported,"{approve,insurance,inventory,operations,ops}",Finance;Legal,Operations requested $15M in premium coverage for enhanced war-risk and maritime transit insurance across Eurasian shipping corridors; Finance argued existing captive insurance reserves were sufficient to absorb potential losses; Legal advised that Red Sea security escalation created uninsurable liability without specialized riders; Finance approved the expanded transit policy to insulate high-value Q1 hardware shipments.
AAPL-2024Q1-0143,Apple Inc.,2024-02-01,quarterly_filings/2024_Q1.pdf,https://www.sec.gov/edgar/browse/?CIK=0000320193,Item 2. Management's Discussion and Analysis - R&D,Disclosure Context (2024_Q1): Trigger: 'iPhone revenue $69.7B'. Management Action: 'Dual-track roadmap'. Scope: 'Create contingency plan for potential fabrication delays.'. Rationale: 'Reduces time-to-market risk in volatile supply conditions.'.,Establish Silicon Roadmap Contingency Planning,Formulate multi-year silicon architecture contingency roadmaps evaluating alternative foundry packaging nodes and dual-foundry design rules for non-flagship secondary microcontrollers and display driver silicon.,Dual-track roadmap,revise,Protects Apple's product roadmap against single-foundry capacity constraints or geopolitical disruptions. Dual-foundry compatibility ensures operational supply continuity across high-volume secondary semiconductors.,"[{""name"": ""iPhone"", ""value"": ""$69.7B"", ""unit"": ""currency"", ""observed_on"": ""2024-02-01""}, {""name"": ""R&D"", ""value"": ""$7.7B"", ""unit"": ""currency"", ""observed_on"": ""2024-02-01""}]",R&D,reported,"{r&d,rd,revise,roadmap,silicon}",Operations;Finance,Silicon R&D proposed designing display driver ICs to be process-portable across TSMC and Samsung Foundry; Chip engineering complained that maintaining dual design rule decks doubled physical layout verification workloads; Finance supported process portability to drive competitive wafer price bidding; Management approved dual-foundry rules for high-volume 28nm display driver silicon while keeping core processors exclusive to TSMC.
AAPL-2024Q1-0144,Apple Inc.,2024-02-01,quarterly_filings/2024_Q1.pdf,https://www.sec.gov/edgar/browse/?CIK=0000320193,Item 2. Management's Discussion and Analysis - Legal,Disclosure Context (2024_Q1): Trigger: 'Installed base 2.2B'. Management Action: 'Targeted audit'. Scope: 'Audit core systems for privacy-by-design adherence.'. Rationale: 'Balances compliance assurance with operational cost.'.,Conduct Privacy-by-Design Architecture Audit,"Conduct mandatory privacy-by-design architecture audits across upcoming generative AI software features and operating system updates, ensuring all AI pipelines enforce zero data retention and strict cryptographic pseudonymization.",Targeted audit,investigate,Embeds privacy guarantees into the foundational engineering of Apple Intelligence. Prevents privacy design flaws that could trigger regulatory investigations or compromise Apple's brand reputation.,"[{""name"": ""Installed_Base"", ""value"": ""2.2B"", ""unit"": ""currency"", ""observed_on"": ""2024-02-01""}]",Legal,reported,"{audit,investigate,legal,privacy}",R&D;Marketing,"Privacy Legal mandated that all generative AI features undergo a 4-week architectural audit before engineering commits could be merged into iOS main branches; R&D AI teams protested that 4-week privacy reviews stalled feature development against fast-moving competitors; Legal refused to compromise on privacy reviews, creating dedicated embedded privacy engineering pods that reviewed code continuously during development sprints."
AAPL-2024Q1-0145,Apple Inc.,2024-02-01,quarterly_filings/2024_Q1.pdf,https://www.sec.gov/edgar/browse/?CIK=0000320193,Item 2. Management's Discussion and Analysis - Finance,Disclosure Context (2024_Q1): Trigger: 'Gross margin 45.9%'. Management Action: 'Simulate 3%'. Scope: 'Simulate 3% premium price increase sensitivity.'. Rationale: 'Improves strategic readiness without market disruption.'.,Model Hardware Demand Elasticity Under Premium Pricing,"Analyze consumer price elasticity across premium hardware tiers, measuring the unit volume demand curve for the $1,199 iPhone 15 Pro Max and $3,499 Apple Vision Pro against macroeconomic disposable income trends.",Simulate 3%,revise,Determines optimal starting price points and storage upgrade ladder pricing ($100-$200 steps). Maximizes total gross profit capture without triggering consumer pushback or demand destruction at premium price frontiers.,"[{""name"": ""GM"", ""value"": ""45.9%"", ""unit"": ""percentage"", ""observed_on"": ""2024-02-01""}, {""name"": ""Revenue"", ""value"": ""$119.6B"", ""unit"": ""currency"", ""observed_on"": ""2024-02-01""}]",Finance,reported,"{elasticity,finance,pricing,revise}",Operations;R&D,"Finance pricing models suggested that raising the base iPhone 15 Pro Max to $1,199 (by eliminating the 128GB tier) would risk consumer backlash; Product Marketing defended the move, arguing 256GB was necessary for 4K ProRes video capture; Operations confirmed strong pre-order elasticity; The $1,199 entry price was maintained and drove the highest Pro Max sales mix in iPhone history."
AAPL-2024Q1-0146,Apple Inc.,2024-02-01,quarterly_filings/2024_Q1.pdf,https://www.sec.gov/edgar/browse/?CIK=0000320193,Item 2. Management's Discussion and Analysis - Operations,Disclosure Context (2024_Q1): Trigger: 'Americas revenue $50.4B'. Management Action: 'Pilot in 10 stores'. Scope: 'Launch real-time analytics for retail performance tracking.'. Rationale: 'Improves retail responsiveness while controlling rollout cost.'.,Deploy Retail Augmented Analytics Dashboard,"Deploy an augmented retail analytics dashboard across 520 Apple retail store leadership teams, integrating real-time foot traffic, product demo dwell times, Genius Bar utilization, and accessory attach rates into unified operational views.",Pilot in 10 stores,approve,"Empowers store managers to adjust floor staffing and product demo station allocations dynamically during operating hours. Optimizes customer throughput, improves accessory attachment, and maximizes sales conversion per store square foot.","[{""name"": ""Americas"", ""value"": ""$50.4B"", ""unit"": ""currency"", ""observed_on"": ""2024-02-01""}]",Operations,reported,"{analytics,approve,operations,ops,retail}",Finance;Operations,"Retail Operations wanted to deploy in-store computer vision tracking to measure customer product interaction times; Legal raised privacy concerns regarding GDPR and biometric monitoring in retail environments; Store staff worried about algorithmic micromanagement; Operations modified the system to ingest aggregated, fully anonymized foot-traffic telemetry that satisfied privacy standards."
AAPL-2024Q1-0147,Apple Inc.,2024-02-01,quarterly_filings/2024_Q1.pdf,https://www.sec.gov/edgar/browse/?CIK=0000320193,Item 2. Management's Discussion and Analysis - R&D,Disclosure Context (2024_Q1): Trigger: 'AI feature rollout expansion'. Management Action: 'Set soft cap'. Scope: 'Cap inference compute budget per device.'. Rationale: 'Balances user experience and energy efficiency.'.,Optimize On-Device AI Inference Budgeting,"Implement dynamic thermal-budget allocation algorithms for multi-threaded AI inference workloads on Apple Silicon, dynamically distributing neural compute across CPU, GPU, and Neural Engine based on real-time junction temperatures.",Set soft cap,revise,Maximizes sustained AI throughput without triggering aggressive thermal throttling. Intelligent heterogeneous compute allocation ensures high frame-rate user interface fluidity while processing complex background models.,"[{""name"": ""R&D"", ""value"": ""$7.7B"", ""unit"": ""currency"", ""observed_on"": ""2024-02-01""}, {""name"": ""Installed_Base"", ""value"": ""2.2B"", ""unit"": ""currency"", ""observed_on"": ""2024-02-01""}]",R&D,reported,"{ai,inference,r&d,rd,revise}",Operations;Finance,"R&D AI compilers proposed automatically offloading transformer attention layers to the GPU when the Neural Engine reached thermal limits; GPU teams objected, noting that sudden compute offloading introduced frame drops in active gaming or display rendering; R&D developed a cooperative scheduler that offloaded work only during non-rendering VSYNC intervals."
AAPL-2024Q1-0148,Apple Inc.,2024-02-01,quarterly_filings/2024_Q1.pdf,https://www.sec.gov/edgar/browse/?CIK=0000320193,Item 2. Management's Discussion and Analysis - Legal,Disclosure Context (2024_Q1): Trigger: 'Services revenue scale'. Management Action: 'Improve reporting'. Scope: 'Standardize developer payout transparency metrics.'. Rationale: 'Reduces disputes while protecting revenue model.'.,Enhance Developer Monetization Reporting Standards,"Enhate developer monetization reporting standards by establishing standardized accounting taxonomy for third-party marketplace operators, web distribution developers, and alternative payment processor fee settlement in Europe.",Improve reporting,revise,Provides clear operational guidelines for developers electing the EU DMA alternative business terms. Ensures robust accounting compliance and auditability for Core Technology Fee obligations.,"[{""name"": ""Services"", ""value"": ""$23.1B"", ""unit"": ""currency"", ""observed_on"": ""2024-02-01""}]",Legal,reported,"{developers,legal,monetization,revise}",Finance;R&D,"Developer Compliance Legal proposed requiring alternative marketplace developers to submit audited monthly financial statements; Alternative app store developers (e.g., Epic Games, Setapp) protested that financial auditing was intrusive and burdensome; Finance required auditability to ensure Core Technology Fee compliance; Legal established an automated telemetry-based install reporting system that eliminated the need for intrusive manual financial audits."
AAPL-2024Q1-0149,Apple Inc.,2024-02-01,quarterly_filings/2024_Q1.pdf,https://www.sec.gov/edgar/browse/?CIK=0000320193,Item 2. Management's Discussion and Analysis - Finance,Disclosure Context (2024_Q1): Trigger: 'Operating cash flow $39.9B'. Management Action: 'Small issuance'. Scope: 'Explore issuing sustainability-linked debt.'. Rationale: 'Aligns ESG commitments with capital strategy.'.,Establish Sustainability-Linked Financing Framework,Structure a multi-currency green financing framework enabling future issuance of green bonds and sustainability-linked commercial paper aligned with ICMA Green Bond Principles.,Small issuance,revise,Diversifies institutional investor demand and lowers corporate borrowing costs by accessing global ESG-mandated capital pools. Funds long-term renewable energy infrastructure and recycled material supply chain innovations.,"[{""name"": ""OCF"", ""value"": ""$39.9B"", ""unit"": ""currency"", ""observed_on"": ""2024-02-01""}, {""name"": ""Debt"", ""value"": ""$95.3B"", ""unit"": ""currency"", ""observed_on"": ""2024-02-01""}]",Finance,reported,"{debt,esg,finance,revise}",Legal;Operations,Finance proposed issuing $2.5B in green bonds in European markets to capture an 8 basis point greenium; Legal raised concerns that evolving EU Green Bond Standards required onerous third-party audit verification of Scope 3 supply chain claims; Operations confirmed projects were fully auditable; Finance finalized the framework and secured an independent second-party opinion from Sustainalytics.
AAPL-2024Q1-0150,Apple Inc.,2024-02-01,quarterly_filings/2024_Q1.pdf,https://www.sec.gov/edgar/browse/?CIK=0000320193,Item 2. Management's Discussion and Analysis - Operations,Disclosure Context (2024_Q1): Trigger: 'Services growth +11%'. Management Action: 'Targeted regional push'. Scope: 'Adjust regional marketing mix for bundled offerings.'. Rationale: 'Optimizes ROI while respecting cultural variance.'.,Improve Regional Services Bundle Distribution,Coordinate joint physical retail and digital marketing distribution for Apple One subscription bundles across European and Asian carrier partner retail networks. Operations integrates zero-rated trial activations into carrier smartphone provisioning systems.,Targeted regional push,revise,Expands recurring Services ecosystem penetration through established carrier distribution channels. Leverages hardware point-of-sale moments to drive high-margin services subscription adoption among new iPhone purchasers.,"[{""name"": ""Services"", ""value"": ""$23.1B"", ""unit"": ""currency"", ""observed_on"": ""2024-02-01""}, {""name"": ""International"", ""value"": ""$69.6B"", ""unit"": ""currency"", ""observed_on"": ""2024-02-01""}]",Operations,reported,"{marketing,operations,ops,revise,services}",Finance;Legal,Marketing Operations proposed offering carriers a 25% ongoing commission on Apple One bundle activations; Finance argued the commission was excessive and would dilute Services gross margins below the 72% target; Legal reviewed carrier partner distribution agreements under EU competition rules; Finance approved a tiered structure granting 20% in Year 1 stepping down to 10% in subsequent years.
AAPL-2024Q1-0151,Apple Inc.,2024-02-01,quarterly_filings/2024_Q1.pdf,https://www.sec.gov/edgar/browse/?CIK=0000320193,Item 2. Management's Discussion and Analysis - R&D,Disclosure Context (2024_Q1): Trigger: 'Large installed base 2.2B'. Management Action: 'Expand analytics'. Scope: 'Improve analytics on repair profitability trends.'. Rationale: 'Optimizes service margins without pricing shocks.'.,Advance Device Repair Monetization Analytics,"Develop automated component pairing and cryptographic serialization verification software for Apple Authorized Service Providers, streamlining authentic replacement parts validation without requiring proprietary calibration stations.",Expand analytics,expand,Complies with evolving global Right to Repair legislation while maintaining strict device security and counterfeit parts detection. Enables independent repair technicians to calibrate genuine parts seamlessly.,"[{""name"": ""Installed_Base"", ""value"": ""2.2B"", ""unit"": ""currency"", ""observed_on"": ""2024-02-01""}, {""name"": ""Services"", ""value"": ""$23.1B"", ""unit"": ""currency"", ""observed_on"": ""2024-02-01""}]",R&D,reported,"{analytics,expand,r&d,rd,repair}",Legal;Operations,Service Software R&D wanted to maintain mandatory cloud-server serialization handshakes for every repaired screen or camera component; Legal warned that mandatory cloud authorization was being targeted by California and EU right-to-repair regulators as anti-repair software locks; Operations urged a frictionless repair process; R&D redesigned the software to perform local cryptographic verification using genuine on-part secure signatures.
AAPL-2024Q1-0152,Apple Inc.,2024-02-01,quarterly_filings/2024_Q1.pdf,https://www.sec.gov/edgar/browse/?CIK=0000320193,Item 2. Management's Discussion and Analysis - Legal,Disclosure Context (2024_Q1): Trigger: 'Global storefront expansion'. Management Action: 'Regional harmonization'. Scope: 'Align refund timelines across regions.'. Rationale: 'Improves fairness perception without overextending refunds.'.,Standardize Global Consumer Refund Policies,"Standardize global consumer refund policies across digital content and physical hardware purchases, automating immediate statutory 14-day 'right of withdrawal' refunds for European digital purchases in compliance with EU Consumer Rights Directives.",Regional harmonization,revise,Eliminates consumer friction and regulatory complaints regarding digital content refunds. Automated processing reduces customer support overhead and maintains full compliance with European consumer protection laws.,"[{""name"": ""Revenue"", ""value"": ""$119.6B"", ""unit"": ""currency"", ""observed_on"": ""2024-02-01""}]",Legal,reported,"{legal,policy,refund,revise}",Finance;Operations,"Consumer Legal proposed automating instantaneous refunds for any in-app purchase requested within 14 days in Europe; Game developers and Finance objected that automated refunds would enable consumer fraud, where players purchased digital currency, consumed it in-game, and immediately requested refunds; R&D built automated anti-fraud telemetry that revoked in-game consumables upon refund issuance, resolving developer and finance concerns."
AAPL-2024Q1-0153,Apple Inc.,2024-02-01,quarterly_filings/2024_Q1.pdf,https://www.sec.gov/edgar/browse/?CIK=0000320193,Item 2. Management's Discussion and Analysis - Finance,Disclosure Context (2024_Q1): Trigger: 'Cash $40.8B; Securities $99.5B'. Management Action: 'Define 6-month buffer'. Scope: 'Define liquidity buffer thresholds for downturn scenario.'. Rationale: 'Balances safety and capital efficiency.'.,Optimize Capital Buffer Allocation Against Macro Risk,"Calculate optimal liquidity and capital buffer allocations across domestic and international legal entities, stress-testing against potential geopolitical export control disruptions and international tax court rulings.",Define 6-month buffer,revise,Protects global operations against unexpected balance sheet cash encumbrances. Ensures that Apple retains unconstrained access to operational capital across all primary manufacturing and sales jurisdictions.,"[{""name"": ""Cash"", ""value"": ""$40.8B"", ""unit"": ""currency"", ""observed_on"": ""2024-02-01""}, {""name"": ""Securities"", ""value"": ""$99.5B"", ""unit"": ""currency"", ""observed_on"": ""2024-02-01""}]",Finance,reported,"{finance,liquidity,macro,revise}",Legal;Operations,Finance proposed maintaining a $25B dedicated liquid buffer against potential European State Aid tax rulings and international legal contingencies; Operations argued that locking up $25B restricted domestic share repurchases; Legal emphasized that the pending ECJ Ireland tax ruling could demand an immediate €13B cash escrow release; CFO Maestri approved the dedicated liquidity buffer.
AAPL-2024Q1-0154,Apple Inc.,2024-02-01,quarterly_filings/2024_Q1.pdf,https://www.sec.gov/edgar/browse/?CIK=0000320193,Item 2. Management's Discussion and Analysis - Operations,Disclosure Context (2024_Q1): Trigger: '13-week quarter variability'. Management Action: 'Simulation only'. Scope: 'Introduce peak-quarter simulation capacity planning.'. Rationale: 'Improves readiness without locking capital.'.,Expand Spare Capacity Planning for Peak Quarters,"Expand contractual spare capacity reservation agreements with Tier-1 contract manufacturers Foxconn and Luxshare, securing guaranteed emergency line flex capacity of up to 15% during peak holiday surge windows.",Simulation only,expand,Ensures manufacturing responsiveness to unexpected product demand spikes without requiring permanent fixed-capital factory additions. Balances fixed overhead costs against revenue upside during critical holiday selling periods.,"[{""name"": ""Revenue"", ""value"": ""$119.6B"", ""unit"": ""currency"", ""observed_on"": ""2024-02-01""}, {""name"": ""Capex"", ""value"": ""$3.4B"", ""unit"": ""currency"", ""observed_on"": ""2024-02-01""}]",Operations,reported,"{capacity,expand,operations,ops,simulation}",Finance;Operations,Operations wanted to secure a 15% guaranteed capacity reserve at Foxconn Zhengzhou; Finance resisted paying a $55M capacity standby reservation fee if demand did not materialize; Commercial sales argued that being caught flat-footed during a demand spike cost hundreds of millions in lost sales; Operations structured the contract to credit 50% of standby fees against future off-peak production runs.
AAPL-2024Q1-0155,Apple Inc.,2024-02-01,quarterly_filings/2024_Q1.pdf,https://www.sec.gov/edgar/browse/?CIK=0000320193,Item 2. Management's Discussion and Analysis - R&D,Disclosure Context (2024_Q1): Trigger: 'Services +11% growth'. Management Action: 'Incremental merge'. Scope: 'Unify personalization models across devices.'. Rationale: 'Improves engagement while limiting rollout risk.'.,Enhance Cross-Platform AI Personalization Models,"Design unified cross-platform API abstractions for Core ML and Metal Performance Shaders, allowing developers to write high-performance machine learning code once and deploy across iOS, iPadOS, macOS, and visionOS.",Incremental merge,revise,Lowers developer friction and accelerates spatial and desktop AI application development. A unified developer platform maximizes software availability and solidifies Apple's developer ecosystem advantage.,"[{""name"": ""Services"", ""value"": ""$23.1B"", ""unit"": ""currency"", ""observed_on"": ""2024-02-01""}, {""name"": ""Installed_Base"", ""value"": ""2.2B"", ""unit"": ""currency"", ""observed_on"": ""2024-02-01""}]",R&D,reported,"{ai,personalization,r&d,rd,revise}",Operations;Finance,Developer Platform R&D wanted to merge Core ML and Metal Performance Shaders into a single unified framework; Low-level graphics developers protested that high-level abstractions obscured fine-grained GPU shader pipeline controls needed for AAA games; R&D preserved low-level Metal shading language access while providing high-level Core ML graph APIs for machine learning developers.
AAPL-2024Q1-0156,Apple Inc.,2024-02-01,quarterly_filings/2024_Q1.pdf,https://www.sec.gov/edgar/browse/?CIK=0000320193,Item 2. Management's Discussion and Analysis - Legal,Disclosure Context (2024_Q1): Trigger: 'Large device ecosystem'. Management Action: 'Annual drills'. Scope: 'Conduct annual cross-functional breach simulations.'. Rationale: 'Improves response readiness while minimizing operational burden.'.,Formalize Data Breach Response Simulation Drills,"Formalize comprehensive corporate data breach response simulation drills and legal notification protocols, establishing 72-hour statutory notification readiness across 45 international data protection authorities under GDPR Article 33.",Annual drills,revise,"Ensures immediate, legally coordinated response in the event of a cloud security incident or unauthorized data access. Prevents massive regulatory statutory fines for delayed data breach notifications.","[{""name"": ""Installed_Base"", ""value"": ""2.2B"", ""unit"": ""currency"", ""observed_on"": ""2024-02-01""}]",Legal,reported,"{drill,legal,revise,security}",R&D;Operations,"InfoSec Legal scheduled unannounced data breach simulation drills requiring 24/7 emergency response from cloud infrastructure engineering leads; Operations complained that surprise drills during holiday volume peaks risked operational distraction; Legal insisted that regulatory compliance under GDPR required proving 72-hour global readiness under realistic pressure; Management scheduled the simulation immediately following the holiday close, successfully testing all notification channels."
AAPL-2024Q1-0157,Apple Inc.,2024-02-01,quarterly_filings/2024_Q1.pdf,https://www.sec.gov/edgar/browse/?CIK=0000320193,Item 2. Management's Discussion and Analysis - Finance,Disclosure Context (2024_Q1): Trigger: 'Services revenue scale'. Management Action: 'Improve forecasting'. Scope: 'Improve predictive payout forecasting to developers.'. Rationale: 'Enhances cash planning accuracy.'.,Enhance Developer Revenue Forecast Modeling,Upgrade developer payout and App Store commission revenue forecasting models to incorporate upcoming EU Digital Markets Act alternative fee structures and third-party web distribution models.,Improve forecasting,revise,Enables accurate forecasting of European Services revenue and gross margin contribution following regulatory changes. Prepares finance systems for complex multi-tier developer billing and Core Technology Fee collection.,"[{""name"": ""Services"", ""value"": ""$23.1B"", ""unit"": ""currency"", ""observed_on"": ""2024-02-01""}, {""name"": ""Deferred_Revenue"", ""value"": ""$12.5B"", ""unit"": ""currency"", ""observed_on"": ""2024-02-01""}]",Finance,reported,"{developers,finance,forecast,revise}",Legal;R&D,Finance sought to implement automated Core Technology Fee (€0.50 per install over 1M) billing systems for EU developers; Developer Relations warned that rigid automated billing would trigger developer revolts and public criticism; Legal reviewed compliance with the European Commission's DMA guidelines; Finance implemented a 60-day invoicing and dispute reconciliation process to manage developer transitions smoothly.
AAPL-2024Q1-0158,Apple Inc.,2024-02-01,quarterly_filings/2024_Q1.pdf,https://www.sec.gov/edgar/browse/?CIK=0000320193,Item 2. Management's Discussion and Analysis - Operations,Disclosure Context (2024_Q1): Trigger: 'Supply chain emissions tracking'. Management Action: '3-region pilot'. Scope: 'Procure verified carbon offsets across 3 regions.'. Rationale: 'Aligns sustainability goals with cost control.'.,Implement Multi-Region Carbon Offset Procurement Strategy,Implement a multi-region procurement strategy for high-integrity carbon removal credits and nature-based reforestation projects through the Restore Fund. Operations contracts verified forestry and carbon capture projects across South America and Southeast Asia.,3-region pilot,approve,Offsets residual operational and supply chain emissions in alignment with Apple 2030 carbon neutrality milestones. High-integrity credits insulate Apple against impending regulatory carbon disclosure penalties and reputational greenwashing claims.,"[{""name"": ""Revenue"", ""value"": ""$119.6B"", ""unit"": ""currency"", ""observed_on"": ""2024-02-01""}]",Operations,reported,"{approve,carbon,esg,operations,ops}",Finance;Legal,"Environmental Operations proposed allocating $80M from the Restore Fund into Latin American agroforestry projects; Finance scrutinized the financial returns, arguing nature-based carbon credits were subject to carbon accounting price volatility; Legal warned of evolving regulatory definitions of carbon neutrality under EU anti-greenwashing directives; Executive committee approved the projects after requiring third-party carbon permanence verification."
AAPL-2024Q1-0159,Apple Inc.,2024-02-01,quarterly_filings/2024_Q1.pdf,https://www.sec.gov/edgar/browse/?CIK=0000320193,Item 2. Management's Discussion and Analysis - R&D,Disclosure Context (2024_Q1): Trigger: 'Battery longevity focus'. Management Action: 'Improve 5%'. Scope: 'Enhance low-power algorithms by 5%.'. Rationale: 'Improves battery perception without hardware change.'.,Improve Low-Power Mode Optimization Algorithms,"Optimize Low Power Mode kernel governors across watchOS and iOS, selectively downclocking background memory buses and disabling high-frequency sensor polling while keeping critical communication and health monitoring active.",Improve 5%,revise,"Extends critical device battery runtime during low-battery states, providing users with hours of emergency communication connectivity. Increases consumer confidence in Apple Watch and iPhone reliability.","[{""name"": ""Installed_Base"", ""value"": ""2.2B"", ""unit"": ""currency"", ""observed_on"": ""2024-02-01""}]",R&D,reported,"{battery,optimization,r&d,rd,revise}",Operations;Finance,"Battery Firmware R&D proposed turning off heart-rate sensor background sampling entirely when Apple Watch entered Low Power Mode; Health Technology teams objected, asserting that continuous atrial fibrillation monitoring was a life-saving feature that must never be disabled; R&D redesigned sensor firmware to sample heart rate at 15-minute intervals rather than continuous polling, saving 80% power while preserving health alerts."
AAPL-2024Q1-0160,Apple Inc.,2024-02-01,quarterly_filings/2024_Q1.pdf,https://www.sec.gov/edgar/browse/?CIK=0000320193,Item 2. Management's Discussion and Analysis - Legal,Disclosure Context (2024_Q1): Trigger: 'Growing regulatory complexity'. Management Action: 'Unified global dashboard'. Scope: 'Develop dashboard tracking compliance KPIs worldwide.'. Rationale: 'Improves oversight efficiency and transparency.'.,Create Global Compliance KPI Dashboard,"Deploy an executive compliance KPI dashboard integrating real-time telemetry across antitrust inquiries, patent litigation, export control licensing, environmental reporting, and consumer privacy audits into a unified view for the Board Audit Committee.",Unified global dashboard,revise,"Provides continuous, quantitative corporate compliance oversight to executive management and the Board of Directors. Ensures proactive governance and rapid remediation of emerging legal and regulatory risks.","[{""name"": ""Revenue"", ""value"": ""$119.6B"", ""unit"": ""currency"", ""observed_on"": ""2024-02-01""}, {""name"": ""International"", ""value"": ""$69.6B"", ""unit"": ""currency"", ""observed_on"": ""2024-02-01""}]",Legal,reported,"{compliance,kpi,legal,revise}",Finance;Executive,Corporate Compliance Legal proposed giving the Board Audit Committee direct real-time access to active litigation risk reserves and antitrust exposure heatmaps; Executive management expressed concern that preliminary risk assessments lacked appropriate legal context and could cause board overreaction; General Counsel structured the dashboard with executive summary syntheses and scheduled quarterly legal briefings.
